request,token,time_s,step,gap_ms
0,1,0.06062981445037379,0,60.63
0,2,0.09457194939013219,1,33.942
0,3,0.1285140843298906,2,33.942
0,4,0.16245621926964898,3,33.942
0,5,0.19639835420940738,4,33.942
0,6,0.23034048914916577,5,33.942
0,7,0.26428262408892417,6,33.942
0,8,0.29822475902868256,7,33.942
0,9,0.33216689396844096,8,33.942
0,10,0.36610902890819935,9,33.942
0,11,0.40005116384795775,10,33.942
0,12,0.43399329878771614,11,33.942
0,13,0.46793543372747454,12,33.942
0,14,0.501877568667233,13,33.942
0,15,0.5358197036069914,14,33.942
0,16,0.5697618385467498,15,33.942
0,17,0.6037039734865082,16,33.942
0,18,0.6376461084262666,17,33.942
0,19,0.671588243366025,18,33.942
0,20,0.7055303783057834,19,33.942
0,21,0.7394725132455418,20,33.942
0,22,0.7734146481853001,21,33.942
0,23,0.8073567831250585,22,33.942
0,24,0.8412989180648169,23,33.942
0,25,0.8752410530045753,24,33.942
0,26,0.9091831879443337,25,33.942
0,27,0.9431253228840921,26,33.942
0,28,0.9770674578238505,27,33.942
0,29,1.011009592763609,28,33.942
0,30,1.0449517277033673,29,33.942
0,31,1.0788938626431257,30,33.942
0,32,1.112835997582884,31,33.942
0,33,1.1467781325226425,32,33.942
0,34,1.1807202674624009,33,33.942
0,35,1.2146624024021593,34,33.942
0,36,1.2486045373419177,35,33.942
0,37,1.282546672281676,36,33.942
0,38,1.3164888072214345,37,33.942
0,39,1.3504309421611929,38,33.942
0,40,1.3843730771009513,39,33.942
0,41,1.4183152120407096,40,33.942
0,42,1.452257346980468,41,33.942
0,43,1.4861994819202264,42,33.942
0,44,1.5201416168599848,43,33.942
0,45,1.5540837517997432,44,33.942
0,46,1.5880258867395016,45,33.942
0,47,1.62196802167926,46,33.942
0,48,1.6559101566190184,47,33.942
0,49,1.6898522915587768,48,33.942
0,50,1.7242124028787107,49,34.36
0,51,1.7585725141986446,50,34.36
0,52,1.7929326255185785,51,34.36
0,53,1.8272927368385123,52,34.36
0,54,1.8616528481584462,53,34.36
0,55,1.8960129594783801,54,34.36
0,56,1.930373070798314,55,34.36
0,57,1.9647331821182479,56,34.36
0,58,1.9990932934381818,57,34.36
0,59,2.0334534047581156,58,34.36
0,60,2.0678135160780498,59,34.36
0,61,2.102173627397984,60,34.36
0,62,2.136533738717918,61,34.36
0,63,2.170893850037852,62,34.36
0,64,2.205253961357786,63,34.36
0,65,2.2396140726777203,64,34.36
0,66,2.2739741839976544,65,34.36
0,67,2.3083342953175885,66,34.36
0,68,2.3426944066375226,67,34.36
0,69,2.3770545179574567,68,34.36
0,70,2.411414629277391,69,34.36
0,71,2.445774740597325,70,34.36
0,72,2.480134851917259,71,34.36
0,73,2.514494963237193,72,34.36
0,74,2.5488550745571272,73,34.36
0,75,2.5832151858770613,74,34.36
0,76,2.6175752971969954,75,34.36
0,77,2.6519354085169295,76,34.36
0,78,2.6862955198368637,77,34.36
0,79,2.7206556311567978,78,34.36
0,80,2.755015742476732,79,34.36
0,81,2.789375853796666,80,34.36
0,82,2.8237359651166,81,34.36
0,83,2.858096076436534,82,34.36
0,84,2.8924561877564683,83,34.36
0,85,2.9268162990764024,84,34.36
0,86,2.9611764103963365,85,34.36
0,87,2.9955365217162706,86,34.36
0,88,3.0298966330362047,87,34.36
0,89,3.064256744356139,88,34.36
0,90,3.098616855676073,89,34.36
0,91,3.132976966996007,90,34.36
0,92,3.167337078315941,91,34.36
0,93,3.2016971896358752,92,34.36
0,94,3.2360573009558093,93,34.36
0,95,3.2704174122757435,94,34.36
0,96,3.3047775235956776,95,34.36
0,97,3.3391376349156117,96,34.36
0,98,3.3734977462355458,97,34.36
0,99,3.40785785755548,98,34.36
0,100,3.442217968875414,99,34.36
0,101,3.476578080195348,100,34.36
0,102,3.510938191515282,101,34.36
0,103,3.5452983028352163,102,34.36
0,104,3.5796584141551504,103,34.36
0,105,3.6140185254750845,104,34.36
0,106,3.6483786367950186,105,34.36
0,107,3.6827387481149527,106,34.36
0,108,3.717098859434887,107,34.36
0,109,3.751458970754821,108,34.36
0,110,3.785819082074755,109,34.36
0,111,3.820179193394689,110,34.36
0,112,3.8545393047146232,111,34.36
0,113,3.8888994160345574,112,34.36
0,114,3.923192330786238,113,34.293
0,115,3.957485245537919,114,34.293
0,116,3.9917781602896,115,34.293
0,117,4.026071075041281,116,34.293
0,118,4.060363989792962,117,34.293
0,119,4.094656904544643,118,34.293
0,120,4.1289498192963245,119,34.293
0,121,4.163242734048006,120,34.293
0,122,4.197535648799687,121,34.293
0,123,4.231828563551368,122,34.293
0,124,4.26612147830305,123,34.293
0,125,4.300414393054731,124,34.293
0,126,4.334707307806412,125,34.293
0,127,4.3690002225580935,126,34.293
0,128,4.403293137309775,127,34.293
1,1,0.06062981445037379,0,60.63
1,2,0.09457194939013219,1,33.942
1,3,0.1285140843298906,2,33.942
1,4,0.16245621926964898,3,33.942
1,5,0.19639835420940738,4,33.942
1,6,0.23034048914916577,5,33.942
1,7,0.26428262408892417,6,33.942
1,8,0.29822475902868256,7,33.942
1,9,0.33216689396844096,8,33.942
1,10,0.36610902890819935,9,33.942
1,11,0.40005116384795775,10,33.942
1,12,0.43399329878771614,11,33.942
1,13,0.46793543372747454,12,33.942
1,14,0.501877568667233,13,33.942
1,15,0.5358197036069914,14,33.942
1,16,0.5697618385467498,15,33.942
1,17,0.6037039734865082,16,33.942
1,18,0.6376461084262666,17,33.942
1,19,0.671588243366025,18,33.942
1,20,0.7055303783057834,19,33.942
1,21,0.7394725132455418,20,33.942
1,22,0.7734146481853001,21,33.942
1,23,0.8073567831250585,22,33.942
1,24,0.8412989180648169,23,33.942
1,25,0.8752410530045753,24,33.942
1,26,0.9091831879443337,25,33.942
1,27,0.9431253228840921,26,33.942
1,28,0.9770674578238505,27,33.942
1,29,1.011009592763609,28,33.942
1,30,1.0449517277033673,29,33.942
1,31,1.0788938626431257,30,33.942
1,32,1.112835997582884,31,33.942
1,33,1.1467781325226425,32,33.942
1,34,1.1807202674624009,33,33.942
1,35,1.2146624024021593,34,33.942
1,36,1.2486045373419177,35,33.942
1,37,1.282546672281676,36,33.942
1,38,1.3164888072214345,37,33.942
1,39,1.3504309421611929,38,33.942
1,40,1.3843730771009513,39,33.942
1,41,1.4183152120407096,40,33.942
1,42,1.452257346980468,41,33.942
1,43,1.4861994819202264,42,33.942
1,44,1.5201416168599848,43,33.942
1,45,1.5540837517997432,44,33.942
1,46,1.5880258867395016,45,33.942
1,47,1.62196802167926,46,33.942
1,48,1.6559101566190184,47,33.942
1,49,1.6898522915587768,48,33.942
1,50,1.7242124028787107,49,34.36
1,51,1.7585725141986446,50,34.36
1,52,1.7929326255185785,51,34.36
1,53,1.8272927368385123,52,34.36
1,54,1.8616528481584462,53,34.36
1,55,1.8960129594783801,54,34.36
1,56,1.930373070798314,55,34.36
1,57,1.9647331821182479,56,34.36
1,58,1.9990932934381818,57,34.36
1,59,2.0334534047581156,58,34.36
1,60,2.0678135160780498,59,34.36
1,61,2.102173627397984,60,34.36
1,62,2.136533738717918,61,34.36
1,63,2.170893850037852,62,34.36
1,64,2.205253961357786,63,34.36
1,65,2.2396140726777203,64,34.36
1,66,2.2739741839976544,65,34.36
1,67,2.3083342953175885,66,34.36
1,68,2.3426944066375226,67,34.36
1,69,2.3770545179574567,68,34.36
1,70,2.411414629277391,69,34.36
1,71,2.445774740597325,70,34.36
1,72,2.480134851917259,71,34.36
1,73,2.514494963237193,72,34.36
1,74,2.5488550745571272,73,34.36
1,75,2.5832151858770613,74,34.36
1,76,2.6175752971969954,75,34.36
1,77,2.6519354085169295,76,34.36
1,78,2.6862955198368637,77,34.36
1,79,2.7206556311567978,78,34.36
1,80,2.755015742476732,79,34.36
1,81,2.789375853796666,80,34.36
1,82,2.8237359651166,81,34.36
1,83,2.858096076436534,82,34.36
1,84,2.8924561877564683,83,34.36
1,85,2.9268162990764024,84,34.36
1,86,2.9611764103963365,85,34.36
1,87,2.9955365217162706,86,34.36
1,88,3.0298966330362047,87,34.36
1,89,3.064256744356139,88,34.36
1,90,3.098616855676073,89,34.36
1,91,3.132976966996007,90,34.36
1,92,3.167337078315941,91,34.36
1,93,3.2016971896358752,92,34.36
1,94,3.2360573009558093,93,34.36
1,95,3.2704174122757435,94,34.36
1,96,3.3047775235956776,95,34.36
1,97,3.3391376349156117,96,34.36
1,98,3.3734977462355458,97,34.36
1,99,3.40785785755548,98,34.36
1,100,3.442217968875414,99,34.36
1,101,3.476578080195348,100,34.36
1,102,3.510938191515282,101,34.36
1,103,3.5452983028352163,102,34.36
1,104,3.5796584141551504,103,34.36
1,105,3.6140185254750845,104,34.36
1,106,3.6483786367950186,105,34.36
1,107,3.6827387481149527,106,34.36
1,108,3.717098859434887,107,34.36
1,109,3.751458970754821,108,34.36
1,110,3.785819082074755,109,34.36
1,111,3.820179193394689,110,34.36
1,112,3.8545393047146232,111,34.36
1,113,3.8888994160345574,112,34.36
1,114,3.923192330786238,113,34.293
1,115,3.957485245537919,114,34.293
1,116,3.9917781602896,115,34.293
1,117,4.026071075041281,116,34.293
1,118,4.060363989792962,117,34.293
1,119,4.094656904544643,118,34.293
1,120,4.1289498192963245,119,34.293
1,121,4.163242734048006,120,34.293
1,122,4.197535648799687,121,34.293
1,123,4.231828563551368,122,34.293
1,124,4.26612147830305,123,34.293
1,125,4.300414393054731,124,34.293
1,126,4.334707307806412,125,34.293
1,127,4.3690002225580935,126,34.293
1,128,4.403293137309775,127,34.293
2,1,0.06062981445037379,0,60.63
2,2,0.09457194939013219,1,33.942
2,3,0.1285140843298906,2,33.942
2,4,0.16245621926964898,3,33.942
2,5,0.19639835420940738,4,33.942
2,6,0.23034048914916577,5,33.942
2,7,0.26428262408892417,6,33.942
2,8,0.29822475902868256,7,33.942
2,9,0.33216689396844096,8,33.942
2,10,0.36610902890819935,9,33.942
2,11,0.40005116384795775,10,33.942
2,12,0.43399329878771614,11,33.942
2,13,0.46793543372747454,12,33.942
2,14,0.501877568667233,13,33.942
2,15,0.5358197036069914,14,33.942
2,16,0.5697618385467498,15,33.942
2,17,0.6037039734865082,16,33.942
2,18,0.6376461084262666,17,33.942
2,19,0.671588243366025,18,33.942
2,20,0.7055303783057834,19,33.942
2,21,0.7394725132455418,20,33.942
2,22,0.7734146481853001,21,33.942
2,23,0.8073567831250585,22,33.942
2,24,0.8412989180648169,23,33.942
2,25,0.8752410530045753,24,33.942
2,26,0.9091831879443337,25,33.942
2,27,0.9431253228840921,26,33.942
2,28,0.9770674578238505,27,33.942
2,29,1.011009592763609,28,33.942
2,30,1.0449517277033673,29,33.942
2,31,1.0788938626431257,30,33.942
2,32,1.112835997582884,31,33.942
2,33,1.1467781325226425,32,33.942
2,34,1.1807202674624009,33,33.942
2,35,1.2146624024021593,34,33.942
2,36,1.2486045373419177,35,33.942
2,37,1.282546672281676,36,33.942
2,38,1.3164888072214345,37,33.942
2,39,1.3504309421611929,38,33.942
2,40,1.3843730771009513,39,33.942
2,41,1.4183152120407096,40,33.942
2,42,1.452257346980468,41,33.942
2,43,1.4861994819202264,42,33.942
2,44,1.5201416168599848,43,33.942
2,45,1.5540837517997432,44,33.942
2,46,1.5880258867395016,45,33.942
2,47,1.62196802167926,46,33.942
2,48,1.6559101566190184,47,33.942
2,49,1.6898522915587768,48,33.942
2,50,1.7242124028787107,49,34.36
2,51,1.7585725141986446,50,34.36
2,52,1.7929326255185785,51,34.36
2,53,1.8272927368385123,52,34.36
2,54,1.8616528481584462,53,34.36
2,55,1.8960129594783801,54,34.36
2,56,1.930373070798314,55,34.36
2,57,1.9647331821182479,56,34.36
2,58,1.9990932934381818,57,34.36
2,59,2.0334534047581156,58,34.36
2,60,2.0678135160780498,59,34.36
2,61,2.102173627397984,60,34.36
2,62,2.136533738717918,61,34.36
2,63,2.170893850037852,62,34.36
2,64,2.205253961357786,63,34.36
2,65,2.2396140726777203,64,34.36
2,66,2.2739741839976544,65,34.36
2,67,2.3083342953175885,66,34.36
2,68,2.3426944066375226,67,34.36
2,69,2.3770545179574567,68,34.36
2,70,2.411414629277391,69,34.36
2,71,2.445774740597325,70,34.36
2,72,2.480134851917259,71,34.36
2,73,2.514494963237193,72,34.36
2,74,2.5488550745571272,73,34.36
2,75,2.5832151858770613,74,34.36
2,76,2.6175752971969954,75,34.36
2,77,2.6519354085169295,76,34.36
2,78,2.6862955198368637,77,34.36
2,79,2.7206556311567978,78,34.36
2,80,2.755015742476732,79,34.36
2,81,2.789375853796666,80,34.36
2,82,2.8237359651166,81,34.36
2,83,2.858096076436534,82,34.36
2,84,2.8924561877564683,83,34.36
2,85,2.9268162990764024,84,34.36
2,86,2.9611764103963365,85,34.36
2,87,2.9955365217162706,86,34.36
2,88,3.0298966330362047,87,34.36
2,89,3.064256744356139,88,34.36
2,90,3.098616855676073,89,34.36
2,91,3.132976966996007,90,34.36
2,92,3.167337078315941,91,34.36
2,93,3.2016971896358752,92,34.36
2,94,3.2360573009558093,93,34.36
2,95,3.2704174122757435,94,34.36
2,96,3.3047775235956776,95,34.36
2,97,3.3391376349156117,96,34.36
2,98,3.3734977462355458,97,34.36
2,99,3.40785785755548,98,34.36
2,100,3.442217968875414,99,34.36
2,101,3.476578080195348,100,34.36
2,102,3.510938191515282,101,34.36
2,103,3.5452983028352163,102,34.36
2,104,3.5796584141551504,103,34.36
2,105,3.6140185254750845,104,34.36
2,106,3.6483786367950186,105,34.36
2,107,3.6827387481149527,106,34.36
2,108,3.717098859434887,107,34.36
2,109,3.751458970754821,108,34.36
2,110,3.785819082074755,109,34.36
2,111,3.820179193394689,110,34.36
2,112,3.8545393047146232,111,34.36
2,113,3.8888994160345574,112,34.36
2,114,3.923192330786238,113,34.293
2,115,3.957485245537919,114,34.293
2,116,3.9917781602896,115,34.293
2,117,4.026071075041281,116,34.293
2,118,4.060363989792962,117,34.293
2,119,4.094656904544643,118,34.293
2,120,4.1289498192963245,119,34.293
2,121,4.163242734048006,120,34.293
2,122,4.197535648799687,121,34.293
2,123,4.231828563551368,122,34.293
2,124,4.26612147830305,123,34.293
2,125,4.300414393054731,124,34.293
2,126,4.334707307806412,125,34.293
2,127,4.3690002225580935,126,34.293
2,128,4.403293137309775,127,34.293
3,1,0.06062981445037379,0,60.63
3,2,0.09457194939013219,1,33.942
3,3,0.1285140843298906,2,33.942
3,4,0.16245621926964898,3,33.942
3,5,0.19639835420940738,4,33.942
3,6,0.23034048914916577,5,33.942
3,7,0.26428262408892417,6,33.942
3,8,0.29822475902868256,7,33.942
3,9,0.33216689396844096,8,33.942
3,10,0.36610902890819935,9,33.942
3,11,0.40005116384795775,10,33.942
3,12,0.43399329878771614,11,33.942
3,13,0.46793543372747454,12,33.942
3,14,0.501877568667233,13,33.942
3,15,0.5358197036069914,14,33.942
3,16,0.5697618385467498,15,33.942
3,17,0.6037039734865082,16,33.942
3,18,0.6376461084262666,17,33.942
3,19,0.671588243366025,18,33.942
3,20,0.7055303783057834,19,33.942
3,21,0.7394725132455418,20,33.942
3,22,0.7734146481853001,21,33.942
3,23,0.8073567831250585,22,33.942
3,24,0.8412989180648169,23,33.942
3,25,0.8752410530045753,24,33.942
3,26,0.9091831879443337,25,33.942
3,27,0.9431253228840921,26,33.942
3,28,0.9770674578238505,27,33.942
3,29,1.011009592763609,28,33.942
3,30,1.0449517277033673,29,33.942
3,31,1.0788938626431257,30,33.942
3,32,1.112835997582884,31,33.942
3,33,1.1467781325226425,32,33.942
3,34,1.1807202674624009,33,33.942
3,35,1.2146624024021593,34,33.942
3,36,1.2486045373419177,35,33.942
3,37,1.282546672281676,36,33.942
3,38,1.3164888072214345,37,33.942
3,39,1.3504309421611929,38,33.942
3,40,1.3843730771009513,39,33.942
3,41,1.4183152120407096,40,33.942
3,42,1.452257346980468,41,33.942
3,43,1.4861994819202264,42,33.942
3,44,1.5201416168599848,43,33.942
3,45,1.5540837517997432,44,33.942
3,46,1.5880258867395016,45,33.942
3,47,1.62196802167926,46,33.942
3,48,1.6559101566190184,47,33.942
3,49,1.6898522915587768,48,33.942
3,50,1.7242124028787107,49,34.36
3,51,1.7585725141986446,50,34.36
3,52,1.7929326255185785,51,34.36
3,53,1.8272927368385123,52,34.36
3,54,1.8616528481584462,53,34.36
3,55,1.8960129594783801,54,34.36
3,56,1.930373070798314,55,34.36
3,57,1.9647331821182479,56,34.36
3,58,1.9990932934381818,57,34.36
3,59,2.0334534047581156,58,34.36
3,60,2.0678135160780498,59,34.36
3,61,2.102173627397984,60,34.36
3,62,2.136533738717918,61,34.36
3,63,2.170893850037852,62,34.36
3,64,2.205253961357786,63,34.36
3,65,2.2396140726777203,64,34.36
3,66,2.2739741839976544,65,34.36
3,67,2.3083342953175885,66,34.36
3,68,2.3426944066375226,67,34.36
3,69,2.3770545179574567,68,34.36
3,70,2.411414629277391,69,34.36
3,71,2.445774740597325,70,34.36
3,72,2.480134851917259,71,34.36
3,73,2.514494963237193,72,34.36
3,74,2.5488550745571272,73,34.36
3,75,2.5832151858770613,74,34.36
3,76,2.6175752971969954,75,34.36
3,77,2.6519354085169295,76,34.36
3,78,2.6862955198368637,77,34.36
3,79,2.7206556311567978,78,34.36
3,80,2.755015742476732,79,34.36
3,81,2.789375853796666,80,34.36
3,82,2.8237359651166,81,34.36
3,83,2.858096076436534,82,34.36
3,84,2.8924561877564683,83,34.36
3,85,2.9268162990764024,84,34.36
3,86,2.9611764103963365,85,34.36
3,87,2.9955365217162706,86,34.36
3,88,3.0298966330362047,87,34.36
3,89,3.064256744356139,88,34.36
3,90,3.098616855676073,89,34.36
3,91,3.132976966996007,90,34.36
3,92,3.167337078315941,91,34.36
3,93,3.2016971896358752,92,34.36
3,94,3.2360573009558093,93,34.36
3,95,3.2704174122757435,94,34.36
3,96,3.3047775235956776,95,34.36
3,97,3.3391376349156117,96,34.36
3,98,3.3734977462355458,97,34.36
3,99,3.40785785755548,98,34.36
3,100,3.442217968875414,99,34.36
3,101,3.476578080195348,100,34.36
3,102,3.510938191515282,101,34.36
3,103,3.5452983028352163,102,34.36
3,104,3.5796584141551504,103,34.36
3,105,3.6140185254750845,104,34.36
3,106,3.6483786367950186,105,34.36
3,107,3.6827387481149527,106,34.36
3,108,3.717098859434887,107,34.36
3,109,3.751458970754821,108,34.36
3,110,3.785819082074755,109,34.36
3,111,3.820179193394689,110,34.36
3,112,3.8545393047146232,111,34.36
3,113,3.8888994160345574,112,34.36
3,114,3.923192330786238,113,34.293
3,115,3.957485245537919,114,34.293
3,116,3.9917781602896,115,34.293
3,117,4.026071075041281,116,34.293
3,118,4.060363989792962,117,34.293
3,119,4.094656904544643,118,34.293
3,120,4.1289498192963245,119,34.293
3,121,4.163242734048006,120,34.293
3,122,4.197535648799687,121,34.293
3,123,4.231828563551368,122,34.293
3,124,4.26612147830305,123,34.293
3,125,4.300414393054731,124,34.293
3,126,4.334707307806412,125,34.293
3,127,4.3690002225580935,126,34.293
3,128,4.403293137309775,127,34.293
4,1,0.06062981445037379,0,60.63
4,2,0.09457194939013219,1,33.942
4,3,0.1285140843298906,2,33.942
4,4,0.16245621926964898,3,33.942
4,5,0.19639835420940738,4,33.942
4,6,0.23034048914916577,5,33.942
4,7,0.26428262408892417,6,33.942
4,8,0.29822475902868256,7,33.942
4,9,0.33216689396844096,8,33.942
4,10,0.36610902890819935,9,33.942
4,11,0.40005116384795775,10,33.942
4,12,0.43399329878771614,11,33.942
4,13,0.46793543372747454,12,33.942
4,14,0.501877568667233,13,33.942
4,15,0.5358197036069914,14,33.942
4,16,0.5697618385467498,15,33.942
4,17,0.6037039734865082,16,33.942
4,18,0.6376461084262666,17,33.942
4,19,0.671588243366025,18,33.942
4,20,0.7055303783057834,19,33.942
4,21,0.7394725132455418,20,33.942
4,22,0.7734146481853001,21,33.942
4,23,0.8073567831250585,22,33.942
4,24,0.8412989180648169,23,33.942
4,25,0.8752410530045753,24,33.942
4,26,0.9091831879443337,25,33.942
4,27,0.9431253228840921,26,33.942
4,28,0.9770674578238505,27,33.942
4,29,1.011009592763609,28,33.942
4,30,1.0449517277033673,29,33.942
4,31,1.0788938626431257,30,33.942
4,32,1.112835997582884,31,33.942
4,33,1.1467781325226425,32,33.942
4,34,1.1807202674624009,33,33.942
4,35,1.2146624024021593,34,33.942
4,36,1.2486045373419177,35,33.942
4,37,1.282546672281676,36,33.942
4,38,1.3164888072214345,37,33.942
4,39,1.3504309421611929,38,33.942
4,40,1.3843730771009513,39,33.942
4,41,1.4183152120407096,40,33.942
4,42,1.452257346980468,41,33.942
4,43,1.4861994819202264,42,33.942
4,44,1.5201416168599848,43,33.942
4,45,1.5540837517997432,44,33.942
4,46,1.5880258867395016,45,33.942
4,47,1.62196802167926,46,33.942
4,48,1.6559101566190184,47,33.942
4,49,1.6898522915587768,48,33.942
4,50,1.7242124028787107,49,34.36
4,51,1.7585725141986446,50,34.36
4,52,1.7929326255185785,51,34.36
4,53,1.8272927368385123,52,34.36
4,54,1.8616528481584462,53,34.36
4,55,1.8960129594783801,54,34.36
4,56,1.930373070798314,55,34.36
4,57,1.9647331821182479,56,34.36
4,58,1.9990932934381818,57,34.36
4,59,2.0334534047581156,58,34.36
4,60,2.0678135160780498,59,34.36
4,61,2.102173627397984,60,34.36
4,62,2.136533738717918,61,34.36
4,63,2.170893850037852,62,34.36
4,64,2.205253961357786,63,34.36
4,65,2.2396140726777203,64,34.36
4,66,2.2739741839976544,65,34.36
4,67,2.3083342953175885,66,34.36
4,68,2.3426944066375226,67,34.36
4,69,2.3770545179574567,68,34.36
4,70,2.411414629277391,69,34.36
4,71,2.445774740597325,70,34.36
4,72,2.480134851917259,71,34.36
4,73,2.514494963237193,72,34.36
4,74,2.5488550745571272,73,34.36
4,75,2.5832151858770613,74,34.36
4,76,2.6175752971969954,75,34.36
4,77,2.6519354085169295,76,34.36
4,78,2.6862955198368637,77,34.36
4,79,2.7206556311567978,78,34.36
4,80,2.755015742476732,79,34.36
4,81,2.789375853796666,80,34.36
4,82,2.8237359651166,81,34.36
4,83,2.858096076436534,82,34.36
4,84,2.8924561877564683,83,34.36
4,85,2.9268162990764024,84,34.36
4,86,2.9611764103963365,85,34.36
4,87,2.9955365217162706,86,34.36
4,88,3.0298966330362047,87,34.36
4,89,3.064256744356139,88,34.36
4,90,3.098616855676073,89,34.36
4,91,3.132976966996007,90,34.36
4,92,3.167337078315941,91,34.36
4,93,3.2016971896358752,92,34.36
4,94,3.2360573009558093,93,34.36
4,95,3.2704174122757435,94,34.36
4,96,3.3047775235956776,95,34.36
4,97,3.3391376349156117,96,34.36
4,98,3.3734977462355458,97,34.36
4,99,3.40785785755548,98,34.36
4,100,3.442217968875414,99,34.36
4,101,3.476578080195348,100,34.36
4,102,3.510938191515282,101,34.36
4,103,3.5452983028352163,102,34.36
4,104,3.5796584141551504,103,34.36
4,105,3.6140185254750845,104,34.36
4,106,3.6483786367950186,105,34.36
4,107,3.6827387481149527,106,34.36
4,108,3.717098859434887,107,34.36
4,109,3.751458970754821,108,34.36
4,110,3.785819082074755,109,34.36
4,111,3.820179193394689,110,34.36
4,112,3.8545393047146232,111,34.36
4,113,3.8888994160345574,112,34.36
4,114,3.923192330786238,113,34.293
4,115,3.957485245537919,114,34.293
4,116,3.9917781602896,115,34.293
4,117,4.026071075041281,116,34.293
4,118,4.060363989792962,117,34.293
4,119,4.094656904544643,118,34.293
4,120,4.1289498192963245,119,34.293
4,121,4.163242734048006,120,34.293
4,122,4.197535648799687,121,34.293
4,123,4.231828563551368,122,34.293
4,124,4.26612147830305,123,34.293
4,125,4.300414393054731,124,34.293
4,126,4.334707307806412,125,34.293
4,127,4.3690002225580935,126,34.293
4,128,4.403293137309775,127,34.293
5,1,0.06062981445037379,0,60.63
5,2,0.09457194939013219,1,33.942
5,3,0.1285140843298906,2,33.942
5,4,0.16245621926964898,3,33.942
5,5,0.19639835420940738,4,33.942
5,6,0.23034048914916577,5,33.942
5,7,0.26428262408892417,6,33.942
5,8,0.29822475902868256,7,33.942
5,9,0.33216689396844096,8,33.942
5,10,0.36610902890819935,9,33.942
5,11,0.40005116384795775,10,33.942
5,12,0.43399329878771614,11,33.942
5,13,0.46793543372747454,12,33.942
5,14,0.501877568667233,13,33.942
5,15,0.5358197036069914,14,33.942
5,16,0.5697618385467498,15,33.942
5,17,0.6037039734865082,16,33.942
5,18,0.6376461084262666,17,33.942
5,19,0.671588243366025,18,33.942
5,20,0.7055303783057834,19,33.942
5,21,0.7394725132455418,20,33.942
5,22,0.7734146481853001,21,33.942
5,23,0.8073567831250585,22,33.942
5,24,0.8412989180648169,23,33.942
5,25,0.8752410530045753,24,33.942
5,26,0.9091831879443337,25,33.942
5,27,0.9431253228840921,26,33.942
5,28,0.9770674578238505,27,33.942
5,29,1.011009592763609,28,33.942
5,30,1.0449517277033673,29,33.942
5,31,1.0788938626431257,30,33.942
5,32,1.112835997582884,31,33.942
5,33,1.1467781325226425,32,33.942
5,34,1.1807202674624009,33,33.942
5,35,1.2146624024021593,34,33.942
5,36,1.2486045373419177,35,33.942
5,37,1.282546672281676,36,33.942
5,38,1.3164888072214345,37,33.942
5,39,1.3504309421611929,38,33.942
5,40,1.3843730771009513,39,33.942
5,41,1.4183152120407096,40,33.942
5,42,1.452257346980468,41,33.942
5,43,1.4861994819202264,42,33.942
5,44,1.5201416168599848,43,33.942
5,45,1.5540837517997432,44,33.942
5,46,1.5880258867395016,45,33.942
5,47,1.62196802167926,46,33.942
5,48,1.6559101566190184,47,33.942
5,49,1.6898522915587768,48,33.942
5,50,1.7242124028787107,49,34.36
5,51,1.7585725141986446,50,34.36
5,52,1.7929326255185785,51,34.36
5,53,1.8272927368385123,52,34.36
5,54,1.8616528481584462,53,34.36
5,55,1.8960129594783801,54,34.36
5,56,1.930373070798314,55,34.36
5,57,1.9647331821182479,56,34.36
5,58,1.9990932934381818,57,34.36
5,59,2.0334534047581156,58,34.36
5,60,2.0678135160780498,59,34.36
5,61,2.102173627397984,60,34.36
5,62,2.136533738717918,61,34.36
5,63,2.170893850037852,62,34.36
5,64,2.205253961357786,63,34.36
5,65,2.2396140726777203,64,34.36
5,66,2.2739741839976544,65,34.36
5,67,2.3083342953175885,66,34.36
5,68,2.3426944066375226,67,34.36
5,69,2.3770545179574567,68,34.36
5,70,2.411414629277391,69,34.36
5,71,2.445774740597325,70,34.36
5,72,2.480134851917259,71,34.36
5,73,2.514494963237193,72,34.36
5,74,2.5488550745571272,73,34.36
5,75,2.5832151858770613,74,34.36
5,76,2.6175752971969954,75,34.36
5,77,2.6519354085169295,76,34.36
5,78,2.6862955198368637,77,34.36
5,79,2.7206556311567978,78,34.36
5,80,2.755015742476732,79,34.36
5,81,2.789375853796666,80,34.36
5,82,2.8237359651166,81,34.36
5,83,2.858096076436534,82,34.36
5,84,2.8924561877564683,83,34.36
5,85,2.9268162990764024,84,34.36
5,86,2.9611764103963365,85,34.36
5,87,2.9955365217162706,86,34.36
5,88,3.0298966330362047,87,34.36
5,89,3.064256744356139,88,34.36
5,90,3.098616855676073,89,34.36
5,91,3.132976966996007,90,34.36
5,92,3.167337078315941,91,34.36
5,93,3.2016971896358752,92,34.36
5,94,3.2360573009558093,93,34.36
5,95,3.2704174122757435,94,34.36
5,96,3.3047775235956776,95,34.36
5,97,3.3391376349156117,96,34.36
5,98,3.3734977462355458,97,34.36
5,99,3.40785785755548,98,34.36
5,100,3.442217968875414,99,34.36
5,101,3.476578080195348,100,34.36
5,102,3.510938191515282,101,34.36
5,103,3.5452983028352163,102,34.36
5,104,3.5796584141551504,103,34.36
5,105,3.6140185254750845,104,34.36
5,106,3.6483786367950186,105,34.36
5,107,3.6827387481149527,106,34.36
5,108,3.717098859434887,107,34.36
5,109,3.751458970754821,108,34.36
5,110,3.785819082074755,109,34.36
5,111,3.820179193394689,110,34.36
5,112,3.8545393047146232,111,34.36
5,113,3.8888994160345574,112,34.36
5,114,3.923192330786238,113,34.293
5,115,3.957485245537919,114,34.293
5,116,3.9917781602896,115,34.293
5,117,4.026071075041281,116,34.293
5,118,4.060363989792962,117,34.293
5,119,4.094656904544643,118,34.293
5,120,4.1289498192963245,119,34.293
5,121,4.163242734048006,120,34.293
5,122,4.197535648799687,121,34.293
5,123,4.231828563551368,122,34.293
5,124,4.26612147830305,123,34.293
5,125,4.300414393054731,124,34.293
5,126,4.334707307806412,125,34.293
5,127,4.3690002225580935,126,34.293
5,128,4.403293137309775,127,34.293
6,1,0.06062981445037379,0,60.63
6,2,0.09457194939013219,1,33.942
6,3,0.1285140843298906,2,33.942
6,4,0.16245621926964898,3,33.942
6,5,0.19639835420940738,4,33.942
6,6,0.23034048914916577,5,33.942
6,7,0.26428262408892417,6,33.942
6,8,0.29822475902868256,7,33.942
6,9,0.33216689396844096,8,33.942
6,10,0.36610902890819935,9,33.942
6,11,0.40005116384795775,10,33.942
6,12,0.43399329878771614,11,33.942
6,13,0.46793543372747454,12,33.942
6,14,0.501877568667233,13,33.942
6,15,0.5358197036069914,14,33.942
6,16,0.5697618385467498,15,33.942
6,17,0.6037039734865082,16,33.942
6,18,0.6376461084262666,17,33.942
6,19,0.671588243366025,18,33.942
6,20,0.7055303783057834,19,33.942
6,21,0.7394725132455418,20,33.942
6,22,0.7734146481853001,21,33.942
6,23,0.8073567831250585,22,33.942
6,24,0.8412989180648169,23,33.942
6,25,0.8752410530045753,24,33.942
6,26,0.9091831879443337,25,33.942
6,27,0.9431253228840921,26,33.942
6,28,0.9770674578238505,27,33.942
6,29,1.011009592763609,28,33.942
6,30,1.0449517277033673,29,33.942
6,31,1.0788938626431257,30,33.942
6,32,1.112835997582884,31,33.942
6,33,1.1467781325226425,32,33.942
6,34,1.1807202674624009,33,33.942
6,35,1.2146624024021593,34,33.942
6,36,1.2486045373419177,35,33.942
6,37,1.282546672281676,36,33.942
6,38,1.3164888072214345,37,33.942
6,39,1.3504309421611929,38,33.942
6,40,1.3843730771009513,39,33.942
6,41,1.4183152120407096,40,33.942
6,42,1.452257346980468,41,33.942
6,43,1.4861994819202264,42,33.942
6,44,1.5201416168599848,43,33.942
6,45,1.5540837517997432,44,33.942
6,46,1.5880258867395016,45,33.942
6,47,1.62196802167926,46,33.942
6,48,1.6559101566190184,47,33.942
6,49,1.6898522915587768,48,33.942
6,50,1.7242124028787107,49,34.36
6,51,1.7585725141986446,50,34.36
6,52,1.7929326255185785,51,34.36
6,53,1.8272927368385123,52,34.36
6,54,1.8616528481584462,53,34.36
6,55,1.8960129594783801,54,34.36
6,56,1.930373070798314,55,34.36
6,57,1.9647331821182479,56,34.36
6,58,1.9990932934381818,57,34.36
6,59,2.0334534047581156,58,34.36
6,60,2.0678135160780498,59,34.36
6,61,2.102173627397984,60,34.36
6,62,2.136533738717918,61,34.36
6,63,2.170893850037852,62,34.36
6,64,2.205253961357786,63,34.36
6,65,2.2396140726777203,64,34.36
6,66,2.2739741839976544,65,34.36
6,67,2.3083342953175885,66,34.36
6,68,2.3426944066375226,67,34.36
6,69,2.3770545179574567,68,34.36
6,70,2.411414629277391,69,34.36
6,71,2.445774740597325,70,34.36
6,72,2.480134851917259,71,34.36
6,73,2.514494963237193,72,34.36
6,74,2.5488550745571272,73,34.36
6,75,2.5832151858770613,74,34.36
6,76,2.6175752971969954,75,34.36
6,77,2.6519354085169295,76,34.36
6,78,2.6862955198368637,77,34.36
6,79,2.7206556311567978,78,34.36
6,80,2.755015742476732,79,34.36
6,81,2.789375853796666,80,34.36
6,82,2.8237359651166,81,34.36
6,83,2.858096076436534,82,34.36
6,84,2.8924561877564683,83,34.36
6,85,2.9268162990764024,84,34.36
6,86,2.9611764103963365,85,34.36
6,87,2.9955365217162706,86,34.36
6,88,3.0298966330362047,87,34.36
6,89,3.064256744356139,88,34.36
6,90,3.098616855676073,89,34.36
6,91,3.132976966996007,90,34.36
6,92,3.167337078315941,91,34.36
6,93,3.2016971896358752,92,34.36
6,94,3.2360573009558093,93,34.36
6,95,3.2704174122757435,94,34.36
6,96,3.3047775235956776,95,34.36
6,97,3.3391376349156117,96,34.36
6,98,3.3734977462355458,97,34.36
6,99,3.40785785755548,98,34.36
6,100,3.442217968875414,99,34.36
6,101,3.476578080195348,100,34.36
6,102,3.510938191515282,101,34.36
6,103,3.5452983028352163,102,34.36
6,104,3.5796584141551504,103,34.36
6,105,3.6140185254750845,104,34.36
6,106,3.6483786367950186,105,34.36
6,107,3.6827387481149527,106,34.36
6,108,3.717098859434887,107,34.36
6,109,3.751458970754821,108,34.36
6,110,3.785819082074755,109,34.36
6,111,3.820179193394689,110,34.36
6,112,3.8545393047146232,111,34.36
6,113,3.8888994160345574,112,34.36
6,114,3.923192330786238,113,34.293
6,115,3.957485245537919,114,34.293
6,116,3.9917781602896,115,34.293
6,117,4.026071075041281,116,34.293
6,118,4.060363989792962,117,34.293
6,119,4.094656904544643,118,34.293
6,120,4.1289498192963245,119,34.293
6,121,4.163242734048006,120,34.293
6,122,4.197535648799687,121,34.293
6,123,4.231828563551368,122,34.293
6,124,4.26612147830305,123,34.293
6,125,4.300414393054731,124,34.293
6,126,4.334707307806412,125,34.293
6,127,4.3690002225580935,126,34.293
6,128,4.403293137309775,127,34.293
7,1,0.06062981445037379,0,60.63
7,2,0.09457194939013219,1,33.942
7,3,0.1285140843298906,2,33.942
7,4,0.16245621926964898,3,33.942
7,5,0.19639835420940738,4,33.942
7,6,0.23034048914916577,5,33.942
7,7,0.26428262408892417,6,33.942
7,8,0.29822475902868256,7,33.942
7,9,0.33216689396844096,8,33.942
7,10,0.36610902890819935,9,33.942
7,11,0.40005116384795775,10,33.942
7,12,0.43399329878771614,11,33.942
7,13,0.46793543372747454,12,33.942
7,14,0.501877568667233,13,33.942
7,15,0.5358197036069914,14,33.942
7,16,0.5697618385467498,15,33.942
7,17,0.6037039734865082,16,33.942
7,18,0.6376461084262666,17,33.942
7,19,0.671588243366025,18,33.942
7,20,0.7055303783057834,19,33.942
7,21,0.7394725132455418,20,33.942
7,22,0.7734146481853001,21,33.942
7,23,0.8073567831250585,22,33.942
7,24,0.8412989180648169,23,33.942
7,25,0.8752410530045753,24,33.942
7,26,0.9091831879443337,25,33.942
7,27,0.9431253228840921,26,33.942
7,28,0.9770674578238505,27,33.942
7,29,1.011009592763609,28,33.942
7,30,1.0449517277033673,29,33.942
7,31,1.0788938626431257,30,33.942
7,32,1.112835997582884,31,33.942
7,33,1.1467781325226425,32,33.942
7,34,1.1807202674624009,33,33.942
7,35,1.2146624024021593,34,33.942
7,36,1.2486045373419177,35,33.942
7,37,1.282546672281676,36,33.942
7,38,1.3164888072214345,37,33.942
7,39,1.3504309421611929,38,33.942
7,40,1.3843730771009513,39,33.942
7,41,1.4183152120407096,40,33.942
7,42,1.452257346980468,41,33.942
7,43,1.4861994819202264,42,33.942
7,44,1.5201416168599848,43,33.942
7,45,1.5540837517997432,44,33.942
7,46,1.5880258867395016,45,33.942
7,47,1.62196802167926,46,33.942
7,48,1.6559101566190184,47,33.942
7,49,1.6898522915587768,48,33.942
7,50,1.7242124028787107,49,34.36
7,51,1.7585725141986446,50,34.36
7,52,1.7929326255185785,51,34.36
7,53,1.8272927368385123,52,34.36
7,54,1.8616528481584462,53,34.36
7,55,1.8960129594783801,54,34.36
7,56,1.930373070798314,55,34.36
7,57,1.9647331821182479,56,34.36
7,58,1.9990932934381818,57,34.36
7,59,2.0334534047581156,58,34.36
7,60,2.0678135160780498,59,34.36
7,61,2.102173627397984,60,34.36
7,62,2.136533738717918,61,34.36
7,63,2.170893850037852,62,34.36
7,64,2.205253961357786,63,34.36
7,65,2.2396140726777203,64,34.36
7,66,2.2739741839976544,65,34.36
7,67,2.3083342953175885,66,34.36
7,68,2.3426944066375226,67,34.36
7,69,2.3770545179574567,68,34.36
7,70,2.411414629277391,69,34.36
7,71,2.445774740597325,70,34.36
7,72,2.480134851917259,71,34.36
7,73,2.514494963237193,72,34.36
7,74,2.5488550745571272,73,34.36
7,75,2.5832151858770613,74,34.36
7,76,2.6175752971969954,75,34.36
7,77,2.6519354085169295,76,34.36
7,78,2.6862955198368637,77,34.36
7,79,2.7206556311567978,78,34.36
7,80,2.755015742476732,79,34.36
7,81,2.789375853796666,80,34.36
7,82,2.8237359651166,81,34.36
7,83,2.858096076436534,82,34.36
7,84,2.8924561877564683,83,34.36
7,85,2.9268162990764024,84,34.36
7,86,2.9611764103963365,85,34.36
7,87,2.9955365217162706,86,34.36
7,88,3.0298966330362047,87,34.36
7,89,3.064256744356139,88,34.36
7,90,3.098616855676073,89,34.36
7,91,3.132976966996007,90,34.36
7,92,3.167337078315941,91,34.36
7,93,3.2016971896358752,92,34.36
7,94,3.2360573009558093,93,34.36
7,95,3.2704174122757435,94,34.36
7,96,3.3047775235956776,95,34.36
7,97,3.3391376349156117,96,34.36
7,98,3.3734977462355458,97,34.36
7,99,3.40785785755548,98,34.36
7,100,3.442217968875414,99,34.36
7,101,3.476578080195348,100,34.36
7,102,3.510938191515282,101,34.36
7,103,3.5452983028352163,102,34.36
7,104,3.5796584141551504,103,34.36
7,105,3.6140185254750845,104,34.36
7,106,3.6483786367950186,105,34.36
7,107,3.6827387481149527,106,34.36
7,108,3.717098859434887,107,34.36
7,109,3.751458970754821,108,34.36
7,110,3.785819082074755,109,34.36
7,111,3.820179193394689,110,34.36
7,112,3.8545393047146232,111,34.36
7,113,3.8888994160345574,112,34.36
7,114,3.923192330786238,113,34.293
7,115,3.957485245537919,114,34.293
7,116,3.9917781602896,115,34.293
7,117,4.026071075041281,116,34.293
7,118,4.060363989792962,117,34.293
7,119,4.094656904544643,118,34.293
7,120,4.1289498192963245,119,34.293
7,121,4.163242734048006,120,34.293
7,122,4.197535648799687,121,34.293
7,123,4.231828563551368,122,34.293
7,124,4.26612147830305,123,34.293
7,125,4.300414393054731,124,34.293
7,126,4.334707307806412,125,34.293
7,127,4.3690002225580935,126,34.293
7,128,4.403293137309775,127,34.293
8,1,0.06062981445037379,0,60.63
8,2,0.09457194939013219,1,33.942
8,3,0.1285140843298906,2,33.942
8,4,0.16245621926964898,3,33.942
8,5,0.19639835420940738,4,33.942
8,6,0.23034048914916577,5,33.942
8,7,0.26428262408892417,6,33.942
8,8,0.29822475902868256,7,33.942
8,9,0.33216689396844096,8,33.942
8,10,0.36610902890819935,9,33.942
8,11,0.40005116384795775,10,33.942
8,12,0.43399329878771614,11,33.942
8,13,0.46793543372747454,12,33.942
8,14,0.501877568667233,13,33.942
8,15,0.5358197036069914,14,33.942
8,16,0.5697618385467498,15,33.942
8,17,0.6037039734865082,16,33.942
8,18,0.6376461084262666,17,33.942
8,19,0.671588243366025,18,33.942
8,20,0.7055303783057834,19,33.942
8,21,0.7394725132455418,20,33.942
8,22,0.7734146481853001,21,33.942
8,23,0.8073567831250585,22,33.942
8,24,0.8412989180648169,23,33.942
8,25,0.8752410530045753,24,33.942
8,26,0.9091831879443337,25,33.942
8,27,0.9431253228840921,26,33.942
8,28,0.9770674578238505,27,33.942
8,29,1.011009592763609,28,33.942
8,30,1.0449517277033673,29,33.942
8,31,1.0788938626431257,30,33.942
8,32,1.112835997582884,31,33.942
8,33,1.1467781325226425,32,33.942
8,34,1.1807202674624009,33,33.942
8,35,1.2146624024021593,34,33.942
8,36,1.2486045373419177,35,33.942
8,37,1.282546672281676,36,33.942
8,38,1.3164888072214345,37,33.942
8,39,1.3504309421611929,38,33.942
8,40,1.3843730771009513,39,33.942
8,41,1.4183152120407096,40,33.942
8,42,1.452257346980468,41,33.942
8,43,1.4861994819202264,42,33.942
8,44,1.5201416168599848,43,33.942
8,45,1.5540837517997432,44,33.942
8,46,1.5880258867395016,45,33.942
8,47,1.62196802167926,46,33.942
8,48,1.6559101566190184,47,33.942
8,49,1.6898522915587768,48,33.942
8,50,1.7242124028787107,49,34.36
8,51,1.7585725141986446,50,34.36
8,52,1.7929326255185785,51,34.36
8,53,1.8272927368385123,52,34.36
8,54,1.8616528481584462,53,34.36
8,55,1.8960129594783801,54,34.36
8,56,1.930373070798314,55,34.36
8,57,1.9647331821182479,56,34.36
8,58,1.9990932934381818,57,34.36
8,59,2.0334534047581156,58,34.36
8,60,2.0678135160780498,59,34.36
8,61,2.102173627397984,60,34.36
8,62,2.136533738717918,61,34.36
8,63,2.170893850037852,62,34.36
8,64,2.205253961357786,63,34.36
8,65,2.2396140726777203,64,34.36
8,66,2.2739741839976544,65,34.36
8,67,2.3083342953175885,66,34.36
8,68,2.3426944066375226,67,34.36
8,69,2.3770545179574567,68,34.36
8,70,2.411414629277391,69,34.36
8,71,2.445774740597325,70,34.36
8,72,2.480134851917259,71,34.36
8,73,2.514494963237193,72,34.36
8,74,2.5488550745571272,73,34.36
8,75,2.5832151858770613,74,34.36
8,76,2.6175752971969954,75,34.36
8,77,2.6519354085169295,76,34.36
8,78,2.6862955198368637,77,34.36
8,79,2.7206556311567978,78,34.36
8,80,2.755015742476732,79,34.36
8,81,2.789375853796666,80,34.36
8,82,2.8237359651166,81,34.36
8,83,2.858096076436534,82,34.36
8,84,2.8924561877564683,83,34.36
8,85,2.9268162990764024,84,34.36
8,86,2.9611764103963365,85,34.36
8,87,2.9955365217162706,86,34.36
8,88,3.0298966330362047,87,34.36
8,89,3.064256744356139,88,34.36
8,90,3.098616855676073,89,34.36
8,91,3.132976966996007,90,34.36
8,92,3.167337078315941,91,34.36
8,93,3.2016971896358752,92,34.36
8,94,3.2360573009558093,93,34.36
8,95,3.2704174122757435,94,34.36
8,96,3.3047775235956776,95,34.36
8,97,3.3391376349156117,96,34.36
8,98,3.3734977462355458,97,34.36
8,99,3.40785785755548,98,34.36
8,100,3.442217968875414,99,34.36
8,101,3.476578080195348,100,34.36
8,102,3.510938191515282,101,34.36
8,103,3.5452983028352163,102,34.36
8,104,3.5796584141551504,103,34.36
8,105,3.6140185254750845,104,34.36
8,106,3.6483786367950186,105,34.36
8,107,3.6827387481149527,106,34.36
8,108,3.717098859434887,107,34.36
8,109,3.751458970754821,108,34.36
8,110,3.785819082074755,109,34.36
8,111,3.820179193394689,110,34.36
8,112,3.8545393047146232,111,34.36
8,113,3.8888994160345574,112,34.36
8,114,3.923192330786238,113,34.293
8,115,3.957485245537919,114,34.293
8,116,3.9917781602896,115,34.293
8,117,4.026071075041281,116,34.293
8,118,4.060363989792962,117,34.293
8,119,4.094656904544643,118,34.293
8,120,4.1289498192963245,119,34.293
8,121,4.163242734048006,120,34.293
8,122,4.197535648799687,121,34.293
8,123,4.231828563551368,122,34.293
8,124,4.26612147830305,123,34.293
8,125,4.300414393054731,124,34.293
8,126,4.334707307806412,125,34.293
8,127,4.3690002225580935,126,34.293
8,128,4.403293137309775,127,34.293
9,1,0.06062981445037379,0,60.63
9,2,0.09457194939013219,1,33.942
9,3,0.1285140843298906,2,33.942
9,4,0.16245621926964898,3,33.942
9,5,0.19639835420940738,4,33.942
9,6,0.23034048914916577,5,33.942
9,7,0.26428262408892417,6,33.942
9,8,0.29822475902868256,7,33.942
9,9,0.33216689396844096,8,33.942
9,10,0.36610902890819935,9,33.942
9,11,0.40005116384795775,10,33.942
9,12,0.43399329878771614,11,33.942
9,13,0.46793543372747454,12,33.942
9,14,0.501877568667233,13,33.942
9,15,0.5358197036069914,14,33.942
9,16,0.5697618385467498,15,33.942
9,17,0.6037039734865082,16,33.942
9,18,0.6376461084262666,17,33.942
9,19,0.671588243366025,18,33.942
9,20,0.7055303783057834,19,33.942
9,21,0.7394725132455418,20,33.942
9,22,0.7734146481853001,21,33.942
9,23,0.8073567831250585,22,33.942
9,24,0.8412989180648169,23,33.942
9,25,0.8752410530045753,24,33.942
9,26,0.9091831879443337,25,33.942
9,27,0.9431253228840921,26,33.942
9,28,0.9770674578238505,27,33.942
9,29,1.011009592763609,28,33.942
9,30,1.0449517277033673,29,33.942
9,31,1.0788938626431257,30,33.942
9,32,1.112835997582884,31,33.942
9,33,1.1467781325226425,32,33.942
9,34,1.1807202674624009,33,33.942
9,35,1.2146624024021593,34,33.942
9,36,1.2486045373419177,35,33.942
9,37,1.282546672281676,36,33.942
9,38,1.3164888072214345,37,33.942
9,39,1.3504309421611929,38,33.942
9,40,1.3843730771009513,39,33.942
9,41,1.4183152120407096,40,33.942
9,42,1.452257346980468,41,33.942
9,43,1.4861994819202264,42,33.942
9,44,1.5201416168599848,43,33.942
9,45,1.5540837517997432,44,33.942
9,46,1.5880258867395016,45,33.942
9,47,1.62196802167926,46,33.942
9,48,1.6559101566190184,47,33.942
9,49,1.6898522915587768,48,33.942
9,50,1.7242124028787107,49,34.36
9,51,1.7585725141986446,50,34.36
9,52,1.7929326255185785,51,34.36
9,53,1.8272927368385123,52,34.36
9,54,1.8616528481584462,53,34.36
9,55,1.8960129594783801,54,34.36
9,56,1.930373070798314,55,34.36
9,57,1.9647331821182479,56,34.36
9,58,1.9990932934381818,57,34.36
9,59,2.0334534047581156,58,34.36
9,60,2.0678135160780498,59,34.36
9,61,2.102173627397984,60,34.36
9,62,2.136533738717918,61,34.36
9,63,2.170893850037852,62,34.36
9,64,2.205253961357786,63,34.36
9,65,2.2396140726777203,64,34.36
9,66,2.2739741839976544,65,34.36
9,67,2.3083342953175885,66,34.36
9,68,2.3426944066375226,67,34.36
9,69,2.3770545179574567,68,34.36
9,70,2.411414629277391,69,34.36
9,71,2.445774740597325,70,34.36
9,72,2.480134851917259,71,34.36
9,73,2.514494963237193,72,34.36
9,74,2.5488550745571272,73,34.36
9,75,2.5832151858770613,74,34.36
9,76,2.6175752971969954,75,34.36
9,77,2.6519354085169295,76,34.36
9,78,2.6862955198368637,77,34.36
9,79,2.7206556311567978,78,34.36
9,80,2.755015742476732,79,34.36
9,81,2.789375853796666,80,34.36
9,82,2.8237359651166,81,34.36
9,83,2.858096076436534,82,34.36
9,84,2.8924561877564683,83,34.36
9,85,2.9268162990764024,84,34.36
9,86,2.9611764103963365,85,34.36
9,87,2.9955365217162706,86,34.36
9,88,3.0298966330362047,87,34.36
9,89,3.064256744356139,88,34.36
9,90,3.098616855676073,89,34.36
9,91,3.132976966996007,90,34.36
9,92,3.167337078315941,91,34.36
9,93,3.2016971896358752,92,34.36
9,94,3.2360573009558093,93,34.36
9,95,3.2704174122757435,94,34.36
9,96,3.3047775235956776,95,34.36
9,97,3.3391376349156117,96,34.36
9,98,3.3734977462355458,97,34.36
9,99,3.40785785755548,98,34.36
9,100,3.442217968875414,99,34.36
9,101,3.476578080195348,100,34.36
9,102,3.510938191515282,101,34.36
9,103,3.5452983028352163,102,34.36
9,104,3.5796584141551504,103,34.36
9,105,3.6140185254750845,104,34.36
9,106,3.6483786367950186,105,34.36
9,107,3.6827387481149527,106,34.36
9,108,3.717098859434887,107,34.36
9,109,3.751458970754821,108,34.36
9,110,3.785819082074755,109,34.36
9,111,3.820179193394689,110,34.36
9,112,3.8545393047146232,111,34.36
9,113,3.8888994160345574,112,34.36
9,114,3.923192330786238,113,34.293
9,115,3.957485245537919,114,34.293
9,116,3.9917781602896,115,34.293
9,117,4.026071075041281,116,34.293
9,118,4.060363989792962,117,34.293
9,119,4.094656904544643,118,34.293
9,120,4.1289498192963245,119,34.293
9,121,4.163242734048006,120,34.293
9,122,4.197535648799687,121,34.293
9,123,4.231828563551368,122,34.293
9,124,4.26612147830305,123,34.293
9,125,4.300414393054731,124,34.293
9,126,4.334707307806412,125,34.293
9,127,4.3690002225580935,126,34.293
9,128,4.403293137309775,127,34.293
10,1,0.06062981445037379,0,60.63
10,2,0.09457194939013219,1,33.942
10,3,0.1285140843298906,2,33.942
10,4,0.16245621926964898,3,33.942
10,5,0.19639835420940738,4,33.942
10,6,0.23034048914916577,5,33.942
10,7,0.26428262408892417,6,33.942
10,8,0.29822475902868256,7,33.942
10,9,0.33216689396844096,8,33.942
10,10,0.36610902890819935,9,33.942
10,11,0.40005116384795775,10,33.942
10,12,0.43399329878771614,11,33.942
10,13,0.46793543372747454,12,33.942
10,14,0.501877568667233,13,33.942
10,15,0.5358197036069914,14,33.942
10,16,0.5697618385467498,15,33.942
10,17,0.6037039734865082,16,33.942
10,18,0.6376461084262666,17,33.942
10,19,0.671588243366025,18,33.942
10,20,0.7055303783057834,19,33.942
10,21,0.7394725132455418,20,33.942
10,22,0.7734146481853001,21,33.942
10,23,0.8073567831250585,22,33.942
10,24,0.8412989180648169,23,33.942
10,25,0.8752410530045753,24,33.942
10,26,0.9091831879443337,25,33.942
10,27,0.9431253228840921,26,33.942
10,28,0.9770674578238505,27,33.942
10,29,1.011009592763609,28,33.942
10,30,1.0449517277033673,29,33.942
10,31,1.0788938626431257,30,33.942
10,32,1.112835997582884,31,33.942
10,33,1.1467781325226425,32,33.942
10,34,1.1807202674624009,33,33.942
10,35,1.2146624024021593,34,33.942
10,36,1.2486045373419177,35,33.942
10,37,1.282546672281676,36,33.942
10,38,1.3164888072214345,37,33.942
10,39,1.3504309421611929,38,33.942
10,40,1.3843730771009513,39,33.942
10,41,1.4183152120407096,40,33.942
10,42,1.452257346980468,41,33.942
10,43,1.4861994819202264,42,33.942
10,44,1.5201416168599848,43,33.942
10,45,1.5540837517997432,44,33.942
10,46,1.5880258867395016,45,33.942
10,47,1.62196802167926,46,33.942
10,48,1.6559101566190184,47,33.942
10,49,1.6898522915587768,48,33.942
10,50,1.7242124028787107,49,34.36
10,51,1.7585725141986446,50,34.36
10,52,1.7929326255185785,51,34.36
10,53,1.8272927368385123,52,34.36
10,54,1.8616528481584462,53,34.36
10,55,1.8960129594783801,54,34.36
10,56,1.930373070798314,55,34.36
10,57,1.9647331821182479,56,34.36
10,58,1.9990932934381818,57,34.36
10,59,2.0334534047581156,58,34.36
10,60,2.0678135160780498,59,34.36
10,61,2.102173627397984,60,34.36
10,62,2.136533738717918,61,34.36
10,63,2.170893850037852,62,34.36
10,64,2.205253961357786,63,34.36
10,65,2.2396140726777203,64,34.36
10,66,2.2739741839976544,65,34.36
10,67,2.3083342953175885,66,34.36
10,68,2.3426944066375226,67,34.36
10,69,2.3770545179574567,68,34.36
10,70,2.411414629277391,69,34.36
10,71,2.445774740597325,70,34.36
10,72,2.480134851917259,71,34.36
10,73,2.514494963237193,72,34.36
10,74,2.5488550745571272,73,34.36
10,75,2.5832151858770613,74,34.36
10,76,2.6175752971969954,75,34.36
10,77,2.6519354085169295,76,34.36
10,78,2.6862955198368637,77,34.36
10,79,2.7206556311567978,78,34.36
10,80,2.755015742476732,79,34.36
10,81,2.789375853796666,80,34.36
10,82,2.8237359651166,81,34.36
10,83,2.858096076436534,82,34.36
10,84,2.8924561877564683,83,34.36
10,85,2.9268162990764024,84,34.36
10,86,2.9611764103963365,85,34.36
10,87,2.9955365217162706,86,34.36
10,88,3.0298966330362047,87,34.36
10,89,3.064256744356139,88,34.36
10,90,3.098616855676073,89,34.36
10,91,3.132976966996007,90,34.36
10,92,3.167337078315941,91,34.36
10,93,3.2016971896358752,92,34.36
10,94,3.2360573009558093,93,34.36
10,95,3.2704174122757435,94,34.36
10,96,3.3047775235956776,95,34.36
10,97,3.3391376349156117,96,34.36
10,98,3.3734977462355458,97,34.36
10,99,3.40785785755548,98,34.36
10,100,3.442217968875414,99,34.36
10,101,3.476578080195348,100,34.36
10,102,3.510938191515282,101,34.36
10,103,3.5452983028352163,102,34.36
10,104,3.5796584141551504,103,34.36
10,105,3.6140185254750845,104,34.36
10,106,3.6483786367950186,105,34.36
10,107,3.6827387481149527,106,34.36
10,108,3.717098859434887,107,34.36
10,109,3.751458970754821,108,34.36
10,110,3.785819082074755,109,34.36
10,111,3.820179193394689,110,34.36
10,112,3.8545393047146232,111,34.36
10,113,3.8888994160345574,112,34.36
10,114,3.923192330786238,113,34.293
10,115,3.957485245537919,114,34.293
10,116,3.9917781602896,115,34.293
10,117,4.026071075041281,116,34.293
10,118,4.060363989792962,117,34.293
10,119,4.094656904544643,118,34.293
10,120,4.1289498192963245,119,34.293
10,121,4.163242734048006,120,34.293
10,122,4.197535648799687,121,34.293
10,123,4.231828563551368,122,34.293
10,124,4.26612147830305,123,34.293
10,125,4.300414393054731,124,34.293
10,126,4.334707307806412,125,34.293
10,127,4.3690002225580935,126,34.293
10,128,4.403293137309775,127,34.293
11,1,0.06062981445037379,0,60.63
11,2,0.09457194939013219,1,33.942
11,3,0.1285140843298906,2,33.942
11,4,0.16245621926964898,3,33.942
11,5,0.19639835420940738,4,33.942
11,6,0.23034048914916577,5,33.942
11,7,0.26428262408892417,6,33.942
11,8,0.29822475902868256,7,33.942
11,9,0.33216689396844096,8,33.942
11,10,0.36610902890819935,9,33.942
11,11,0.40005116384795775,10,33.942
11,12,0.43399329878771614,11,33.942
11,13,0.46793543372747454,12,33.942
11,14,0.501877568667233,13,33.942
11,15,0.5358197036069914,14,33.942
11,16,0.5697618385467498,15,33.942
11,17,0.6037039734865082,16,33.942
11,18,0.6376461084262666,17,33.942
11,19,0.671588243366025,18,33.942
11,20,0.7055303783057834,19,33.942
11,21,0.7394725132455418,20,33.942
11,22,0.7734146481853001,21,33.942
11,23,0.8073567831250585,22,33.942
11,24,0.8412989180648169,23,33.942
11,25,0.8752410530045753,24,33.942
11,26,0.9091831879443337,25,33.942
11,27,0.9431253228840921,26,33.942
11,28,0.9770674578238505,27,33.942
11,29,1.011009592763609,28,33.942
11,30,1.0449517277033673,29,33.942
11,31,1.0788938626431257,30,33.942
11,32,1.112835997582884,31,33.942
11,33,1.1467781325226425,32,33.942
11,34,1.1807202674624009,33,33.942
11,35,1.2146624024021593,34,33.942
11,36,1.2486045373419177,35,33.942
11,37,1.282546672281676,36,33.942
11,38,1.3164888072214345,37,33.942
11,39,1.3504309421611929,38,33.942
11,40,1.3843730771009513,39,33.942
11,41,1.4183152120407096,40,33.942
11,42,1.452257346980468,41,33.942
11,43,1.4861994819202264,42,33.942
11,44,1.5201416168599848,43,33.942
11,45,1.5540837517997432,44,33.942
11,46,1.5880258867395016,45,33.942
11,47,1.62196802167926,46,33.942
11,48,1.6559101566190184,47,33.942
11,49,1.6898522915587768,48,33.942
11,50,1.7242124028787107,49,34.36
11,51,1.7585725141986446,50,34.36
11,52,1.7929326255185785,51,34.36
11,53,1.8272927368385123,52,34.36
11,54,1.8616528481584462,53,34.36
11,55,1.8960129594783801,54,34.36
11,56,1.930373070798314,55,34.36
11,57,1.9647331821182479,56,34.36
11,58,1.9990932934381818,57,34.36
11,59,2.0334534047581156,58,34.36
11,60,2.0678135160780498,59,34.36
11,61,2.102173627397984,60,34.36
11,62,2.136533738717918,61,34.36
11,63,2.170893850037852,62,34.36
11,64,2.205253961357786,63,34.36
11,65,2.2396140726777203,64,34.36
11,66,2.2739741839976544,65,34.36
11,67,2.3083342953175885,66,34.36
11,68,2.3426944066375226,67,34.36
11,69,2.3770545179574567,68,34.36
11,70,2.411414629277391,69,34.36
11,71,2.445774740597325,70,34.36
11,72,2.480134851917259,71,34.36
11,73,2.514494963237193,72,34.36
11,74,2.5488550745571272,73,34.36
11,75,2.5832151858770613,74,34.36
11,76,2.6175752971969954,75,34.36
11,77,2.6519354085169295,76,34.36
11,78,2.6862955198368637,77,34.36
11,79,2.7206556311567978,78,34.36
11,80,2.755015742476732,79,34.36
11,81,2.789375853796666,80,34.36
11,82,2.8237359651166,81,34.36
11,83,2.858096076436534,82,34.36
11,84,2.8924561877564683,83,34.36
11,85,2.9268162990764024,84,34.36
11,86,2.9611764103963365,85,34.36
11,87,2.9955365217162706,86,34.36
11,88,3.0298966330362047,87,34.36
11,89,3.064256744356139,88,34.36
11,90,3.098616855676073,89,34.36
11,91,3.132976966996007,90,34.36
11,92,3.167337078315941,91,34.36
11,93,3.2016971896358752,92,34.36
11,94,3.2360573009558093,93,34.36
11,95,3.2704174122757435,94,34.36
11,96,3.3047775235956776,95,34.36
11,97,3.3391376349156117,96,34.36
11,98,3.3734977462355458,97,34.36
11,99,3.40785785755548,98,34.36
11,100,3.442217968875414,99,34.36
11,101,3.476578080195348,100,34.36
11,102,3.510938191515282,101,34.36
11,103,3.5452983028352163,102,34.36
11,104,3.5796584141551504,103,34.36
11,105,3.6140185254750845,104,34.36
11,106,3.6483786367950186,105,34.36
11,107,3.6827387481149527,106,34.36
11,108,3.717098859434887,107,34.36
11,109,3.751458970754821,108,34.36
11,110,3.785819082074755,109,34.36
11,111,3.820179193394689,110,34.36
11,112,3.8545393047146232,111,34.36
11,113,3.8888994160345574,112,34.36
11,114,3.923192330786238,113,34.293
11,115,3.957485245537919,114,34.293
11,116,3.9917781602896,115,34.293
11,117,4.026071075041281,116,34.293
11,118,4.060363989792962,117,34.293
11,119,4.094656904544643,118,34.293
11,120,4.1289498192963245,119,34.293
11,121,4.163242734048006,120,34.293
11,122,4.197535648799687,121,34.293
11,123,4.231828563551368,122,34.293
11,124,4.26612147830305,123,34.293
11,125,4.300414393054731,124,34.293
11,126,4.334707307806412,125,34.293
11,127,4.3690002225580935,126,34.293
11,128,4.403293137309775,127,34.293
12,1,0.06062981445037379,0,60.63
12,2,0.09457194939013219,1,33.942
12,3,0.1285140843298906,2,33.942
12,4,0.16245621926964898,3,33.942
12,5,0.19639835420940738,4,33.942
12,6,0.23034048914916577,5,33.942
12,7,0.26428262408892417,6,33.942
12,8,0.29822475902868256,7,33.942
12,9,0.33216689396844096,8,33.942
12,10,0.36610902890819935,9,33.942
12,11,0.40005116384795775,10,33.942
12,12,0.43399329878771614,11,33.942
12,13,0.46793543372747454,12,33.942
12,14,0.501877568667233,13,33.942
12,15,0.5358197036069914,14,33.942
12,16,0.5697618385467498,15,33.942
12,17,0.6037039734865082,16,33.942
12,18,0.6376461084262666,17,33.942
12,19,0.671588243366025,18,33.942
12,20,0.7055303783057834,19,33.942
12,21,0.7394725132455418,20,33.942
12,22,0.7734146481853001,21,33.942
12,23,0.8073567831250585,22,33.942
12,24,0.8412989180648169,23,33.942
12,25,0.8752410530045753,24,33.942
12,26,0.9091831879443337,25,33.942
12,27,0.9431253228840921,26,33.942
12,28,0.9770674578238505,27,33.942
12,29,1.011009592763609,28,33.942
12,30,1.0449517277033673,29,33.942
12,31,1.0788938626431257,30,33.942
12,32,1.112835997582884,31,33.942
12,33,1.1467781325226425,32,33.942
12,34,1.1807202674624009,33,33.942
12,35,1.2146624024021593,34,33.942
12,36,1.2486045373419177,35,33.942
12,37,1.282546672281676,36,33.942
12,38,1.3164888072214345,37,33.942
12,39,1.3504309421611929,38,33.942
12,40,1.3843730771009513,39,33.942
12,41,1.4183152120407096,40,33.942
12,42,1.452257346980468,41,33.942
12,43,1.4861994819202264,42,33.942
12,44,1.5201416168599848,43,33.942
12,45,1.5540837517997432,44,33.942
12,46,1.5880258867395016,45,33.942
12,47,1.62196802167926,46,33.942
12,48,1.6559101566190184,47,33.942
12,49,1.6898522915587768,48,33.942
12,50,1.7242124028787107,49,34.36
12,51,1.7585725141986446,50,34.36
12,52,1.7929326255185785,51,34.36
12,53,1.8272927368385123,52,34.36
12,54,1.8616528481584462,53,34.36
12,55,1.8960129594783801,54,34.36
12,56,1.930373070798314,55,34.36
12,57,1.9647331821182479,56,34.36
12,58,1.9990932934381818,57,34.36
12,59,2.0334534047581156,58,34.36
12,60,2.0678135160780498,59,34.36
12,61,2.102173627397984,60,34.36
12,62,2.136533738717918,61,34.36
12,63,2.170893850037852,62,34.36
12,64,2.205253961357786,63,34.36
12,65,2.2396140726777203,64,34.36
12,66,2.2739741839976544,65,34.36
12,67,2.3083342953175885,66,34.36
12,68,2.3426944066375226,67,34.36
12,69,2.3770545179574567,68,34.36
12,70,2.411414629277391,69,34.36
12,71,2.445774740597325,70,34.36
12,72,2.480134851917259,71,34.36
12,73,2.514494963237193,72,34.36
12,74,2.5488550745571272,73,34.36
12,75,2.5832151858770613,74,34.36
12,76,2.6175752971969954,75,34.36
12,77,2.6519354085169295,76,34.36
12,78,2.6862955198368637,77,34.36
12,79,2.7206556311567978,78,34.36
12,80,2.755015742476732,79,34.36
12,81,2.789375853796666,80,34.36
12,82,2.8237359651166,81,34.36
12,83,2.858096076436534,82,34.36
12,84,2.8924561877564683,83,34.36
12,85,2.9268162990764024,84,34.36
12,86,2.9611764103963365,85,34.36
12,87,2.9955365217162706,86,34.36
12,88,3.0298966330362047,87,34.36
12,89,3.064256744356139,88,34.36
12,90,3.098616855676073,89,34.36
12,91,3.132976966996007,90,34.36
12,92,3.167337078315941,91,34.36
12,93,3.2016971896358752,92,34.36
12,94,3.2360573009558093,93,34.36
12,95,3.2704174122757435,94,34.36
12,96,3.3047775235956776,95,34.36
12,97,3.3391376349156117,96,34.36
12,98,3.3734977462355458,97,34.36
12,99,3.40785785755548,98,34.36
12,100,3.442217968875414,99,34.36
12,101,3.476578080195348,100,34.36
12,102,3.510938191515282,101,34.36
12,103,3.5452983028352163,102,34.36
12,104,3.5796584141551504,103,34.36
12,105,3.6140185254750845,104,34.36
12,106,3.6483786367950186,105,34.36
12,107,3.6827387481149527,106,34.36
12,108,3.717098859434887,107,34.36
12,109,3.751458970754821,108,34.36
12,110,3.785819082074755,109,34.36
12,111,3.820179193394689,110,34.36
12,112,3.8545393047146232,111,34.36
12,113,3.8888994160345574,112,34.36
12,114,3.923192330786238,113,34.293
12,115,3.957485245537919,114,34.293
12,116,3.9917781602896,115,34.293
12,117,4.026071075041281,116,34.293
12,118,4.060363989792962,117,34.293
12,119,4.094656904544643,118,34.293
12,120,4.1289498192963245,119,34.293
12,121,4.163242734048006,120,34.293
12,122,4.197535648799687,121,34.293
12,123,4.231828563551368,122,34.293
12,124,4.26612147830305,123,34.293
12,125,4.300414393054731,124,34.293
12,126,4.334707307806412,125,34.293
12,127,4.3690002225580935,126,34.293
12,128,4.403293137309775,127,34.293
13,1,0.06062981445037379,0,60.63
13,2,0.09457194939013219,1,33.942
13,3,0.1285140843298906,2,33.942
13,4,0.16245621926964898,3,33.942
13,5,0.19639835420940738,4,33.942
13,6,0.23034048914916577,5,33.942
13,7,0.26428262408892417,6,33.942
13,8,0.29822475902868256,7,33.942
13,9,0.33216689396844096,8,33.942
13,10,0.36610902890819935,9,33.942
13,11,0.40005116384795775,10,33.942
13,12,0.43399329878771614,11,33.942
13,13,0.46793543372747454,12,33.942
13,14,0.501877568667233,13,33.942
13,15,0.5358197036069914,14,33.942
13,16,0.5697618385467498,15,33.942
13,17,0.6037039734865082,16,33.942
13,18,0.6376461084262666,17,33.942
13,19,0.671588243366025,18,33.942
13,20,0.7055303783057834,19,33.942
13,21,0.7394725132455418,20,33.942
13,22,0.7734146481853001,21,33.942
13,23,0.8073567831250585,22,33.942
13,24,0.8412989180648169,23,33.942
13,25,0.8752410530045753,24,33.942
13,26,0.9091831879443337,25,33.942
13,27,0.9431253228840921,26,33.942
13,28,0.9770674578238505,27,33.942
13,29,1.011009592763609,28,33.942
13,30,1.0449517277033673,29,33.942
13,31,1.0788938626431257,30,33.942
13,32,1.112835997582884,31,33.942
13,33,1.1467781325226425,32,33.942
13,34,1.1807202674624009,33,33.942
13,35,1.2146624024021593,34,33.942
13,36,1.2486045373419177,35,33.942
13,37,1.282546672281676,36,33.942
13,38,1.3164888072214345,37,33.942
13,39,1.3504309421611929,38,33.942
13,40,1.3843730771009513,39,33.942
13,41,1.4183152120407096,40,33.942
13,42,1.452257346980468,41,33.942
13,43,1.4861994819202264,42,33.942
13,44,1.5201416168599848,43,33.942
13,45,1.5540837517997432,44,33.942
13,46,1.5880258867395016,45,33.942
13,47,1.62196802167926,46,33.942
13,48,1.6559101566190184,47,33.942
13,49,1.6898522915587768,48,33.942
13,50,1.7242124028787107,49,34.36
13,51,1.7585725141986446,50,34.36
13,52,1.7929326255185785,51,34.36
13,53,1.8272927368385123,52,34.36
13,54,1.8616528481584462,53,34.36
13,55,1.8960129594783801,54,34.36
13,56,1.930373070798314,55,34.36
13,57,1.9647331821182479,56,34.36
13,58,1.9990932934381818,57,34.36
13,59,2.0334534047581156,58,34.36
13,60,2.0678135160780498,59,34.36
13,61,2.102173627397984,60,34.36
13,62,2.136533738717918,61,34.36
13,63,2.170893850037852,62,34.36
13,64,2.205253961357786,63,34.36
13,65,2.2396140726777203,64,34.36
13,66,2.2739741839976544,65,34.36
13,67,2.3083342953175885,66,34.36
13,68,2.3426944066375226,67,34.36
13,69,2.3770545179574567,68,34.36
13,70,2.411414629277391,69,34.36
13,71,2.445774740597325,70,34.36
13,72,2.480134851917259,71,34.36
13,73,2.514494963237193,72,34.36
13,74,2.5488550745571272,73,34.36
13,75,2.5832151858770613,74,34.36
13,76,2.6175752971969954,75,34.36
13,77,2.6519354085169295,76,34.36
13,78,2.6862955198368637,77,34.36
13,79,2.7206556311567978,78,34.36
13,80,2.755015742476732,79,34.36
13,81,2.789375853796666,80,34.36
13,82,2.8237359651166,81,34.36
13,83,2.858096076436534,82,34.36
13,84,2.8924561877564683,83,34.36
13,85,2.9268162990764024,84,34.36
13,86,2.9611764103963365,85,34.36
13,87,2.9955365217162706,86,34.36
13,88,3.0298966330362047,87,34.36
13,89,3.064256744356139,88,34.36
13,90,3.098616855676073,89,34.36
13,91,3.132976966996007,90,34.36
13,92,3.167337078315941,91,34.36
13,93,3.2016971896358752,92,34.36
13,94,3.2360573009558093,93,34.36
13,95,3.2704174122757435,94,34.36
13,96,3.3047775235956776,95,34.36
13,97,3.3391376349156117,96,34.36
13,98,3.3734977462355458,97,34.36
13,99,3.40785785755548,98,34.36
13,100,3.442217968875414,99,34.36
13,101,3.476578080195348,100,34.36
13,102,3.510938191515282,101,34.36
13,103,3.5452983028352163,102,34.36
13,104,3.5796584141551504,103,34.36
13,105,3.6140185254750845,104,34.36
13,106,3.6483786367950186,105,34.36
13,107,3.6827387481149527,106,34.36
13,108,3.717098859434887,107,34.36
13,109,3.751458970754821,108,34.36
13,110,3.785819082074755,109,34.36
13,111,3.820179193394689,110,34.36
13,112,3.8545393047146232,111,34.36
13,113,3.8888994160345574,112,34.36
13,114,3.923192330786238,113,34.293
13,115,3.957485245537919,114,34.293
13,116,3.9917781602896,115,34.293
13,117,4.026071075041281,116,34.293
13,118,4.060363989792962,117,34.293
13,119,4.094656904544643,118,34.293
13,120,4.1289498192963245,119,34.293
13,121,4.163242734048006,120,34.293
13,122,4.197535648799687,121,34.293
13,123,4.231828563551368,122,34.293
13,124,4.26612147830305,123,34.293
13,125,4.300414393054731,124,34.293
13,126,4.334707307806412,125,34.293
13,127,4.3690002225580935,126,34.293
13,128,4.403293137309775,127,34.293
14,1,0.06062981445037379,0,60.63
14,2,0.09457194939013219,1,33.942
14,3,0.1285140843298906,2,33.942
14,4,0.16245621926964898,3,33.942
14,5,0.19639835420940738,4,33.942
14,6,0.23034048914916577,5,33.942
14,7,0.26428262408892417,6,33.942
14,8,0.29822475902868256,7,33.942
14,9,0.33216689396844096,8,33.942
14,10,0.36610902890819935,9,33.942
14,11,0.40005116384795775,10,33.942
14,12,0.43399329878771614,11,33.942
14,13,0.46793543372747454,12,33.942
14,14,0.501877568667233,13,33.942
14,15,0.5358197036069914,14,33.942
14,16,0.5697618385467498,15,33.942
14,17,0.6037039734865082,16,33.942
14,18,0.6376461084262666,17,33.942
14,19,0.671588243366025,18,33.942
14,20,0.7055303783057834,19,33.942
14,21,0.7394725132455418,20,33.942
14,22,0.7734146481853001,21,33.942
14,23,0.8073567831250585,22,33.942
14,24,0.8412989180648169,23,33.942
14,25,0.8752410530045753,24,33.942
14,26,0.9091831879443337,25,33.942
14,27,0.9431253228840921,26,33.942
14,28,0.9770674578238505,27,33.942
14,29,1.011009592763609,28,33.942
14,30,1.0449517277033673,29,33.942
14,31,1.0788938626431257,30,33.942
14,32,1.112835997582884,31,33.942
14,33,1.1467781325226425,32,33.942
14,34,1.1807202674624009,33,33.942
14,35,1.2146624024021593,34,33.942
14,36,1.2486045373419177,35,33.942
14,37,1.282546672281676,36,33.942
14,38,1.3164888072214345,37,33.942
14,39,1.3504309421611929,38,33.942
14,40,1.3843730771009513,39,33.942
14,41,1.4183152120407096,40,33.942
14,42,1.452257346980468,41,33.942
14,43,1.4861994819202264,42,33.942
14,44,1.5201416168599848,43,33.942
14,45,1.5540837517997432,44,33.942
14,46,1.5880258867395016,45,33.942
14,47,1.62196802167926,46,33.942
14,48,1.6559101566190184,47,33.942
14,49,1.6898522915587768,48,33.942
14,50,1.7242124028787107,49,34.36
14,51,1.7585725141986446,50,34.36
14,52,1.7929326255185785,51,34.36
14,53,1.8272927368385123,52,34.36
14,54,1.8616528481584462,53,34.36
14,55,1.8960129594783801,54,34.36
14,56,1.930373070798314,55,34.36
14,57,1.9647331821182479,56,34.36
14,58,1.9990932934381818,57,34.36
14,59,2.0334534047581156,58,34.36
14,60,2.0678135160780498,59,34.36
14,61,2.102173627397984,60,34.36
14,62,2.136533738717918,61,34.36
14,63,2.170893850037852,62,34.36
14,64,2.205253961357786,63,34.36
14,65,2.2396140726777203,64,34.36
14,66,2.2739741839976544,65,34.36
14,67,2.3083342953175885,66,34.36
14,68,2.3426944066375226,67,34.36
14,69,2.3770545179574567,68,34.36
14,70,2.411414629277391,69,34.36
14,71,2.445774740597325,70,34.36
14,72,2.480134851917259,71,34.36
14,73,2.514494963237193,72,34.36
14,74,2.5488550745571272,73,34.36
14,75,2.5832151858770613,74,34.36
14,76,2.6175752971969954,75,34.36
14,77,2.6519354085169295,76,34.36
14,78,2.6862955198368637,77,34.36
14,79,2.7206556311567978,78,34.36
14,80,2.755015742476732,79,34.36
14,81,2.789375853796666,80,34.36
14,82,2.8237359651166,81,34.36
14,83,2.858096076436534,82,34.36
14,84,2.8924561877564683,83,34.36
14,85,2.9268162990764024,84,34.36
14,86,2.9611764103963365,85,34.36
14,87,2.9955365217162706,86,34.36
14,88,3.0298966330362047,87,34.36
14,89,3.064256744356139,88,34.36
14,90,3.098616855676073,89,34.36
14,91,3.132976966996007,90,34.36
14,92,3.167337078315941,91,34.36
14,93,3.2016971896358752,92,34.36
14,94,3.2360573009558093,93,34.36
14,95,3.2704174122757435,94,34.36
14,96,3.3047775235956776,95,34.36
14,97,3.3391376349156117,96,34.36
14,98,3.3734977462355458,97,34.36
14,99,3.40785785755548,98,34.36
14,100,3.442217968875414,99,34.36
14,101,3.476578080195348,100,34.36
14,102,3.510938191515282,101,34.36
14,103,3.5452983028352163,102,34.36
14,104,3.5796584141551504,103,34.36
14,105,3.6140185254750845,104,34.36
14,106,3.6483786367950186,105,34.36
14,107,3.6827387481149527,106,34.36
14,108,3.717098859434887,107,34.36
14,109,3.751458970754821,108,34.36
14,110,3.785819082074755,109,34.36
14,111,3.820179193394689,110,34.36
14,112,3.8545393047146232,111,34.36
14,113,3.8888994160345574,112,34.36
14,114,3.923192330786238,113,34.293
14,115,3.957485245537919,114,34.293
14,116,3.9917781602896,115,34.293
14,117,4.026071075041281,116,34.293
14,118,4.060363989792962,117,34.293
14,119,4.094656904544643,118,34.293
14,120,4.1289498192963245,119,34.293
14,121,4.163242734048006,120,34.293
14,122,4.197535648799687,121,34.293
14,123,4.231828563551368,122,34.293
14,124,4.26612147830305,123,34.293
14,125,4.300414393054731,124,34.293
14,126,4.334707307806412,125,34.293
14,127,4.3690002225580935,126,34.293
14,128,4.403293137309775,127,34.293
15,1,0.06062981445037379,0,60.63
15,2,0.09457194939013219,1,33.942
15,3,0.1285140843298906,2,33.942
15,4,0.16245621926964898,3,33.942
15,5,0.19639835420940738,4,33.942
15,6,0.23034048914916577,5,33.942
15,7,0.26428262408892417,6,33.942
15,8,0.29822475902868256,7,33.942
15,9,0.33216689396844096,8,33.942
15,10,0.36610902890819935,9,33.942
15,11,0.40005116384795775,10,33.942
15,12,0.43399329878771614,11,33.942
15,13,0.46793543372747454,12,33.942
15,14,0.501877568667233,13,33.942
15,15,0.5358197036069914,14,33.942
15,16,0.5697618385467498,15,33.942
15,17,0.6037039734865082,16,33.942
15,18,0.6376461084262666,17,33.942
15,19,0.671588243366025,18,33.942
15,20,0.7055303783057834,19,33.942
15,21,0.7394725132455418,20,33.942
15,22,0.7734146481853001,21,33.942
15,23,0.8073567831250585,22,33.942
15,24,0.8412989180648169,23,33.942
15,25,0.8752410530045753,24,33.942
15,26,0.9091831879443337,25,33.942
15,27,0.9431253228840921,26,33.942
15,28,0.9770674578238505,27,33.942
15,29,1.011009592763609,28,33.942
15,30,1.0449517277033673,29,33.942
15,31,1.0788938626431257,30,33.942
15,32,1.112835997582884,31,33.942
15,33,1.1467781325226425,32,33.942
15,34,1.1807202674624009,33,33.942
15,35,1.2146624024021593,34,33.942
15,36,1.2486045373419177,35,33.942
15,37,1.282546672281676,36,33.942
15,38,1.3164888072214345,37,33.942
15,39,1.3504309421611929,38,33.942
15,40,1.3843730771009513,39,33.942
15,41,1.4183152120407096,40,33.942
15,42,1.452257346980468,41,33.942
15,43,1.4861994819202264,42,33.942
15,44,1.5201416168599848,43,33.942
15,45,1.5540837517997432,44,33.942
15,46,1.5880258867395016,45,33.942
15,47,1.62196802167926,46,33.942
15,48,1.6559101566190184,47,33.942
15,49,1.6898522915587768,48,33.942
15,50,1.7242124028787107,49,34.36
15,51,1.7585725141986446,50,34.36
15,52,1.7929326255185785,51,34.36
15,53,1.8272927368385123,52,34.36
15,54,1.8616528481584462,53,34.36
15,55,1.8960129594783801,54,34.36
15,56,1.930373070798314,55,34.36
15,57,1.9647331821182479,56,34.36
15,58,1.9990932934381818,57,34.36
15,59,2.0334534047581156,58,34.36
15,60,2.0678135160780498,59,34.36
15,61,2.102173627397984,60,34.36
15,62,2.136533738717918,61,34.36
15,63,2.170893850037852,62,34.36
15,64,2.205253961357786,63,34.36
15,65,2.2396140726777203,64,34.36
15,66,2.2739741839976544,65,34.36
15,67,2.3083342953175885,66,34.36
15,68,2.3426944066375226,67,34.36
15,69,2.3770545179574567,68,34.36
15,70,2.411414629277391,69,34.36
15,71,2.445774740597325,70,34.36
15,72,2.480134851917259,71,34.36
15,73,2.514494963237193,72,34.36
15,74,2.5488550745571272,73,34.36
15,75,2.5832151858770613,74,34.36
15,76,2.6175752971969954,75,34.36
15,77,2.6519354085169295,76,34.36
15,78,2.6862955198368637,77,34.36
15,79,2.7206556311567978,78,34.36
15,80,2.755015742476732,79,34.36
15,81,2.789375853796666,80,34.36
15,82,2.8237359651166,81,34.36
15,83,2.858096076436534,82,34.36
15,84,2.8924561877564683,83,34.36
15,85,2.9268162990764024,84,34.36
15,86,2.9611764103963365,85,34.36
15,87,2.9955365217162706,86,34.36
15,88,3.0298966330362047,87,34.36
15,89,3.064256744356139,88,34.36
15,90,3.098616855676073,89,34.36
15,91,3.132976966996007,90,34.36
15,92,3.167337078315941,91,34.36
15,93,3.2016971896358752,92,34.36
15,94,3.2360573009558093,93,34.36
15,95,3.2704174122757435,94,34.36
15,96,3.3047775235956776,95,34.36
15,97,3.3391376349156117,96,34.36
15,98,3.3734977462355458,97,34.36
15,99,3.40785785755548,98,34.36
15,100,3.442217968875414,99,34.36
15,101,3.476578080195348,100,34.36
15,102,3.510938191515282,101,34.36
15,103,3.5452983028352163,102,34.36
15,104,3.5796584141551504,103,34.36
15,105,3.6140185254750845,104,34.36
15,106,3.6483786367950186,105,34.36
15,107,3.6827387481149527,106,34.36
15,108,3.717098859434887,107,34.36
15,109,3.751458970754821,108,34.36
15,110,3.785819082074755,109,34.36
15,111,3.820179193394689,110,34.36
15,112,3.8545393047146232,111,34.36
15,113,3.8888994160345574,112,34.36
15,114,3.923192330786238,113,34.293
15,115,3.957485245537919,114,34.293
15,116,3.9917781602896,115,34.293
15,117,4.026071075041281,116,34.293
15,118,4.060363989792962,117,34.293
15,119,4.094656904544643,118,34.293
15,120,4.1289498192963245,119,34.293
15,121,4.163242734048006,120,34.293
15,122,4.197535648799687,121,34.293
15,123,4.231828563551368,122,34.293
15,124,4.26612147830305,123,34.293
15,125,4.300414393054731,124,34.293
15,126,4.334707307806412,125,34.293
15,127,4.3690002225580935,126,34.293
15,128,4.403293137309775,127,34.293
16,1,0.06062981445037379,0,60.63
16,2,0.09457194939013219,1,33.942
16,3,0.1285140843298906,2,33.942
16,4,0.16245621926964898,3,33.942
16,5,0.19639835420940738,4,33.942
16,6,0.23034048914916577,5,33.942
16,7,0.26428262408892417,6,33.942
16,8,0.29822475902868256,7,33.942
16,9,0.33216689396844096,8,33.942
16,10,0.36610902890819935,9,33.942
16,11,0.40005116384795775,10,33.942
16,12,0.43399329878771614,11,33.942
16,13,0.46793543372747454,12,33.942
16,14,0.501877568667233,13,33.942
16,15,0.5358197036069914,14,33.942
16,16,0.5697618385467498,15,33.942
16,17,0.6037039734865082,16,33.942
16,18,0.6376461084262666,17,33.942
16,19,0.671588243366025,18,33.942
16,20,0.7055303783057834,19,33.942
16,21,0.7394725132455418,20,33.942
16,22,0.7734146481853001,21,33.942
16,23,0.8073567831250585,22,33.942
16,24,0.8412989180648169,23,33.942
16,25,0.8752410530045753,24,33.942
16,26,0.9091831879443337,25,33.942
16,27,0.9431253228840921,26,33.942
16,28,0.9770674578238505,27,33.942
16,29,1.011009592763609,28,33.942
16,30,1.0449517277033673,29,33.942
16,31,1.0788938626431257,30,33.942
16,32,1.112835997582884,31,33.942
16,33,1.1467781325226425,32,33.942
16,34,1.1807202674624009,33,33.942
16,35,1.2146624024021593,34,33.942
16,36,1.2486045373419177,35,33.942
16,37,1.282546672281676,36,33.942
16,38,1.3164888072214345,37,33.942
16,39,1.3504309421611929,38,33.942
16,40,1.3843730771009513,39,33.942
16,41,1.4183152120407096,40,33.942
16,42,1.452257346980468,41,33.942
16,43,1.4861994819202264,42,33.942
16,44,1.5201416168599848,43,33.942
16,45,1.5540837517997432,44,33.942
16,46,1.5880258867395016,45,33.942
16,47,1.62196802167926,46,33.942
16,48,1.6559101566190184,47,33.942
16,49,1.6898522915587768,48,33.942
16,50,1.7242124028787107,49,34.36
16,51,1.7585725141986446,50,34.36
16,52,1.7929326255185785,51,34.36
16,53,1.8272927368385123,52,34.36
16,54,1.8616528481584462,53,34.36
16,55,1.8960129594783801,54,34.36
16,56,1.930373070798314,55,34.36
16,57,1.9647331821182479,56,34.36
16,58,1.9990932934381818,57,34.36
16,59,2.0334534047581156,58,34.36
16,60,2.0678135160780498,59,34.36
16,61,2.102173627397984,60,34.36
16,62,2.136533738717918,61,34.36
16,63,2.170893850037852,62,34.36
16,64,2.205253961357786,63,34.36
16,65,2.2396140726777203,64,34.36
16,66,2.2739741839976544,65,34.36
16,67,2.3083342953175885,66,34.36
16,68,2.3426944066375226,67,34.36
16,69,2.3770545179574567,68,34.36
16,70,2.411414629277391,69,34.36
16,71,2.445774740597325,70,34.36
16,72,2.480134851917259,71,34.36
16,73,2.514494963237193,72,34.36
16,74,2.5488550745571272,73,34.36
16,75,2.5832151858770613,74,34.36
16,76,2.6175752971969954,75,34.36
16,77,2.6519354085169295,76,34.36
16,78,2.6862955198368637,77,34.36
16,79,2.7206556311567978,78,34.36
16,80,2.755015742476732,79,34.36
16,81,2.789375853796666,80,34.36
16,82,2.8237359651166,81,34.36
16,83,2.858096076436534,82,34.36
16,84,2.8924561877564683,83,34.36
16,85,2.9268162990764024,84,34.36
16,86,2.9611764103963365,85,34.36
16,87,2.9955365217162706,86,34.36
16,88,3.0298966330362047,87,34.36
16,89,3.064256744356139,88,34.36
16,90,3.098616855676073,89,34.36
16,91,3.132976966996007,90,34.36
16,92,3.167337078315941,91,34.36
16,93,3.2016971896358752,92,34.36
16,94,3.2360573009558093,93,34.36
16,95,3.2704174122757435,94,34.36
16,96,3.3047775235956776,95,34.36
16,97,3.3391376349156117,96,34.36
16,98,3.3734977462355458,97,34.36
16,99,3.40785785755548,98,34.36
16,100,3.442217968875414,99,34.36
16,101,3.476578080195348,100,34.36
16,102,3.510938191515282,101,34.36
16,103,3.5452983028352163,102,34.36
16,104,3.5796584141551504,103,34.36
16,105,3.6140185254750845,104,34.36
16,106,3.6483786367950186,105,34.36
16,107,3.6827387481149527,106,34.36
16,108,3.717098859434887,107,34.36
16,109,3.751458970754821,108,34.36
16,110,3.785819082074755,109,34.36
16,111,3.820179193394689,110,34.36
16,112,3.8545393047146232,111,34.36
16,113,3.8888994160345574,112,34.36
16,114,3.923192330786238,113,34.293
16,115,3.957485245537919,114,34.293
16,116,3.9917781602896,115,34.293
16,117,4.026071075041281,116,34.293
16,118,4.060363989792962,117,34.293
16,119,4.094656904544643,118,34.293
16,120,4.1289498192963245,119,34.293
16,121,4.163242734048006,120,34.293
16,122,4.197535648799687,121,34.293
16,123,4.231828563551368,122,34.293
16,124,4.26612147830305,123,34.293
16,125,4.300414393054731,124,34.293
16,126,4.334707307806412,125,34.293
16,127,4.3690002225580935,126,34.293
16,128,4.403293137309775,127,34.293
17,1,0.06062981445037379,0,60.63
17,2,0.09457194939013219,1,33.942
17,3,0.1285140843298906,2,33.942
17,4,0.16245621926964898,3,33.942
17,5,0.19639835420940738,4,33.942
17,6,0.23034048914916577,5,33.942
17,7,0.26428262408892417,6,33.942
17,8,0.29822475902868256,7,33.942
17,9,0.33216689396844096,8,33.942
17,10,0.36610902890819935,9,33.942
17,11,0.40005116384795775,10,33.942
17,12,0.43399329878771614,11,33.942
17,13,0.46793543372747454,12,33.942
17,14,0.501877568667233,13,33.942
17,15,0.5358197036069914,14,33.942
17,16,0.5697618385467498,15,33.942
17,17,0.6037039734865082,16,33.942
17,18,0.6376461084262666,17,33.942
17,19,0.671588243366025,18,33.942
17,20,0.7055303783057834,19,33.942
17,21,0.7394725132455418,20,33.942
17,22,0.7734146481853001,21,33.942
17,23,0.8073567831250585,22,33.942
17,24,0.8412989180648169,23,33.942
17,25,0.8752410530045753,24,33.942
17,26,0.9091831879443337,25,33.942
17,27,0.9431253228840921,26,33.942
17,28,0.9770674578238505,27,33.942
17,29,1.011009592763609,28,33.942
17,30,1.0449517277033673,29,33.942
17,31,1.0788938626431257,30,33.942
17,32,1.112835997582884,31,33.942
17,33,1.1467781325226425,32,33.942
17,34,1.1807202674624009,33,33.942
17,35,1.2146624024021593,34,33.942
17,36,1.2486045373419177,35,33.942
17,37,1.282546672281676,36,33.942
17,38,1.3164888072214345,37,33.942
17,39,1.3504309421611929,38,33.942
17,40,1.3843730771009513,39,33.942
17,41,1.4183152120407096,40,33.942
17,42,1.452257346980468,41,33.942
17,43,1.4861994819202264,42,33.942
17,44,1.5201416168599848,43,33.942
17,45,1.5540837517997432,44,33.942
17,46,1.5880258867395016,45,33.942
17,47,1.62196802167926,46,33.942
17,48,1.6559101566190184,47,33.942
17,49,1.6898522915587768,48,33.942
17,50,1.7242124028787107,49,34.36
17,51,1.7585725141986446,50,34.36
17,52,1.7929326255185785,51,34.36
17,53,1.8272927368385123,52,34.36
17,54,1.8616528481584462,53,34.36
17,55,1.8960129594783801,54,34.36
17,56,1.930373070798314,55,34.36
17,57,1.9647331821182479,56,34.36
17,58,1.9990932934381818,57,34.36
17,59,2.0334534047581156,58,34.36
17,60,2.0678135160780498,59,34.36
17,61,2.102173627397984,60,34.36
17,62,2.136533738717918,61,34.36
17,63,2.170893850037852,62,34.36
17,64,2.205253961357786,63,34.36
17,65,2.2396140726777203,64,34.36
17,66,2.2739741839976544,65,34.36
17,67,2.3083342953175885,66,34.36
17,68,2.3426944066375226,67,34.36
17,69,2.3770545179574567,68,34.36
17,70,2.411414629277391,69,34.36
17,71,2.445774740597325,70,34.36
17,72,2.480134851917259,71,34.36
17,73,2.514494963237193,72,34.36
17,74,2.5488550745571272,73,34.36
17,75,2.5832151858770613,74,34.36
17,76,2.6175752971969954,75,34.36
17,77,2.6519354085169295,76,34.36
17,78,2.6862955198368637,77,34.36
17,79,2.7206556311567978,78,34.36
17,80,2.755015742476732,79,34.36
17,81,2.789375853796666,80,34.36
17,82,2.8237359651166,81,34.36
17,83,2.858096076436534,82,34.36
17,84,2.8924561877564683,83,34.36
17,85,2.9268162990764024,84,34.36
17,86,2.9611764103963365,85,34.36
17,87,2.9955365217162706,86,34.36
17,88,3.0298966330362047,87,34.36
17,89,3.064256744356139,88,34.36
17,90,3.098616855676073,89,34.36
17,91,3.132976966996007,90,34.36
17,92,3.167337078315941,91,34.36
17,93,3.2016971896358752,92,34.36
17,94,3.2360573009558093,93,34.36
17,95,3.2704174122757435,94,34.36
17,96,3.3047775235956776,95,34.36
17,97,3.3391376349156117,96,34.36
17,98,3.3734977462355458,97,34.36
17,99,3.40785785755548,98,34.36
17,100,3.442217968875414,99,34.36
17,101,3.476578080195348,100,34.36
17,102,3.510938191515282,101,34.36
17,103,3.5452983028352163,102,34.36
17,104,3.5796584141551504,103,34.36
17,105,3.6140185254750845,104,34.36
17,106,3.6483786367950186,105,34.36
17,107,3.6827387481149527,106,34.36
17,108,3.717098859434887,107,34.36
17,109,3.751458970754821,108,34.36
17,110,3.785819082074755,109,34.36
17,111,3.820179193394689,110,34.36
17,112,3.8545393047146232,111,34.36
17,113,3.8888994160345574,112,34.36
17,114,3.923192330786238,113,34.293
17,115,3.957485245537919,114,34.293
17,116,3.9917781602896,115,34.293
17,117,4.026071075041281,116,34.293
17,118,4.060363989792962,117,34.293
17,119,4.094656904544643,118,34.293
17,120,4.1289498192963245,119,34.293
17,121,4.163242734048006,120,34.293
17,122,4.197535648799687,121,34.293
17,123,4.231828563551368,122,34.293
17,124,4.26612147830305,123,34.293
17,125,4.300414393054731,124,34.293
17,126,4.334707307806412,125,34.293
17,127,4.3690002225580935,126,34.293
17,128,4.403293137309775,127,34.293
18,1,0.06062981445037379,0,60.63
18,2,0.09457194939013219,1,33.942
18,3,0.1285140843298906,2,33.942
18,4,0.16245621926964898,3,33.942
18,5,0.19639835420940738,4,33.942
18,6,0.23034048914916577,5,33.942
18,7,0.26428262408892417,6,33.942
18,8,0.29822475902868256,7,33.942
18,9,0.33216689396844096,8,33.942
18,10,0.36610902890819935,9,33.942
18,11,0.40005116384795775,10,33.942
18,12,0.43399329878771614,11,33.942
18,13,0.46793543372747454,12,33.942
18,14,0.501877568667233,13,33.942
18,15,0.5358197036069914,14,33.942
18,16,0.5697618385467498,15,33.942
18,17,0.6037039734865082,16,33.942
18,18,0.6376461084262666,17,33.942
18,19,0.671588243366025,18,33.942
18,20,0.7055303783057834,19,33.942
18,21,0.7394725132455418,20,33.942
18,22,0.7734146481853001,21,33.942
18,23,0.8073567831250585,22,33.942
18,24,0.8412989180648169,23,33.942
18,25,0.8752410530045753,24,33.942
18,26,0.9091831879443337,25,33.942
18,27,0.9431253228840921,26,33.942
18,28,0.9770674578238505,27,33.942
18,29,1.011009592763609,28,33.942
18,30,1.0449517277033673,29,33.942
18,31,1.0788938626431257,30,33.942
18,32,1.112835997582884,31,33.942
18,33,1.1467781325226425,32,33.942
18,34,1.1807202674624009,33,33.942
18,35,1.2146624024021593,34,33.942
18,36,1.2486045373419177,35,33.942
18,37,1.282546672281676,36,33.942
18,38,1.3164888072214345,37,33.942
18,39,1.3504309421611929,38,33.942
18,40,1.3843730771009513,39,33.942
18,41,1.4183152120407096,40,33.942
18,42,1.452257346980468,41,33.942
18,43,1.4861994819202264,42,33.942
18,44,1.5201416168599848,43,33.942
18,45,1.5540837517997432,44,33.942
18,46,1.5880258867395016,45,33.942
18,47,1.62196802167926,46,33.942
18,48,1.6559101566190184,47,33.942
18,49,1.6898522915587768,48,33.942
18,50,1.7242124028787107,49,34.36
18,51,1.7585725141986446,50,34.36
18,52,1.7929326255185785,51,34.36
18,53,1.8272927368385123,52,34.36
18,54,1.8616528481584462,53,34.36
18,55,1.8960129594783801,54,34.36
18,56,1.930373070798314,55,34.36
18,57,1.9647331821182479,56,34.36
18,58,1.9990932934381818,57,34.36
18,59,2.0334534047581156,58,34.36
18,60,2.0678135160780498,59,34.36
18,61,2.102173627397984,60,34.36
18,62,2.136533738717918,61,34.36
18,63,2.170893850037852,62,34.36
18,64,2.205253961357786,63,34.36
18,65,2.2396140726777203,64,34.36
18,66,2.2739741839976544,65,34.36
18,67,2.3083342953175885,66,34.36
18,68,2.3426944066375226,67,34.36
18,69,2.3770545179574567,68,34.36
18,70,2.411414629277391,69,34.36
18,71,2.445774740597325,70,34.36
18,72,2.480134851917259,71,34.36
18,73,2.514494963237193,72,34.36
18,74,2.5488550745571272,73,34.36
18,75,2.5832151858770613,74,34.36
18,76,2.6175752971969954,75,34.36
18,77,2.6519354085169295,76,34.36
18,78,2.6862955198368637,77,34.36
18,79,2.7206556311567978,78,34.36
18,80,2.755015742476732,79,34.36
18,81,2.789375853796666,80,34.36
18,82,2.8237359651166,81,34.36
18,83,2.858096076436534,82,34.36
18,84,2.8924561877564683,83,34.36
18,85,2.9268162990764024,84,34.36
18,86,2.9611764103963365,85,34.36
18,87,2.9955365217162706,86,34.36
18,88,3.0298966330362047,87,34.36
18,89,3.064256744356139,88,34.36
18,90,3.098616855676073,89,34.36
18,91,3.132976966996007,90,34.36
18,92,3.167337078315941,91,34.36
18,93,3.2016971896358752,92,34.36
18,94,3.2360573009558093,93,34.36
18,95,3.2704174122757435,94,34.36
18,96,3.3047775235956776,95,34.36
18,97,3.3391376349156117,96,34.36
18,98,3.3734977462355458,97,34.36
18,99,3.40785785755548,98,34.36
18,100,3.442217968875414,99,34.36
18,101,3.476578080195348,100,34.36
18,102,3.510938191515282,101,34.36
18,103,3.5452983028352163,102,34.36
18,104,3.5796584141551504,103,34.36
18,105,3.6140185254750845,104,34.36
18,106,3.6483786367950186,105,34.36
18,107,3.6827387481149527,106,34.36
18,108,3.717098859434887,107,34.36
18,109,3.751458970754821,108,34.36
18,110,3.785819082074755,109,34.36
18,111,3.820179193394689,110,34.36
18,112,3.8545393047146232,111,34.36
18,113,3.8888994160345574,112,34.36
18,114,3.923192330786238,113,34.293
18,115,3.957485245537919,114,34.293
18,116,3.9917781602896,115,34.293
18,117,4.026071075041281,116,34.293
18,118,4.060363989792962,117,34.293
18,119,4.094656904544643,118,34.293
18,120,4.1289498192963245,119,34.293
18,121,4.163242734048006,120,34.293
18,122,4.197535648799687,121,34.293
18,123,4.231828563551368,122,34.293
18,124,4.26612147830305,123,34.293
18,125,4.300414393054731,124,34.293
18,126,4.334707307806412,125,34.293
18,127,4.3690002225580935,126,34.293
18,128,4.403293137309775,127,34.293
19,1,0.06062981445037379,0,60.63
19,2,0.09457194939013219,1,33.942
19,3,0.1285140843298906,2,33.942
19,4,0.16245621926964898,3,33.942
19,5,0.19639835420940738,4,33.942
19,6,0.23034048914916577,5,33.942
19,7,0.26428262408892417,6,33.942
19,8,0.29822475902868256,7,33.942
19,9,0.33216689396844096,8,33.942
19,10,0.36610902890819935,9,33.942
19,11,0.40005116384795775,10,33.942
19,12,0.43399329878771614,11,33.942
19,13,0.46793543372747454,12,33.942
19,14,0.501877568667233,13,33.942
19,15,0.5358197036069914,14,33.942
19,16,0.5697618385467498,15,33.942
19,17,0.6037039734865082,16,33.942
19,18,0.6376461084262666,17,33.942
19,19,0.671588243366025,18,33.942
19,20,0.7055303783057834,19,33.942
19,21,0.7394725132455418,20,33.942
19,22,0.7734146481853001,21,33.942
19,23,0.8073567831250585,22,33.942
19,24,0.8412989180648169,23,33.942
19,25,0.8752410530045753,24,33.942
19,26,0.9091831879443337,25,33.942
19,27,0.9431253228840921,26,33.942
19,28,0.9770674578238505,27,33.942
19,29,1.011009592763609,28,33.942
19,30,1.0449517277033673,29,33.942
19,31,1.0788938626431257,30,33.942
19,32,1.112835997582884,31,33.942
19,33,1.1467781325226425,32,33.942
19,34,1.1807202674624009,33,33.942
19,35,1.2146624024021593,34,33.942
19,36,1.2486045373419177,35,33.942
19,37,1.282546672281676,36,33.942
19,38,1.3164888072214345,37,33.942
19,39,1.3504309421611929,38,33.942
19,40,1.3843730771009513,39,33.942
19,41,1.4183152120407096,40,33.942
19,42,1.452257346980468,41,33.942
19,43,1.4861994819202264,42,33.942
19,44,1.5201416168599848,43,33.942
19,45,1.5540837517997432,44,33.942
19,46,1.5880258867395016,45,33.942
19,47,1.62196802167926,46,33.942
19,48,1.6559101566190184,47,33.942
19,49,1.6898522915587768,48,33.942
19,50,1.7242124028787107,49,34.36
19,51,1.7585725141986446,50,34.36
19,52,1.7929326255185785,51,34.36
19,53,1.8272927368385123,52,34.36
19,54,1.8616528481584462,53,34.36
19,55,1.8960129594783801,54,34.36
19,56,1.930373070798314,55,34.36
19,57,1.9647331821182479,56,34.36
19,58,1.9990932934381818,57,34.36
19,59,2.0334534047581156,58,34.36
19,60,2.0678135160780498,59,34.36
19,61,2.102173627397984,60,34.36
19,62,2.136533738717918,61,34.36
19,63,2.170893850037852,62,34.36
19,64,2.205253961357786,63,34.36
19,65,2.2396140726777203,64,34.36
19,66,2.2739741839976544,65,34.36
19,67,2.3083342953175885,66,34.36
19,68,2.3426944066375226,67,34.36
19,69,2.3770545179574567,68,34.36
19,70,2.411414629277391,69,34.36
19,71,2.445774740597325,70,34.36
19,72,2.480134851917259,71,34.36
19,73,2.514494963237193,72,34.36
19,74,2.5488550745571272,73,34.36
19,75,2.5832151858770613,74,34.36
19,76,2.6175752971969954,75,34.36
19,77,2.6519354085169295,76,34.36
19,78,2.6862955198368637,77,34.36
19,79,2.7206556311567978,78,34.36
19,80,2.755015742476732,79,34.36
19,81,2.789375853796666,80,34.36
19,82,2.8237359651166,81,34.36
19,83,2.858096076436534,82,34.36
19,84,2.8924561877564683,83,34.36
19,85,2.9268162990764024,84,34.36
19,86,2.9611764103963365,85,34.36
19,87,2.9955365217162706,86,34.36
19,88,3.0298966330362047,87,34.36
19,89,3.064256744356139,88,34.36
19,90,3.098616855676073,89,34.36
19,91,3.132976966996007,90,34.36
19,92,3.167337078315941,91,34.36
19,93,3.2016971896358752,92,34.36
19,94,3.2360573009558093,93,34.36
19,95,3.2704174122757435,94,34.36
19,96,3.3047775235956776,95,34.36
19,97,3.3391376349156117,96,34.36
19,98,3.3734977462355458,97,34.36
19,99,3.40785785755548,98,34.36
19,100,3.442217968875414,99,34.36
19,101,3.476578080195348,100,34.36
19,102,3.510938191515282,101,34.36
19,103,3.5452983028352163,102,34.36
19,104,3.5796584141551504,103,34.36
19,105,3.6140185254750845,104,34.36
19,106,3.6483786367950186,105,34.36
19,107,3.6827387481149527,106,34.36
19,108,3.717098859434887,107,34.36
19,109,3.751458970754821,108,34.36
19,110,3.785819082074755,109,34.36
19,111,3.820179193394689,110,34.36
19,112,3.8545393047146232,111,34.36
19,113,3.8888994160345574,112,34.36
19,114,3.923192330786238,113,34.293
19,115,3.957485245537919,114,34.293
19,116,3.9917781602896,115,34.293
19,117,4.026071075041281,116,34.293
19,118,4.060363989792962,117,34.293
19,119,4.094656904544643,118,34.293
19,120,4.1289498192963245,119,34.293
19,121,4.163242734048006,120,34.293
19,122,4.197535648799687,121,34.293
19,123,4.231828563551368,122,34.293
19,124,4.26612147830305,123,34.293
19,125,4.300414393054731,124,34.293
19,126,4.334707307806412,125,34.293
19,127,4.3690002225580935,126,34.293
19,128,4.403293137309775,127,34.293
20,1,0.06062981445037379,0,60.63
20,2,0.09457194939013219,1,33.942
20,3,0.1285140843298906,2,33.942
20,4,0.16245621926964898,3,33.942
20,5,0.19639835420940738,4,33.942
20,6,0.23034048914916577,5,33.942
20,7,0.26428262408892417,6,33.942
20,8,0.29822475902868256,7,33.942
20,9,0.33216689396844096,8,33.942
20,10,0.36610902890819935,9,33.942
20,11,0.40005116384795775,10,33.942
20,12,0.43399329878771614,11,33.942
20,13,0.46793543372747454,12,33.942
20,14,0.501877568667233,13,33.942
20,15,0.5358197036069914,14,33.942
20,16,0.5697618385467498,15,33.942
20,17,0.6037039734865082,16,33.942
20,18,0.6376461084262666,17,33.942
20,19,0.671588243366025,18,33.942
20,20,0.7055303783057834,19,33.942
20,21,0.7394725132455418,20,33.942
20,22,0.7734146481853001,21,33.942
20,23,0.8073567831250585,22,33.942
20,24,0.8412989180648169,23,33.942
20,25,0.8752410530045753,24,33.942
20,26,0.9091831879443337,25,33.942
20,27,0.9431253228840921,26,33.942
20,28,0.9770674578238505,27,33.942
20,29,1.011009592763609,28,33.942
20,30,1.0449517277033673,29,33.942
20,31,1.0788938626431257,30,33.942
20,32,1.112835997582884,31,33.942
20,33,1.1467781325226425,32,33.942
20,34,1.1807202674624009,33,33.942
20,35,1.2146624024021593,34,33.942
20,36,1.2486045373419177,35,33.942
20,37,1.282546672281676,36,33.942
20,38,1.3164888072214345,37,33.942
20,39,1.3504309421611929,38,33.942
20,40,1.3843730771009513,39,33.942
20,41,1.4183152120407096,40,33.942
20,42,1.452257346980468,41,33.942
20,43,1.4861994819202264,42,33.942
20,44,1.5201416168599848,43,33.942
20,45,1.5540837517997432,44,33.942
20,46,1.5880258867395016,45,33.942
20,47,1.62196802167926,46,33.942
20,48,1.6559101566190184,47,33.942
20,49,1.6898522915587768,48,33.942
20,50,1.7242124028787107,49,34.36
20,51,1.7585725141986446,50,34.36
20,52,1.7929326255185785,51,34.36
20,53,1.8272927368385123,52,34.36
20,54,1.8616528481584462,53,34.36
20,55,1.8960129594783801,54,34.36
20,56,1.930373070798314,55,34.36
20,57,1.9647331821182479,56,34.36
20,58,1.9990932934381818,57,34.36
20,59,2.0334534047581156,58,34.36
20,60,2.0678135160780498,59,34.36
20,61,2.102173627397984,60,34.36
20,62,2.136533738717918,61,34.36
20,63,2.170893850037852,62,34.36
20,64,2.205253961357786,63,34.36
20,65,2.2396140726777203,64,34.36
20,66,2.2739741839976544,65,34.36
20,67,2.3083342953175885,66,34.36
20,68,2.3426944066375226,67,34.36
20,69,2.3770545179574567,68,34.36
20,70,2.411414629277391,69,34.36
20,71,2.445774740597325,70,34.36
20,72,2.480134851917259,71,34.36
20,73,2.514494963237193,72,34.36
20,74,2.5488550745571272,73,34.36
20,75,2.5832151858770613,74,34.36
20,76,2.6175752971969954,75,34.36
20,77,2.6519354085169295,76,34.36
20,78,2.6862955198368637,77,34.36
20,79,2.7206556311567978,78,34.36
20,80,2.755015742476732,79,34.36
20,81,2.789375853796666,80,34.36
20,82,2.8237359651166,81,34.36
20,83,2.858096076436534,82,34.36
20,84,2.8924561877564683,83,34.36
20,85,2.9268162990764024,84,34.36
20,86,2.9611764103963365,85,34.36
20,87,2.9955365217162706,86,34.36
20,88,3.0298966330362047,87,34.36
20,89,3.064256744356139,88,34.36
20,90,3.098616855676073,89,34.36
20,91,3.132976966996007,90,34.36
20,92,3.167337078315941,91,34.36
20,93,3.2016971896358752,92,34.36
20,94,3.2360573009558093,93,34.36
20,95,3.2704174122757435,94,34.36
20,96,3.3047775235956776,95,34.36
20,97,3.3391376349156117,96,34.36
20,98,3.3734977462355458,97,34.36
20,99,3.40785785755548,98,34.36
20,100,3.442217968875414,99,34.36
20,101,3.476578080195348,100,34.36
20,102,3.510938191515282,101,34.36
20,103,3.5452983028352163,102,34.36
20,104,3.5796584141551504,103,34.36
20,105,3.6140185254750845,104,34.36
20,106,3.6483786367950186,105,34.36
20,107,3.6827387481149527,106,34.36
20,108,3.717098859434887,107,34.36
20,109,3.751458970754821,108,34.36
20,110,3.785819082074755,109,34.36
20,111,3.820179193394689,110,34.36
20,112,3.8545393047146232,111,34.36
20,113,3.8888994160345574,112,34.36
20,114,3.923192330786238,113,34.293
20,115,3.957485245537919,114,34.293
20,116,3.9917781602896,115,34.293
20,117,4.026071075041281,116,34.293
20,118,4.060363989792962,117,34.293
20,119,4.094656904544643,118,34.293
20,120,4.1289498192963245,119,34.293
20,121,4.163242734048006,120,34.293
20,122,4.197535648799687,121,34.293
20,123,4.231828563551368,122,34.293
20,124,4.26612147830305,123,34.293
20,125,4.300414393054731,124,34.293
20,126,4.334707307806412,125,34.293
20,127,4.3690002225580935,126,34.293
20,128,4.403293137309775,127,34.293
21,1,0.06062981445037379,0,60.63
21,2,0.09457194939013219,1,33.942
21,3,0.1285140843298906,2,33.942
21,4,0.16245621926964898,3,33.942
21,5,0.19639835420940738,4,33.942
21,6,0.23034048914916577,5,33.942
21,7,0.26428262408892417,6,33.942
21,8,0.29822475902868256,7,33.942
21,9,0.33216689396844096,8,33.942
21,10,0.36610902890819935,9,33.942
21,11,0.40005116384795775,10,33.942
21,12,0.43399329878771614,11,33.942
21,13,0.46793543372747454,12,33.942
21,14,0.501877568667233,13,33.942
21,15,0.5358197036069914,14,33.942
21,16,0.5697618385467498,15,33.942
21,17,0.6037039734865082,16,33.942
21,18,0.6376461084262666,17,33.942
21,19,0.671588243366025,18,33.942
21,20,0.7055303783057834,19,33.942
21,21,0.7394725132455418,20,33.942
21,22,0.7734146481853001,21,33.942
21,23,0.8073567831250585,22,33.942
21,24,0.8412989180648169,23,33.942
21,25,0.8752410530045753,24,33.942
21,26,0.9091831879443337,25,33.942
21,27,0.9431253228840921,26,33.942
21,28,0.9770674578238505,27,33.942
21,29,1.011009592763609,28,33.942
21,30,1.0449517277033673,29,33.942
21,31,1.0788938626431257,30,33.942
21,32,1.112835997582884,31,33.942
21,33,1.1467781325226425,32,33.942
21,34,1.1807202674624009,33,33.942
21,35,1.2146624024021593,34,33.942
21,36,1.2486045373419177,35,33.942
21,37,1.282546672281676,36,33.942
21,38,1.3164888072214345,37,33.942
21,39,1.3504309421611929,38,33.942
21,40,1.3843730771009513,39,33.942
21,41,1.4183152120407096,40,33.942
21,42,1.452257346980468,41,33.942
21,43,1.4861994819202264,42,33.942
21,44,1.5201416168599848,43,33.942
21,45,1.5540837517997432,44,33.942
21,46,1.5880258867395016,45,33.942
21,47,1.62196802167926,46,33.942
21,48,1.6559101566190184,47,33.942
21,49,1.6898522915587768,48,33.942
21,50,1.7242124028787107,49,34.36
21,51,1.7585725141986446,50,34.36
21,52,1.7929326255185785,51,34.36
21,53,1.8272927368385123,52,34.36
21,54,1.8616528481584462,53,34.36
21,55,1.8960129594783801,54,34.36
21,56,1.930373070798314,55,34.36
21,57,1.9647331821182479,56,34.36
21,58,1.9990932934381818,57,34.36
21,59,2.0334534047581156,58,34.36
21,60,2.0678135160780498,59,34.36
21,61,2.102173627397984,60,34.36
21,62,2.136533738717918,61,34.36
21,63,2.170893850037852,62,34.36
21,64,2.205253961357786,63,34.36
21,65,2.2396140726777203,64,34.36
21,66,2.2739741839976544,65,34.36
21,67,2.3083342953175885,66,34.36
21,68,2.3426944066375226,67,34.36
21,69,2.3770545179574567,68,34.36
21,70,2.411414629277391,69,34.36
21,71,2.445774740597325,70,34.36
21,72,2.480134851917259,71,34.36
21,73,2.514494963237193,72,34.36
21,74,2.5488550745571272,73,34.36
21,75,2.5832151858770613,74,34.36
21,76,2.6175752971969954,75,34.36
21,77,2.6519354085169295,76,34.36
21,78,2.6862955198368637,77,34.36
21,79,2.7206556311567978,78,34.36
21,80,2.755015742476732,79,34.36
21,81,2.789375853796666,80,34.36
21,82,2.8237359651166,81,34.36
21,83,2.858096076436534,82,34.36
21,84,2.8924561877564683,83,34.36
21,85,2.9268162990764024,84,34.36
21,86,2.9611764103963365,85,34.36
21,87,2.9955365217162706,86,34.36
21,88,3.0298966330362047,87,34.36
21,89,3.064256744356139,88,34.36
21,90,3.098616855676073,89,34.36
21,91,3.132976966996007,90,34.36
21,92,3.167337078315941,91,34.36
21,93,3.2016971896358752,92,34.36
21,94,3.2360573009558093,93,34.36
21,95,3.2704174122757435,94,34.36
21,96,3.3047775235956776,95,34.36
21,97,3.3391376349156117,96,34.36
21,98,3.3734977462355458,97,34.36
21,99,3.40785785755548,98,34.36
21,100,3.442217968875414,99,34.36
21,101,3.476578080195348,100,34.36
21,102,3.510938191515282,101,34.36
21,103,3.5452983028352163,102,34.36
21,104,3.5796584141551504,103,34.36
21,105,3.6140185254750845,104,34.36
21,106,3.6483786367950186,105,34.36
21,107,3.6827387481149527,106,34.36
21,108,3.717098859434887,107,34.36
21,109,3.751458970754821,108,34.36
21,110,3.785819082074755,109,34.36
21,111,3.820179193394689,110,34.36
21,112,3.8545393047146232,111,34.36
21,113,3.8888994160345574,112,34.36
21,114,3.923192330786238,113,34.293
21,115,3.957485245537919,114,34.293
21,116,3.9917781602896,115,34.293
21,117,4.026071075041281,116,34.293
21,118,4.060363989792962,117,34.293
21,119,4.094656904544643,118,34.293
21,120,4.1289498192963245,119,34.293
21,121,4.163242734048006,120,34.293
21,122,4.197535648799687,121,34.293
21,123,4.231828563551368,122,34.293
21,124,4.26612147830305,123,34.293
21,125,4.300414393054731,124,34.293
21,126,4.334707307806412,125,34.293
21,127,4.3690002225580935,126,34.293
21,128,4.403293137309775,127,34.293
22,1,0.06062981445037379,0,60.63
22,2,0.09457194939013219,1,33.942
22,3,0.1285140843298906,2,33.942
22,4,0.16245621926964898,3,33.942
22,5,0.19639835420940738,4,33.942
22,6,0.23034048914916577,5,33.942
22,7,0.26428262408892417,6,33.942
22,8,0.29822475902868256,7,33.942
22,9,0.33216689396844096,8,33.942
22,10,0.36610902890819935,9,33.942
22,11,0.40005116384795775,10,33.942
22,12,0.43399329878771614,11,33.942
22,13,0.46793543372747454,12,33.942
22,14,0.501877568667233,13,33.942
22,15,0.5358197036069914,14,33.942
22,16,0.5697618385467498,15,33.942
22,17,0.6037039734865082,16,33.942
22,18,0.6376461084262666,17,33.942
22,19,0.671588243366025,18,33.942
22,20,0.7055303783057834,19,33.942
22,21,0.7394725132455418,20,33.942
22,22,0.7734146481853001,21,33.942
22,23,0.8073567831250585,22,33.942
22,24,0.8412989180648169,23,33.942
22,25,0.8752410530045753,24,33.942
22,26,0.9091831879443337,25,33.942
22,27,0.9431253228840921,26,33.942
22,28,0.9770674578238505,27,33.942
22,29,1.011009592763609,28,33.942
22,30,1.0449517277033673,29,33.942
22,31,1.0788938626431257,30,33.942
22,32,1.112835997582884,31,33.942
22,33,1.1467781325226425,32,33.942
22,34,1.1807202674624009,33,33.942
22,35,1.2146624024021593,34,33.942
22,36,1.2486045373419177,35,33.942
22,37,1.282546672281676,36,33.942
22,38,1.3164888072214345,37,33.942
22,39,1.3504309421611929,38,33.942
22,40,1.3843730771009513,39,33.942
22,41,1.4183152120407096,40,33.942
22,42,1.452257346980468,41,33.942
22,43,1.4861994819202264,42,33.942
22,44,1.5201416168599848,43,33.942
22,45,1.5540837517997432,44,33.942
22,46,1.5880258867395016,45,33.942
22,47,1.62196802167926,46,33.942
22,48,1.6559101566190184,47,33.942
22,49,1.6898522915587768,48,33.942
22,50,1.7242124028787107,49,34.36
22,51,1.7585725141986446,50,34.36
22,52,1.7929326255185785,51,34.36
22,53,1.8272927368385123,52,34.36
22,54,1.8616528481584462,53,34.36
22,55,1.8960129594783801,54,34.36
22,56,1.930373070798314,55,34.36
22,57,1.9647331821182479,56,34.36
22,58,1.9990932934381818,57,34.36
22,59,2.0334534047581156,58,34.36
22,60,2.0678135160780498,59,34.36
22,61,2.102173627397984,60,34.36
22,62,2.136533738717918,61,34.36
22,63,2.170893850037852,62,34.36
22,64,2.205253961357786,63,34.36
22,65,2.2396140726777203,64,34.36
22,66,2.2739741839976544,65,34.36
22,67,2.3083342953175885,66,34.36
22,68,2.3426944066375226,67,34.36
22,69,2.3770545179574567,68,34.36
22,70,2.411414629277391,69,34.36
22,71,2.445774740597325,70,34.36
22,72,2.480134851917259,71,34.36
22,73,2.514494963237193,72,34.36
22,74,2.5488550745571272,73,34.36
22,75,2.5832151858770613,74,34.36
22,76,2.6175752971969954,75,34.36
22,77,2.6519354085169295,76,34.36
22,78,2.6862955198368637,77,34.36
22,79,2.7206556311567978,78,34.36
22,80,2.755015742476732,79,34.36
22,81,2.789375853796666,80,34.36
22,82,2.8237359651166,81,34.36
22,83,2.858096076436534,82,34.36
22,84,2.8924561877564683,83,34.36
22,85,2.9268162990764024,84,34.36
22,86,2.9611764103963365,85,34.36
22,87,2.9955365217162706,86,34.36
22,88,3.0298966330362047,87,34.36
22,89,3.064256744356139,88,34.36
22,90,3.098616855676073,89,34.36
22,91,3.132976966996007,90,34.36
22,92,3.167337078315941,91,34.36
22,93,3.2016971896358752,92,34.36
22,94,3.2360573009558093,93,34.36
22,95,3.2704174122757435,94,34.36
22,96,3.3047775235956776,95,34.36
22,97,3.3391376349156117,96,34.36
22,98,3.3734977462355458,97,34.36
22,99,3.40785785755548,98,34.36
22,100,3.442217968875414,99,34.36
22,101,3.476578080195348,100,34.36
22,102,3.510938191515282,101,34.36
22,103,3.5452983028352163,102,34.36
22,104,3.5796584141551504,103,34.36
22,105,3.6140185254750845,104,34.36
22,106,3.6483786367950186,105,34.36
22,107,3.6827387481149527,106,34.36
22,108,3.717098859434887,107,34.36
22,109,3.751458970754821,108,34.36
22,110,3.785819082074755,109,34.36
22,111,3.820179193394689,110,34.36
22,112,3.8545393047146232,111,34.36
22,113,3.8888994160345574,112,34.36
22,114,3.923192330786238,113,34.293
22,115,3.957485245537919,114,34.293
22,116,3.9917781602896,115,34.293
22,117,4.026071075041281,116,34.293
22,118,4.060363989792962,117,34.293
22,119,4.094656904544643,118,34.293
22,120,4.1289498192963245,119,34.293
22,121,4.163242734048006,120,34.293
22,122,4.197535648799687,121,34.293
22,123,4.231828563551368,122,34.293
22,124,4.26612147830305,123,34.293
22,125,4.300414393054731,124,34.293
22,126,4.334707307806412,125,34.293
22,127,4.3690002225580935,126,34.293
22,128,4.403293137309775,127,34.293
23,1,0.06062981445037379,0,60.63
23,2,0.09457194939013219,1,33.942
23,3,0.1285140843298906,2,33.942
23,4,0.16245621926964898,3,33.942
23,5,0.19639835420940738,4,33.942
23,6,0.23034048914916577,5,33.942
23,7,0.26428262408892417,6,33.942
23,8,0.29822475902868256,7,33.942
23,9,0.33216689396844096,8,33.942
23,10,0.36610902890819935,9,33.942
23,11,0.40005116384795775,10,33.942
23,12,0.43399329878771614,11,33.942
23,13,0.46793543372747454,12,33.942
23,14,0.501877568667233,13,33.942
23,15,0.5358197036069914,14,33.942
23,16,0.5697618385467498,15,33.942
23,17,0.6037039734865082,16,33.942
23,18,0.6376461084262666,17,33.942
23,19,0.671588243366025,18,33.942
23,20,0.7055303783057834,19,33.942
23,21,0.7394725132455418,20,33.942
23,22,0.7734146481853001,21,33.942
23,23,0.8073567831250585,22,33.942
23,24,0.8412989180648169,23,33.942
23,25,0.8752410530045753,24,33.942
23,26,0.9091831879443337,25,33.942
23,27,0.9431253228840921,26,33.942
23,28,0.9770674578238505,27,33.942
23,29,1.011009592763609,28,33.942
23,30,1.0449517277033673,29,33.942
23,31,1.0788938626431257,30,33.942
23,32,1.112835997582884,31,33.942
23,33,1.1467781325226425,32,33.942
23,34,1.1807202674624009,33,33.942
23,35,1.2146624024021593,34,33.942
23,36,1.2486045373419177,35,33.942
23,37,1.282546672281676,36,33.942
23,38,1.3164888072214345,37,33.942
23,39,1.3504309421611929,38,33.942
23,40,1.3843730771009513,39,33.942
23,41,1.4183152120407096,40,33.942
23,42,1.452257346980468,41,33.942
23,43,1.4861994819202264,42,33.942
23,44,1.5201416168599848,43,33.942
23,45,1.5540837517997432,44,33.942
23,46,1.5880258867395016,45,33.942
23,47,1.62196802167926,46,33.942
23,48,1.6559101566190184,47,33.942
23,49,1.6898522915587768,48,33.942
23,50,1.7242124028787107,49,34.36
23,51,1.7585725141986446,50,34.36
23,52,1.7929326255185785,51,34.36
23,53,1.8272927368385123,52,34.36
23,54,1.8616528481584462,53,34.36
23,55,1.8960129594783801,54,34.36
23,56,1.930373070798314,55,34.36
23,57,1.9647331821182479,56,34.36
23,58,1.9990932934381818,57,34.36
23,59,2.0334534047581156,58,34.36
23,60,2.0678135160780498,59,34.36
23,61,2.102173627397984,60,34.36
23,62,2.136533738717918,61,34.36
23,63,2.170893850037852,62,34.36
23,64,2.205253961357786,63,34.36
23,65,2.2396140726777203,64,34.36
23,66,2.2739741839976544,65,34.36
23,67,2.3083342953175885,66,34.36
23,68,2.3426944066375226,67,34.36
23,69,2.3770545179574567,68,34.36
23,70,2.411414629277391,69,34.36
23,71,2.445774740597325,70,34.36
23,72,2.480134851917259,71,34.36
23,73,2.514494963237193,72,34.36
23,74,2.5488550745571272,73,34.36
23,75,2.5832151858770613,74,34.36
23,76,2.6175752971969954,75,34.36
23,77,2.6519354085169295,76,34.36
23,78,2.6862955198368637,77,34.36
23,79,2.7206556311567978,78,34.36
23,80,2.755015742476732,79,34.36
23,81,2.789375853796666,80,34.36
23,82,2.8237359651166,81,34.36
23,83,2.858096076436534,82,34.36
23,84,2.8924561877564683,83,34.36
23,85,2.9268162990764024,84,34.36
23,86,2.9611764103963365,85,34.36
23,87,2.9955365217162706,86,34.36
23,88,3.0298966330362047,87,34.36
23,89,3.064256744356139,88,34.36
23,90,3.098616855676073,89,34.36
23,91,3.132976966996007,90,34.36
23,92,3.167337078315941,91,34.36
23,93,3.2016971896358752,92,34.36
23,94,3.2360573009558093,93,34.36
23,95,3.2704174122757435,94,34.36
23,96,3.3047775235956776,95,34.36
23,97,3.3391376349156117,96,34.36
23,98,3.3734977462355458,97,34.36
23,99,3.40785785755548,98,34.36
23,100,3.442217968875414,99,34.36
23,101,3.476578080195348,100,34.36
23,102,3.510938191515282,101,34.36
23,103,3.5452983028352163,102,34.36
23,104,3.5796584141551504,103,34.36
23,105,3.6140185254750845,104,34.36
23,106,3.6483786367950186,105,34.36
23,107,3.6827387481149527,106,34.36
23,108,3.717098859434887,107,34.36
23,109,3.751458970754821,108,34.36
23,110,3.785819082074755,109,34.36
23,111,3.820179193394689,110,34.36
23,112,3.8545393047146232,111,34.36
23,113,3.8888994160345574,112,34.36
23,114,3.923192330786238,113,34.293
23,115,3.957485245537919,114,34.293
23,116,3.9917781602896,115,34.293
23,117,4.026071075041281,116,34.293
23,118,4.060363989792962,117,34.293
23,119,4.094656904544643,118,34.293
23,120,4.1289498192963245,119,34.293
23,121,4.163242734048006,120,34.293
23,122,4.197535648799687,121,34.293
23,123,4.231828563551368,122,34.293
23,124,4.26612147830305,123,34.293
23,125,4.300414393054731,124,34.293
23,126,4.334707307806412,125,34.293
23,127,4.3690002225580935,126,34.293
23,128,4.403293137309775,127,34.293
24,1,0.06062981445037379,0,60.63
24,2,0.09457194939013219,1,33.942
24,3,0.1285140843298906,2,33.942
24,4,0.16245621926964898,3,33.942
24,5,0.19639835420940738,4,33.942
24,6,0.23034048914916577,5,33.942
24,7,0.26428262408892417,6,33.942
24,8,0.29822475902868256,7,33.942
24,9,0.33216689396844096,8,33.942
24,10,0.36610902890819935,9,33.942
24,11,0.40005116384795775,10,33.942
24,12,0.43399329878771614,11,33.942
24,13,0.46793543372747454,12,33.942
24,14,0.501877568667233,13,33.942
24,15,0.5358197036069914,14,33.942
24,16,0.5697618385467498,15,33.942
24,17,0.6037039734865082,16,33.942
24,18,0.6376461084262666,17,33.942
24,19,0.671588243366025,18,33.942
24,20,0.7055303783057834,19,33.942
24,21,0.7394725132455418,20,33.942
24,22,0.7734146481853001,21,33.942
24,23,0.8073567831250585,22,33.942
24,24,0.8412989180648169,23,33.942
24,25,0.8752410530045753,24,33.942
24,26,0.9091831879443337,25,33.942
24,27,0.9431253228840921,26,33.942
24,28,0.9770674578238505,27,33.942
24,29,1.011009592763609,28,33.942
24,30,1.0449517277033673,29,33.942
24,31,1.0788938626431257,30,33.942
24,32,1.112835997582884,31,33.942
24,33,1.1467781325226425,32,33.942
24,34,1.1807202674624009,33,33.942
24,35,1.2146624024021593,34,33.942
24,36,1.2486045373419177,35,33.942
24,37,1.282546672281676,36,33.942
24,38,1.3164888072214345,37,33.942
24,39,1.3504309421611929,38,33.942
24,40,1.3843730771009513,39,33.942
24,41,1.4183152120407096,40,33.942
24,42,1.452257346980468,41,33.942
24,43,1.4861994819202264,42,33.942
24,44,1.5201416168599848,43,33.942
24,45,1.5540837517997432,44,33.942
24,46,1.5880258867395016,45,33.942
24,47,1.62196802167926,46,33.942
24,48,1.6559101566190184,47,33.942
24,49,1.6898522915587768,48,33.942
24,50,1.7242124028787107,49,34.36
24,51,1.7585725141986446,50,34.36
24,52,1.7929326255185785,51,34.36
24,53,1.8272927368385123,52,34.36
24,54,1.8616528481584462,53,34.36
24,55,1.8960129594783801,54,34.36
24,56,1.930373070798314,55,34.36
24,57,1.9647331821182479,56,34.36
24,58,1.9990932934381818,57,34.36
24,59,2.0334534047581156,58,34.36
24,60,2.0678135160780498,59,34.36
24,61,2.102173627397984,60,34.36
24,62,2.136533738717918,61,34.36
24,63,2.170893850037852,62,34.36
24,64,2.205253961357786,63,34.36
24,65,2.2396140726777203,64,34.36
24,66,2.2739741839976544,65,34.36
24,67,2.3083342953175885,66,34.36
24,68,2.3426944066375226,67,34.36
24,69,2.3770545179574567,68,34.36
24,70,2.411414629277391,69,34.36
24,71,2.445774740597325,70,34.36
24,72,2.480134851917259,71,34.36
24,73,2.514494963237193,72,34.36
24,74,2.5488550745571272,73,34.36
24,75,2.5832151858770613,74,34.36
24,76,2.6175752971969954,75,34.36
24,77,2.6519354085169295,76,34.36
24,78,2.6862955198368637,77,34.36
24,79,2.7206556311567978,78,34.36
24,80,2.755015742476732,79,34.36
24,81,2.789375853796666,80,34.36
24,82,2.8237359651166,81,34.36
24,83,2.858096076436534,82,34.36
24,84,2.8924561877564683,83,34.36
24,85,2.9268162990764024,84,34.36
24,86,2.9611764103963365,85,34.36
24,87,2.9955365217162706,86,34.36
24,88,3.0298966330362047,87,34.36
24,89,3.064256744356139,88,34.36
24,90,3.098616855676073,89,34.36
24,91,3.132976966996007,90,34.36
24,92,3.167337078315941,91,34.36
24,93,3.2016971896358752,92,34.36
24,94,3.2360573009558093,93,34.36
24,95,3.2704174122757435,94,34.36
24,96,3.3047775235956776,95,34.36
24,97,3.3391376349156117,96,34.36
24,98,3.3734977462355458,97,34.36
24,99,3.40785785755548,98,34.36
24,100,3.442217968875414,99,34.36
24,101,3.476578080195348,100,34.36
24,102,3.510938191515282,101,34.36
24,103,3.5452983028352163,102,34.36
24,104,3.5796584141551504,103,34.36
24,105,3.6140185254750845,104,34.36
24,106,3.6483786367950186,105,34.36
24,107,3.6827387481149527,106,34.36
24,108,3.717098859434887,107,34.36
24,109,3.751458970754821,108,34.36
24,110,3.785819082074755,109,34.36
24,111,3.820179193394689,110,34.36
24,112,3.8545393047146232,111,34.36
24,113,3.8888994160345574,112,34.36
24,114,3.923192330786238,113,34.293
24,115,3.957485245537919,114,34.293
24,116,3.9917781602896,115,34.293
24,117,4.026071075041281,116,34.293
24,118,4.060363989792962,117,34.293
24,119,4.094656904544643,118,34.293
24,120,4.1289498192963245,119,34.293
24,121,4.163242734048006,120,34.293
24,122,4.197535648799687,121,34.293
24,123,4.231828563551368,122,34.293
24,124,4.26612147830305,123,34.293
24,125,4.300414393054731,124,34.293
24,126,4.334707307806412,125,34.293
24,127,4.3690002225580935,126,34.293
24,128,4.403293137309775,127,34.293
25,1,0.06062981445037379,0,60.63
25,2,0.09457194939013219,1,33.942
25,3,0.1285140843298906,2,33.942
25,4,0.16245621926964898,3,33.942
25,5,0.19639835420940738,4,33.942
25,6,0.23034048914916577,5,33.942
25,7,0.26428262408892417,6,33.942
25,8,0.29822475902868256,7,33.942
25,9,0.33216689396844096,8,33.942
25,10,0.36610902890819935,9,33.942
25,11,0.40005116384795775,10,33.942
25,12,0.43399329878771614,11,33.942
25,13,0.46793543372747454,12,33.942
25,14,0.501877568667233,13,33.942
25,15,0.5358197036069914,14,33.942
25,16,0.5697618385467498,15,33.942
25,17,0.6037039734865082,16,33.942
25,18,0.6376461084262666,17,33.942
25,19,0.671588243366025,18,33.942
25,20,0.7055303783057834,19,33.942
25,21,0.7394725132455418,20,33.942
25,22,0.7734146481853001,21,33.942
25,23,0.8073567831250585,22,33.942
25,24,0.8412989180648169,23,33.942
25,25,0.8752410530045753,24,33.942
25,26,0.9091831879443337,25,33.942
25,27,0.9431253228840921,26,33.942
25,28,0.9770674578238505,27,33.942
25,29,1.011009592763609,28,33.942
25,30,1.0449517277033673,29,33.942
25,31,1.0788938626431257,30,33.942
25,32,1.112835997582884,31,33.942
25,33,1.1467781325226425,32,33.942
25,34,1.1807202674624009,33,33.942
25,35,1.2146624024021593,34,33.942
25,36,1.2486045373419177,35,33.942
25,37,1.282546672281676,36,33.942
25,38,1.3164888072214345,37,33.942
25,39,1.3504309421611929,38,33.942
25,40,1.3843730771009513,39,33.942
25,41,1.4183152120407096,40,33.942
25,42,1.452257346980468,41,33.942
25,43,1.4861994819202264,42,33.942
25,44,1.5201416168599848,43,33.942
25,45,1.5540837517997432,44,33.942
25,46,1.5880258867395016,45,33.942
25,47,1.62196802167926,46,33.942
25,48,1.6559101566190184,47,33.942
25,49,1.6898522915587768,48,33.942
25,50,1.7242124028787107,49,34.36
25,51,1.7585725141986446,50,34.36
25,52,1.7929326255185785,51,34.36
25,53,1.8272927368385123,52,34.36
25,54,1.8616528481584462,53,34.36
25,55,1.8960129594783801,54,34.36
25,56,1.930373070798314,55,34.36
25,57,1.9647331821182479,56,34.36
25,58,1.9990932934381818,57,34.36
25,59,2.0334534047581156,58,34.36
25,60,2.0678135160780498,59,34.36
25,61,2.102173627397984,60,34.36
25,62,2.136533738717918,61,34.36
25,63,2.170893850037852,62,34.36
25,64,2.205253961357786,63,34.36
25,65,2.2396140726777203,64,34.36
25,66,2.2739741839976544,65,34.36
25,67,2.3083342953175885,66,34.36
25,68,2.3426944066375226,67,34.36
25,69,2.3770545179574567,68,34.36
25,70,2.411414629277391,69,34.36
25,71,2.445774740597325,70,34.36
25,72,2.480134851917259,71,34.36
25,73,2.514494963237193,72,34.36
25,74,2.5488550745571272,73,34.36
25,75,2.5832151858770613,74,34.36
25,76,2.6175752971969954,75,34.36
25,77,2.6519354085169295,76,34.36
25,78,2.6862955198368637,77,34.36
25,79,2.7206556311567978,78,34.36
25,80,2.755015742476732,79,34.36
25,81,2.789375853796666,80,34.36
25,82,2.8237359651166,81,34.36
25,83,2.858096076436534,82,34.36
25,84,2.8924561877564683,83,34.36
25,85,2.9268162990764024,84,34.36
25,86,2.9611764103963365,85,34.36
25,87,2.9955365217162706,86,34.36
25,88,3.0298966330362047,87,34.36
25,89,3.064256744356139,88,34.36
25,90,3.098616855676073,89,34.36
25,91,3.132976966996007,90,34.36
25,92,3.167337078315941,91,34.36
25,93,3.2016971896358752,92,34.36
25,94,3.2360573009558093,93,34.36
25,95,3.2704174122757435,94,34.36
25,96,3.3047775235956776,95,34.36
25,97,3.3391376349156117,96,34.36
25,98,3.3734977462355458,97,34.36
25,99,3.40785785755548,98,34.36
25,100,3.442217968875414,99,34.36
25,101,3.476578080195348,100,34.36
25,102,3.510938191515282,101,34.36
25,103,3.5452983028352163,102,34.36
25,104,3.5796584141551504,103,34.36
25,105,3.6140185254750845,104,34.36
25,106,3.6483786367950186,105,34.36
25,107,3.6827387481149527,106,34.36
25,108,3.717098859434887,107,34.36
25,109,3.751458970754821,108,34.36
25,110,3.785819082074755,109,34.36
25,111,3.820179193394689,110,34.36
25,112,3.8545393047146232,111,34.36
25,113,3.8888994160345574,112,34.36
25,114,3.923192330786238,113,34.293
25,115,3.957485245537919,114,34.293
25,116,3.9917781602896,115,34.293
25,117,4.026071075041281,116,34.293
25,118,4.060363989792962,117,34.293
25,119,4.094656904544643,118,34.293
25,120,4.1289498192963245,119,34.293
25,121,4.163242734048006,120,34.293
25,122,4.197535648799687,121,34.293
25,123,4.231828563551368,122,34.293
25,124,4.26612147830305,123,34.293
25,125,4.300414393054731,124,34.293
25,126,4.334707307806412,125,34.293
25,127,4.3690002225580935,126,34.293
25,128,4.403293137309775,127,34.293
26,1,0.06062981445037379,0,60.63
26,2,0.09457194939013219,1,33.942
26,3,0.1285140843298906,2,33.942
26,4,0.16245621926964898,3,33.942
26,5,0.19639835420940738,4,33.942
26,6,0.23034048914916577,5,33.942
26,7,0.26428262408892417,6,33.942
26,8,0.29822475902868256,7,33.942
26,9,0.33216689396844096,8,33.942
26,10,0.36610902890819935,9,33.942
26,11,0.40005116384795775,10,33.942
26,12,0.43399329878771614,11,33.942
26,13,0.46793543372747454,12,33.942
26,14,0.501877568667233,13,33.942
26,15,0.5358197036069914,14,33.942
26,16,0.5697618385467498,15,33.942
26,17,0.6037039734865082,16,33.942
26,18,0.6376461084262666,17,33.942
26,19,0.671588243366025,18,33.942
26,20,0.7055303783057834,19,33.942
26,21,0.7394725132455418,20,33.942
26,22,0.7734146481853001,21,33.942
26,23,0.8073567831250585,22,33.942
26,24,0.8412989180648169,23,33.942
26,25,0.8752410530045753,24,33.942
26,26,0.9091831879443337,25,33.942
26,27,0.9431253228840921,26,33.942
26,28,0.9770674578238505,27,33.942
26,29,1.011009592763609,28,33.942
26,30,1.0449517277033673,29,33.942
26,31,1.0788938626431257,30,33.942
26,32,1.112835997582884,31,33.942
26,33,1.1467781325226425,32,33.942
26,34,1.1807202674624009,33,33.942
26,35,1.2146624024021593,34,33.942
26,36,1.2486045373419177,35,33.942
26,37,1.282546672281676,36,33.942
26,38,1.3164888072214345,37,33.942
26,39,1.3504309421611929,38,33.942
26,40,1.3843730771009513,39,33.942
26,41,1.4183152120407096,40,33.942
26,42,1.452257346980468,41,33.942
26,43,1.4861994819202264,42,33.942
26,44,1.5201416168599848,43,33.942
26,45,1.5540837517997432,44,33.942
26,46,1.5880258867395016,45,33.942
26,47,1.62196802167926,46,33.942
26,48,1.6559101566190184,47,33.942
26,49,1.6898522915587768,48,33.942
26,50,1.7242124028787107,49,34.36
26,51,1.7585725141986446,50,34.36
26,52,1.7929326255185785,51,34.36
26,53,1.8272927368385123,52,34.36
26,54,1.8616528481584462,53,34.36
26,55,1.8960129594783801,54,34.36
26,56,1.930373070798314,55,34.36
26,57,1.9647331821182479,56,34.36
26,58,1.9990932934381818,57,34.36
26,59,2.0334534047581156,58,34.36
26,60,2.0678135160780498,59,34.36
26,61,2.102173627397984,60,34.36
26,62,2.136533738717918,61,34.36
26,63,2.170893850037852,62,34.36
26,64,2.205253961357786,63,34.36
26,65,2.2396140726777203,64,34.36
26,66,2.2739741839976544,65,34.36
26,67,2.3083342953175885,66,34.36
26,68,2.3426944066375226,67,34.36
26,69,2.3770545179574567,68,34.36
26,70,2.411414629277391,69,34.36
26,71,2.445774740597325,70,34.36
26,72,2.480134851917259,71,34.36
26,73,2.514494963237193,72,34.36
26,74,2.5488550745571272,73,34.36
26,75,2.5832151858770613,74,34.36
26,76,2.6175752971969954,75,34.36
26,77,2.6519354085169295,76,34.36
26,78,2.6862955198368637,77,34.36
26,79,2.7206556311567978,78,34.36
26,80,2.755015742476732,79,34.36
26,81,2.789375853796666,80,34.36
26,82,2.8237359651166,81,34.36
26,83,2.858096076436534,82,34.36
26,84,2.8924561877564683,83,34.36
26,85,2.9268162990764024,84,34.36
26,86,2.9611764103963365,85,34.36
26,87,2.9955365217162706,86,34.36
26,88,3.0298966330362047,87,34.36
26,89,3.064256744356139,88,34.36
26,90,3.098616855676073,89,34.36
26,91,3.132976966996007,90,34.36
26,92,3.167337078315941,91,34.36
26,93,3.2016971896358752,92,34.36
26,94,3.2360573009558093,93,34.36
26,95,3.2704174122757435,94,34.36
26,96,3.3047775235956776,95,34.36
26,97,3.3391376349156117,96,34.36
26,98,3.3734977462355458,97,34.36
26,99,3.40785785755548,98,34.36
26,100,3.442217968875414,99,34.36
26,101,3.476578080195348,100,34.36
26,102,3.510938191515282,101,34.36
26,103,3.5452983028352163,102,34.36
26,104,3.5796584141551504,103,34.36
26,105,3.6140185254750845,104,34.36
26,106,3.6483786367950186,105,34.36
26,107,3.6827387481149527,106,34.36
26,108,3.717098859434887,107,34.36
26,109,3.751458970754821,108,34.36
26,110,3.785819082074755,109,34.36
26,111,3.820179193394689,110,34.36
26,112,3.8545393047146232,111,34.36
26,113,3.8888994160345574,112,34.36
26,114,3.923192330786238,113,34.293
26,115,3.957485245537919,114,34.293
26,116,3.9917781602896,115,34.293
26,117,4.026071075041281,116,34.293
26,118,4.060363989792962,117,34.293
26,119,4.094656904544643,118,34.293
26,120,4.1289498192963245,119,34.293
26,121,4.163242734048006,120,34.293
26,122,4.197535648799687,121,34.293
26,123,4.231828563551368,122,34.293
26,124,4.26612147830305,123,34.293
26,125,4.300414393054731,124,34.293
26,126,4.334707307806412,125,34.293
26,127,4.3690002225580935,126,34.293
26,128,4.403293137309775,127,34.293
27,1,0.06062981445037379,0,60.63
27,2,0.09457194939013219,1,33.942
27,3,0.1285140843298906,2,33.942
27,4,0.16245621926964898,3,33.942
27,5,0.19639835420940738,4,33.942
27,6,0.23034048914916577,5,33.942
27,7,0.26428262408892417,6,33.942
27,8,0.29822475902868256,7,33.942
27,9,0.33216689396844096,8,33.942
27,10,0.36610902890819935,9,33.942
27,11,0.40005116384795775,10,33.942
27,12,0.43399329878771614,11,33.942
27,13,0.46793543372747454,12,33.942
27,14,0.501877568667233,13,33.942
27,15,0.5358197036069914,14,33.942
27,16,0.5697618385467498,15,33.942
27,17,0.6037039734865082,16,33.942
27,18,0.6376461084262666,17,33.942
27,19,0.671588243366025,18,33.942
27,20,0.7055303783057834,19,33.942
27,21,0.7394725132455418,20,33.942
27,22,0.7734146481853001,21,33.942
27,23,0.8073567831250585,22,33.942
27,24,0.8412989180648169,23,33.942
27,25,0.8752410530045753,24,33.942
27,26,0.9091831879443337,25,33.942
27,27,0.9431253228840921,26,33.942
27,28,0.9770674578238505,27,33.942
27,29,1.011009592763609,28,33.942
27,30,1.0449517277033673,29,33.942
27,31,1.0788938626431257,30,33.942
27,32,1.112835997582884,31,33.942
27,33,1.1467781325226425,32,33.942
27,34,1.1807202674624009,33,33.942
27,35,1.2146624024021593,34,33.942
27,36,1.2486045373419177,35,33.942
27,37,1.282546672281676,36,33.942
27,38,1.3164888072214345,37,33.942
27,39,1.3504309421611929,38,33.942
27,40,1.3843730771009513,39,33.942
27,41,1.4183152120407096,40,33.942
27,42,1.452257346980468,41,33.942
27,43,1.4861994819202264,42,33.942
27,44,1.5201416168599848,43,33.942
27,45,1.5540837517997432,44,33.942
27,46,1.5880258867395016,45,33.942
27,47,1.62196802167926,46,33.942
27,48,1.6559101566190184,47,33.942
27,49,1.6898522915587768,48,33.942
27,50,1.7242124028787107,49,34.36
27,51,1.7585725141986446,50,34.36
27,52,1.7929326255185785,51,34.36
27,53,1.8272927368385123,52,34.36
27,54,1.8616528481584462,53,34.36
27,55,1.8960129594783801,54,34.36
27,56,1.930373070798314,55,34.36
27,57,1.9647331821182479,56,34.36
27,58,1.9990932934381818,57,34.36
27,59,2.0334534047581156,58,34.36
27,60,2.0678135160780498,59,34.36
27,61,2.102173627397984,60,34.36
27,62,2.136533738717918,61,34.36
27,63,2.170893850037852,62,34.36
27,64,2.205253961357786,63,34.36
27,65,2.2396140726777203,64,34.36
27,66,2.2739741839976544,65,34.36
27,67,2.3083342953175885,66,34.36
27,68,2.3426944066375226,67,34.36
27,69,2.3770545179574567,68,34.36
27,70,2.411414629277391,69,34.36
27,71,2.445774740597325,70,34.36
27,72,2.480134851917259,71,34.36
27,73,2.514494963237193,72,34.36
27,74,2.5488550745571272,73,34.36
27,75,2.5832151858770613,74,34.36
27,76,2.6175752971969954,75,34.36
27,77,2.6519354085169295,76,34.36
27,78,2.6862955198368637,77,34.36
27,79,2.7206556311567978,78,34.36
27,80,2.755015742476732,79,34.36
27,81,2.789375853796666,80,34.36
27,82,2.8237359651166,81,34.36
27,83,2.858096076436534,82,34.36
27,84,2.8924561877564683,83,34.36
27,85,2.9268162990764024,84,34.36
27,86,2.9611764103963365,85,34.36
27,87,2.9955365217162706,86,34.36
27,88,3.0298966330362047,87,34.36
27,89,3.064256744356139,88,34.36
27,90,3.098616855676073,89,34.36
27,91,3.132976966996007,90,34.36
27,92,3.167337078315941,91,34.36
27,93,3.2016971896358752,92,34.36
27,94,3.2360573009558093,93,34.36
27,95,3.2704174122757435,94,34.36
27,96,3.3047775235956776,95,34.36
27,97,3.3391376349156117,96,34.36
27,98,3.3734977462355458,97,34.36
27,99,3.40785785755548,98,34.36
27,100,3.442217968875414,99,34.36
27,101,3.476578080195348,100,34.36
27,102,3.510938191515282,101,34.36
27,103,3.5452983028352163,102,34.36
27,104,3.5796584141551504,103,34.36
27,105,3.6140185254750845,104,34.36
27,106,3.6483786367950186,105,34.36
27,107,3.6827387481149527,106,34.36
27,108,3.717098859434887,107,34.36
27,109,3.751458970754821,108,34.36
27,110,3.785819082074755,109,34.36
27,111,3.820179193394689,110,34.36
27,112,3.8545393047146232,111,34.36
27,113,3.8888994160345574,112,34.36
27,114,3.923192330786238,113,34.293
27,115,3.957485245537919,114,34.293
27,116,3.9917781602896,115,34.293
27,117,4.026071075041281,116,34.293
27,118,4.060363989792962,117,34.293
27,119,4.094656904544643,118,34.293
27,120,4.1289498192963245,119,34.293
27,121,4.163242734048006,120,34.293
27,122,4.197535648799687,121,34.293
27,123,4.231828563551368,122,34.293
27,124,4.26612147830305,123,34.293
27,125,4.300414393054731,124,34.293
27,126,4.334707307806412,125,34.293
27,127,4.3690002225580935,126,34.293
27,128,4.403293137309775,127,34.293
28,1,0.06062981445037379,0,60.63
28,2,0.09457194939013219,1,33.942
28,3,0.1285140843298906,2,33.942
28,4,0.16245621926964898,3,33.942
28,5,0.19639835420940738,4,33.942
28,6,0.23034048914916577,5,33.942
28,7,0.26428262408892417,6,33.942
28,8,0.29822475902868256,7,33.942
28,9,0.33216689396844096,8,33.942
28,10,0.36610902890819935,9,33.942
28,11,0.40005116384795775,10,33.942
28,12,0.43399329878771614,11,33.942
28,13,0.46793543372747454,12,33.942
28,14,0.501877568667233,13,33.942
28,15,0.5358197036069914,14,33.942
28,16,0.5697618385467498,15,33.942
28,17,0.6037039734865082,16,33.942
28,18,0.6376461084262666,17,33.942
28,19,0.671588243366025,18,33.942
28,20,0.7055303783057834,19,33.942
28,21,0.7394725132455418,20,33.942
28,22,0.7734146481853001,21,33.942
28,23,0.8073567831250585,22,33.942
28,24,0.8412989180648169,23,33.942
28,25,0.8752410530045753,24,33.942
28,26,0.9091831879443337,25,33.942
28,27,0.9431253228840921,26,33.942
28,28,0.9770674578238505,27,33.942
28,29,1.011009592763609,28,33.942
28,30,1.0449517277033673,29,33.942
28,31,1.0788938626431257,30,33.942
28,32,1.112835997582884,31,33.942
28,33,1.1467781325226425,32,33.942
28,34,1.1807202674624009,33,33.942
28,35,1.2146624024021593,34,33.942
28,36,1.2486045373419177,35,33.942
28,37,1.282546672281676,36,33.942
28,38,1.3164888072214345,37,33.942
28,39,1.3504309421611929,38,33.942
28,40,1.3843730771009513,39,33.942
28,41,1.4183152120407096,40,33.942
28,42,1.452257346980468,41,33.942
28,43,1.4861994819202264,42,33.942
28,44,1.5201416168599848,43,33.942
28,45,1.5540837517997432,44,33.942
28,46,1.5880258867395016,45,33.942
28,47,1.62196802167926,46,33.942
28,48,1.6559101566190184,47,33.942
28,49,1.6898522915587768,48,33.942
28,50,1.7242124028787107,49,34.36
28,51,1.7585725141986446,50,34.36
28,52,1.7929326255185785,51,34.36
28,53,1.8272927368385123,52,34.36
28,54,1.8616528481584462,53,34.36
28,55,1.8960129594783801,54,34.36
28,56,1.930373070798314,55,34.36
28,57,1.9647331821182479,56,34.36
28,58,1.9990932934381818,57,34.36
28,59,2.0334534047581156,58,34.36
28,60,2.0678135160780498,59,34.36
28,61,2.102173627397984,60,34.36
28,62,2.136533738717918,61,34.36
28,63,2.170893850037852,62,34.36
28,64,2.205253961357786,63,34.36
28,65,2.2396140726777203,64,34.36
28,66,2.2739741839976544,65,34.36
28,67,2.3083342953175885,66,34.36
28,68,2.3426944066375226,67,34.36
28,69,2.3770545179574567,68,34.36
28,70,2.411414629277391,69,34.36
28,71,2.445774740597325,70,34.36
28,72,2.480134851917259,71,34.36
28,73,2.514494963237193,72,34.36
28,74,2.5488550745571272,73,34.36
28,75,2.5832151858770613,74,34.36
28,76,2.6175752971969954,75,34.36
28,77,2.6519354085169295,76,34.36
28,78,2.6862955198368637,77,34.36
28,79,2.7206556311567978,78,34.36
28,80,2.755015742476732,79,34.36
28,81,2.789375853796666,80,34.36
28,82,2.8237359651166,81,34.36
28,83,2.858096076436534,82,34.36
28,84,2.8924561877564683,83,34.36
28,85,2.9268162990764024,84,34.36
28,86,2.9611764103963365,85,34.36
28,87,2.9955365217162706,86,34.36
28,88,3.0298966330362047,87,34.36
28,89,3.064256744356139,88,34.36
28,90,3.098616855676073,89,34.36
28,91,3.132976966996007,90,34.36
28,92,3.167337078315941,91,34.36
28,93,3.2016971896358752,92,34.36
28,94,3.2360573009558093,93,34.36
28,95,3.2704174122757435,94,34.36
28,96,3.3047775235956776,95,34.36
28,97,3.3391376349156117,96,34.36
28,98,3.3734977462355458,97,34.36
28,99,3.40785785755548,98,34.36
28,100,3.442217968875414,99,34.36
28,101,3.476578080195348,100,34.36
28,102,3.510938191515282,101,34.36
28,103,3.5452983028352163,102,34.36
28,104,3.5796584141551504,103,34.36
28,105,3.6140185254750845,104,34.36
28,106,3.6483786367950186,105,34.36
28,107,3.6827387481149527,106,34.36
28,108,3.717098859434887,107,34.36
28,109,3.751458970754821,108,34.36
28,110,3.785819082074755,109,34.36
28,111,3.820179193394689,110,34.36
28,112,3.8545393047146232,111,34.36
28,113,3.8888994160345574,112,34.36
28,114,3.923192330786238,113,34.293
28,115,3.957485245537919,114,34.293
28,116,3.9917781602896,115,34.293
28,117,4.026071075041281,116,34.293
28,118,4.060363989792962,117,34.293
28,119,4.094656904544643,118,34.293
28,120,4.1289498192963245,119,34.293
28,121,4.163242734048006,120,34.293
28,122,4.197535648799687,121,34.293
28,123,4.231828563551368,122,34.293
28,124,4.26612147830305,123,34.293
28,125,4.300414393054731,124,34.293
28,126,4.334707307806412,125,34.293
28,127,4.3690002225580935,126,34.293
28,128,4.403293137309775,127,34.293
29,1,0.06062981445037379,0,60.63
29,2,0.09457194939013219,1,33.942
29,3,0.1285140843298906,2,33.942
29,4,0.16245621926964898,3,33.942
29,5,0.19639835420940738,4,33.942
29,6,0.23034048914916577,5,33.942
29,7,0.26428262408892417,6,33.942
29,8,0.29822475902868256,7,33.942
29,9,0.33216689396844096,8,33.942
29,10,0.36610902890819935,9,33.942
29,11,0.40005116384795775,10,33.942
29,12,0.43399329878771614,11,33.942
29,13,0.46793543372747454,12,33.942
29,14,0.501877568667233,13,33.942
29,15,0.5358197036069914,14,33.942
29,16,0.5697618385467498,15,33.942
29,17,0.6037039734865082,16,33.942
29,18,0.6376461084262666,17,33.942
29,19,0.671588243366025,18,33.942
29,20,0.7055303783057834,19,33.942
29,21,0.7394725132455418,20,33.942
29,22,0.7734146481853001,21,33.942
29,23,0.8073567831250585,22,33.942
29,24,0.8412989180648169,23,33.942
29,25,0.8752410530045753,24,33.942
29,26,0.9091831879443337,25,33.942
29,27,0.9431253228840921,26,33.942
29,28,0.9770674578238505,27,33.942
29,29,1.011009592763609,28,33.942
29,30,1.0449517277033673,29,33.942
29,31,1.0788938626431257,30,33.942
29,32,1.112835997582884,31,33.942
29,33,1.1467781325226425,32,33.942
29,34,1.1807202674624009,33,33.942
29,35,1.2146624024021593,34,33.942
29,36,1.2486045373419177,35,33.942
29,37,1.282546672281676,36,33.942
29,38,1.3164888072214345,37,33.942
29,39,1.3504309421611929,38,33.942
29,40,1.3843730771009513,39,33.942
29,41,1.4183152120407096,40,33.942
29,42,1.452257346980468,41,33.942
29,43,1.4861994819202264,42,33.942
29,44,1.5201416168599848,43,33.942
29,45,1.5540837517997432,44,33.942
29,46,1.5880258867395016,45,33.942
29,47,1.62196802167926,46,33.942
29,48,1.6559101566190184,47,33.942
29,49,1.6898522915587768,48,33.942
29,50,1.7242124028787107,49,34.36
29,51,1.7585725141986446,50,34.36
29,52,1.7929326255185785,51,34.36
29,53,1.8272927368385123,52,34.36
29,54,1.8616528481584462,53,34.36
29,55,1.8960129594783801,54,34.36
29,56,1.930373070798314,55,34.36
29,57,1.9647331821182479,56,34.36
29,58,1.9990932934381818,57,34.36
29,59,2.0334534047581156,58,34.36
29,60,2.0678135160780498,59,34.36
29,61,2.102173627397984,60,34.36
29,62,2.136533738717918,61,34.36
29,63,2.170893850037852,62,34.36
29,64,2.205253961357786,63,34.36
29,65,2.2396140726777203,64,34.36
29,66,2.2739741839976544,65,34.36
29,67,2.3083342953175885,66,34.36
29,68,2.3426944066375226,67,34.36
29,69,2.3770545179574567,68,34.36
29,70,2.411414629277391,69,34.36
29,71,2.445774740597325,70,34.36
29,72,2.480134851917259,71,34.36
29,73,2.514494963237193,72,34.36
29,74,2.5488550745571272,73,34.36
29,75,2.5832151858770613,74,34.36
29,76,2.6175752971969954,75,34.36
29,77,2.6519354085169295,76,34.36
29,78,2.6862955198368637,77,34.36
29,79,2.7206556311567978,78,34.36
29,80,2.755015742476732,79,34.36
29,81,2.789375853796666,80,34.36
29,82,2.8237359651166,81,34.36
29,83,2.858096076436534,82,34.36
29,84,2.8924561877564683,83,34.36
29,85,2.9268162990764024,84,34.36
29,86,2.9611764103963365,85,34.36
29,87,2.9955365217162706,86,34.36
29,88,3.0298966330362047,87,34.36
29,89,3.064256744356139,88,34.36
29,90,3.098616855676073,89,34.36
29,91,3.132976966996007,90,34.36
29,92,3.167337078315941,91,34.36
29,93,3.2016971896358752,92,34.36
29,94,3.2360573009558093,93,34.36
29,95,3.2704174122757435,94,34.36
29,96,3.3047775235956776,95,34.36
29,97,3.3391376349156117,96,34.36
29,98,3.3734977462355458,97,34.36
29,99,3.40785785755548,98,34.36
29,100,3.442217968875414,99,34.36
29,101,3.476578080195348,100,34.36
29,102,3.510938191515282,101,34.36
29,103,3.5452983028352163,102,34.36
29,104,3.5796584141551504,103,34.36
29,105,3.6140185254750845,104,34.36
29,106,3.6483786367950186,105,34.36
29,107,3.6827387481149527,106,34.36
29,108,3.717098859434887,107,34.36
29,109,3.751458970754821,108,34.36
29,110,3.785819082074755,109,34.36
29,111,3.820179193394689,110,34.36
29,112,3.8545393047146232,111,34.36
29,113,3.8888994160345574,112,34.36
29,114,3.923192330786238,113,34.293
29,115,3.957485245537919,114,34.293
29,116,3.9917781602896,115,34.293
29,117,4.026071075041281,116,34.293
29,118,4.060363989792962,117,34.293
29,119,4.094656904544643,118,34.293
29,120,4.1289498192963245,119,34.293
29,121,4.163242734048006,120,34.293
29,122,4.197535648799687,121,34.293
29,123,4.231828563551368,122,34.293
29,124,4.26612147830305,123,34.293
29,125,4.300414393054731,124,34.293
29,126,4.334707307806412,125,34.293
29,127,4.3690002225580935,126,34.293
29,128,4.403293137309775,127,34.293
30,1,0.06062981445037379,0,60.63
30,2,0.09457194939013219,1,33.942
30,3,0.1285140843298906,2,33.942
30,4,0.16245621926964898,3,33.942
30,5,0.19639835420940738,4,33.942
30,6,0.23034048914916577,5,33.942
30,7,0.26428262408892417,6,33.942
30,8,0.29822475902868256,7,33.942
30,9,0.33216689396844096,8,33.942
30,10,0.36610902890819935,9,33.942
30,11,0.40005116384795775,10,33.942
30,12,0.43399329878771614,11,33.942
30,13,0.46793543372747454,12,33.942
30,14,0.501877568667233,13,33.942
30,15,0.5358197036069914,14,33.942
30,16,0.5697618385467498,15,33.942
30,17,0.6037039734865082,16,33.942
30,18,0.6376461084262666,17,33.942
30,19,0.671588243366025,18,33.942
30,20,0.7055303783057834,19,33.942
30,21,0.7394725132455418,20,33.942
30,22,0.7734146481853001,21,33.942
30,23,0.8073567831250585,22,33.942
30,24,0.8412989180648169,23,33.942
30,25,0.8752410530045753,24,33.942
30,26,0.9091831879443337,25,33.942
30,27,0.9431253228840921,26,33.942
30,28,0.9770674578238505,27,33.942
30,29,1.011009592763609,28,33.942
30,30,1.0449517277033673,29,33.942
30,31,1.0788938626431257,30,33.942
30,32,1.112835997582884,31,33.942
30,33,1.1467781325226425,32,33.942
30,34,1.1807202674624009,33,33.942
30,35,1.2146624024021593,34,33.942
30,36,1.2486045373419177,35,33.942
30,37,1.282546672281676,36,33.942
30,38,1.3164888072214345,37,33.942
30,39,1.3504309421611929,38,33.942
30,40,1.3843730771009513,39,33.942
30,41,1.4183152120407096,40,33.942
30,42,1.452257346980468,41,33.942
30,43,1.4861994819202264,42,33.942
30,44,1.5201416168599848,43,33.942
30,45,1.5540837517997432,44,33.942
30,46,1.5880258867395016,45,33.942
30,47,1.62196802167926,46,33.942
30,48,1.6559101566190184,47,33.942
30,49,1.6898522915587768,48,33.942
30,50,1.7242124028787107,49,34.36
30,51,1.7585725141986446,50,34.36
30,52,1.7929326255185785,51,34.36
30,53,1.8272927368385123,52,34.36
30,54,1.8616528481584462,53,34.36
30,55,1.8960129594783801,54,34.36
30,56,1.930373070798314,55,34.36
30,57,1.9647331821182479,56,34.36
30,58,1.9990932934381818,57,34.36
30,59,2.0334534047581156,58,34.36
30,60,2.0678135160780498,59,34.36
30,61,2.102173627397984,60,34.36
30,62,2.136533738717918,61,34.36
30,63,2.170893850037852,62,34.36
30,64,2.205253961357786,63,34.36
30,65,2.2396140726777203,64,34.36
30,66,2.2739741839976544,65,34.36
30,67,2.3083342953175885,66,34.36
30,68,2.3426944066375226,67,34.36
30,69,2.3770545179574567,68,34.36
30,70,2.411414629277391,69,34.36
30,71,2.445774740597325,70,34.36
30,72,2.480134851917259,71,34.36
30,73,2.514494963237193,72,34.36
30,74,2.5488550745571272,73,34.36
30,75,2.5832151858770613,74,34.36
30,76,2.6175752971969954,75,34.36
30,77,2.6519354085169295,76,34.36
30,78,2.6862955198368637,77,34.36
30,79,2.7206556311567978,78,34.36
30,80,2.755015742476732,79,34.36
30,81,2.789375853796666,80,34.36
30,82,2.8237359651166,81,34.36
30,83,2.858096076436534,82,34.36
30,84,2.8924561877564683,83,34.36
30,85,2.9268162990764024,84,34.36
30,86,2.9611764103963365,85,34.36
30,87,2.9955365217162706,86,34.36
30,88,3.0298966330362047,87,34.36
30,89,3.064256744356139,88,34.36
30,90,3.098616855676073,89,34.36
30,91,3.132976966996007,90,34.36
30,92,3.167337078315941,91,34.36
30,93,3.2016971896358752,92,34.36
30,94,3.2360573009558093,93,34.36
30,95,3.2704174122757435,94,34.36
30,96,3.3047775235956776,95,34.36
30,97,3.3391376349156117,96,34.36
30,98,3.3734977462355458,97,34.36
30,99,3.40785785755548,98,34.36
30,100,3.442217968875414,99,34.36
30,101,3.476578080195348,100,34.36
30,102,3.510938191515282,101,34.36
30,103,3.5452983028352163,102,34.36
30,104,3.5796584141551504,103,34.36
30,105,3.6140185254750845,104,34.36
30,106,3.6483786367950186,105,34.36
30,107,3.6827387481149527,106,34.36
30,108,3.717098859434887,107,34.36
30,109,3.751458970754821,108,34.36
30,110,3.785819082074755,109,34.36
30,111,3.820179193394689,110,34.36
30,112,3.8545393047146232,111,34.36
30,113,3.8888994160345574,112,34.36
30,114,3.923192330786238,113,34.293
30,115,3.957485245537919,114,34.293
30,116,3.9917781602896,115,34.293
30,117,4.026071075041281,116,34.293
30,118,4.060363989792962,117,34.293
30,119,4.094656904544643,118,34.293
30,120,4.1289498192963245,119,34.293
30,121,4.163242734048006,120,34.293
30,122,4.197535648799687,121,34.293
30,123,4.231828563551368,122,34.293
30,124,4.26612147830305,123,34.293
30,125,4.300414393054731,124,34.293
30,126,4.334707307806412,125,34.293
30,127,4.3690002225580935,126,34.293
30,128,4.403293137309775,127,34.293
31,1,0.06062981445037379,0,60.63
31,2,0.09457194939013219,1,33.942
31,3,0.1285140843298906,2,33.942
31,4,0.16245621926964898,3,33.942
31,5,0.19639835420940738,4,33.942
31,6,0.23034048914916577,5,33.942
31,7,0.26428262408892417,6,33.942
31,8,0.29822475902868256,7,33.942
31,9,0.33216689396844096,8,33.942
31,10,0.36610902890819935,9,33.942
31,11,0.40005116384795775,10,33.942
31,12,0.43399329878771614,11,33.942
31,13,0.46793543372747454,12,33.942
31,14,0.501877568667233,13,33.942
31,15,0.5358197036069914,14,33.942
31,16,0.5697618385467498,15,33.942
31,17,0.6037039734865082,16,33.942
31,18,0.6376461084262666,17,33.942
31,19,0.671588243366025,18,33.942
31,20,0.7055303783057834,19,33.942
31,21,0.7394725132455418,20,33.942
31,22,0.7734146481853001,21,33.942
31,23,0.8073567831250585,22,33.942
31,24,0.8412989180648169,23,33.942
31,25,0.8752410530045753,24,33.942
31,26,0.9091831879443337,25,33.942
31,27,0.9431253228840921,26,33.942
31,28,0.9770674578238505,27,33.942
31,29,1.011009592763609,28,33.942
31,30,1.0449517277033673,29,33.942
31,31,1.0788938626431257,30,33.942
31,32,1.112835997582884,31,33.942
31,33,1.1467781325226425,32,33.942
31,34,1.1807202674624009,33,33.942
31,35,1.2146624024021593,34,33.942
31,36,1.2486045373419177,35,33.942
31,37,1.282546672281676,36,33.942
31,38,1.3164888072214345,37,33.942
31,39,1.3504309421611929,38,33.942
31,40,1.3843730771009513,39,33.942
31,41,1.4183152120407096,40,33.942
31,42,1.452257346980468,41,33.942
31,43,1.4861994819202264,42,33.942
31,44,1.5201416168599848,43,33.942
31,45,1.5540837517997432,44,33.942
31,46,1.5880258867395016,45,33.942
31,47,1.62196802167926,46,33.942
31,48,1.6559101566190184,47,33.942
31,49,1.6898522915587768,48,33.942
31,50,1.7242124028787107,49,34.36
31,51,1.7585725141986446,50,34.36
31,52,1.7929326255185785,51,34.36
31,53,1.8272927368385123,52,34.36
31,54,1.8616528481584462,53,34.36
31,55,1.8960129594783801,54,34.36
31,56,1.930373070798314,55,34.36
31,57,1.9647331821182479,56,34.36
31,58,1.9990932934381818,57,34.36
31,59,2.0334534047581156,58,34.36
31,60,2.0678135160780498,59,34.36
31,61,2.102173627397984,60,34.36
31,62,2.136533738717918,61,34.36
31,63,2.170893850037852,62,34.36
31,64,2.205253961357786,63,34.36
31,65,2.2396140726777203,64,34.36
31,66,2.2739741839976544,65,34.36
31,67,2.3083342953175885,66,34.36
31,68,2.3426944066375226,67,34.36
31,69,2.3770545179574567,68,34.36
31,70,2.411414629277391,69,34.36
31,71,2.445774740597325,70,34.36
31,72,2.480134851917259,71,34.36
31,73,2.514494963237193,72,34.36
31,74,2.5488550745571272,73,34.36
31,75,2.5832151858770613,74,34.36
31,76,2.6175752971969954,75,34.36
31,77,2.6519354085169295,76,34.36
31,78,2.6862955198368637,77,34.36
31,79,2.7206556311567978,78,34.36
31,80,2.755015742476732,79,34.36
31,81,2.789375853796666,80,34.36
31,82,2.8237359651166,81,34.36
31,83,2.858096076436534,82,34.36
31,84,2.8924561877564683,83,34.36
31,85,2.9268162990764024,84,34.36
31,86,2.9611764103963365,85,34.36
31,87,2.9955365217162706,86,34.36
31,88,3.0298966330362047,87,34.36
31,89,3.064256744356139,88,34.36
31,90,3.098616855676073,89,34.36
31,91,3.132976966996007,90,34.36
31,92,3.167337078315941,91,34.36
31,93,3.2016971896358752,92,34.36
31,94,3.2360573009558093,93,34.36
31,95,3.2704174122757435,94,34.36
31,96,3.3047775235956776,95,34.36
31,97,3.3391376349156117,96,34.36
31,98,3.3734977462355458,97,34.36
31,99,3.40785785755548,98,34.36
31,100,3.442217968875414,99,34.36
31,101,3.476578080195348,100,34.36
31,102,3.510938191515282,101,34.36
31,103,3.5452983028352163,102,34.36
31,104,3.5796584141551504,103,34.36
31,105,3.6140185254750845,104,34.36
31,106,3.6483786367950186,105,34.36
31,107,3.6827387481149527,106,34.36
31,108,3.717098859434887,107,34.36
31,109,3.751458970754821,108,34.36
31,110,3.785819082074755,109,34.36
31,111,3.820179193394689,110,34.36
31,112,3.8545393047146232,111,34.36
31,113,3.8888994160345574,112,34.36
31,114,3.923192330786238,113,34.293
31,115,3.957485245537919,114,34.293
31,116,3.9917781602896,115,34.293
31,117,4.026071075041281,116,34.293
31,118,4.060363989792962,117,34.293
31,119,4.094656904544643,118,34.293
31,120,4.1289498192963245,119,34.293
31,121,4.163242734048006,120,34.293
31,122,4.197535648799687,121,34.293
31,123,4.231828563551368,122,34.293
31,124,4.26612147830305,123,34.293
31,125,4.300414393054731,124,34.293
31,126,4.334707307806412,125,34.293
31,127,4.3690002225580935,126,34.293
31,128,4.403293137309775,127,34.293
