request,token,time_s,step,gap_ms
0,1,0.2864330801704442,0,286.433
0,2,0.3241886302452615,1,37.756
0,3,0.3619441803200788,2,37.756
0,4,0.3996997303948961,3,37.756
0,5,0.4374552804697134,4,37.756
0,6,0.47521083054453067,5,37.756
0,7,0.512966380619348,6,37.756
0,8,0.5507219306941653,7,37.756
0,9,0.5884774807689827,8,37.756
0,10,0.6262330308438,9,37.756
0,11,0.6639885809186173,10,37.756
0,12,0.7017441309934347,11,37.756
0,13,0.739499681068252,12,37.756
0,14,0.7772552311430694,13,37.756
0,15,0.8150107812178867,14,37.756
0,16,0.8527663312927041,15,37.756
0,17,0.8905218813675214,16,37.756
0,18,0.9282774314423388,17,37.756
0,19,0.9660329815171561,18,37.756
0,20,1.0037885315919735,19,37.756
0,21,1.0415440816667907,20,37.756
0,22,1.079299631741608,21,37.756
0,23,1.1170551818164252,22,37.756
0,24,1.1548107318912424,23,37.756
0,25,1.1925662819660596,24,37.756
0,26,1.2303218320408769,25,37.756
0,27,1.268077382115694,26,37.756
0,28,1.3058329321905113,27,37.756
0,29,1.3435884822653286,28,37.756
0,30,1.3813440323401458,29,37.756
0,31,1.419099582414963,30,37.756
0,32,1.4568551324897803,31,37.756
0,33,1.4946106825645975,32,37.756
0,34,1.5323662326394147,33,37.756
0,35,1.570121782714232,34,37.756
0,36,1.6078773327890492,35,37.756
0,37,1.6456328828638664,36,37.756
0,38,1.6833884329386837,37,37.756
0,39,1.721143983013501,38,37.756
0,40,1.7588995330883181,39,37.756
0,41,1.7966550831631354,40,37.756
0,42,1.8344106332379526,41,37.756
0,43,1.8721661833127698,42,37.756
0,44,1.909921733387587,43,37.756
0,45,1.9476772834624043,44,37.756
0,46,1.9854328335372216,45,37.756
0,47,2.023188383612039,46,37.756
0,48,2.0609439336868562,47,37.756
0,49,2.0986994837616737,48,37.756
0,50,2.1366317189519872,49,37.932
0,51,2.1745639541423007,50,37.932
0,52,2.2124961893326143,51,37.932
0,53,2.250428424522928,52,37.932
0,54,2.2883606597132413,53,37.932
0,55,2.326292894903555,54,37.932
0,56,2.3642251300938684,55,37.932
0,57,2.402157365284182,56,37.932
0,58,2.4400896004744954,57,37.932
0,59,2.478021835664809,58,37.932
0,60,2.5159540708551225,59,37.932
0,61,2.553886306045436,60,37.932
0,62,2.5918185412357495,61,37.932
0,63,2.629750776426063,62,37.932
0,64,2.6676830116163766,63,37.932
0,65,2.70561524680669,64,37.932
0,66,2.7435474819970036,65,37.932
0,67,2.781479717187317,66,37.932
0,68,2.8194119523776306,67,37.932
0,69,2.857344187567944,68,37.932
0,70,2.8952764227582577,69,37.932
0,71,2.933208657948571,70,37.932
0,72,2.9711408931388847,71,37.932
0,73,3.0090731283291983,72,37.932
0,74,3.047005363519512,73,37.932
0,75,3.0849375987098253,74,37.932
0,76,3.122869833900139,75,37.932
0,77,3.1608020690904524,76,37.932
0,78,3.198734304280766,77,37.932
0,79,3.2366665394710794,78,37.932
0,80,3.274598774661393,79,37.932
0,81,3.3125310098517065,80,37.932
0,82,3.35046324504202,81,37.932
0,83,3.3883954802323335,82,37.932
0,84,3.426327715422647,83,37.932
0,85,3.4642599506129605,84,37.932
0,86,3.502192185803274,85,37.932
0,87,3.5401244209935876,86,37.932
0,88,3.578056656183901,87,37.932
0,89,3.6159888913742146,88,37.932
0,90,3.653921126564528,89,37.932
0,91,3.6918533617548417,90,37.932
0,92,3.729785596945155,91,37.932
0,93,3.7677178321354687,92,37.932
0,94,3.8056500673257823,93,37.932
0,95,3.843582302516096,94,37.932
0,96,3.8815145377064093,95,37.932
0,97,3.919446772896723,96,37.932
0,98,3.9573790080870364,97,37.932
0,99,3.99531124327735,98,37.932
0,100,4.033243478467663,99,37.932
0,101,4.071175713657977,100,37.932
0,102,4.109107948848291,101,37.932
0,103,4.147040184038605,102,37.932
0,104,4.184972419228919,103,37.932
0,105,4.222904654419233,104,37.932
0,106,4.260836889609547,105,37.932
0,107,4.298769124799861,106,37.932
0,108,4.336701359990175,107,37.932
0,109,4.374633595180489,108,37.932
0,110,4.412565830370803,109,37.932
0,111,4.450498065561117,110,37.932
0,112,4.488430300751431,111,37.932
0,113,4.526362535941745,112,37.932
0,114,4.5643505204403265,113,37.988
0,115,4.602338504938908,114,37.988
0,116,4.64032648943749,115,37.988
0,117,4.678314473936071,116,37.988
0,118,4.716302458434653,117,37.988
0,119,4.754290442933234,118,37.988
0,120,4.792278427431816,119,37.988
0,121,4.830266411930397,120,37.988
0,122,4.868254396428979,121,37.988
0,123,4.90624238092756,122,37.988
0,124,4.944230365426142,123,37.988
0,125,4.9822183499247235,124,37.988
0,126,5.020206334423305,125,37.988
0,127,5.0581943189218865,126,37.988
0,128,5.096182303420468,127,37.988
1,1,0.2864330801704442,0,286.433
1,2,0.3241886302452615,1,37.756
1,3,0.3619441803200788,2,37.756
1,4,0.3996997303948961,3,37.756
1,5,0.4374552804697134,4,37.756
1,6,0.47521083054453067,5,37.756
1,7,0.512966380619348,6,37.756
1,8,0.5507219306941653,7,37.756
1,9,0.5884774807689827,8,37.756
1,10,0.6262330308438,9,37.756
1,11,0.6639885809186173,10,37.756
1,12,0.7017441309934347,11,37.756
1,13,0.739499681068252,12,37.756
1,14,0.7772552311430694,13,37.756
1,15,0.8150107812178867,14,37.756
1,16,0.8527663312927041,15,37.756
1,17,0.8905218813675214,16,37.756
1,18,0.9282774314423388,17,37.756
1,19,0.9660329815171561,18,37.756
1,20,1.0037885315919735,19,37.756
1,21,1.0415440816667907,20,37.756
1,22,1.079299631741608,21,37.756
1,23,1.1170551818164252,22,37.756
1,24,1.1548107318912424,23,37.756
1,25,1.1925662819660596,24,37.756
1,26,1.2303218320408769,25,37.756
1,27,1.268077382115694,26,37.756
1,28,1.3058329321905113,27,37.756
1,29,1.3435884822653286,28,37.756
1,30,1.3813440323401458,29,37.756
1,31,1.419099582414963,30,37.756
1,32,1.4568551324897803,31,37.756
1,33,1.4946106825645975,32,37.756
1,34,1.5323662326394147,33,37.756
1,35,1.570121782714232,34,37.756
1,36,1.6078773327890492,35,37.756
1,37,1.6456328828638664,36,37.756
1,38,1.6833884329386837,37,37.756
1,39,1.721143983013501,38,37.756
1,40,1.7588995330883181,39,37.756
1,41,1.7966550831631354,40,37.756
1,42,1.8344106332379526,41,37.756
1,43,1.8721661833127698,42,37.756
1,44,1.909921733387587,43,37.756
1,45,1.9476772834624043,44,37.756
1,46,1.9854328335372216,45,37.756
1,47,2.023188383612039,46,37.756
1,48,2.0609439336868562,47,37.756
1,49,2.0986994837616737,48,37.756
1,50,2.1366317189519872,49,37.932
1,51,2.1745639541423007,50,37.932
1,52,2.2124961893326143,51,37.932
1,53,2.250428424522928,52,37.932
1,54,2.2883606597132413,53,37.932
1,55,2.326292894903555,54,37.932
1,56,2.3642251300938684,55,37.932
1,57,2.402157365284182,56,37.932
1,58,2.4400896004744954,57,37.932
1,59,2.478021835664809,58,37.932
1,60,2.5159540708551225,59,37.932
1,61,2.553886306045436,60,37.932
1,62,2.5918185412357495,61,37.932
1,63,2.629750776426063,62,37.932
1,64,2.6676830116163766,63,37.932
1,65,2.70561524680669,64,37.932
1,66,2.7435474819970036,65,37.932
1,67,2.781479717187317,66,37.932
1,68,2.8194119523776306,67,37.932
1,69,2.857344187567944,68,37.932
1,70,2.8952764227582577,69,37.932
1,71,2.933208657948571,70,37.932
1,72,2.9711408931388847,71,37.932
1,73,3.0090731283291983,72,37.932
1,74,3.047005363519512,73,37.932
1,75,3.0849375987098253,74,37.932
1,76,3.122869833900139,75,37.932
1,77,3.1608020690904524,76,37.932
1,78,3.198734304280766,77,37.932
1,79,3.2366665394710794,78,37.932
1,80,3.274598774661393,79,37.932
1,81,3.3125310098517065,80,37.932
1,82,3.35046324504202,81,37.932
1,83,3.3883954802323335,82,37.932
1,84,3.426327715422647,83,37.932
1,85,3.4642599506129605,84,37.932
1,86,3.502192185803274,85,37.932
1,87,3.5401244209935876,86,37.932
1,88,3.578056656183901,87,37.932
1,89,3.6159888913742146,88,37.932
1,90,3.653921126564528,89,37.932
1,91,3.6918533617548417,90,37.932
1,92,3.729785596945155,91,37.932
1,93,3.7677178321354687,92,37.932
1,94,3.8056500673257823,93,37.932
1,95,3.843582302516096,94,37.932
1,96,3.8815145377064093,95,37.932
1,97,3.919446772896723,96,37.932
1,98,3.9573790080870364,97,37.932
1,99,3.99531124327735,98,37.932
1,100,4.033243478467663,99,37.932
1,101,4.071175713657977,100,37.932
1,102,4.109107948848291,101,37.932
1,103,4.147040184038605,102,37.932
1,104,4.184972419228919,103,37.932
1,105,4.222904654419233,104,37.932
1,106,4.260836889609547,105,37.932
1,107,4.298769124799861,106,37.932
1,108,4.336701359990175,107,37.932
1,109,4.374633595180489,108,37.932
1,110,4.412565830370803,109,37.932
1,111,4.450498065561117,110,37.932
1,112,4.488430300751431,111,37.932
1,113,4.526362535941745,112,37.932
1,114,4.5643505204403265,113,37.988
1,115,4.602338504938908,114,37.988
1,116,4.64032648943749,115,37.988
1,117,4.678314473936071,116,37.988
1,118,4.716302458434653,117,37.988
1,119,4.754290442933234,118,37.988
1,120,4.792278427431816,119,37.988
1,121,4.830266411930397,120,37.988
1,122,4.868254396428979,121,37.988
1,123,4.90624238092756,122,37.988
1,124,4.944230365426142,123,37.988
1,125,4.9822183499247235,124,37.988
1,126,5.020206334423305,125,37.988
1,127,5.0581943189218865,126,37.988
1,128,5.096182303420468,127,37.988
2,1,0.2864330801704442,0,286.433
2,2,0.3241886302452615,1,37.756
2,3,0.3619441803200788,2,37.756
2,4,0.3996997303948961,3,37.756
2,5,0.4374552804697134,4,37.756
2,6,0.47521083054453067,5,37.756
2,7,0.512966380619348,6,37.756
2,8,0.5507219306941653,7,37.756
2,9,0.5884774807689827,8,37.756
2,10,0.6262330308438,9,37.756
2,11,0.6639885809186173,10,37.756
2,12,0.7017441309934347,11,37.756
2,13,0.739499681068252,12,37.756
2,14,0.7772552311430694,13,37.756
2,15,0.8150107812178867,14,37.756
2,16,0.8527663312927041,15,37.756
2,17,0.8905218813675214,16,37.756
2,18,0.9282774314423388,17,37.756
2,19,0.9660329815171561,18,37.756
2,20,1.0037885315919735,19,37.756
2,21,1.0415440816667907,20,37.756
2,22,1.079299631741608,21,37.756
2,23,1.1170551818164252,22,37.756
2,24,1.1548107318912424,23,37.756
2,25,1.1925662819660596,24,37.756
2,26,1.2303218320408769,25,37.756
2,27,1.268077382115694,26,37.756
2,28,1.3058329321905113,27,37.756
2,29,1.3435884822653286,28,37.756
2,30,1.3813440323401458,29,37.756
2,31,1.419099582414963,30,37.756
2,32,1.4568551324897803,31,37.756
2,33,1.4946106825645975,32,37.756
2,34,1.5323662326394147,33,37.756
2,35,1.570121782714232,34,37.756
2,36,1.6078773327890492,35,37.756
2,37,1.6456328828638664,36,37.756
2,38,1.6833884329386837,37,37.756
2,39,1.721143983013501,38,37.756
2,40,1.7588995330883181,39,37.756
2,41,1.7966550831631354,40,37.756
2,42,1.8344106332379526,41,37.756
2,43,1.8721661833127698,42,37.756
2,44,1.909921733387587,43,37.756
2,45,1.9476772834624043,44,37.756
2,46,1.9854328335372216,45,37.756
2,47,2.023188383612039,46,37.756
2,48,2.0609439336868562,47,37.756
2,49,2.0986994837616737,48,37.756
2,50,2.1366317189519872,49,37.932
2,51,2.1745639541423007,50,37.932
2,52,2.2124961893326143,51,37.932
2,53,2.250428424522928,52,37.932
2,54,2.2883606597132413,53,37.932
2,55,2.326292894903555,54,37.932
2,56,2.3642251300938684,55,37.932
2,57,2.402157365284182,56,37.932
2,58,2.4400896004744954,57,37.932
2,59,2.478021835664809,58,37.932
2,60,2.5159540708551225,59,37.932
2,61,2.553886306045436,60,37.932
2,62,2.5918185412357495,61,37.932
2,63,2.629750776426063,62,37.932
2,64,2.6676830116163766,63,37.932
2,65,2.70561524680669,64,37.932
2,66,2.7435474819970036,65,37.932
2,67,2.781479717187317,66,37.932
2,68,2.8194119523776306,67,37.932
2,69,2.857344187567944,68,37.932
2,70,2.8952764227582577,69,37.932
2,71,2.933208657948571,70,37.932
2,72,2.9711408931388847,71,37.932
2,73,3.0090731283291983,72,37.932
2,74,3.047005363519512,73,37.932
2,75,3.0849375987098253,74,37.932
2,76,3.122869833900139,75,37.932
2,77,3.1608020690904524,76,37.932
2,78,3.198734304280766,77,37.932
2,79,3.2366665394710794,78,37.932
2,80,3.274598774661393,79,37.932
2,81,3.3125310098517065,80,37.932
2,82,3.35046324504202,81,37.932
2,83,3.3883954802323335,82,37.932
2,84,3.426327715422647,83,37.932
2,85,3.4642599506129605,84,37.932
2,86,3.502192185803274,85,37.932
2,87,3.5401244209935876,86,37.932
2,88,3.578056656183901,87,37.932
2,89,3.6159888913742146,88,37.932
2,90,3.653921126564528,89,37.932
2,91,3.6918533617548417,90,37.932
2,92,3.729785596945155,91,37.932
2,93,3.7677178321354687,92,37.932
2,94,3.8056500673257823,93,37.932
2,95,3.843582302516096,94,37.932
2,96,3.8815145377064093,95,37.932
2,97,3.919446772896723,96,37.932
2,98,3.9573790080870364,97,37.932
2,99,3.99531124327735,98,37.932
2,100,4.033243478467663,99,37.932
2,101,4.071175713657977,100,37.932
2,102,4.109107948848291,101,37.932
2,103,4.147040184038605,102,37.932
2,104,4.184972419228919,103,37.932
2,105,4.222904654419233,104,37.932
2,106,4.260836889609547,105,37.932
2,107,4.298769124799861,106,37.932
2,108,4.336701359990175,107,37.932
2,109,4.374633595180489,108,37.932
2,110,4.412565830370803,109,37.932
2,111,4.450498065561117,110,37.932
2,112,4.488430300751431,111,37.932
2,113,4.526362535941745,112,37.932
2,114,4.5643505204403265,113,37.988
2,115,4.602338504938908,114,37.988
2,116,4.64032648943749,115,37.988
2,117,4.678314473936071,116,37.988
2,118,4.716302458434653,117,37.988
2,119,4.754290442933234,118,37.988
2,120,4.792278427431816,119,37.988
2,121,4.830266411930397,120,37.988
2,122,4.868254396428979,121,37.988
2,123,4.90624238092756,122,37.988
2,124,4.944230365426142,123,37.988
2,125,4.9822183499247235,124,37.988
2,126,5.020206334423305,125,37.988
2,127,5.0581943189218865,126,37.988
2,128,5.096182303420468,127,37.988
3,1,0.2864330801704442,0,286.433
3,2,0.3241886302452615,1,37.756
3,3,0.3619441803200788,2,37.756
3,4,0.3996997303948961,3,37.756
3,5,0.4374552804697134,4,37.756
3,6,0.47521083054453067,5,37.756
3,7,0.512966380619348,6,37.756
3,8,0.5507219306941653,7,37.756
3,9,0.5884774807689827,8,37.756
3,10,0.6262330308438,9,37.756
3,11,0.6639885809186173,10,37.756
3,12,0.7017441309934347,11,37.756
3,13,0.739499681068252,12,37.756
3,14,0.7772552311430694,13,37.756
3,15,0.8150107812178867,14,37.756
3,16,0.8527663312927041,15,37.756
3,17,0.8905218813675214,16,37.756
3,18,0.9282774314423388,17,37.756
3,19,0.9660329815171561,18,37.756
3,20,1.0037885315919735,19,37.756
3,21,1.0415440816667907,20,37.756
3,22,1.079299631741608,21,37.756
3,23,1.1170551818164252,22,37.756
3,24,1.1548107318912424,23,37.756
3,25,1.1925662819660596,24,37.756
3,26,1.2303218320408769,25,37.756
3,27,1.268077382115694,26,37.756
3,28,1.3058329321905113,27,37.756
3,29,1.3435884822653286,28,37.756
3,30,1.3813440323401458,29,37.756
3,31,1.419099582414963,30,37.756
3,32,1.4568551324897803,31,37.756
3,33,1.4946106825645975,32,37.756
3,34,1.5323662326394147,33,37.756
3,35,1.570121782714232,34,37.756
3,36,1.6078773327890492,35,37.756
3,37,1.6456328828638664,36,37.756
3,38,1.6833884329386837,37,37.756
3,39,1.721143983013501,38,37.756
3,40,1.7588995330883181,39,37.756
3,41,1.7966550831631354,40,37.756
3,42,1.8344106332379526,41,37.756
3,43,1.8721661833127698,42,37.756
3,44,1.909921733387587,43,37.756
3,45,1.9476772834624043,44,37.756
3,46,1.9854328335372216,45,37.756
3,47,2.023188383612039,46,37.756
3,48,2.0609439336868562,47,37.756
3,49,2.0986994837616737,48,37.756
3,50,2.1366317189519872,49,37.932
3,51,2.1745639541423007,50,37.932
3,52,2.2124961893326143,51,37.932
3,53,2.250428424522928,52,37.932
3,54,2.2883606597132413,53,37.932
3,55,2.326292894903555,54,37.932
3,56,2.3642251300938684,55,37.932
3,57,2.402157365284182,56,37.932
3,58,2.4400896004744954,57,37.932
3,59,2.478021835664809,58,37.932
3,60,2.5159540708551225,59,37.932
3,61,2.553886306045436,60,37.932
3,62,2.5918185412357495,61,37.932
3,63,2.629750776426063,62,37.932
3,64,2.6676830116163766,63,37.932
3,65,2.70561524680669,64,37.932
3,66,2.7435474819970036,65,37.932
3,67,2.781479717187317,66,37.932
3,68,2.8194119523776306,67,37.932
3,69,2.857344187567944,68,37.932
3,70,2.8952764227582577,69,37.932
3,71,2.933208657948571,70,37.932
3,72,2.9711408931388847,71,37.932
3,73,3.0090731283291983,72,37.932
3,74,3.047005363519512,73,37.932
3,75,3.0849375987098253,74,37.932
3,76,3.122869833900139,75,37.932
3,77,3.1608020690904524,76,37.932
3,78,3.198734304280766,77,37.932
3,79,3.2366665394710794,78,37.932
3,80,3.274598774661393,79,37.932
3,81,3.3125310098517065,80,37.932
3,82,3.35046324504202,81,37.932
3,83,3.3883954802323335,82,37.932
3,84,3.426327715422647,83,37.932
3,85,3.4642599506129605,84,37.932
3,86,3.502192185803274,85,37.932
3,87,3.5401244209935876,86,37.932
3,88,3.578056656183901,87,37.932
3,89,3.6159888913742146,88,37.932
3,90,3.653921126564528,89,37.932
3,91,3.6918533617548417,90,37.932
3,92,3.729785596945155,91,37.932
3,93,3.7677178321354687,92,37.932
3,94,3.8056500673257823,93,37.932
3,95,3.843582302516096,94,37.932
3,96,3.8815145377064093,95,37.932
3,97,3.919446772896723,96,37.932
3,98,3.9573790080870364,97,37.932
3,99,3.99531124327735,98,37.932
3,100,4.033243478467663,99,37.932
3,101,4.071175713657977,100,37.932
3,102,4.109107948848291,101,37.932
3,103,4.147040184038605,102,37.932
3,104,4.184972419228919,103,37.932
3,105,4.222904654419233,104,37.932
3,106,4.260836889609547,105,37.932
3,107,4.298769124799861,106,37.932
3,108,4.336701359990175,107,37.932
3,109,4.374633595180489,108,37.932
3,110,4.412565830370803,109,37.932
3,111,4.450498065561117,110,37.932
3,112,4.488430300751431,111,37.932
3,113,4.526362535941745,112,37.932
3,114,4.5643505204403265,113,37.988
3,115,4.602338504938908,114,37.988
3,116,4.64032648943749,115,37.988
3,117,4.678314473936071,116,37.988
3,118,4.716302458434653,117,37.988
3,119,4.754290442933234,118,37.988
3,120,4.792278427431816,119,37.988
3,121,4.830266411930397,120,37.988
3,122,4.868254396428979,121,37.988
3,123,4.90624238092756,122,37.988
3,124,4.944230365426142,123,37.988
3,125,4.9822183499247235,124,37.988
3,126,5.020206334423305,125,37.988
3,127,5.0581943189218865,126,37.988
3,128,5.096182303420468,127,37.988
4,1,0.2864330801704442,0,286.433
4,2,0.3241886302452615,1,37.756
4,3,0.3619441803200788,2,37.756
4,4,0.3996997303948961,3,37.756
4,5,0.4374552804697134,4,37.756
4,6,0.47521083054453067,5,37.756
4,7,0.512966380619348,6,37.756
4,8,0.5507219306941653,7,37.756
4,9,0.5884774807689827,8,37.756
4,10,0.6262330308438,9,37.756
4,11,0.6639885809186173,10,37.756
4,12,0.7017441309934347,11,37.756
4,13,0.739499681068252,12,37.756
4,14,0.7772552311430694,13,37.756
4,15,0.8150107812178867,14,37.756
4,16,0.8527663312927041,15,37.756
4,17,0.8905218813675214,16,37.756
4,18,0.9282774314423388,17,37.756
4,19,0.9660329815171561,18,37.756
4,20,1.0037885315919735,19,37.756
4,21,1.0415440816667907,20,37.756
4,22,1.079299631741608,21,37.756
4,23,1.1170551818164252,22,37.756
4,24,1.1548107318912424,23,37.756
4,25,1.1925662819660596,24,37.756
4,26,1.2303218320408769,25,37.756
4,27,1.268077382115694,26,37.756
4,28,1.3058329321905113,27,37.756
4,29,1.3435884822653286,28,37.756
4,30,1.3813440323401458,29,37.756
4,31,1.419099582414963,30,37.756
4,32,1.4568551324897803,31,37.756
4,33,1.4946106825645975,32,37.756
4,34,1.5323662326394147,33,37.756
4,35,1.570121782714232,34,37.756
4,36,1.6078773327890492,35,37.756
4,37,1.6456328828638664,36,37.756
4,38,1.6833884329386837,37,37.756
4,39,1.721143983013501,38,37.756
4,40,1.7588995330883181,39,37.756
4,41,1.7966550831631354,40,37.756
4,42,1.8344106332379526,41,37.756
4,43,1.8721661833127698,42,37.756
4,44,1.909921733387587,43,37.756
4,45,1.9476772834624043,44,37.756
4,46,1.9854328335372216,45,37.756
4,47,2.023188383612039,46,37.756
4,48,2.0609439336868562,47,37.756
4,49,2.0986994837616737,48,37.756
4,50,2.1366317189519872,49,37.932
4,51,2.1745639541423007,50,37.932
4,52,2.2124961893326143,51,37.932
4,53,2.250428424522928,52,37.932
4,54,2.2883606597132413,53,37.932
4,55,2.326292894903555,54,37.932
4,56,2.3642251300938684,55,37.932
4,57,2.402157365284182,56,37.932
4,58,2.4400896004744954,57,37.932
4,59,2.478021835664809,58,37.932
4,60,2.5159540708551225,59,37.932
4,61,2.553886306045436,60,37.932
4,62,2.5918185412357495,61,37.932
4,63,2.629750776426063,62,37.932
4,64,2.6676830116163766,63,37.932
4,65,2.70561524680669,64,37.932
4,66,2.7435474819970036,65,37.932
4,67,2.781479717187317,66,37.932
4,68,2.8194119523776306,67,37.932
4,69,2.857344187567944,68,37.932
4,70,2.8952764227582577,69,37.932
4,71,2.933208657948571,70,37.932
4,72,2.9711408931388847,71,37.932
4,73,3.0090731283291983,72,37.932
4,74,3.047005363519512,73,37.932
4,75,3.0849375987098253,74,37.932
4,76,3.122869833900139,75,37.932
4,77,3.1608020690904524,76,37.932
4,78,3.198734304280766,77,37.932
4,79,3.2366665394710794,78,37.932
4,80,3.274598774661393,79,37.932
4,81,3.3125310098517065,80,37.932
4,82,3.35046324504202,81,37.932
4,83,3.3883954802323335,82,37.932
4,84,3.426327715422647,83,37.932
4,85,3.4642599506129605,84,37.932
4,86,3.502192185803274,85,37.932
4,87,3.5401244209935876,86,37.932
4,88,3.578056656183901,87,37.932
4,89,3.6159888913742146,88,37.932
4,90,3.653921126564528,89,37.932
4,91,3.6918533617548417,90,37.932
4,92,3.729785596945155,91,37.932
4,93,3.7677178321354687,92,37.932
4,94,3.8056500673257823,93,37.932
4,95,3.843582302516096,94,37.932
4,96,3.8815145377064093,95,37.932
4,97,3.919446772896723,96,37.932
4,98,3.9573790080870364,97,37.932
4,99,3.99531124327735,98,37.932
4,100,4.033243478467663,99,37.932
4,101,4.071175713657977,100,37.932
4,102,4.109107948848291,101,37.932
4,103,4.147040184038605,102,37.932
4,104,4.184972419228919,103,37.932
4,105,4.222904654419233,104,37.932
4,106,4.260836889609547,105,37.932
4,107,4.298769124799861,106,37.932
4,108,4.336701359990175,107,37.932
4,109,4.374633595180489,108,37.932
4,110,4.412565830370803,109,37.932
4,111,4.450498065561117,110,37.932
4,112,4.488430300751431,111,37.932
4,113,4.526362535941745,112,37.932
4,114,4.5643505204403265,113,37.988
4,115,4.602338504938908,114,37.988
4,116,4.64032648943749,115,37.988
4,117,4.678314473936071,116,37.988
4,118,4.716302458434653,117,37.988
4,119,4.754290442933234,118,37.988
4,120,4.792278427431816,119,37.988
4,121,4.830266411930397,120,37.988
4,122,4.868254396428979,121,37.988
4,123,4.90624238092756,122,37.988
4,124,4.944230365426142,123,37.988
4,125,4.9822183499247235,124,37.988
4,126,5.020206334423305,125,37.988
4,127,5.0581943189218865,126,37.988
4,128,5.096182303420468,127,37.988
5,1,0.2864330801704442,0,286.433
5,2,0.3241886302452615,1,37.756
5,3,0.3619441803200788,2,37.756
5,4,0.3996997303948961,3,37.756
5,5,0.4374552804697134,4,37.756
5,6,0.47521083054453067,5,37.756
5,7,0.512966380619348,6,37.756
5,8,0.5507219306941653,7,37.756
5,9,0.5884774807689827,8,37.756
5,10,0.6262330308438,9,37.756
5,11,0.6639885809186173,10,37.756
5,12,0.7017441309934347,11,37.756
5,13,0.739499681068252,12,37.756
5,14,0.7772552311430694,13,37.756
5,15,0.8150107812178867,14,37.756
5,16,0.8527663312927041,15,37.756
5,17,0.8905218813675214,16,37.756
5,18,0.9282774314423388,17,37.756
5,19,0.9660329815171561,18,37.756
5,20,1.0037885315919735,19,37.756
5,21,1.0415440816667907,20,37.756
5,22,1.079299631741608,21,37.756
5,23,1.1170551818164252,22,37.756
5,24,1.1548107318912424,23,37.756
5,25,1.1925662819660596,24,37.756
5,26,1.2303218320408769,25,37.756
5,27,1.268077382115694,26,37.756
5,28,1.3058329321905113,27,37.756
5,29,1.3435884822653286,28,37.756
5,30,1.3813440323401458,29,37.756
5,31,1.419099582414963,30,37.756
5,32,1.4568551324897803,31,37.756
5,33,1.4946106825645975,32,37.756
5,34,1.5323662326394147,33,37.756
5,35,1.570121782714232,34,37.756
5,36,1.6078773327890492,35,37.756
5,37,1.6456328828638664,36,37.756
5,38,1.6833884329386837,37,37.756
5,39,1.721143983013501,38,37.756
5,40,1.7588995330883181,39,37.756
5,41,1.7966550831631354,40,37.756
5,42,1.8344106332379526,41,37.756
5,43,1.8721661833127698,42,37.756
5,44,1.909921733387587,43,37.756
5,45,1.9476772834624043,44,37.756
5,46,1.9854328335372216,45,37.756
5,47,2.023188383612039,46,37.756
5,48,2.0609439336868562,47,37.756
5,49,2.0986994837616737,48,37.756
5,50,2.1366317189519872,49,37.932
5,51,2.1745639541423007,50,37.932
5,52,2.2124961893326143,51,37.932
5,53,2.250428424522928,52,37.932
5,54,2.2883606597132413,53,37.932
5,55,2.326292894903555,54,37.932
5,56,2.3642251300938684,55,37.932
5,57,2.402157365284182,56,37.932
5,58,2.4400896004744954,57,37.932
5,59,2.478021835664809,58,37.932
5,60,2.5159540708551225,59,37.932
5,61,2.553886306045436,60,37.932
5,62,2.5918185412357495,61,37.932
5,63,2.629750776426063,62,37.932
5,64,2.6676830116163766,63,37.932
5,65,2.70561524680669,64,37.932
5,66,2.7435474819970036,65,37.932
5,67,2.781479717187317,66,37.932
5,68,2.8194119523776306,67,37.932
5,69,2.857344187567944,68,37.932
5,70,2.8952764227582577,69,37.932
5,71,2.933208657948571,70,37.932
5,72,2.9711408931388847,71,37.932
5,73,3.0090731283291983,72,37.932
5,74,3.047005363519512,73,37.932
5,75,3.0849375987098253,74,37.932
5,76,3.122869833900139,75,37.932
5,77,3.1608020690904524,76,37.932
5,78,3.198734304280766,77,37.932
5,79,3.2366665394710794,78,37.932
5,80,3.274598774661393,79,37.932
5,81,3.3125310098517065,80,37.932
5,82,3.35046324504202,81,37.932
5,83,3.3883954802323335,82,37.932
5,84,3.426327715422647,83,37.932
5,85,3.4642599506129605,84,37.932
5,86,3.502192185803274,85,37.932
5,87,3.5401244209935876,86,37.932
5,88,3.578056656183901,87,37.932
5,89,3.6159888913742146,88,37.932
5,90,3.653921126564528,89,37.932
5,91,3.6918533617548417,90,37.932
5,92,3.729785596945155,91,37.932
5,93,3.7677178321354687,92,37.932
5,94,3.8056500673257823,93,37.932
5,95,3.843582302516096,94,37.932
5,96,3.8815145377064093,95,37.932
5,97,3.919446772896723,96,37.932
5,98,3.9573790080870364,97,37.932
5,99,3.99531124327735,98,37.932
5,100,4.033243478467663,99,37.932
5,101,4.071175713657977,100,37.932
5,102,4.109107948848291,101,37.932
5,103,4.147040184038605,102,37.932
5,104,4.184972419228919,103,37.932
5,105,4.222904654419233,104,37.932
5,106,4.260836889609547,105,37.932
5,107,4.298769124799861,106,37.932
5,108,4.336701359990175,107,37.932
5,109,4.374633595180489,108,37.932
5,110,4.412565830370803,109,37.932
5,111,4.450498065561117,110,37.932
5,112,4.488430300751431,111,37.932
5,113,4.526362535941745,112,37.932
5,114,4.5643505204403265,113,37.988
5,115,4.602338504938908,114,37.988
5,116,4.64032648943749,115,37.988
5,117,4.678314473936071,116,37.988
5,118,4.716302458434653,117,37.988
5,119,4.754290442933234,118,37.988
5,120,4.792278427431816,119,37.988
5,121,4.830266411930397,120,37.988
5,122,4.868254396428979,121,37.988
5,123,4.90624238092756,122,37.988
5,124,4.944230365426142,123,37.988
5,125,4.9822183499247235,124,37.988
5,126,5.020206334423305,125,37.988
5,127,5.0581943189218865,126,37.988
5,128,5.096182303420468,127,37.988
6,1,0.2864330801704442,0,286.433
6,2,0.3241886302452615,1,37.756
6,3,0.3619441803200788,2,37.756
6,4,0.3996997303948961,3,37.756
6,5,0.4374552804697134,4,37.756
6,6,0.47521083054453067,5,37.756
6,7,0.512966380619348,6,37.756
6,8,0.5507219306941653,7,37.756
6,9,0.5884774807689827,8,37.756
6,10,0.6262330308438,9,37.756
6,11,0.6639885809186173,10,37.756
6,12,0.7017441309934347,11,37.756
6,13,0.739499681068252,12,37.756
6,14,0.7772552311430694,13,37.756
6,15,0.8150107812178867,14,37.756
6,16,0.8527663312927041,15,37.756
6,17,0.8905218813675214,16,37.756
6,18,0.9282774314423388,17,37.756
6,19,0.9660329815171561,18,37.756
6,20,1.0037885315919735,19,37.756
6,21,1.0415440816667907,20,37.756
6,22,1.079299631741608,21,37.756
6,23,1.1170551818164252,22,37.756
6,24,1.1548107318912424,23,37.756
6,25,1.1925662819660596,24,37.756
6,26,1.2303218320408769,25,37.756
6,27,1.268077382115694,26,37.756
6,28,1.3058329321905113,27,37.756
6,29,1.3435884822653286,28,37.756
6,30,1.3813440323401458,29,37.756
6,31,1.419099582414963,30,37.756
6,32,1.4568551324897803,31,37.756
6,33,1.4946106825645975,32,37.756
6,34,1.5323662326394147,33,37.756
6,35,1.570121782714232,34,37.756
6,36,1.6078773327890492,35,37.756
6,37,1.6456328828638664,36,37.756
6,38,1.6833884329386837,37,37.756
6,39,1.721143983013501,38,37.756
6,40,1.7588995330883181,39,37.756
6,41,1.7966550831631354,40,37.756
6,42,1.8344106332379526,41,37.756
6,43,1.8721661833127698,42,37.756
6,44,1.909921733387587,43,37.756
6,45,1.9476772834624043,44,37.756
6,46,1.9854328335372216,45,37.756
6,47,2.023188383612039,46,37.756
6,48,2.0609439336868562,47,37.756
6,49,2.0986994837616737,48,37.756
6,50,2.1366317189519872,49,37.932
6,51,2.1745639541423007,50,37.932
6,52,2.2124961893326143,51,37.932
6,53,2.250428424522928,52,37.932
6,54,2.2883606597132413,53,37.932
6,55,2.326292894903555,54,37.932
6,56,2.3642251300938684,55,37.932
6,57,2.402157365284182,56,37.932
6,58,2.4400896004744954,57,37.932
6,59,2.478021835664809,58,37.932
6,60,2.5159540708551225,59,37.932
6,61,2.553886306045436,60,37.932
6,62,2.5918185412357495,61,37.932
6,63,2.629750776426063,62,37.932
6,64,2.6676830116163766,63,37.932
6,65,2.70561524680669,64,37.932
6,66,2.7435474819970036,65,37.932
6,67,2.781479717187317,66,37.932
6,68,2.8194119523776306,67,37.932
6,69,2.857344187567944,68,37.932
6,70,2.8952764227582577,69,37.932
6,71,2.933208657948571,70,37.932
6,72,2.9711408931388847,71,37.932
6,73,3.0090731283291983,72,37.932
6,74,3.047005363519512,73,37.932
6,75,3.0849375987098253,74,37.932
6,76,3.122869833900139,75,37.932
6,77,3.1608020690904524,76,37.932
6,78,3.198734304280766,77,37.932
6,79,3.2366665394710794,78,37.932
6,80,3.274598774661393,79,37.932
6,81,3.3125310098517065,80,37.932
6,82,3.35046324504202,81,37.932
6,83,3.3883954802323335,82,37.932
6,84,3.426327715422647,83,37.932
6,85,3.4642599506129605,84,37.932
6,86,3.502192185803274,85,37.932
6,87,3.5401244209935876,86,37.932
6,88,3.578056656183901,87,37.932
6,89,3.6159888913742146,88,37.932
6,90,3.653921126564528,89,37.932
6,91,3.6918533617548417,90,37.932
6,92,3.729785596945155,91,37.932
6,93,3.7677178321354687,92,37.932
6,94,3.8056500673257823,93,37.932
6,95,3.843582302516096,94,37.932
6,96,3.8815145377064093,95,37.932
6,97,3.919446772896723,96,37.932
6,98,3.9573790080870364,97,37.932
6,99,3.99531124327735,98,37.932
6,100,4.033243478467663,99,37.932
6,101,4.071175713657977,100,37.932
6,102,4.109107948848291,101,37.932
6,103,4.147040184038605,102,37.932
6,104,4.184972419228919,103,37.932
6,105,4.222904654419233,104,37.932
6,106,4.260836889609547,105,37.932
6,107,4.298769124799861,106,37.932
6,108,4.336701359990175,107,37.932
6,109,4.374633595180489,108,37.932
6,110,4.412565830370803,109,37.932
6,111,4.450498065561117,110,37.932
6,112,4.488430300751431,111,37.932
6,113,4.526362535941745,112,37.932
6,114,4.5643505204403265,113,37.988
6,115,4.602338504938908,114,37.988
6,116,4.64032648943749,115,37.988
6,117,4.678314473936071,116,37.988
6,118,4.716302458434653,117,37.988
6,119,4.754290442933234,118,37.988
6,120,4.792278427431816,119,37.988
6,121,4.830266411930397,120,37.988
6,122,4.868254396428979,121,37.988
6,123,4.90624238092756,122,37.988
6,124,4.944230365426142,123,37.988
6,125,4.9822183499247235,124,37.988
6,126,5.020206334423305,125,37.988
6,127,5.0581943189218865,126,37.988
6,128,5.096182303420468,127,37.988
7,1,0.2864330801704442,0,286.433
7,2,0.3241886302452615,1,37.756
7,3,0.3619441803200788,2,37.756
7,4,0.3996997303948961,3,37.756
7,5,0.4374552804697134,4,37.756
7,6,0.47521083054453067,5,37.756
7,7,0.512966380619348,6,37.756
7,8,0.5507219306941653,7,37.756
7,9,0.5884774807689827,8,37.756
7,10,0.6262330308438,9,37.756
7,11,0.6639885809186173,10,37.756
7,12,0.7017441309934347,11,37.756
7,13,0.739499681068252,12,37.756
7,14,0.7772552311430694,13,37.756
7,15,0.8150107812178867,14,37.756
7,16,0.8527663312927041,15,37.756
7,17,0.8905218813675214,16,37.756
7,18,0.9282774314423388,17,37.756
7,19,0.9660329815171561,18,37.756
7,20,1.0037885315919735,19,37.756
7,21,1.0415440816667907,20,37.756
7,22,1.079299631741608,21,37.756
7,23,1.1170551818164252,22,37.756
7,24,1.1548107318912424,23,37.756
7,25,1.1925662819660596,24,37.756
7,26,1.2303218320408769,25,37.756
7,27,1.268077382115694,26,37.756
7,28,1.3058329321905113,27,37.756
7,29,1.3435884822653286,28,37.756
7,30,1.3813440323401458,29,37.756
7,31,1.419099582414963,30,37.756
7,32,1.4568551324897803,31,37.756
7,33,1.4946106825645975,32,37.756
7,34,1.5323662326394147,33,37.756
7,35,1.570121782714232,34,37.756
7,36,1.6078773327890492,35,37.756
7,37,1.6456328828638664,36,37.756
7,38,1.6833884329386837,37,37.756
7,39,1.721143983013501,38,37.756
7,40,1.7588995330883181,39,37.756
7,41,1.7966550831631354,40,37.756
7,42,1.8344106332379526,41,37.756
7,43,1.8721661833127698,42,37.756
7,44,1.909921733387587,43,37.756
7,45,1.9476772834624043,44,37.756
7,46,1.9854328335372216,45,37.756
7,47,2.023188383612039,46,37.756
7,48,2.0609439336868562,47,37.756
7,49,2.0986994837616737,48,37.756
7,50,2.1366317189519872,49,37.932
7,51,2.1745639541423007,50,37.932
7,52,2.2124961893326143,51,37.932
7,53,2.250428424522928,52,37.932
7,54,2.2883606597132413,53,37.932
7,55,2.326292894903555,54,37.932
7,56,2.3642251300938684,55,37.932
7,57,2.402157365284182,56,37.932
7,58,2.4400896004744954,57,37.932
7,59,2.478021835664809,58,37.932
7,60,2.5159540708551225,59,37.932
7,61,2.553886306045436,60,37.932
7,62,2.5918185412357495,61,37.932
7,63,2.629750776426063,62,37.932
7,64,2.6676830116163766,63,37.932
7,65,2.70561524680669,64,37.932
7,66,2.7435474819970036,65,37.932
7,67,2.781479717187317,66,37.932
7,68,2.8194119523776306,67,37.932
7,69,2.857344187567944,68,37.932
7,70,2.8952764227582577,69,37.932
7,71,2.933208657948571,70,37.932
7,72,2.9711408931388847,71,37.932
7,73,3.0090731283291983,72,37.932
7,74,3.047005363519512,73,37.932
7,75,3.0849375987098253,74,37.932
7,76,3.122869833900139,75,37.932
7,77,3.1608020690904524,76,37.932
7,78,3.198734304280766,77,37.932
7,79,3.2366665394710794,78,37.932
7,80,3.274598774661393,79,37.932
7,81,3.3125310098517065,80,37.932
7,82,3.35046324504202,81,37.932
7,83,3.3883954802323335,82,37.932
7,84,3.426327715422647,83,37.932
7,85,3.4642599506129605,84,37.932
7,86,3.502192185803274,85,37.932
7,87,3.5401244209935876,86,37.932
7,88,3.578056656183901,87,37.932
7,89,3.6159888913742146,88,37.932
7,90,3.653921126564528,89,37.932
7,91,3.6918533617548417,90,37.932
7,92,3.729785596945155,91,37.932
7,93,3.7677178321354687,92,37.932
7,94,3.8056500673257823,93,37.932
7,95,3.843582302516096,94,37.932
7,96,3.8815145377064093,95,37.932
7,97,3.919446772896723,96,37.932
7,98,3.9573790080870364,97,37.932
7,99,3.99531124327735,98,37.932
7,100,4.033243478467663,99,37.932
7,101,4.071175713657977,100,37.932
7,102,4.109107948848291,101,37.932
7,103,4.147040184038605,102,37.932
7,104,4.184972419228919,103,37.932
7,105,4.222904654419233,104,37.932
7,106,4.260836889609547,105,37.932
7,107,4.298769124799861,106,37.932
7,108,4.336701359990175,107,37.932
7,109,4.374633595180489,108,37.932
7,110,4.412565830370803,109,37.932
7,111,4.450498065561117,110,37.932
7,112,4.488430300751431,111,37.932
7,113,4.526362535941745,112,37.932
7,114,4.5643505204403265,113,37.988
7,115,4.602338504938908,114,37.988
7,116,4.64032648943749,115,37.988
7,117,4.678314473936071,116,37.988
7,118,4.716302458434653,117,37.988
7,119,4.754290442933234,118,37.988
7,120,4.792278427431816,119,37.988
7,121,4.830266411930397,120,37.988
7,122,4.868254396428979,121,37.988
7,123,4.90624238092756,122,37.988
7,124,4.944230365426142,123,37.988
7,125,4.9822183499247235,124,37.988
7,126,5.020206334423305,125,37.988
7,127,5.0581943189218865,126,37.988
7,128,5.096182303420468,127,37.988
8,1,0.2864330801704442,0,286.433
8,2,0.3241886302452615,1,37.756
8,3,0.3619441803200788,2,37.756
8,4,0.3996997303948961,3,37.756
8,5,0.4374552804697134,4,37.756
8,6,0.47521083054453067,5,37.756
8,7,0.512966380619348,6,37.756
8,8,0.5507219306941653,7,37.756
8,9,0.5884774807689827,8,37.756
8,10,0.6262330308438,9,37.756
8,11,0.6639885809186173,10,37.756
8,12,0.7017441309934347,11,37.756
8,13,0.739499681068252,12,37.756
8,14,0.7772552311430694,13,37.756
8,15,0.8150107812178867,14,37.756
8,16,0.8527663312927041,15,37.756
8,17,0.8905218813675214,16,37.756
8,18,0.9282774314423388,17,37.756
8,19,0.9660329815171561,18,37.756
8,20,1.0037885315919735,19,37.756
8,21,1.0415440816667907,20,37.756
8,22,1.079299631741608,21,37.756
8,23,1.1170551818164252,22,37.756
8,24,1.1548107318912424,23,37.756
8,25,1.1925662819660596,24,37.756
8,26,1.2303218320408769,25,37.756
8,27,1.268077382115694,26,37.756
8,28,1.3058329321905113,27,37.756
8,29,1.3435884822653286,28,37.756
8,30,1.3813440323401458,29,37.756
8,31,1.419099582414963,30,37.756
8,32,1.4568551324897803,31,37.756
8,33,1.4946106825645975,32,37.756
8,34,1.5323662326394147,33,37.756
8,35,1.570121782714232,34,37.756
8,36,1.6078773327890492,35,37.756
8,37,1.6456328828638664,36,37.756
8,38,1.6833884329386837,37,37.756
8,39,1.721143983013501,38,37.756
8,40,1.7588995330883181,39,37.756
8,41,1.7966550831631354,40,37.756
8,42,1.8344106332379526,41,37.756
8,43,1.8721661833127698,42,37.756
8,44,1.909921733387587,43,37.756
8,45,1.9476772834624043,44,37.756
8,46,1.9854328335372216,45,37.756
8,47,2.023188383612039,46,37.756
8,48,2.0609439336868562,47,37.756
8,49,2.0986994837616737,48,37.756
8,50,2.1366317189519872,49,37.932
8,51,2.1745639541423007,50,37.932
8,52,2.2124961893326143,51,37.932
8,53,2.250428424522928,52,37.932
8,54,2.2883606597132413,53,37.932
8,55,2.326292894903555,54,37.932
8,56,2.3642251300938684,55,37.932
8,57,2.402157365284182,56,37.932
8,58,2.4400896004744954,57,37.932
8,59,2.478021835664809,58,37.932
8,60,2.5159540708551225,59,37.932
8,61,2.553886306045436,60,37.932
8,62,2.5918185412357495,61,37.932
8,63,2.629750776426063,62,37.932
8,64,2.6676830116163766,63,37.932
8,65,2.70561524680669,64,37.932
8,66,2.7435474819970036,65,37.932
8,67,2.781479717187317,66,37.932
8,68,2.8194119523776306,67,37.932
8,69,2.857344187567944,68,37.932
8,70,2.8952764227582577,69,37.932
8,71,2.933208657948571,70,37.932
8,72,2.9711408931388847,71,37.932
8,73,3.0090731283291983,72,37.932
8,74,3.047005363519512,73,37.932
8,75,3.0849375987098253,74,37.932
8,76,3.122869833900139,75,37.932
8,77,3.1608020690904524,76,37.932
8,78,3.198734304280766,77,37.932
8,79,3.2366665394710794,78,37.932
8,80,3.274598774661393,79,37.932
8,81,3.3125310098517065,80,37.932
8,82,3.35046324504202,81,37.932
8,83,3.3883954802323335,82,37.932
8,84,3.426327715422647,83,37.932
8,85,3.4642599506129605,84,37.932
8,86,3.502192185803274,85,37.932
8,87,3.5401244209935876,86,37.932
8,88,3.578056656183901,87,37.932
8,89,3.6159888913742146,88,37.932
8,90,3.653921126564528,89,37.932
8,91,3.6918533617548417,90,37.932
8,92,3.729785596945155,91,37.932
8,93,3.7677178321354687,92,37.932
8,94,3.8056500673257823,93,37.932
8,95,3.843582302516096,94,37.932
8,96,3.8815145377064093,95,37.932
8,97,3.919446772896723,96,37.932
8,98,3.9573790080870364,97,37.932
8,99,3.99531124327735,98,37.932
8,100,4.033243478467663,99,37.932
8,101,4.071175713657977,100,37.932
8,102,4.109107948848291,101,37.932
8,103,4.147040184038605,102,37.932
8,104,4.184972419228919,103,37.932
8,105,4.222904654419233,104,37.932
8,106,4.260836889609547,105,37.932
8,107,4.298769124799861,106,37.932
8,108,4.336701359990175,107,37.932
8,109,4.374633595180489,108,37.932
8,110,4.412565830370803,109,37.932
8,111,4.450498065561117,110,37.932
8,112,4.488430300751431,111,37.932
8,113,4.526362535941745,112,37.932
8,114,4.5643505204403265,113,37.988
8,115,4.602338504938908,114,37.988
8,116,4.64032648943749,115,37.988
8,117,4.678314473936071,116,37.988
8,118,4.716302458434653,117,37.988
8,119,4.754290442933234,118,37.988
8,120,4.792278427431816,119,37.988
8,121,4.830266411930397,120,37.988
8,122,4.868254396428979,121,37.988
8,123,4.90624238092756,122,37.988
8,124,4.944230365426142,123,37.988
8,125,4.9822183499247235,124,37.988
8,126,5.020206334423305,125,37.988
8,127,5.0581943189218865,126,37.988
8,128,5.096182303420468,127,37.988
9,1,0.2864330801704442,0,286.433
9,2,0.3241886302452615,1,37.756
9,3,0.3619441803200788,2,37.756
9,4,0.3996997303948961,3,37.756
9,5,0.4374552804697134,4,37.756
9,6,0.47521083054453067,5,37.756
9,7,0.512966380619348,6,37.756
9,8,0.5507219306941653,7,37.756
9,9,0.5884774807689827,8,37.756
9,10,0.6262330308438,9,37.756
9,11,0.6639885809186173,10,37.756
9,12,0.7017441309934347,11,37.756
9,13,0.739499681068252,12,37.756
9,14,0.7772552311430694,13,37.756
9,15,0.8150107812178867,14,37.756
9,16,0.8527663312927041,15,37.756
9,17,0.8905218813675214,16,37.756
9,18,0.9282774314423388,17,37.756
9,19,0.9660329815171561,18,37.756
9,20,1.0037885315919735,19,37.756
9,21,1.0415440816667907,20,37.756
9,22,1.079299631741608,21,37.756
9,23,1.1170551818164252,22,37.756
9,24,1.1548107318912424,23,37.756
9,25,1.1925662819660596,24,37.756
9,26,1.2303218320408769,25,37.756
9,27,1.268077382115694,26,37.756
9,28,1.3058329321905113,27,37.756
9,29,1.3435884822653286,28,37.756
9,30,1.3813440323401458,29,37.756
9,31,1.419099582414963,30,37.756
9,32,1.4568551324897803,31,37.756
9,33,1.4946106825645975,32,37.756
9,34,1.5323662326394147,33,37.756
9,35,1.570121782714232,34,37.756
9,36,1.6078773327890492,35,37.756
9,37,1.6456328828638664,36,37.756
9,38,1.6833884329386837,37,37.756
9,39,1.721143983013501,38,37.756
9,40,1.7588995330883181,39,37.756
9,41,1.7966550831631354,40,37.756
9,42,1.8344106332379526,41,37.756
9,43,1.8721661833127698,42,37.756
9,44,1.909921733387587,43,37.756
9,45,1.9476772834624043,44,37.756
9,46,1.9854328335372216,45,37.756
9,47,2.023188383612039,46,37.756
9,48,2.0609439336868562,47,37.756
9,49,2.0986994837616737,48,37.756
9,50,2.1366317189519872,49,37.932
9,51,2.1745639541423007,50,37.932
9,52,2.2124961893326143,51,37.932
9,53,2.250428424522928,52,37.932
9,54,2.2883606597132413,53,37.932
9,55,2.326292894903555,54,37.932
9,56,2.3642251300938684,55,37.932
9,57,2.402157365284182,56,37.932
9,58,2.4400896004744954,57,37.932
9,59,2.478021835664809,58,37.932
9,60,2.5159540708551225,59,37.932
9,61,2.553886306045436,60,37.932
9,62,2.5918185412357495,61,37.932
9,63,2.629750776426063,62,37.932
9,64,2.6676830116163766,63,37.932
9,65,2.70561524680669,64,37.932
9,66,2.7435474819970036,65,37.932
9,67,2.781479717187317,66,37.932
9,68,2.8194119523776306,67,37.932
9,69,2.857344187567944,68,37.932
9,70,2.8952764227582577,69,37.932
9,71,2.933208657948571,70,37.932
9,72,2.9711408931388847,71,37.932
9,73,3.0090731283291983,72,37.932
9,74,3.047005363519512,73,37.932
9,75,3.0849375987098253,74,37.932
9,76,3.122869833900139,75,37.932
9,77,3.1608020690904524,76,37.932
9,78,3.198734304280766,77,37.932
9,79,3.2366665394710794,78,37.932
9,80,3.274598774661393,79,37.932
9,81,3.3125310098517065,80,37.932
9,82,3.35046324504202,81,37.932
9,83,3.3883954802323335,82,37.932
9,84,3.426327715422647,83,37.932
9,85,3.4642599506129605,84,37.932
9,86,3.502192185803274,85,37.932
9,87,3.5401244209935876,86,37.932
9,88,3.578056656183901,87,37.932
9,89,3.6159888913742146,88,37.932
9,90,3.653921126564528,89,37.932
9,91,3.6918533617548417,90,37.932
9,92,3.729785596945155,91,37.932
9,93,3.7677178321354687,92,37.932
9,94,3.8056500673257823,93,37.932
9,95,3.843582302516096,94,37.932
9,96,3.8815145377064093,95,37.932
9,97,3.919446772896723,96,37.932
9,98,3.9573790080870364,97,37.932
9,99,3.99531124327735,98,37.932
9,100,4.033243478467663,99,37.932
9,101,4.071175713657977,100,37.932
9,102,4.109107948848291,101,37.932
9,103,4.147040184038605,102,37.932
9,104,4.184972419228919,103,37.932
9,105,4.222904654419233,104,37.932
9,106,4.260836889609547,105,37.932
9,107,4.298769124799861,106,37.932
9,108,4.336701359990175,107,37.932
9,109,4.374633595180489,108,37.932
9,110,4.412565830370803,109,37.932
9,111,4.450498065561117,110,37.932
9,112,4.488430300751431,111,37.932
9,113,4.526362535941745,112,37.932
9,114,4.5643505204403265,113,37.988
9,115,4.602338504938908,114,37.988
9,116,4.64032648943749,115,37.988
9,117,4.678314473936071,116,37.988
9,118,4.716302458434653,117,37.988
9,119,4.754290442933234,118,37.988
9,120,4.792278427431816,119,37.988
9,121,4.830266411930397,120,37.988
9,122,4.868254396428979,121,37.988
9,123,4.90624238092756,122,37.988
9,124,4.944230365426142,123,37.988
9,125,4.9822183499247235,124,37.988
9,126,5.020206334423305,125,37.988
9,127,5.0581943189218865,126,37.988
9,128,5.096182303420468,127,37.988
10,1,0.2864330801704442,0,286.433
10,2,0.3241886302452615,1,37.756
10,3,0.3619441803200788,2,37.756
10,4,0.3996997303948961,3,37.756
10,5,0.4374552804697134,4,37.756
10,6,0.47521083054453067,5,37.756
10,7,0.512966380619348,6,37.756
10,8,0.5507219306941653,7,37.756
10,9,0.5884774807689827,8,37.756
10,10,0.6262330308438,9,37.756
10,11,0.6639885809186173,10,37.756
10,12,0.7017441309934347,11,37.756
10,13,0.739499681068252,12,37.756
10,14,0.7772552311430694,13,37.756
10,15,0.8150107812178867,14,37.756
10,16,0.8527663312927041,15,37.756
10,17,0.8905218813675214,16,37.756
10,18,0.9282774314423388,17,37.756
10,19,0.9660329815171561,18,37.756
10,20,1.0037885315919735,19,37.756
10,21,1.0415440816667907,20,37.756
10,22,1.079299631741608,21,37.756
10,23,1.1170551818164252,22,37.756
10,24,1.1548107318912424,23,37.756
10,25,1.1925662819660596,24,37.756
10,26,1.2303218320408769,25,37.756
10,27,1.268077382115694,26,37.756
10,28,1.3058329321905113,27,37.756
10,29,1.3435884822653286,28,37.756
10,30,1.3813440323401458,29,37.756
10,31,1.419099582414963,30,37.756
10,32,1.4568551324897803,31,37.756
10,33,1.4946106825645975,32,37.756
10,34,1.5323662326394147,33,37.756
10,35,1.570121782714232,34,37.756
10,36,1.6078773327890492,35,37.756
10,37,1.6456328828638664,36,37.756
10,38,1.6833884329386837,37,37.756
10,39,1.721143983013501,38,37.756
10,40,1.7588995330883181,39,37.756
10,41,1.7966550831631354,40,37.756
10,42,1.8344106332379526,41,37.756
10,43,1.8721661833127698,42,37.756
10,44,1.909921733387587,43,37.756
10,45,1.9476772834624043,44,37.756
10,46,1.9854328335372216,45,37.756
10,47,2.023188383612039,46,37.756
10,48,2.0609439336868562,47,37.756
10,49,2.0986994837616737,48,37.756
10,50,2.1366317189519872,49,37.932
10,51,2.1745639541423007,50,37.932
10,52,2.2124961893326143,51,37.932
10,53,2.250428424522928,52,37.932
10,54,2.2883606597132413,53,37.932
10,55,2.326292894903555,54,37.932
10,56,2.3642251300938684,55,37.932
10,57,2.402157365284182,56,37.932
10,58,2.4400896004744954,57,37.932
10,59,2.478021835664809,58,37.932
10,60,2.5159540708551225,59,37.932
10,61,2.553886306045436,60,37.932
10,62,2.5918185412357495,61,37.932
10,63,2.629750776426063,62,37.932
10,64,2.6676830116163766,63,37.932
10,65,2.70561524680669,64,37.932
10,66,2.7435474819970036,65,37.932
10,67,2.781479717187317,66,37.932
10,68,2.8194119523776306,67,37.932
10,69,2.857344187567944,68,37.932
10,70,2.8952764227582577,69,37.932
10,71,2.933208657948571,70,37.932
10,72,2.9711408931388847,71,37.932
10,73,3.0090731283291983,72,37.932
10,74,3.047005363519512,73,37.932
10,75,3.0849375987098253,74,37.932
10,76,3.122869833900139,75,37.932
10,77,3.1608020690904524,76,37.932
10,78,3.198734304280766,77,37.932
10,79,3.2366665394710794,78,37.932
10,80,3.274598774661393,79,37.932
10,81,3.3125310098517065,80,37.932
10,82,3.35046324504202,81,37.932
10,83,3.3883954802323335,82,37.932
10,84,3.426327715422647,83,37.932
10,85,3.4642599506129605,84,37.932
10,86,3.502192185803274,85,37.932
10,87,3.5401244209935876,86,37.932
10,88,3.578056656183901,87,37.932
10,89,3.6159888913742146,88,37.932
10,90,3.653921126564528,89,37.932
10,91,3.6918533617548417,90,37.932
10,92,3.729785596945155,91,37.932
10,93,3.7677178321354687,92,37.932
10,94,3.8056500673257823,93,37.932
10,95,3.843582302516096,94,37.932
10,96,3.8815145377064093,95,37.932
10,97,3.919446772896723,96,37.932
10,98,3.9573790080870364,97,37.932
10,99,3.99531124327735,98,37.932
10,100,4.033243478467663,99,37.932
10,101,4.071175713657977,100,37.932
10,102,4.109107948848291,101,37.932
10,103,4.147040184038605,102,37.932
10,104,4.184972419228919,103,37.932
10,105,4.222904654419233,104,37.932
10,106,4.260836889609547,105,37.932
10,107,4.298769124799861,106,37.932
10,108,4.336701359990175,107,37.932
10,109,4.374633595180489,108,37.932
10,110,4.412565830370803,109,37.932
10,111,4.450498065561117,110,37.932
10,112,4.488430300751431,111,37.932
10,113,4.526362535941745,112,37.932
10,114,4.5643505204403265,113,37.988
10,115,4.602338504938908,114,37.988
10,116,4.64032648943749,115,37.988
10,117,4.678314473936071,116,37.988
10,118,4.716302458434653,117,37.988
10,119,4.754290442933234,118,37.988
10,120,4.792278427431816,119,37.988
10,121,4.830266411930397,120,37.988
10,122,4.868254396428979,121,37.988
10,123,4.90624238092756,122,37.988
10,124,4.944230365426142,123,37.988
10,125,4.9822183499247235,124,37.988
10,126,5.020206334423305,125,37.988
10,127,5.0581943189218865,126,37.988
10,128,5.096182303420468,127,37.988
11,1,0.2864330801704442,0,286.433
11,2,0.3241886302452615,1,37.756
11,3,0.3619441803200788,2,37.756
11,4,0.3996997303948961,3,37.756
11,5,0.4374552804697134,4,37.756
11,6,0.47521083054453067,5,37.756
11,7,0.512966380619348,6,37.756
11,8,0.5507219306941653,7,37.756
11,9,0.5884774807689827,8,37.756
11,10,0.6262330308438,9,37.756
11,11,0.6639885809186173,10,37.756
11,12,0.7017441309934347,11,37.756
11,13,0.739499681068252,12,37.756
11,14,0.7772552311430694,13,37.756
11,15,0.8150107812178867,14,37.756
11,16,0.8527663312927041,15,37.756
11,17,0.8905218813675214,16,37.756
11,18,0.9282774314423388,17,37.756
11,19,0.9660329815171561,18,37.756
11,20,1.0037885315919735,19,37.756
11,21,1.0415440816667907,20,37.756
11,22,1.079299631741608,21,37.756
11,23,1.1170551818164252,22,37.756
11,24,1.1548107318912424,23,37.756
11,25,1.1925662819660596,24,37.756
11,26,1.2303218320408769,25,37.756
11,27,1.268077382115694,26,37.756
11,28,1.3058329321905113,27,37.756
11,29,1.3435884822653286,28,37.756
11,30,1.3813440323401458,29,37.756
11,31,1.419099582414963,30,37.756
11,32,1.4568551324897803,31,37.756
11,33,1.4946106825645975,32,37.756
11,34,1.5323662326394147,33,37.756
11,35,1.570121782714232,34,37.756
11,36,1.6078773327890492,35,37.756
11,37,1.6456328828638664,36,37.756
11,38,1.6833884329386837,37,37.756
11,39,1.721143983013501,38,37.756
11,40,1.7588995330883181,39,37.756
11,41,1.7966550831631354,40,37.756
11,42,1.8344106332379526,41,37.756
11,43,1.8721661833127698,42,37.756
11,44,1.909921733387587,43,37.756
11,45,1.9476772834624043,44,37.756
11,46,1.9854328335372216,45,37.756
11,47,2.023188383612039,46,37.756
11,48,2.0609439336868562,47,37.756
11,49,2.0986994837616737,48,37.756
11,50,2.1366317189519872,49,37.932
11,51,2.1745639541423007,50,37.932
11,52,2.2124961893326143,51,37.932
11,53,2.250428424522928,52,37.932
11,54,2.2883606597132413,53,37.932
11,55,2.326292894903555,54,37.932
11,56,2.3642251300938684,55,37.932
11,57,2.402157365284182,56,37.932
11,58,2.4400896004744954,57,37.932
11,59,2.478021835664809,58,37.932
11,60,2.5159540708551225,59,37.932
11,61,2.553886306045436,60,37.932
11,62,2.5918185412357495,61,37.932
11,63,2.629750776426063,62,37.932
11,64,2.6676830116163766,63,37.932
11,65,2.70561524680669,64,37.932
11,66,2.7435474819970036,65,37.932
11,67,2.781479717187317,66,37.932
11,68,2.8194119523776306,67,37.932
11,69,2.857344187567944,68,37.932
11,70,2.8952764227582577,69,37.932
11,71,2.933208657948571,70,37.932
11,72,2.9711408931388847,71,37.932
11,73,3.0090731283291983,72,37.932
11,74,3.047005363519512,73,37.932
11,75,3.0849375987098253,74,37.932
11,76,3.122869833900139,75,37.932
11,77,3.1608020690904524,76,37.932
11,78,3.198734304280766,77,37.932
11,79,3.2366665394710794,78,37.932
11,80,3.274598774661393,79,37.932
11,81,3.3125310098517065,80,37.932
11,82,3.35046324504202,81,37.932
11,83,3.3883954802323335,82,37.932
11,84,3.426327715422647,83,37.932
11,85,3.4642599506129605,84,37.932
11,86,3.502192185803274,85,37.932
11,87,3.5401244209935876,86,37.932
11,88,3.578056656183901,87,37.932
11,89,3.6159888913742146,88,37.932
11,90,3.653921126564528,89,37.932
11,91,3.6918533617548417,90,37.932
11,92,3.729785596945155,91,37.932
11,93,3.7677178321354687,92,37.932
11,94,3.8056500673257823,93,37.932
11,95,3.843582302516096,94,37.932
11,96,3.8815145377064093,95,37.932
11,97,3.919446772896723,96,37.932
11,98,3.9573790080870364,97,37.932
11,99,3.99531124327735,98,37.932
11,100,4.033243478467663,99,37.932
11,101,4.071175713657977,100,37.932
11,102,4.109107948848291,101,37.932
11,103,4.147040184038605,102,37.932
11,104,4.184972419228919,103,37.932
11,105,4.222904654419233,104,37.932
11,106,4.260836889609547,105,37.932
11,107,4.298769124799861,106,37.932
11,108,4.336701359990175,107,37.932
11,109,4.374633595180489,108,37.932
11,110,4.412565830370803,109,37.932
11,111,4.450498065561117,110,37.932
11,112,4.488430300751431,111,37.932
11,113,4.526362535941745,112,37.932
11,114,4.5643505204403265,113,37.988
11,115,4.602338504938908,114,37.988
11,116,4.64032648943749,115,37.988
11,117,4.678314473936071,116,37.988
11,118,4.716302458434653,117,37.988
11,119,4.754290442933234,118,37.988
11,120,4.792278427431816,119,37.988
11,121,4.830266411930397,120,37.988
11,122,4.868254396428979,121,37.988
11,123,4.90624238092756,122,37.988
11,124,4.944230365426142,123,37.988
11,125,4.9822183499247235,124,37.988
11,126,5.020206334423305,125,37.988
11,127,5.0581943189218865,126,37.988
11,128,5.096182303420468,127,37.988
12,1,0.2864330801704442,0,286.433
12,2,0.3241886302452615,1,37.756
12,3,0.3619441803200788,2,37.756
12,4,0.3996997303948961,3,37.756
12,5,0.4374552804697134,4,37.756
12,6,0.47521083054453067,5,37.756
12,7,0.512966380619348,6,37.756
12,8,0.5507219306941653,7,37.756
12,9,0.5884774807689827,8,37.756
12,10,0.6262330308438,9,37.756
12,11,0.6639885809186173,10,37.756
12,12,0.7017441309934347,11,37.756
12,13,0.739499681068252,12,37.756
12,14,0.7772552311430694,13,37.756
12,15,0.8150107812178867,14,37.756
12,16,0.8527663312927041,15,37.756
12,17,0.8905218813675214,16,37.756
12,18,0.9282774314423388,17,37.756
12,19,0.9660329815171561,18,37.756
12,20,1.0037885315919735,19,37.756
12,21,1.0415440816667907,20,37.756
12,22,1.079299631741608,21,37.756
12,23,1.1170551818164252,22,37.756
12,24,1.1548107318912424,23,37.756
12,25,1.1925662819660596,24,37.756
12,26,1.2303218320408769,25,37.756
12,27,1.268077382115694,26,37.756
12,28,1.3058329321905113,27,37.756
12,29,1.3435884822653286,28,37.756
12,30,1.3813440323401458,29,37.756
12,31,1.419099582414963,30,37.756
12,32,1.4568551324897803,31,37.756
12,33,1.4946106825645975,32,37.756
12,34,1.5323662326394147,33,37.756
12,35,1.570121782714232,34,37.756
12,36,1.6078773327890492,35,37.756
12,37,1.6456328828638664,36,37.756
12,38,1.6833884329386837,37,37.756
12,39,1.721143983013501,38,37.756
12,40,1.7588995330883181,39,37.756
12,41,1.7966550831631354,40,37.756
12,42,1.8344106332379526,41,37.756
12,43,1.8721661833127698,42,37.756
12,44,1.909921733387587,43,37.756
12,45,1.9476772834624043,44,37.756
12,46,1.9854328335372216,45,37.756
12,47,2.023188383612039,46,37.756
12,48,2.0609439336868562,47,37.756
12,49,2.0986994837616737,48,37.756
12,50,2.1366317189519872,49,37.932
12,51,2.1745639541423007,50,37.932
12,52,2.2124961893326143,51,37.932
12,53,2.250428424522928,52,37.932
12,54,2.2883606597132413,53,37.932
12,55,2.326292894903555,54,37.932
12,56,2.3642251300938684,55,37.932
12,57,2.402157365284182,56,37.932
12,58,2.4400896004744954,57,37.932
12,59,2.478021835664809,58,37.932
12,60,2.5159540708551225,59,37.932
12,61,2.553886306045436,60,37.932
12,62,2.5918185412357495,61,37.932
12,63,2.629750776426063,62,37.932
12,64,2.6676830116163766,63,37.932
12,65,2.70561524680669,64,37.932
12,66,2.7435474819970036,65,37.932
12,67,2.781479717187317,66,37.932
12,68,2.8194119523776306,67,37.932
12,69,2.857344187567944,68,37.932
12,70,2.8952764227582577,69,37.932
12,71,2.933208657948571,70,37.932
12,72,2.9711408931388847,71,37.932
12,73,3.0090731283291983,72,37.932
12,74,3.047005363519512,73,37.932
12,75,3.0849375987098253,74,37.932
12,76,3.122869833900139,75,37.932
12,77,3.1608020690904524,76,37.932
12,78,3.198734304280766,77,37.932
12,79,3.2366665394710794,78,37.932
12,80,3.274598774661393,79,37.932
12,81,3.3125310098517065,80,37.932
12,82,3.35046324504202,81,37.932
12,83,3.3883954802323335,82,37.932
12,84,3.426327715422647,83,37.932
12,85,3.4642599506129605,84,37.932
12,86,3.502192185803274,85,37.932
12,87,3.5401244209935876,86,37.932
12,88,3.578056656183901,87,37.932
12,89,3.6159888913742146,88,37.932
12,90,3.653921126564528,89,37.932
12,91,3.6918533617548417,90,37.932
12,92,3.729785596945155,91,37.932
12,93,3.7677178321354687,92,37.932
12,94,3.8056500673257823,93,37.932
12,95,3.843582302516096,94,37.932
12,96,3.8815145377064093,95,37.932
12,97,3.919446772896723,96,37.932
12,98,3.9573790080870364,97,37.932
12,99,3.99531124327735,98,37.932
12,100,4.033243478467663,99,37.932
12,101,4.071175713657977,100,37.932
12,102,4.109107948848291,101,37.932
12,103,4.147040184038605,102,37.932
12,104,4.184972419228919,103,37.932
12,105,4.222904654419233,104,37.932
12,106,4.260836889609547,105,37.932
12,107,4.298769124799861,106,37.932
12,108,4.336701359990175,107,37.932
12,109,4.374633595180489,108,37.932
12,110,4.412565830370803,109,37.932
12,111,4.450498065561117,110,37.932
12,112,4.488430300751431,111,37.932
12,113,4.526362535941745,112,37.932
12,114,4.5643505204403265,113,37.988
12,115,4.602338504938908,114,37.988
12,116,4.64032648943749,115,37.988
12,117,4.678314473936071,116,37.988
12,118,4.716302458434653,117,37.988
12,119,4.754290442933234,118,37.988
12,120,4.792278427431816,119,37.988
12,121,4.830266411930397,120,37.988
12,122,4.868254396428979,121,37.988
12,123,4.90624238092756,122,37.988
12,124,4.944230365426142,123,37.988
12,125,4.9822183499247235,124,37.988
12,126,5.020206334423305,125,37.988
12,127,5.0581943189218865,126,37.988
12,128,5.096182303420468,127,37.988
13,1,0.2864330801704442,0,286.433
13,2,0.3241886302452615,1,37.756
13,3,0.3619441803200788,2,37.756
13,4,0.3996997303948961,3,37.756
13,5,0.4374552804697134,4,37.756
13,6,0.47521083054453067,5,37.756
13,7,0.512966380619348,6,37.756
13,8,0.5507219306941653,7,37.756
13,9,0.5884774807689827,8,37.756
13,10,0.6262330308438,9,37.756
13,11,0.6639885809186173,10,37.756
13,12,0.7017441309934347,11,37.756
13,13,0.739499681068252,12,37.756
13,14,0.7772552311430694,13,37.756
13,15,0.8150107812178867,14,37.756
13,16,0.8527663312927041,15,37.756
13,17,0.8905218813675214,16,37.756
13,18,0.9282774314423388,17,37.756
13,19,0.9660329815171561,18,37.756
13,20,1.0037885315919735,19,37.756
13,21,1.0415440816667907,20,37.756
13,22,1.079299631741608,21,37.756
13,23,1.1170551818164252,22,37.756
13,24,1.1548107318912424,23,37.756
13,25,1.1925662819660596,24,37.756
13,26,1.2303218320408769,25,37.756
13,27,1.268077382115694,26,37.756
13,28,1.3058329321905113,27,37.756
13,29,1.3435884822653286,28,37.756
13,30,1.3813440323401458,29,37.756
13,31,1.419099582414963,30,37.756
13,32,1.4568551324897803,31,37.756
13,33,1.4946106825645975,32,37.756
13,34,1.5323662326394147,33,37.756
13,35,1.570121782714232,34,37.756
13,36,1.6078773327890492,35,37.756
13,37,1.6456328828638664,36,37.756
13,38,1.6833884329386837,37,37.756
13,39,1.721143983013501,38,37.756
13,40,1.7588995330883181,39,37.756
13,41,1.7966550831631354,40,37.756
13,42,1.8344106332379526,41,37.756
13,43,1.8721661833127698,42,37.756
13,44,1.909921733387587,43,37.756
13,45,1.9476772834624043,44,37.756
13,46,1.9854328335372216,45,37.756
13,47,2.023188383612039,46,37.756
13,48,2.0609439336868562,47,37.756
13,49,2.0986994837616737,48,37.756
13,50,2.1366317189519872,49,37.932
13,51,2.1745639541423007,50,37.932
13,52,2.2124961893326143,51,37.932
13,53,2.250428424522928,52,37.932
13,54,2.2883606597132413,53,37.932
13,55,2.326292894903555,54,37.932
13,56,2.3642251300938684,55,37.932
13,57,2.402157365284182,56,37.932
13,58,2.4400896004744954,57,37.932
13,59,2.478021835664809,58,37.932
13,60,2.5159540708551225,59,37.932
13,61,2.553886306045436,60,37.932
13,62,2.5918185412357495,61,37.932
13,63,2.629750776426063,62,37.932
13,64,2.6676830116163766,63,37.932
13,65,2.70561524680669,64,37.932
13,66,2.7435474819970036,65,37.932
13,67,2.781479717187317,66,37.932
13,68,2.8194119523776306,67,37.932
13,69,2.857344187567944,68,37.932
13,70,2.8952764227582577,69,37.932
13,71,2.933208657948571,70,37.932
13,72,2.9711408931388847,71,37.932
13,73,3.0090731283291983,72,37.932
13,74,3.047005363519512,73,37.932
13,75,3.0849375987098253,74,37.932
13,76,3.122869833900139,75,37.932
13,77,3.1608020690904524,76,37.932
13,78,3.198734304280766,77,37.932
13,79,3.2366665394710794,78,37.932
13,80,3.274598774661393,79,37.932
13,81,3.3125310098517065,80,37.932
13,82,3.35046324504202,81,37.932
13,83,3.3883954802323335,82,37.932
13,84,3.426327715422647,83,37.932
13,85,3.4642599506129605,84,37.932
13,86,3.502192185803274,85,37.932
13,87,3.5401244209935876,86,37.932
13,88,3.578056656183901,87,37.932
13,89,3.6159888913742146,88,37.932
13,90,3.653921126564528,89,37.932
13,91,3.6918533617548417,90,37.932
13,92,3.729785596945155,91,37.932
13,93,3.7677178321354687,92,37.932
13,94,3.8056500673257823,93,37.932
13,95,3.843582302516096,94,37.932
13,96,3.8815145377064093,95,37.932
13,97,3.919446772896723,96,37.932
13,98,3.9573790080870364,97,37.932
13,99,3.99531124327735,98,37.932
13,100,4.033243478467663,99,37.932
13,101,4.071175713657977,100,37.932
13,102,4.109107948848291,101,37.932
13,103,4.147040184038605,102,37.932
13,104,4.184972419228919,103,37.932
13,105,4.222904654419233,104,37.932
13,106,4.260836889609547,105,37.932
13,107,4.298769124799861,106,37.932
13,108,4.336701359990175,107,37.932
13,109,4.374633595180489,108,37.932
13,110,4.412565830370803,109,37.932
13,111,4.450498065561117,110,37.932
13,112,4.488430300751431,111,37.932
13,113,4.526362535941745,112,37.932
13,114,4.5643505204403265,113,37.988
13,115,4.602338504938908,114,37.988
13,116,4.64032648943749,115,37.988
13,117,4.678314473936071,116,37.988
13,118,4.716302458434653,117,37.988
13,119,4.754290442933234,118,37.988
13,120,4.792278427431816,119,37.988
13,121,4.830266411930397,120,37.988
13,122,4.868254396428979,121,37.988
13,123,4.90624238092756,122,37.988
13,124,4.944230365426142,123,37.988
13,125,4.9822183499247235,124,37.988
13,126,5.020206334423305,125,37.988
13,127,5.0581943189218865,126,37.988
13,128,5.096182303420468,127,37.988
14,1,0.2864330801704442,0,286.433
14,2,0.3241886302452615,1,37.756
14,3,0.3619441803200788,2,37.756
14,4,0.3996997303948961,3,37.756
14,5,0.4374552804697134,4,37.756
14,6,0.47521083054453067,5,37.756
14,7,0.512966380619348,6,37.756
14,8,0.5507219306941653,7,37.756
14,9,0.5884774807689827,8,37.756
14,10,0.6262330308438,9,37.756
14,11,0.6639885809186173,10,37.756
14,12,0.7017441309934347,11,37.756
14,13,0.739499681068252,12,37.756
14,14,0.7772552311430694,13,37.756
14,15,0.8150107812178867,14,37.756
14,16,0.8527663312927041,15,37.756
14,17,0.8905218813675214,16,37.756
14,18,0.9282774314423388,17,37.756
14,19,0.9660329815171561,18,37.756
14,20,1.0037885315919735,19,37.756
14,21,1.0415440816667907,20,37.756
14,22,1.079299631741608,21,37.756
14,23,1.1170551818164252,22,37.756
14,24,1.1548107318912424,23,37.756
14,25,1.1925662819660596,24,37.756
14,26,1.2303218320408769,25,37.756
14,27,1.268077382115694,26,37.756
14,28,1.3058329321905113,27,37.756
14,29,1.3435884822653286,28,37.756
14,30,1.3813440323401458,29,37.756
14,31,1.419099582414963,30,37.756
14,32,1.4568551324897803,31,37.756
14,33,1.4946106825645975,32,37.756
14,34,1.5323662326394147,33,37.756
14,35,1.570121782714232,34,37.756
14,36,1.6078773327890492,35,37.756
14,37,1.6456328828638664,36,37.756
14,38,1.6833884329386837,37,37.756
14,39,1.721143983013501,38,37.756
14,40,1.7588995330883181,39,37.756
14,41,1.7966550831631354,40,37.756
14,42,1.8344106332379526,41,37.756
14,43,1.8721661833127698,42,37.756
14,44,1.909921733387587,43,37.756
14,45,1.9476772834624043,44,37.756
14,46,1.9854328335372216,45,37.756
14,47,2.023188383612039,46,37.756
14,48,2.0609439336868562,47,37.756
14,49,2.0986994837616737,48,37.756
14,50,2.1366317189519872,49,37.932
14,51,2.1745639541423007,50,37.932
14,52,2.2124961893326143,51,37.932
14,53,2.250428424522928,52,37.932
14,54,2.2883606597132413,53,37.932
14,55,2.326292894903555,54,37.932
14,56,2.3642251300938684,55,37.932
14,57,2.402157365284182,56,37.932
14,58,2.4400896004744954,57,37.932
14,59,2.478021835664809,58,37.932
14,60,2.5159540708551225,59,37.932
14,61,2.553886306045436,60,37.932
14,62,2.5918185412357495,61,37.932
14,63,2.629750776426063,62,37.932
14,64,2.6676830116163766,63,37.932
14,65,2.70561524680669,64,37.932
14,66,2.7435474819970036,65,37.932
14,67,2.781479717187317,66,37.932
14,68,2.8194119523776306,67,37.932
14,69,2.857344187567944,68,37.932
14,70,2.8952764227582577,69,37.932
14,71,2.933208657948571,70,37.932
14,72,2.9711408931388847,71,37.932
14,73,3.0090731283291983,72,37.932
14,74,3.047005363519512,73,37.932
14,75,3.0849375987098253,74,37.932
14,76,3.122869833900139,75,37.932
14,77,3.1608020690904524,76,37.932
14,78,3.198734304280766,77,37.932
14,79,3.2366665394710794,78,37.932
14,80,3.274598774661393,79,37.932
14,81,3.3125310098517065,80,37.932
14,82,3.35046324504202,81,37.932
14,83,3.3883954802323335,82,37.932
14,84,3.426327715422647,83,37.932
14,85,3.4642599506129605,84,37.932
14,86,3.502192185803274,85,37.932
14,87,3.5401244209935876,86,37.932
14,88,3.578056656183901,87,37.932
14,89,3.6159888913742146,88,37.932
14,90,3.653921126564528,89,37.932
14,91,3.6918533617548417,90,37.932
14,92,3.729785596945155,91,37.932
14,93,3.7677178321354687,92,37.932
14,94,3.8056500673257823,93,37.932
14,95,3.843582302516096,94,37.932
14,96,3.8815145377064093,95,37.932
14,97,3.919446772896723,96,37.932
14,98,3.9573790080870364,97,37.932
14,99,3.99531124327735,98,37.932
14,100,4.033243478467663,99,37.932
14,101,4.071175713657977,100,37.932
14,102,4.109107948848291,101,37.932
14,103,4.147040184038605,102,37.932
14,104,4.184972419228919,103,37.932
14,105,4.222904654419233,104,37.932
14,106,4.260836889609547,105,37.932
14,107,4.298769124799861,106,37.932
14,108,4.336701359990175,107,37.932
14,109,4.374633595180489,108,37.932
14,110,4.412565830370803,109,37.932
14,111,4.450498065561117,110,37.932
14,112,4.488430300751431,111,37.932
14,113,4.526362535941745,112,37.932
14,114,4.5643505204403265,113,37.988
14,115,4.602338504938908,114,37.988
14,116,4.64032648943749,115,37.988
14,117,4.678314473936071,116,37.988
14,118,4.716302458434653,117,37.988
14,119,4.754290442933234,118,37.988
14,120,4.792278427431816,119,37.988
14,121,4.830266411930397,120,37.988
14,122,4.868254396428979,121,37.988
14,123,4.90624238092756,122,37.988
14,124,4.944230365426142,123,37.988
14,125,4.9822183499247235,124,37.988
14,126,5.020206334423305,125,37.988
14,127,5.0581943189218865,126,37.988
14,128,5.096182303420468,127,37.988
15,1,0.2864330801704442,0,286.433
15,2,0.3241886302452615,1,37.756
15,3,0.3619441803200788,2,37.756
15,4,0.3996997303948961,3,37.756
15,5,0.4374552804697134,4,37.756
15,6,0.47521083054453067,5,37.756
15,7,0.512966380619348,6,37.756
15,8,0.5507219306941653,7,37.756
15,9,0.5884774807689827,8,37.756
15,10,0.6262330308438,9,37.756
15,11,0.6639885809186173,10,37.756
15,12,0.7017441309934347,11,37.756
15,13,0.739499681068252,12,37.756
15,14,0.7772552311430694,13,37.756
15,15,0.8150107812178867,14,37.756
15,16,0.8527663312927041,15,37.756
15,17,0.8905218813675214,16,37.756
15,18,0.9282774314423388,17,37.756
15,19,0.9660329815171561,18,37.756
15,20,1.0037885315919735,19,37.756
15,21,1.0415440816667907,20,37.756
15,22,1.079299631741608,21,37.756
15,23,1.1170551818164252,22,37.756
15,24,1.1548107318912424,23,37.756
15,25,1.1925662819660596,24,37.756
15,26,1.2303218320408769,25,37.756
15,27,1.268077382115694,26,37.756
15,28,1.3058329321905113,27,37.756
15,29,1.3435884822653286,28,37.756
15,30,1.3813440323401458,29,37.756
15,31,1.419099582414963,30,37.756
15,32,1.4568551324897803,31,37.756
15,33,1.4946106825645975,32,37.756
15,34,1.5323662326394147,33,37.756
15,35,1.570121782714232,34,37.756
15,36,1.6078773327890492,35,37.756
15,37,1.6456328828638664,36,37.756
15,38,1.6833884329386837,37,37.756
15,39,1.721143983013501,38,37.756
15,40,1.7588995330883181,39,37.756
15,41,1.7966550831631354,40,37.756
15,42,1.8344106332379526,41,37.756
15,43,1.8721661833127698,42,37.756
15,44,1.909921733387587,43,37.756
15,45,1.9476772834624043,44,37.756
15,46,1.9854328335372216,45,37.756
15,47,2.023188383612039,46,37.756
15,48,2.0609439336868562,47,37.756
15,49,2.0986994837616737,48,37.756
15,50,2.1366317189519872,49,37.932
15,51,2.1745639541423007,50,37.932
15,52,2.2124961893326143,51,37.932
15,53,2.250428424522928,52,37.932
15,54,2.2883606597132413,53,37.932
15,55,2.326292894903555,54,37.932
15,56,2.3642251300938684,55,37.932
15,57,2.402157365284182,56,37.932
15,58,2.4400896004744954,57,37.932
15,59,2.478021835664809,58,37.932
15,60,2.5159540708551225,59,37.932
15,61,2.553886306045436,60,37.932
15,62,2.5918185412357495,61,37.932
15,63,2.629750776426063,62,37.932
15,64,2.6676830116163766,63,37.932
15,65,2.70561524680669,64,37.932
15,66,2.7435474819970036,65,37.932
15,67,2.781479717187317,66,37.932
15,68,2.8194119523776306,67,37.932
15,69,2.857344187567944,68,37.932
15,70,2.8952764227582577,69,37.932
15,71,2.933208657948571,70,37.932
15,72,2.9711408931388847,71,37.932
15,73,3.0090731283291983,72,37.932
15,74,3.047005363519512,73,37.932
15,75,3.0849375987098253,74,37.932
15,76,3.122869833900139,75,37.932
15,77,3.1608020690904524,76,37.932
15,78,3.198734304280766,77,37.932
15,79,3.2366665394710794,78,37.932
15,80,3.274598774661393,79,37.932
15,81,3.3125310098517065,80,37.932
15,82,3.35046324504202,81,37.932
15,83,3.3883954802323335,82,37.932
15,84,3.426327715422647,83,37.932
15,85,3.4642599506129605,84,37.932
15,86,3.502192185803274,85,37.932
15,87,3.5401244209935876,86,37.932
15,88,3.578056656183901,87,37.932
15,89,3.6159888913742146,88,37.932
15,90,3.653921126564528,89,37.932
15,91,3.6918533617548417,90,37.932
15,92,3.729785596945155,91,37.932
15,93,3.7677178321354687,92,37.932
15,94,3.8056500673257823,93,37.932
15,95,3.843582302516096,94,37.932
15,96,3.8815145377064093,95,37.932
15,97,3.919446772896723,96,37.932
15,98,3.9573790080870364,97,37.932
15,99,3.99531124327735,98,37.932
15,100,4.033243478467663,99,37.932
15,101,4.071175713657977,100,37.932
15,102,4.109107948848291,101,37.932
15,103,4.147040184038605,102,37.932
15,104,4.184972419228919,103,37.932
15,105,4.222904654419233,104,37.932
15,106,4.260836889609547,105,37.932
15,107,4.298769124799861,106,37.932
15,108,4.336701359990175,107,37.932
15,109,4.374633595180489,108,37.932
15,110,4.412565830370803,109,37.932
15,111,4.450498065561117,110,37.932
15,112,4.488430300751431,111,37.932
15,113,4.526362535941745,112,37.932
15,114,4.5643505204403265,113,37.988
15,115,4.602338504938908,114,37.988
15,116,4.64032648943749,115,37.988
15,117,4.678314473936071,116,37.988
15,118,4.716302458434653,117,37.988
15,119,4.754290442933234,118,37.988
15,120,4.792278427431816,119,37.988
15,121,4.830266411930397,120,37.988
15,122,4.868254396428979,121,37.988
15,123,4.90624238092756,122,37.988
15,124,4.944230365426142,123,37.988
15,125,4.9822183499247235,124,37.988
15,126,5.020206334423305,125,37.988
15,127,5.0581943189218865,126,37.988
15,128,5.096182303420468,127,37.988
16,1,0.2864330801704442,0,286.433
16,2,0.3241886302452615,1,37.756
16,3,0.3619441803200788,2,37.756
16,4,0.3996997303948961,3,37.756
16,5,0.4374552804697134,4,37.756
16,6,0.47521083054453067,5,37.756
16,7,0.512966380619348,6,37.756
16,8,0.5507219306941653,7,37.756
16,9,0.5884774807689827,8,37.756
16,10,0.6262330308438,9,37.756
16,11,0.6639885809186173,10,37.756
16,12,0.7017441309934347,11,37.756
16,13,0.739499681068252,12,37.756
16,14,0.7772552311430694,13,37.756
16,15,0.8150107812178867,14,37.756
16,16,0.8527663312927041,15,37.756
16,17,0.8905218813675214,16,37.756
16,18,0.9282774314423388,17,37.756
16,19,0.9660329815171561,18,37.756
16,20,1.0037885315919735,19,37.756
16,21,1.0415440816667907,20,37.756
16,22,1.079299631741608,21,37.756
16,23,1.1170551818164252,22,37.756
16,24,1.1548107318912424,23,37.756
16,25,1.1925662819660596,24,37.756
16,26,1.2303218320408769,25,37.756
16,27,1.268077382115694,26,37.756
16,28,1.3058329321905113,27,37.756
16,29,1.3435884822653286,28,37.756
16,30,1.3813440323401458,29,37.756
16,31,1.419099582414963,30,37.756
16,32,1.4568551324897803,31,37.756
16,33,1.4946106825645975,32,37.756
16,34,1.5323662326394147,33,37.756
16,35,1.570121782714232,34,37.756
16,36,1.6078773327890492,35,37.756
16,37,1.6456328828638664,36,37.756
16,38,1.6833884329386837,37,37.756
16,39,1.721143983013501,38,37.756
16,40,1.7588995330883181,39,37.756
16,41,1.7966550831631354,40,37.756
16,42,1.8344106332379526,41,37.756
16,43,1.8721661833127698,42,37.756
16,44,1.909921733387587,43,37.756
16,45,1.9476772834624043,44,37.756
16,46,1.9854328335372216,45,37.756
16,47,2.023188383612039,46,37.756
16,48,2.0609439336868562,47,37.756
16,49,2.0986994837616737,48,37.756
16,50,2.1366317189519872,49,37.932
16,51,2.1745639541423007,50,37.932
16,52,2.2124961893326143,51,37.932
16,53,2.250428424522928,52,37.932
16,54,2.2883606597132413,53,37.932
16,55,2.326292894903555,54,37.932
16,56,2.3642251300938684,55,37.932
16,57,2.402157365284182,56,37.932
16,58,2.4400896004744954,57,37.932
16,59,2.478021835664809,58,37.932
16,60,2.5159540708551225,59,37.932
16,61,2.553886306045436,60,37.932
16,62,2.5918185412357495,61,37.932
16,63,2.629750776426063,62,37.932
16,64,2.6676830116163766,63,37.932
16,65,2.70561524680669,64,37.932
16,66,2.7435474819970036,65,37.932
16,67,2.781479717187317,66,37.932
16,68,2.8194119523776306,67,37.932
16,69,2.857344187567944,68,37.932
16,70,2.8952764227582577,69,37.932
16,71,2.933208657948571,70,37.932
16,72,2.9711408931388847,71,37.932
16,73,3.0090731283291983,72,37.932
16,74,3.047005363519512,73,37.932
16,75,3.0849375987098253,74,37.932
16,76,3.122869833900139,75,37.932
16,77,3.1608020690904524,76,37.932
16,78,3.198734304280766,77,37.932
16,79,3.2366665394710794,78,37.932
16,80,3.274598774661393,79,37.932
16,81,3.3125310098517065,80,37.932
16,82,3.35046324504202,81,37.932
16,83,3.3883954802323335,82,37.932
16,84,3.426327715422647,83,37.932
16,85,3.4642599506129605,84,37.932
16,86,3.502192185803274,85,37.932
16,87,3.5401244209935876,86,37.932
16,88,3.578056656183901,87,37.932
16,89,3.6159888913742146,88,37.932
16,90,3.653921126564528,89,37.932
16,91,3.6918533617548417,90,37.932
16,92,3.729785596945155,91,37.932
16,93,3.7677178321354687,92,37.932
16,94,3.8056500673257823,93,37.932
16,95,3.843582302516096,94,37.932
16,96,3.8815145377064093,95,37.932
16,97,3.919446772896723,96,37.932
16,98,3.9573790080870364,97,37.932
16,99,3.99531124327735,98,37.932
16,100,4.033243478467663,99,37.932
16,101,4.071175713657977,100,37.932
16,102,4.109107948848291,101,37.932
16,103,4.147040184038605,102,37.932
16,104,4.184972419228919,103,37.932
16,105,4.222904654419233,104,37.932
16,106,4.260836889609547,105,37.932
16,107,4.298769124799861,106,37.932
16,108,4.336701359990175,107,37.932
16,109,4.374633595180489,108,37.932
16,110,4.412565830370803,109,37.932
16,111,4.450498065561117,110,37.932
16,112,4.488430300751431,111,37.932
16,113,4.526362535941745,112,37.932
16,114,4.5643505204403265,113,37.988
16,115,4.602338504938908,114,37.988
16,116,4.64032648943749,115,37.988
16,117,4.678314473936071,116,37.988
16,118,4.716302458434653,117,37.988
16,119,4.754290442933234,118,37.988
16,120,4.792278427431816,119,37.988
16,121,4.830266411930397,120,37.988
16,122,4.868254396428979,121,37.988
16,123,4.90624238092756,122,37.988
16,124,4.944230365426142,123,37.988
16,125,4.9822183499247235,124,37.988
16,126,5.020206334423305,125,37.988
16,127,5.0581943189218865,126,37.988
16,128,5.096182303420468,127,37.988
17,1,0.2864330801704442,0,286.433
17,2,0.3241886302452615,1,37.756
17,3,0.3619441803200788,2,37.756
17,4,0.3996997303948961,3,37.756
17,5,0.4374552804697134,4,37.756
17,6,0.47521083054453067,5,37.756
17,7,0.512966380619348,6,37.756
17,8,0.5507219306941653,7,37.756
17,9,0.5884774807689827,8,37.756
17,10,0.6262330308438,9,37.756
17,11,0.6639885809186173,10,37.756
17,12,0.7017441309934347,11,37.756
17,13,0.739499681068252,12,37.756
17,14,0.7772552311430694,13,37.756
17,15,0.8150107812178867,14,37.756
17,16,0.8527663312927041,15,37.756
17,17,0.8905218813675214,16,37.756
17,18,0.9282774314423388,17,37.756
17,19,0.9660329815171561,18,37.756
17,20,1.0037885315919735,19,37.756
17,21,1.0415440816667907,20,37.756
17,22,1.079299631741608,21,37.756
17,23,1.1170551818164252,22,37.756
17,24,1.1548107318912424,23,37.756
17,25,1.1925662819660596,24,37.756
17,26,1.2303218320408769,25,37.756
17,27,1.268077382115694,26,37.756
17,28,1.3058329321905113,27,37.756
17,29,1.3435884822653286,28,37.756
17,30,1.3813440323401458,29,37.756
17,31,1.419099582414963,30,37.756
17,32,1.4568551324897803,31,37.756
17,33,1.4946106825645975,32,37.756
17,34,1.5323662326394147,33,37.756
17,35,1.570121782714232,34,37.756
17,36,1.6078773327890492,35,37.756
17,37,1.6456328828638664,36,37.756
17,38,1.6833884329386837,37,37.756
17,39,1.721143983013501,38,37.756
17,40,1.7588995330883181,39,37.756
17,41,1.7966550831631354,40,37.756
17,42,1.8344106332379526,41,37.756
17,43,1.8721661833127698,42,37.756
17,44,1.909921733387587,43,37.756
17,45,1.9476772834624043,44,37.756
17,46,1.9854328335372216,45,37.756
17,47,2.023188383612039,46,37.756
17,48,2.0609439336868562,47,37.756
17,49,2.0986994837616737,48,37.756
17,50,2.1366317189519872,49,37.932
17,51,2.1745639541423007,50,37.932
17,52,2.2124961893326143,51,37.932
17,53,2.250428424522928,52,37.932
17,54,2.2883606597132413,53,37.932
17,55,2.326292894903555,54,37.932
17,56,2.3642251300938684,55,37.932
17,57,2.402157365284182,56,37.932
17,58,2.4400896004744954,57,37.932
17,59,2.478021835664809,58,37.932
17,60,2.5159540708551225,59,37.932
17,61,2.553886306045436,60,37.932
17,62,2.5918185412357495,61,37.932
17,63,2.629750776426063,62,37.932
17,64,2.6676830116163766,63,37.932
17,65,2.70561524680669,64,37.932
17,66,2.7435474819970036,65,37.932
17,67,2.781479717187317,66,37.932
17,68,2.8194119523776306,67,37.932
17,69,2.857344187567944,68,37.932
17,70,2.8952764227582577,69,37.932
17,71,2.933208657948571,70,37.932
17,72,2.9711408931388847,71,37.932
17,73,3.0090731283291983,72,37.932
17,74,3.047005363519512,73,37.932
17,75,3.0849375987098253,74,37.932
17,76,3.122869833900139,75,37.932
17,77,3.1608020690904524,76,37.932
17,78,3.198734304280766,77,37.932
17,79,3.2366665394710794,78,37.932
17,80,3.274598774661393,79,37.932
17,81,3.3125310098517065,80,37.932
17,82,3.35046324504202,81,37.932
17,83,3.3883954802323335,82,37.932
17,84,3.426327715422647,83,37.932
17,85,3.4642599506129605,84,37.932
17,86,3.502192185803274,85,37.932
17,87,3.5401244209935876,86,37.932
17,88,3.578056656183901,87,37.932
17,89,3.6159888913742146,88,37.932
17,90,3.653921126564528,89,37.932
17,91,3.6918533617548417,90,37.932
17,92,3.729785596945155,91,37.932
17,93,3.7677178321354687,92,37.932
17,94,3.8056500673257823,93,37.932
17,95,3.843582302516096,94,37.932
17,96,3.8815145377064093,95,37.932
17,97,3.919446772896723,96,37.932
17,98,3.9573790080870364,97,37.932
17,99,3.99531124327735,98,37.932
17,100,4.033243478467663,99,37.932
17,101,4.071175713657977,100,37.932
17,102,4.109107948848291,101,37.932
17,103,4.147040184038605,102,37.932
17,104,4.184972419228919,103,37.932
17,105,4.222904654419233,104,37.932
17,106,4.260836889609547,105,37.932
17,107,4.298769124799861,106,37.932
17,108,4.336701359990175,107,37.932
17,109,4.374633595180489,108,37.932
17,110,4.412565830370803,109,37.932
17,111,4.450498065561117,110,37.932
17,112,4.488430300751431,111,37.932
17,113,4.526362535941745,112,37.932
17,114,4.5643505204403265,113,37.988
17,115,4.602338504938908,114,37.988
17,116,4.64032648943749,115,37.988
17,117,4.678314473936071,116,37.988
17,118,4.716302458434653,117,37.988
17,119,4.754290442933234,118,37.988
17,120,4.792278427431816,119,37.988
17,121,4.830266411930397,120,37.988
17,122,4.868254396428979,121,37.988
17,123,4.90624238092756,122,37.988
17,124,4.944230365426142,123,37.988
17,125,4.9822183499247235,124,37.988
17,126,5.020206334423305,125,37.988
17,127,5.0581943189218865,126,37.988
17,128,5.096182303420468,127,37.988
18,1,0.2864330801704442,0,286.433
18,2,0.3241886302452615,1,37.756
18,3,0.3619441803200788,2,37.756
18,4,0.3996997303948961,3,37.756
18,5,0.4374552804697134,4,37.756
18,6,0.47521083054453067,5,37.756
18,7,0.512966380619348,6,37.756
18,8,0.5507219306941653,7,37.756
18,9,0.5884774807689827,8,37.756
18,10,0.6262330308438,9,37.756
18,11,0.6639885809186173,10,37.756
18,12,0.7017441309934347,11,37.756
18,13,0.739499681068252,12,37.756
18,14,0.7772552311430694,13,37.756
18,15,0.8150107812178867,14,37.756
18,16,0.8527663312927041,15,37.756
18,17,0.8905218813675214,16,37.756
18,18,0.9282774314423388,17,37.756
18,19,0.9660329815171561,18,37.756
18,20,1.0037885315919735,19,37.756
18,21,1.0415440816667907,20,37.756
18,22,1.079299631741608,21,37.756
18,23,1.1170551818164252,22,37.756
18,24,1.1548107318912424,23,37.756
18,25,1.1925662819660596,24,37.756
18,26,1.2303218320408769,25,37.756
18,27,1.268077382115694,26,37.756
18,28,1.3058329321905113,27,37.756
18,29,1.3435884822653286,28,37.756
18,30,1.3813440323401458,29,37.756
18,31,1.419099582414963,30,37.756
18,32,1.4568551324897803,31,37.756
18,33,1.4946106825645975,32,37.756
18,34,1.5323662326394147,33,37.756
18,35,1.570121782714232,34,37.756
18,36,1.6078773327890492,35,37.756
18,37,1.6456328828638664,36,37.756
18,38,1.6833884329386837,37,37.756
18,39,1.721143983013501,38,37.756
18,40,1.7588995330883181,39,37.756
18,41,1.7966550831631354,40,37.756
18,42,1.8344106332379526,41,37.756
18,43,1.8721661833127698,42,37.756
18,44,1.909921733387587,43,37.756
18,45,1.9476772834624043,44,37.756
18,46,1.9854328335372216,45,37.756
18,47,2.023188383612039,46,37.756
18,48,2.0609439336868562,47,37.756
18,49,2.0986994837616737,48,37.756
18,50,2.1366317189519872,49,37.932
18,51,2.1745639541423007,50,37.932
18,52,2.2124961893326143,51,37.932
18,53,2.250428424522928,52,37.932
18,54,2.2883606597132413,53,37.932
18,55,2.326292894903555,54,37.932
18,56,2.3642251300938684,55,37.932
18,57,2.402157365284182,56,37.932
18,58,2.4400896004744954,57,37.932
18,59,2.478021835664809,58,37.932
18,60,2.5159540708551225,59,37.932
18,61,2.553886306045436,60,37.932
18,62,2.5918185412357495,61,37.932
18,63,2.629750776426063,62,37.932
18,64,2.6676830116163766,63,37.932
18,65,2.70561524680669,64,37.932
18,66,2.7435474819970036,65,37.932
18,67,2.781479717187317,66,37.932
18,68,2.8194119523776306,67,37.932
18,69,2.857344187567944,68,37.932
18,70,2.8952764227582577,69,37.932
18,71,2.933208657948571,70,37.932
18,72,2.9711408931388847,71,37.932
18,73,3.0090731283291983,72,37.932
18,74,3.047005363519512,73,37.932
18,75,3.0849375987098253,74,37.932
18,76,3.122869833900139,75,37.932
18,77,3.1608020690904524,76,37.932
18,78,3.198734304280766,77,37.932
18,79,3.2366665394710794,78,37.932
18,80,3.274598774661393,79,37.932
18,81,3.3125310098517065,80,37.932
18,82,3.35046324504202,81,37.932
18,83,3.3883954802323335,82,37.932
18,84,3.426327715422647,83,37.932
18,85,3.4642599506129605,84,37.932
18,86,3.502192185803274,85,37.932
18,87,3.5401244209935876,86,37.932
18,88,3.578056656183901,87,37.932
18,89,3.6159888913742146,88,37.932
18,90,3.653921126564528,89,37.932
18,91,3.6918533617548417,90,37.932
18,92,3.729785596945155,91,37.932
18,93,3.7677178321354687,92,37.932
18,94,3.8056500673257823,93,37.932
18,95,3.843582302516096,94,37.932
18,96,3.8815145377064093,95,37.932
18,97,3.919446772896723,96,37.932
18,98,3.9573790080870364,97,37.932
18,99,3.99531124327735,98,37.932
18,100,4.033243478467663,99,37.932
18,101,4.071175713657977,100,37.932
18,102,4.109107948848291,101,37.932
18,103,4.147040184038605,102,37.932
18,104,4.184972419228919,103,37.932
18,105,4.222904654419233,104,37.932
18,106,4.260836889609547,105,37.932
18,107,4.298769124799861,106,37.932
18,108,4.336701359990175,107,37.932
18,109,4.374633595180489,108,37.932
18,110,4.412565830370803,109,37.932
18,111,4.450498065561117,110,37.932
18,112,4.488430300751431,111,37.932
18,113,4.526362535941745,112,37.932
18,114,4.5643505204403265,113,37.988
18,115,4.602338504938908,114,37.988
18,116,4.64032648943749,115,37.988
18,117,4.678314473936071,116,37.988
18,118,4.716302458434653,117,37.988
18,119,4.754290442933234,118,37.988
18,120,4.792278427431816,119,37.988
18,121,4.830266411930397,120,37.988
18,122,4.868254396428979,121,37.988
18,123,4.90624238092756,122,37.988
18,124,4.944230365426142,123,37.988
18,125,4.9822183499247235,124,37.988
18,126,5.020206334423305,125,37.988
18,127,5.0581943189218865,126,37.988
18,128,5.096182303420468,127,37.988
19,1,0.2864330801704442,0,286.433
19,2,0.3241886302452615,1,37.756
19,3,0.3619441803200788,2,37.756
19,4,0.3996997303948961,3,37.756
19,5,0.4374552804697134,4,37.756
19,6,0.47521083054453067,5,37.756
19,7,0.512966380619348,6,37.756
19,8,0.5507219306941653,7,37.756
19,9,0.5884774807689827,8,37.756
19,10,0.6262330308438,9,37.756
19,11,0.6639885809186173,10,37.756
19,12,0.7017441309934347,11,37.756
19,13,0.739499681068252,12,37.756
19,14,0.7772552311430694,13,37.756
19,15,0.8150107812178867,14,37.756
19,16,0.8527663312927041,15,37.756
19,17,0.8905218813675214,16,37.756
19,18,0.9282774314423388,17,37.756
19,19,0.9660329815171561,18,37.756
19,20,1.0037885315919735,19,37.756
19,21,1.0415440816667907,20,37.756
19,22,1.079299631741608,21,37.756
19,23,1.1170551818164252,22,37.756
19,24,1.1548107318912424,23,37.756
19,25,1.1925662819660596,24,37.756
19,26,1.2303218320408769,25,37.756
19,27,1.268077382115694,26,37.756
19,28,1.3058329321905113,27,37.756
19,29,1.3435884822653286,28,37.756
19,30,1.3813440323401458,29,37.756
19,31,1.419099582414963,30,37.756
19,32,1.4568551324897803,31,37.756
19,33,1.4946106825645975,32,37.756
19,34,1.5323662326394147,33,37.756
19,35,1.570121782714232,34,37.756
19,36,1.6078773327890492,35,37.756
19,37,1.6456328828638664,36,37.756
19,38,1.6833884329386837,37,37.756
19,39,1.721143983013501,38,37.756
19,40,1.7588995330883181,39,37.756
19,41,1.7966550831631354,40,37.756
19,42,1.8344106332379526,41,37.756
19,43,1.8721661833127698,42,37.756
19,44,1.909921733387587,43,37.756
19,45,1.9476772834624043,44,37.756
19,46,1.9854328335372216,45,37.756
19,47,2.023188383612039,46,37.756
19,48,2.0609439336868562,47,37.756
19,49,2.0986994837616737,48,37.756
19,50,2.1366317189519872,49,37.932
19,51,2.1745639541423007,50,37.932
19,52,2.2124961893326143,51,37.932
19,53,2.250428424522928,52,37.932
19,54,2.2883606597132413,53,37.932
19,55,2.326292894903555,54,37.932
19,56,2.3642251300938684,55,37.932
19,57,2.402157365284182,56,37.932
19,58,2.4400896004744954,57,37.932
19,59,2.478021835664809,58,37.932
19,60,2.5159540708551225,59,37.932
19,61,2.553886306045436,60,37.932
19,62,2.5918185412357495,61,37.932
19,63,2.629750776426063,62,37.932
19,64,2.6676830116163766,63,37.932
19,65,2.70561524680669,64,37.932
19,66,2.7435474819970036,65,37.932
19,67,2.781479717187317,66,37.932
19,68,2.8194119523776306,67,37.932
19,69,2.857344187567944,68,37.932
19,70,2.8952764227582577,69,37.932
19,71,2.933208657948571,70,37.932
19,72,2.9711408931388847,71,37.932
19,73,3.0090731283291983,72,37.932
19,74,3.047005363519512,73,37.932
19,75,3.0849375987098253,74,37.932
19,76,3.122869833900139,75,37.932
19,77,3.1608020690904524,76,37.932
19,78,3.198734304280766,77,37.932
19,79,3.2366665394710794,78,37.932
19,80,3.274598774661393,79,37.932
19,81,3.3125310098517065,80,37.932
19,82,3.35046324504202,81,37.932
19,83,3.3883954802323335,82,37.932
19,84,3.426327715422647,83,37.932
19,85,3.4642599506129605,84,37.932
19,86,3.502192185803274,85,37.932
19,87,3.5401244209935876,86,37.932
19,88,3.578056656183901,87,37.932
19,89,3.6159888913742146,88,37.932
19,90,3.653921126564528,89,37.932
19,91,3.6918533617548417,90,37.932
19,92,3.729785596945155,91,37.932
19,93,3.7677178321354687,92,37.932
19,94,3.8056500673257823,93,37.932
19,95,3.843582302516096,94,37.932
19,96,3.8815145377064093,95,37.932
19,97,3.919446772896723,96,37.932
19,98,3.9573790080870364,97,37.932
19,99,3.99531124327735,98,37.932
19,100,4.033243478467663,99,37.932
19,101,4.071175713657977,100,37.932
19,102,4.109107948848291,101,37.932
19,103,4.147040184038605,102,37.932
19,104,4.184972419228919,103,37.932
19,105,4.222904654419233,104,37.932
19,106,4.260836889609547,105,37.932
19,107,4.298769124799861,106,37.932
19,108,4.336701359990175,107,37.932
19,109,4.374633595180489,108,37.932
19,110,4.412565830370803,109,37.932
19,111,4.450498065561117,110,37.932
19,112,4.488430300751431,111,37.932
19,113,4.526362535941745,112,37.932
19,114,4.5643505204403265,113,37.988
19,115,4.602338504938908,114,37.988
19,116,4.64032648943749,115,37.988
19,117,4.678314473936071,116,37.988
19,118,4.716302458434653,117,37.988
19,119,4.754290442933234,118,37.988
19,120,4.792278427431816,119,37.988
19,121,4.830266411930397,120,37.988
19,122,4.868254396428979,121,37.988
19,123,4.90624238092756,122,37.988
19,124,4.944230365426142,123,37.988
19,125,4.9822183499247235,124,37.988
19,126,5.020206334423305,125,37.988
19,127,5.0581943189218865,126,37.988
19,128,5.096182303420468,127,37.988
20,1,0.2864330801704442,0,286.433
20,2,0.3241886302452615,1,37.756
20,3,0.3619441803200788,2,37.756
20,4,0.3996997303948961,3,37.756
20,5,0.4374552804697134,4,37.756
20,6,0.47521083054453067,5,37.756
20,7,0.512966380619348,6,37.756
20,8,0.5507219306941653,7,37.756
20,9,0.5884774807689827,8,37.756
20,10,0.6262330308438,9,37.756
20,11,0.6639885809186173,10,37.756
20,12,0.7017441309934347,11,37.756
20,13,0.739499681068252,12,37.756
20,14,0.7772552311430694,13,37.756
20,15,0.8150107812178867,14,37.756
20,16,0.8527663312927041,15,37.756
20,17,0.8905218813675214,16,37.756
20,18,0.9282774314423388,17,37.756
20,19,0.9660329815171561,18,37.756
20,20,1.0037885315919735,19,37.756
20,21,1.0415440816667907,20,37.756
20,22,1.079299631741608,21,37.756
20,23,1.1170551818164252,22,37.756
20,24,1.1548107318912424,23,37.756
20,25,1.1925662819660596,24,37.756
20,26,1.2303218320408769,25,37.756
20,27,1.268077382115694,26,37.756
20,28,1.3058329321905113,27,37.756
20,29,1.3435884822653286,28,37.756
20,30,1.3813440323401458,29,37.756
20,31,1.419099582414963,30,37.756
20,32,1.4568551324897803,31,37.756
20,33,1.4946106825645975,32,37.756
20,34,1.5323662326394147,33,37.756
20,35,1.570121782714232,34,37.756
20,36,1.6078773327890492,35,37.756
20,37,1.6456328828638664,36,37.756
20,38,1.6833884329386837,37,37.756
20,39,1.721143983013501,38,37.756
20,40,1.7588995330883181,39,37.756
20,41,1.7966550831631354,40,37.756
20,42,1.8344106332379526,41,37.756
20,43,1.8721661833127698,42,37.756
20,44,1.909921733387587,43,37.756
20,45,1.9476772834624043,44,37.756
20,46,1.9854328335372216,45,37.756
20,47,2.023188383612039,46,37.756
20,48,2.0609439336868562,47,37.756
20,49,2.0986994837616737,48,37.756
20,50,2.1366317189519872,49,37.932
20,51,2.1745639541423007,50,37.932
20,52,2.2124961893326143,51,37.932
20,53,2.250428424522928,52,37.932
20,54,2.2883606597132413,53,37.932
20,55,2.326292894903555,54,37.932
20,56,2.3642251300938684,55,37.932
20,57,2.402157365284182,56,37.932
20,58,2.4400896004744954,57,37.932
20,59,2.478021835664809,58,37.932
20,60,2.5159540708551225,59,37.932
20,61,2.553886306045436,60,37.932
20,62,2.5918185412357495,61,37.932
20,63,2.629750776426063,62,37.932
20,64,2.6676830116163766,63,37.932
20,65,2.70561524680669,64,37.932
20,66,2.7435474819970036,65,37.932
20,67,2.781479717187317,66,37.932
20,68,2.8194119523776306,67,37.932
20,69,2.857344187567944,68,37.932
20,70,2.8952764227582577,69,37.932
20,71,2.933208657948571,70,37.932
20,72,2.9711408931388847,71,37.932
20,73,3.0090731283291983,72,37.932
20,74,3.047005363519512,73,37.932
20,75,3.0849375987098253,74,37.932
20,76,3.122869833900139,75,37.932
20,77,3.1608020690904524,76,37.932
20,78,3.198734304280766,77,37.932
20,79,3.2366665394710794,78,37.932
20,80,3.274598774661393,79,37.932
20,81,3.3125310098517065,80,37.932
20,82,3.35046324504202,81,37.932
20,83,3.3883954802323335,82,37.932
20,84,3.426327715422647,83,37.932
20,85,3.4642599506129605,84,37.932
20,86,3.502192185803274,85,37.932
20,87,3.5401244209935876,86,37.932
20,88,3.578056656183901,87,37.932
20,89,3.6159888913742146,88,37.932
20,90,3.653921126564528,89,37.932
20,91,3.6918533617548417,90,37.932
20,92,3.729785596945155,91,37.932
20,93,3.7677178321354687,92,37.932
20,94,3.8056500673257823,93,37.932
20,95,3.843582302516096,94,37.932
20,96,3.8815145377064093,95,37.932
20,97,3.919446772896723,96,37.932
20,98,3.9573790080870364,97,37.932
20,99,3.99531124327735,98,37.932
20,100,4.033243478467663,99,37.932
20,101,4.071175713657977,100,37.932
20,102,4.109107948848291,101,37.932
20,103,4.147040184038605,102,37.932
20,104,4.184972419228919,103,37.932
20,105,4.222904654419233,104,37.932
20,106,4.260836889609547,105,37.932
20,107,4.298769124799861,106,37.932
20,108,4.336701359990175,107,37.932
20,109,4.374633595180489,108,37.932
20,110,4.412565830370803,109,37.932
20,111,4.450498065561117,110,37.932
20,112,4.488430300751431,111,37.932
20,113,4.526362535941745,112,37.932
20,114,4.5643505204403265,113,37.988
20,115,4.602338504938908,114,37.988
20,116,4.64032648943749,115,37.988
20,117,4.678314473936071,116,37.988
20,118,4.716302458434653,117,37.988
20,119,4.754290442933234,118,37.988
20,120,4.792278427431816,119,37.988
20,121,4.830266411930397,120,37.988
20,122,4.868254396428979,121,37.988
20,123,4.90624238092756,122,37.988
20,124,4.944230365426142,123,37.988
20,125,4.9822183499247235,124,37.988
20,126,5.020206334423305,125,37.988
20,127,5.0581943189218865,126,37.988
20,128,5.096182303420468,127,37.988
21,1,0.2864330801704442,0,286.433
21,2,0.3241886302452615,1,37.756
21,3,0.3619441803200788,2,37.756
21,4,0.3996997303948961,3,37.756
21,5,0.4374552804697134,4,37.756
21,6,0.47521083054453067,5,37.756
21,7,0.512966380619348,6,37.756
21,8,0.5507219306941653,7,37.756
21,9,0.5884774807689827,8,37.756
21,10,0.6262330308438,9,37.756
21,11,0.6639885809186173,10,37.756
21,12,0.7017441309934347,11,37.756
21,13,0.739499681068252,12,37.756
21,14,0.7772552311430694,13,37.756
21,15,0.8150107812178867,14,37.756
21,16,0.8527663312927041,15,37.756
21,17,0.8905218813675214,16,37.756
21,18,0.9282774314423388,17,37.756
21,19,0.9660329815171561,18,37.756
21,20,1.0037885315919735,19,37.756
21,21,1.0415440816667907,20,37.756
21,22,1.079299631741608,21,37.756
21,23,1.1170551818164252,22,37.756
21,24,1.1548107318912424,23,37.756
21,25,1.1925662819660596,24,37.756
21,26,1.2303218320408769,25,37.756
21,27,1.268077382115694,26,37.756
21,28,1.3058329321905113,27,37.756
21,29,1.3435884822653286,28,37.756
21,30,1.3813440323401458,29,37.756
21,31,1.419099582414963,30,37.756
21,32,1.4568551324897803,31,37.756
21,33,1.4946106825645975,32,37.756
21,34,1.5323662326394147,33,37.756
21,35,1.570121782714232,34,37.756
21,36,1.6078773327890492,35,37.756
21,37,1.6456328828638664,36,37.756
21,38,1.6833884329386837,37,37.756
21,39,1.721143983013501,38,37.756
21,40,1.7588995330883181,39,37.756
21,41,1.7966550831631354,40,37.756
21,42,1.8344106332379526,41,37.756
21,43,1.8721661833127698,42,37.756
21,44,1.909921733387587,43,37.756
21,45,1.9476772834624043,44,37.756
21,46,1.9854328335372216,45,37.756
21,47,2.023188383612039,46,37.756
21,48,2.0609439336868562,47,37.756
21,49,2.0986994837616737,48,37.756
21,50,2.1366317189519872,49,37.932
21,51,2.1745639541423007,50,37.932
21,52,2.2124961893326143,51,37.932
21,53,2.250428424522928,52,37.932
21,54,2.2883606597132413,53,37.932
21,55,2.326292894903555,54,37.932
21,56,2.3642251300938684,55,37.932
21,57,2.402157365284182,56,37.932
21,58,2.4400896004744954,57,37.932
21,59,2.478021835664809,58,37.932
21,60,2.5159540708551225,59,37.932
21,61,2.553886306045436,60,37.932
21,62,2.5918185412357495,61,37.932
21,63,2.629750776426063,62,37.932
21,64,2.6676830116163766,63,37.932
21,65,2.70561524680669,64,37.932
21,66,2.7435474819970036,65,37.932
21,67,2.781479717187317,66,37.932
21,68,2.8194119523776306,67,37.932
21,69,2.857344187567944,68,37.932
21,70,2.8952764227582577,69,37.932
21,71,2.933208657948571,70,37.932
21,72,2.9711408931388847,71,37.932
21,73,3.0090731283291983,72,37.932
21,74,3.047005363519512,73,37.932
21,75,3.0849375987098253,74,37.932
21,76,3.122869833900139,75,37.932
21,77,3.1608020690904524,76,37.932
21,78,3.198734304280766,77,37.932
21,79,3.2366665394710794,78,37.932
21,80,3.274598774661393,79,37.932
21,81,3.3125310098517065,80,37.932
21,82,3.35046324504202,81,37.932
21,83,3.3883954802323335,82,37.932
21,84,3.426327715422647,83,37.932
21,85,3.4642599506129605,84,37.932
21,86,3.502192185803274,85,37.932
21,87,3.5401244209935876,86,37.932
21,88,3.578056656183901,87,37.932
21,89,3.6159888913742146,88,37.932
21,90,3.653921126564528,89,37.932
21,91,3.6918533617548417,90,37.932
21,92,3.729785596945155,91,37.932
21,93,3.7677178321354687,92,37.932
21,94,3.8056500673257823,93,37.932
21,95,3.843582302516096,94,37.932
21,96,3.8815145377064093,95,37.932
21,97,3.919446772896723,96,37.932
21,98,3.9573790080870364,97,37.932
21,99,3.99531124327735,98,37.932
21,100,4.033243478467663,99,37.932
21,101,4.071175713657977,100,37.932
21,102,4.109107948848291,101,37.932
21,103,4.147040184038605,102,37.932
21,104,4.184972419228919,103,37.932
21,105,4.222904654419233,104,37.932
21,106,4.260836889609547,105,37.932
21,107,4.298769124799861,106,37.932
21,108,4.336701359990175,107,37.932
21,109,4.374633595180489,108,37.932
21,110,4.412565830370803,109,37.932
21,111,4.450498065561117,110,37.932
21,112,4.488430300751431,111,37.932
21,113,4.526362535941745,112,37.932
21,114,4.5643505204403265,113,37.988
21,115,4.602338504938908,114,37.988
21,116,4.64032648943749,115,37.988
21,117,4.678314473936071,116,37.988
21,118,4.716302458434653,117,37.988
21,119,4.754290442933234,118,37.988
21,120,4.792278427431816,119,37.988
21,121,4.830266411930397,120,37.988
21,122,4.868254396428979,121,37.988
21,123,4.90624238092756,122,37.988
21,124,4.944230365426142,123,37.988
21,125,4.9822183499247235,124,37.988
21,126,5.020206334423305,125,37.988
21,127,5.0581943189218865,126,37.988
21,128,5.096182303420468,127,37.988
22,1,0.2864330801704442,0,286.433
22,2,0.3241886302452615,1,37.756
22,3,0.3619441803200788,2,37.756
22,4,0.3996997303948961,3,37.756
22,5,0.4374552804697134,4,37.756
22,6,0.47521083054453067,5,37.756
22,7,0.512966380619348,6,37.756
22,8,0.5507219306941653,7,37.756
22,9,0.5884774807689827,8,37.756
22,10,0.6262330308438,9,37.756
22,11,0.6639885809186173,10,37.756
22,12,0.7017441309934347,11,37.756
22,13,0.739499681068252,12,37.756
22,14,0.7772552311430694,13,37.756
22,15,0.8150107812178867,14,37.756
22,16,0.8527663312927041,15,37.756
22,17,0.8905218813675214,16,37.756
22,18,0.9282774314423388,17,37.756
22,19,0.9660329815171561,18,37.756
22,20,1.0037885315919735,19,37.756
22,21,1.0415440816667907,20,37.756
22,22,1.079299631741608,21,37.756
22,23,1.1170551818164252,22,37.756
22,24,1.1548107318912424,23,37.756
22,25,1.1925662819660596,24,37.756
22,26,1.2303218320408769,25,37.756
22,27,1.268077382115694,26,37.756
22,28,1.3058329321905113,27,37.756
22,29,1.3435884822653286,28,37.756
22,30,1.3813440323401458,29,37.756
22,31,1.419099582414963,30,37.756
22,32,1.4568551324897803,31,37.756
22,33,1.4946106825645975,32,37.756
22,34,1.5323662326394147,33,37.756
22,35,1.570121782714232,34,37.756
22,36,1.6078773327890492,35,37.756
22,37,1.6456328828638664,36,37.756
22,38,1.6833884329386837,37,37.756
22,39,1.721143983013501,38,37.756
22,40,1.7588995330883181,39,37.756
22,41,1.7966550831631354,40,37.756
22,42,1.8344106332379526,41,37.756
22,43,1.8721661833127698,42,37.756
22,44,1.909921733387587,43,37.756
22,45,1.9476772834624043,44,37.756
22,46,1.9854328335372216,45,37.756
22,47,2.023188383612039,46,37.756
22,48,2.0609439336868562,47,37.756
22,49,2.0986994837616737,48,37.756
22,50,2.1366317189519872,49,37.932
22,51,2.1745639541423007,50,37.932
22,52,2.2124961893326143,51,37.932
22,53,2.250428424522928,52,37.932
22,54,2.2883606597132413,53,37.932
22,55,2.326292894903555,54,37.932
22,56,2.3642251300938684,55,37.932
22,57,2.402157365284182,56,37.932
22,58,2.4400896004744954,57,37.932
22,59,2.478021835664809,58,37.932
22,60,2.5159540708551225,59,37.932
22,61,2.553886306045436,60,37.932
22,62,2.5918185412357495,61,37.932
22,63,2.629750776426063,62,37.932
22,64,2.6676830116163766,63,37.932
22,65,2.70561524680669,64,37.932
22,66,2.7435474819970036,65,37.932
22,67,2.781479717187317,66,37.932
22,68,2.8194119523776306,67,37.932
22,69,2.857344187567944,68,37.932
22,70,2.8952764227582577,69,37.932
22,71,2.933208657948571,70,37.932
22,72,2.9711408931388847,71,37.932
22,73,3.0090731283291983,72,37.932
22,74,3.047005363519512,73,37.932
22,75,3.0849375987098253,74,37.932
22,76,3.122869833900139,75,37.932
22,77,3.1608020690904524,76,37.932
22,78,3.198734304280766,77,37.932
22,79,3.2366665394710794,78,37.932
22,80,3.274598774661393,79,37.932
22,81,3.3125310098517065,80,37.932
22,82,3.35046324504202,81,37.932
22,83,3.3883954802323335,82,37.932
22,84,3.426327715422647,83,37.932
22,85,3.4642599506129605,84,37.932
22,86,3.502192185803274,85,37.932
22,87,3.5401244209935876,86,37.932
22,88,3.578056656183901,87,37.932
22,89,3.6159888913742146,88,37.932
22,90,3.653921126564528,89,37.932
22,91,3.6918533617548417,90,37.932
22,92,3.729785596945155,91,37.932
22,93,3.7677178321354687,92,37.932
22,94,3.8056500673257823,93,37.932
22,95,3.843582302516096,94,37.932
22,96,3.8815145377064093,95,37.932
22,97,3.919446772896723,96,37.932
22,98,3.9573790080870364,97,37.932
22,99,3.99531124327735,98,37.932
22,100,4.033243478467663,99,37.932
22,101,4.071175713657977,100,37.932
22,102,4.109107948848291,101,37.932
22,103,4.147040184038605,102,37.932
22,104,4.184972419228919,103,37.932
22,105,4.222904654419233,104,37.932
22,106,4.260836889609547,105,37.932
22,107,4.298769124799861,106,37.932
22,108,4.336701359990175,107,37.932
22,109,4.374633595180489,108,37.932
22,110,4.412565830370803,109,37.932
22,111,4.450498065561117,110,37.932
22,112,4.488430300751431,111,37.932
22,113,4.526362535941745,112,37.932
22,114,4.5643505204403265,113,37.988
22,115,4.602338504938908,114,37.988
22,116,4.64032648943749,115,37.988
22,117,4.678314473936071,116,37.988
22,118,4.716302458434653,117,37.988
22,119,4.754290442933234,118,37.988
22,120,4.792278427431816,119,37.988
22,121,4.830266411930397,120,37.988
22,122,4.868254396428979,121,37.988
22,123,4.90624238092756,122,37.988
22,124,4.944230365426142,123,37.988
22,125,4.9822183499247235,124,37.988
22,126,5.020206334423305,125,37.988
22,127,5.0581943189218865,126,37.988
22,128,5.096182303420468,127,37.988
23,1,0.2864330801704442,0,286.433
23,2,0.3241886302452615,1,37.756
23,3,0.3619441803200788,2,37.756
23,4,0.3996997303948961,3,37.756
23,5,0.4374552804697134,4,37.756
23,6,0.47521083054453067,5,37.756
23,7,0.512966380619348,6,37.756
23,8,0.5507219306941653,7,37.756
23,9,0.5884774807689827,8,37.756
23,10,0.6262330308438,9,37.756
23,11,0.6639885809186173,10,37.756
23,12,0.7017441309934347,11,37.756
23,13,0.739499681068252,12,37.756
23,14,0.7772552311430694,13,37.756
23,15,0.8150107812178867,14,37.756
23,16,0.8527663312927041,15,37.756
23,17,0.8905218813675214,16,37.756
23,18,0.9282774314423388,17,37.756
23,19,0.9660329815171561,18,37.756
23,20,1.0037885315919735,19,37.756
23,21,1.0415440816667907,20,37.756
23,22,1.079299631741608,21,37.756
23,23,1.1170551818164252,22,37.756
23,24,1.1548107318912424,23,37.756
23,25,1.1925662819660596,24,37.756
23,26,1.2303218320408769,25,37.756
23,27,1.268077382115694,26,37.756
23,28,1.3058329321905113,27,37.756
23,29,1.3435884822653286,28,37.756
23,30,1.3813440323401458,29,37.756
23,31,1.419099582414963,30,37.756
23,32,1.4568551324897803,31,37.756
23,33,1.4946106825645975,32,37.756
23,34,1.5323662326394147,33,37.756
23,35,1.570121782714232,34,37.756
23,36,1.6078773327890492,35,37.756
23,37,1.6456328828638664,36,37.756
23,38,1.6833884329386837,37,37.756
23,39,1.721143983013501,38,37.756
23,40,1.7588995330883181,39,37.756
23,41,1.7966550831631354,40,37.756
23,42,1.8344106332379526,41,37.756
23,43,1.8721661833127698,42,37.756
23,44,1.909921733387587,43,37.756
23,45,1.9476772834624043,44,37.756
23,46,1.9854328335372216,45,37.756
23,47,2.023188383612039,46,37.756
23,48,2.0609439336868562,47,37.756
23,49,2.0986994837616737,48,37.756
23,50,2.1366317189519872,49,37.932
23,51,2.1745639541423007,50,37.932
23,52,2.2124961893326143,51,37.932
23,53,2.250428424522928,52,37.932
23,54,2.2883606597132413,53,37.932
23,55,2.326292894903555,54,37.932
23,56,2.3642251300938684,55,37.932
23,57,2.402157365284182,56,37.932
23,58,2.4400896004744954,57,37.932
23,59,2.478021835664809,58,37.932
23,60,2.5159540708551225,59,37.932
23,61,2.553886306045436,60,37.932
23,62,2.5918185412357495,61,37.932
23,63,2.629750776426063,62,37.932
23,64,2.6676830116163766,63,37.932
23,65,2.70561524680669,64,37.932
23,66,2.7435474819970036,65,37.932
23,67,2.781479717187317,66,37.932
23,68,2.8194119523776306,67,37.932
23,69,2.857344187567944,68,37.932
23,70,2.8952764227582577,69,37.932
23,71,2.933208657948571,70,37.932
23,72,2.9711408931388847,71,37.932
23,73,3.0090731283291983,72,37.932
23,74,3.047005363519512,73,37.932
23,75,3.0849375987098253,74,37.932
23,76,3.122869833900139,75,37.932
23,77,3.1608020690904524,76,37.932
23,78,3.198734304280766,77,37.932
23,79,3.2366665394710794,78,37.932
23,80,3.274598774661393,79,37.932
23,81,3.3125310098517065,80,37.932
23,82,3.35046324504202,81,37.932
23,83,3.3883954802323335,82,37.932
23,84,3.426327715422647,83,37.932
23,85,3.4642599506129605,84,37.932
23,86,3.502192185803274,85,37.932
23,87,3.5401244209935876,86,37.932
23,88,3.578056656183901,87,37.932
23,89,3.6159888913742146,88,37.932
23,90,3.653921126564528,89,37.932
23,91,3.6918533617548417,90,37.932
23,92,3.729785596945155,91,37.932
23,93,3.7677178321354687,92,37.932
23,94,3.8056500673257823,93,37.932
23,95,3.843582302516096,94,37.932
23,96,3.8815145377064093,95,37.932
23,97,3.919446772896723,96,37.932
23,98,3.9573790080870364,97,37.932
23,99,3.99531124327735,98,37.932
23,100,4.033243478467663,99,37.932
23,101,4.071175713657977,100,37.932
23,102,4.109107948848291,101,37.932
23,103,4.147040184038605,102,37.932
23,104,4.184972419228919,103,37.932
23,105,4.222904654419233,104,37.932
23,106,4.260836889609547,105,37.932
23,107,4.298769124799861,106,37.932
23,108,4.336701359990175,107,37.932
23,109,4.374633595180489,108,37.932
23,110,4.412565830370803,109,37.932
23,111,4.450498065561117,110,37.932
23,112,4.488430300751431,111,37.932
23,113,4.526362535941745,112,37.932
23,114,4.5643505204403265,113,37.988
23,115,4.602338504938908,114,37.988
23,116,4.64032648943749,115,37.988
23,117,4.678314473936071,116,37.988
23,118,4.716302458434653,117,37.988
23,119,4.754290442933234,118,37.988
23,120,4.792278427431816,119,37.988
23,121,4.830266411930397,120,37.988
23,122,4.868254396428979,121,37.988
23,123,4.90624238092756,122,37.988
23,124,4.944230365426142,123,37.988
23,125,4.9822183499247235,124,37.988
23,126,5.020206334423305,125,37.988
23,127,5.0581943189218865,126,37.988
23,128,5.096182303420468,127,37.988
24,1,0.2864330801704442,0,286.433
24,2,0.3241886302452615,1,37.756
24,3,0.3619441803200788,2,37.756
24,4,0.3996997303948961,3,37.756
24,5,0.4374552804697134,4,37.756
24,6,0.47521083054453067,5,37.756
24,7,0.512966380619348,6,37.756
24,8,0.5507219306941653,7,37.756
24,9,0.5884774807689827,8,37.756
24,10,0.6262330308438,9,37.756
24,11,0.6639885809186173,10,37.756
24,12,0.7017441309934347,11,37.756
24,13,0.739499681068252,12,37.756
24,14,0.7772552311430694,13,37.756
24,15,0.8150107812178867,14,37.756
24,16,0.8527663312927041,15,37.756
24,17,0.8905218813675214,16,37.756
24,18,0.9282774314423388,17,37.756
24,19,0.9660329815171561,18,37.756
24,20,1.0037885315919735,19,37.756
24,21,1.0415440816667907,20,37.756
24,22,1.079299631741608,21,37.756
24,23,1.1170551818164252,22,37.756
24,24,1.1548107318912424,23,37.756
24,25,1.1925662819660596,24,37.756
24,26,1.2303218320408769,25,37.756
24,27,1.268077382115694,26,37.756
24,28,1.3058329321905113,27,37.756
24,29,1.3435884822653286,28,37.756
24,30,1.3813440323401458,29,37.756
24,31,1.419099582414963,30,37.756
24,32,1.4568551324897803,31,37.756
24,33,1.4946106825645975,32,37.756
24,34,1.5323662326394147,33,37.756
24,35,1.570121782714232,34,37.756
24,36,1.6078773327890492,35,37.756
24,37,1.6456328828638664,36,37.756
24,38,1.6833884329386837,37,37.756
24,39,1.721143983013501,38,37.756
24,40,1.7588995330883181,39,37.756
24,41,1.7966550831631354,40,37.756
24,42,1.8344106332379526,41,37.756
24,43,1.8721661833127698,42,37.756
24,44,1.909921733387587,43,37.756
24,45,1.9476772834624043,44,37.756
24,46,1.9854328335372216,45,37.756
24,47,2.023188383612039,46,37.756
24,48,2.0609439336868562,47,37.756
24,49,2.0986994837616737,48,37.756
24,50,2.1366317189519872,49,37.932
24,51,2.1745639541423007,50,37.932
24,52,2.2124961893326143,51,37.932
24,53,2.250428424522928,52,37.932
24,54,2.2883606597132413,53,37.932
24,55,2.326292894903555,54,37.932
24,56,2.3642251300938684,55,37.932
24,57,2.402157365284182,56,37.932
24,58,2.4400896004744954,57,37.932
24,59,2.478021835664809,58,37.932
24,60,2.5159540708551225,59,37.932
24,61,2.553886306045436,60,37.932
24,62,2.5918185412357495,61,37.932
24,63,2.629750776426063,62,37.932
24,64,2.6676830116163766,63,37.932
24,65,2.70561524680669,64,37.932
24,66,2.7435474819970036,65,37.932
24,67,2.781479717187317,66,37.932
24,68,2.8194119523776306,67,37.932
24,69,2.857344187567944,68,37.932
24,70,2.8952764227582577,69,37.932
24,71,2.933208657948571,70,37.932
24,72,2.9711408931388847,71,37.932
24,73,3.0090731283291983,72,37.932
24,74,3.047005363519512,73,37.932
24,75,3.0849375987098253,74,37.932
24,76,3.122869833900139,75,37.932
24,77,3.1608020690904524,76,37.932
24,78,3.198734304280766,77,37.932
24,79,3.2366665394710794,78,37.932
24,80,3.274598774661393,79,37.932
24,81,3.3125310098517065,80,37.932
24,82,3.35046324504202,81,37.932
24,83,3.3883954802323335,82,37.932
24,84,3.426327715422647,83,37.932
24,85,3.4642599506129605,84,37.932
24,86,3.502192185803274,85,37.932
24,87,3.5401244209935876,86,37.932
24,88,3.578056656183901,87,37.932
24,89,3.6159888913742146,88,37.932
24,90,3.653921126564528,89,37.932
24,91,3.6918533617548417,90,37.932
24,92,3.729785596945155,91,37.932
24,93,3.7677178321354687,92,37.932
24,94,3.8056500673257823,93,37.932
24,95,3.843582302516096,94,37.932
24,96,3.8815145377064093,95,37.932
24,97,3.919446772896723,96,37.932
24,98,3.9573790080870364,97,37.932
24,99,3.99531124327735,98,37.932
24,100,4.033243478467663,99,37.932
24,101,4.071175713657977,100,37.932
24,102,4.109107948848291,101,37.932
24,103,4.147040184038605,102,37.932
24,104,4.184972419228919,103,37.932
24,105,4.222904654419233,104,37.932
24,106,4.260836889609547,105,37.932
24,107,4.298769124799861,106,37.932
24,108,4.336701359990175,107,37.932
24,109,4.374633595180489,108,37.932
24,110,4.412565830370803,109,37.932
24,111,4.450498065561117,110,37.932
24,112,4.488430300751431,111,37.932
24,113,4.526362535941745,112,37.932
24,114,4.5643505204403265,113,37.988
24,115,4.602338504938908,114,37.988
24,116,4.64032648943749,115,37.988
24,117,4.678314473936071,116,37.988
24,118,4.716302458434653,117,37.988
24,119,4.754290442933234,118,37.988
24,120,4.792278427431816,119,37.988
24,121,4.830266411930397,120,37.988
24,122,4.868254396428979,121,37.988
24,123,4.90624238092756,122,37.988
24,124,4.944230365426142,123,37.988
24,125,4.9822183499247235,124,37.988
24,126,5.020206334423305,125,37.988
24,127,5.0581943189218865,126,37.988
24,128,5.096182303420468,127,37.988
25,1,0.2864330801704442,0,286.433
25,2,0.3241886302452615,1,37.756
25,3,0.3619441803200788,2,37.756
25,4,0.3996997303948961,3,37.756
25,5,0.4374552804697134,4,37.756
25,6,0.47521083054453067,5,37.756
25,7,0.512966380619348,6,37.756
25,8,0.5507219306941653,7,37.756
25,9,0.5884774807689827,8,37.756
25,10,0.6262330308438,9,37.756
25,11,0.6639885809186173,10,37.756
25,12,0.7017441309934347,11,37.756
25,13,0.739499681068252,12,37.756
25,14,0.7772552311430694,13,37.756
25,15,0.8150107812178867,14,37.756
25,16,0.8527663312927041,15,37.756
25,17,0.8905218813675214,16,37.756
25,18,0.9282774314423388,17,37.756
25,19,0.9660329815171561,18,37.756
25,20,1.0037885315919735,19,37.756
25,21,1.0415440816667907,20,37.756
25,22,1.079299631741608,21,37.756
25,23,1.1170551818164252,22,37.756
25,24,1.1548107318912424,23,37.756
25,25,1.1925662819660596,24,37.756
25,26,1.2303218320408769,25,37.756
25,27,1.268077382115694,26,37.756
25,28,1.3058329321905113,27,37.756
25,29,1.3435884822653286,28,37.756
25,30,1.3813440323401458,29,37.756
25,31,1.419099582414963,30,37.756
25,32,1.4568551324897803,31,37.756
25,33,1.4946106825645975,32,37.756
25,34,1.5323662326394147,33,37.756
25,35,1.570121782714232,34,37.756
25,36,1.6078773327890492,35,37.756
25,37,1.6456328828638664,36,37.756
25,38,1.6833884329386837,37,37.756
25,39,1.721143983013501,38,37.756
25,40,1.7588995330883181,39,37.756
25,41,1.7966550831631354,40,37.756
25,42,1.8344106332379526,41,37.756
25,43,1.8721661833127698,42,37.756
25,44,1.909921733387587,43,37.756
25,45,1.9476772834624043,44,37.756
25,46,1.9854328335372216,45,37.756
25,47,2.023188383612039,46,37.756
25,48,2.0609439336868562,47,37.756
25,49,2.0986994837616737,48,37.756
25,50,2.1366317189519872,49,37.932
25,51,2.1745639541423007,50,37.932
25,52,2.2124961893326143,51,37.932
25,53,2.250428424522928,52,37.932
25,54,2.2883606597132413,53,37.932
25,55,2.326292894903555,54,37.932
25,56,2.3642251300938684,55,37.932
25,57,2.402157365284182,56,37.932
25,58,2.4400896004744954,57,37.932
25,59,2.478021835664809,58,37.932
25,60,2.5159540708551225,59,37.932
25,61,2.553886306045436,60,37.932
25,62,2.5918185412357495,61,37.932
25,63,2.629750776426063,62,37.932
25,64,2.6676830116163766,63,37.932
25,65,2.70561524680669,64,37.932
25,66,2.7435474819970036,65,37.932
25,67,2.781479717187317,66,37.932
25,68,2.8194119523776306,67,37.932
25,69,2.857344187567944,68,37.932
25,70,2.8952764227582577,69,37.932
25,71,2.933208657948571,70,37.932
25,72,2.9711408931388847,71,37.932
25,73,3.0090731283291983,72,37.932
25,74,3.047005363519512,73,37.932
25,75,3.0849375987098253,74,37.932
25,76,3.122869833900139,75,37.932
25,77,3.1608020690904524,76,37.932
25,78,3.198734304280766,77,37.932
25,79,3.2366665394710794,78,37.932
25,80,3.274598774661393,79,37.932
25,81,3.3125310098517065,80,37.932
25,82,3.35046324504202,81,37.932
25,83,3.3883954802323335,82,37.932
25,84,3.426327715422647,83,37.932
25,85,3.4642599506129605,84,37.932
25,86,3.502192185803274,85,37.932
25,87,3.5401244209935876,86,37.932
25,88,3.578056656183901,87,37.932
25,89,3.6159888913742146,88,37.932
25,90,3.653921126564528,89,37.932
25,91,3.6918533617548417,90,37.932
25,92,3.729785596945155,91,37.932
25,93,3.7677178321354687,92,37.932
25,94,3.8056500673257823,93,37.932
25,95,3.843582302516096,94,37.932
25,96,3.8815145377064093,95,37.932
25,97,3.919446772896723,96,37.932
25,98,3.9573790080870364,97,37.932
25,99,3.99531124327735,98,37.932
25,100,4.033243478467663,99,37.932
25,101,4.071175713657977,100,37.932
25,102,4.109107948848291,101,37.932
25,103,4.147040184038605,102,37.932
25,104,4.184972419228919,103,37.932
25,105,4.222904654419233,104,37.932
25,106,4.260836889609547,105,37.932
25,107,4.298769124799861,106,37.932
25,108,4.336701359990175,107,37.932
25,109,4.374633595180489,108,37.932
25,110,4.412565830370803,109,37.932
25,111,4.450498065561117,110,37.932
25,112,4.488430300751431,111,37.932
25,113,4.526362535941745,112,37.932
25,114,4.5643505204403265,113,37.988
25,115,4.602338504938908,114,37.988
25,116,4.64032648943749,115,37.988
25,117,4.678314473936071,116,37.988
25,118,4.716302458434653,117,37.988
25,119,4.754290442933234,118,37.988
25,120,4.792278427431816,119,37.988
25,121,4.830266411930397,120,37.988
25,122,4.868254396428979,121,37.988
25,123,4.90624238092756,122,37.988
25,124,4.944230365426142,123,37.988
25,125,4.9822183499247235,124,37.988
25,126,5.020206334423305,125,37.988
25,127,5.0581943189218865,126,37.988
25,128,5.096182303420468,127,37.988
26,1,0.2864330801704442,0,286.433
26,2,0.3241886302452615,1,37.756
26,3,0.3619441803200788,2,37.756
26,4,0.3996997303948961,3,37.756
26,5,0.4374552804697134,4,37.756
26,6,0.47521083054453067,5,37.756
26,7,0.512966380619348,6,37.756
26,8,0.5507219306941653,7,37.756
26,9,0.5884774807689827,8,37.756
26,10,0.6262330308438,9,37.756
26,11,0.6639885809186173,10,37.756
26,12,0.7017441309934347,11,37.756
26,13,0.739499681068252,12,37.756
26,14,0.7772552311430694,13,37.756
26,15,0.8150107812178867,14,37.756
26,16,0.8527663312927041,15,37.756
26,17,0.8905218813675214,16,37.756
26,18,0.9282774314423388,17,37.756
26,19,0.9660329815171561,18,37.756
26,20,1.0037885315919735,19,37.756
26,21,1.0415440816667907,20,37.756
26,22,1.079299631741608,21,37.756
26,23,1.1170551818164252,22,37.756
26,24,1.1548107318912424,23,37.756
26,25,1.1925662819660596,24,37.756
26,26,1.2303218320408769,25,37.756
26,27,1.268077382115694,26,37.756
26,28,1.3058329321905113,27,37.756
26,29,1.3435884822653286,28,37.756
26,30,1.3813440323401458,29,37.756
26,31,1.419099582414963,30,37.756
26,32,1.4568551324897803,31,37.756
26,33,1.4946106825645975,32,37.756
26,34,1.5323662326394147,33,37.756
26,35,1.570121782714232,34,37.756
26,36,1.6078773327890492,35,37.756
26,37,1.6456328828638664,36,37.756
26,38,1.6833884329386837,37,37.756
26,39,1.721143983013501,38,37.756
26,40,1.7588995330883181,39,37.756
26,41,1.7966550831631354,40,37.756
26,42,1.8344106332379526,41,37.756
26,43,1.8721661833127698,42,37.756
26,44,1.909921733387587,43,37.756
26,45,1.9476772834624043,44,37.756
26,46,1.9854328335372216,45,37.756
26,47,2.023188383612039,46,37.756
26,48,2.0609439336868562,47,37.756
26,49,2.0986994837616737,48,37.756
26,50,2.1366317189519872,49,37.932
26,51,2.1745639541423007,50,37.932
26,52,2.2124961893326143,51,37.932
26,53,2.250428424522928,52,37.932
26,54,2.2883606597132413,53,37.932
26,55,2.326292894903555,54,37.932
26,56,2.3642251300938684,55,37.932
26,57,2.402157365284182,56,37.932
26,58,2.4400896004744954,57,37.932
26,59,2.478021835664809,58,37.932
26,60,2.5159540708551225,59,37.932
26,61,2.553886306045436,60,37.932
26,62,2.5918185412357495,61,37.932
26,63,2.629750776426063,62,37.932
26,64,2.6676830116163766,63,37.932
26,65,2.70561524680669,64,37.932
26,66,2.7435474819970036,65,37.932
26,67,2.781479717187317,66,37.932
26,68,2.8194119523776306,67,37.932
26,69,2.857344187567944,68,37.932
26,70,2.8952764227582577,69,37.932
26,71,2.933208657948571,70,37.932
26,72,2.9711408931388847,71,37.932
26,73,3.0090731283291983,72,37.932
26,74,3.047005363519512,73,37.932
26,75,3.0849375987098253,74,37.932
26,76,3.122869833900139,75,37.932
26,77,3.1608020690904524,76,37.932
26,78,3.198734304280766,77,37.932
26,79,3.2366665394710794,78,37.932
26,80,3.274598774661393,79,37.932
26,81,3.3125310098517065,80,37.932
26,82,3.35046324504202,81,37.932
26,83,3.3883954802323335,82,37.932
26,84,3.426327715422647,83,37.932
26,85,3.4642599506129605,84,37.932
26,86,3.502192185803274,85,37.932
26,87,3.5401244209935876,86,37.932
26,88,3.578056656183901,87,37.932
26,89,3.6159888913742146,88,37.932
26,90,3.653921126564528,89,37.932
26,91,3.6918533617548417,90,37.932
26,92,3.729785596945155,91,37.932
26,93,3.7677178321354687,92,37.932
26,94,3.8056500673257823,93,37.932
26,95,3.843582302516096,94,37.932
26,96,3.8815145377064093,95,37.932
26,97,3.919446772896723,96,37.932
26,98,3.9573790080870364,97,37.932
26,99,3.99531124327735,98,37.932
26,100,4.033243478467663,99,37.932
26,101,4.071175713657977,100,37.932
26,102,4.109107948848291,101,37.932
26,103,4.147040184038605,102,37.932
26,104,4.184972419228919,103,37.932
26,105,4.222904654419233,104,37.932
26,106,4.260836889609547,105,37.932
26,107,4.298769124799861,106,37.932
26,108,4.336701359990175,107,37.932
26,109,4.374633595180489,108,37.932
26,110,4.412565830370803,109,37.932
26,111,4.450498065561117,110,37.932
26,112,4.488430300751431,111,37.932
26,113,4.526362535941745,112,37.932
26,114,4.5643505204403265,113,37.988
26,115,4.602338504938908,114,37.988
26,116,4.64032648943749,115,37.988
26,117,4.678314473936071,116,37.988
26,118,4.716302458434653,117,37.988
26,119,4.754290442933234,118,37.988
26,120,4.792278427431816,119,37.988
26,121,4.830266411930397,120,37.988
26,122,4.868254396428979,121,37.988
26,123,4.90624238092756,122,37.988
26,124,4.944230365426142,123,37.988
26,125,4.9822183499247235,124,37.988
26,126,5.020206334423305,125,37.988
26,127,5.0581943189218865,126,37.988
26,128,5.096182303420468,127,37.988
27,1,0.2864330801704442,0,286.433
27,2,0.3241886302452615,1,37.756
27,3,0.3619441803200788,2,37.756
27,4,0.3996997303948961,3,37.756
27,5,0.4374552804697134,4,37.756
27,6,0.47521083054453067,5,37.756
27,7,0.512966380619348,6,37.756
27,8,0.5507219306941653,7,37.756
27,9,0.5884774807689827,8,37.756
27,10,0.6262330308438,9,37.756
27,11,0.6639885809186173,10,37.756
27,12,0.7017441309934347,11,37.756
27,13,0.739499681068252,12,37.756
27,14,0.7772552311430694,13,37.756
27,15,0.8150107812178867,14,37.756
27,16,0.8527663312927041,15,37.756
27,17,0.8905218813675214,16,37.756
27,18,0.9282774314423388,17,37.756
27,19,0.9660329815171561,18,37.756
27,20,1.0037885315919735,19,37.756
27,21,1.0415440816667907,20,37.756
27,22,1.079299631741608,21,37.756
27,23,1.1170551818164252,22,37.756
27,24,1.1548107318912424,23,37.756
27,25,1.1925662819660596,24,37.756
27,26,1.2303218320408769,25,37.756
27,27,1.268077382115694,26,37.756
27,28,1.3058329321905113,27,37.756
27,29,1.3435884822653286,28,37.756
27,30,1.3813440323401458,29,37.756
27,31,1.419099582414963,30,37.756
27,32,1.4568551324897803,31,37.756
27,33,1.4946106825645975,32,37.756
27,34,1.5323662326394147,33,37.756
27,35,1.570121782714232,34,37.756
27,36,1.6078773327890492,35,37.756
27,37,1.6456328828638664,36,37.756
27,38,1.6833884329386837,37,37.756
27,39,1.721143983013501,38,37.756
27,40,1.7588995330883181,39,37.756
27,41,1.7966550831631354,40,37.756
27,42,1.8344106332379526,41,37.756
27,43,1.8721661833127698,42,37.756
27,44,1.909921733387587,43,37.756
27,45,1.9476772834624043,44,37.756
27,46,1.9854328335372216,45,37.756
27,47,2.023188383612039,46,37.756
27,48,2.0609439336868562,47,37.756
27,49,2.0986994837616737,48,37.756
27,50,2.1366317189519872,49,37.932
27,51,2.1745639541423007,50,37.932
27,52,2.2124961893326143,51,37.932
27,53,2.250428424522928,52,37.932
27,54,2.2883606597132413,53,37.932
27,55,2.326292894903555,54,37.932
27,56,2.3642251300938684,55,37.932
27,57,2.402157365284182,56,37.932
27,58,2.4400896004744954,57,37.932
27,59,2.478021835664809,58,37.932
27,60,2.5159540708551225,59,37.932
27,61,2.553886306045436,60,37.932
27,62,2.5918185412357495,61,37.932
27,63,2.629750776426063,62,37.932
27,64,2.6676830116163766,63,37.932
27,65,2.70561524680669,64,37.932
27,66,2.7435474819970036,65,37.932
27,67,2.781479717187317,66,37.932
27,68,2.8194119523776306,67,37.932
27,69,2.857344187567944,68,37.932
27,70,2.8952764227582577,69,37.932
27,71,2.933208657948571,70,37.932
27,72,2.9711408931388847,71,37.932
27,73,3.0090731283291983,72,37.932
27,74,3.047005363519512,73,37.932
27,75,3.0849375987098253,74,37.932
27,76,3.122869833900139,75,37.932
27,77,3.1608020690904524,76,37.932
27,78,3.198734304280766,77,37.932
27,79,3.2366665394710794,78,37.932
27,80,3.274598774661393,79,37.932
27,81,3.3125310098517065,80,37.932
27,82,3.35046324504202,81,37.932
27,83,3.3883954802323335,82,37.932
27,84,3.426327715422647,83,37.932
27,85,3.4642599506129605,84,37.932
27,86,3.502192185803274,85,37.932
27,87,3.5401244209935876,86,37.932
27,88,3.578056656183901,87,37.932
27,89,3.6159888913742146,88,37.932
27,90,3.653921126564528,89,37.932
27,91,3.6918533617548417,90,37.932
27,92,3.729785596945155,91,37.932
27,93,3.7677178321354687,92,37.932
27,94,3.8056500673257823,93,37.932
27,95,3.843582302516096,94,37.932
27,96,3.8815145377064093,95,37.932
27,97,3.919446772896723,96,37.932
27,98,3.9573790080870364,97,37.932
27,99,3.99531124327735,98,37.932
27,100,4.033243478467663,99,37.932
27,101,4.071175713657977,100,37.932
27,102,4.109107948848291,101,37.932
27,103,4.147040184038605,102,37.932
27,104,4.184972419228919,103,37.932
27,105,4.222904654419233,104,37.932
27,106,4.260836889609547,105,37.932
27,107,4.298769124799861,106,37.932
27,108,4.336701359990175,107,37.932
27,109,4.374633595180489,108,37.932
27,110,4.412565830370803,109,37.932
27,111,4.450498065561117,110,37.932
27,112,4.488430300751431,111,37.932
27,113,4.526362535941745,112,37.932
27,114,4.5643505204403265,113,37.988
27,115,4.602338504938908,114,37.988
27,116,4.64032648943749,115,37.988
27,117,4.678314473936071,116,37.988
27,118,4.716302458434653,117,37.988
27,119,4.754290442933234,118,37.988
27,120,4.792278427431816,119,37.988
27,121,4.830266411930397,120,37.988
27,122,4.868254396428979,121,37.988
27,123,4.90624238092756,122,37.988
27,124,4.944230365426142,123,37.988
27,125,4.9822183499247235,124,37.988
27,126,5.020206334423305,125,37.988
27,127,5.0581943189218865,126,37.988
27,128,5.096182303420468,127,37.988
28,1,0.2864330801704442,0,286.433
28,2,0.3241886302452615,1,37.756
28,3,0.3619441803200788,2,37.756
28,4,0.3996997303948961,3,37.756
28,5,0.4374552804697134,4,37.756
28,6,0.47521083054453067,5,37.756
28,7,0.512966380619348,6,37.756
28,8,0.5507219306941653,7,37.756
28,9,0.5884774807689827,8,37.756
28,10,0.6262330308438,9,37.756
28,11,0.6639885809186173,10,37.756
28,12,0.7017441309934347,11,37.756
28,13,0.739499681068252,12,37.756
28,14,0.7772552311430694,13,37.756
28,15,0.8150107812178867,14,37.756
28,16,0.8527663312927041,15,37.756
28,17,0.8905218813675214,16,37.756
28,18,0.9282774314423388,17,37.756
28,19,0.9660329815171561,18,37.756
28,20,1.0037885315919735,19,37.756
28,21,1.0415440816667907,20,37.756
28,22,1.079299631741608,21,37.756
28,23,1.1170551818164252,22,37.756
28,24,1.1548107318912424,23,37.756
28,25,1.1925662819660596,24,37.756
28,26,1.2303218320408769,25,37.756
28,27,1.268077382115694,26,37.756
28,28,1.3058329321905113,27,37.756
28,29,1.3435884822653286,28,37.756
28,30,1.3813440323401458,29,37.756
28,31,1.419099582414963,30,37.756
28,32,1.4568551324897803,31,37.756
28,33,1.4946106825645975,32,37.756
28,34,1.5323662326394147,33,37.756
28,35,1.570121782714232,34,37.756
28,36,1.6078773327890492,35,37.756
28,37,1.6456328828638664,36,37.756
28,38,1.6833884329386837,37,37.756
28,39,1.721143983013501,38,37.756
28,40,1.7588995330883181,39,37.756
28,41,1.7966550831631354,40,37.756
28,42,1.8344106332379526,41,37.756
28,43,1.8721661833127698,42,37.756
28,44,1.909921733387587,43,37.756
28,45,1.9476772834624043,44,37.756
28,46,1.9854328335372216,45,37.756
28,47,2.023188383612039,46,37.756
28,48,2.0609439336868562,47,37.756
28,49,2.0986994837616737,48,37.756
28,50,2.1366317189519872,49,37.932
28,51,2.1745639541423007,50,37.932
28,52,2.2124961893326143,51,37.932
28,53,2.250428424522928,52,37.932
28,54,2.2883606597132413,53,37.932
28,55,2.326292894903555,54,37.932
28,56,2.3642251300938684,55,37.932
28,57,2.402157365284182,56,37.932
28,58,2.4400896004744954,57,37.932
28,59,2.478021835664809,58,37.932
28,60,2.5159540708551225,59,37.932
28,61,2.553886306045436,60,37.932
28,62,2.5918185412357495,61,37.932
28,63,2.629750776426063,62,37.932
28,64,2.6676830116163766,63,37.932
28,65,2.70561524680669,64,37.932
28,66,2.7435474819970036,65,37.932
28,67,2.781479717187317,66,37.932
28,68,2.8194119523776306,67,37.932
28,69,2.857344187567944,68,37.932
28,70,2.8952764227582577,69,37.932
28,71,2.933208657948571,70,37.932
28,72,2.9711408931388847,71,37.932
28,73,3.0090731283291983,72,37.932
28,74,3.047005363519512,73,37.932
28,75,3.0849375987098253,74,37.932
28,76,3.122869833900139,75,37.932
28,77,3.1608020690904524,76,37.932
28,78,3.198734304280766,77,37.932
28,79,3.2366665394710794,78,37.932
28,80,3.274598774661393,79,37.932
28,81,3.3125310098517065,80,37.932
28,82,3.35046324504202,81,37.932
28,83,3.3883954802323335,82,37.932
28,84,3.426327715422647,83,37.932
28,85,3.4642599506129605,84,37.932
28,86,3.502192185803274,85,37.932
28,87,3.5401244209935876,86,37.932
28,88,3.578056656183901,87,37.932
28,89,3.6159888913742146,88,37.932
28,90,3.653921126564528,89,37.932
28,91,3.6918533617548417,90,37.932
28,92,3.729785596945155,91,37.932
28,93,3.7677178321354687,92,37.932
28,94,3.8056500673257823,93,37.932
28,95,3.843582302516096,94,37.932
28,96,3.8815145377064093,95,37.932
28,97,3.919446772896723,96,37.932
28,98,3.9573790080870364,97,37.932
28,99,3.99531124327735,98,37.932
28,100,4.033243478467663,99,37.932
28,101,4.071175713657977,100,37.932
28,102,4.109107948848291,101,37.932
28,103,4.147040184038605,102,37.932
28,104,4.184972419228919,103,37.932
28,105,4.222904654419233,104,37.932
28,106,4.260836889609547,105,37.932
28,107,4.298769124799861,106,37.932
28,108,4.336701359990175,107,37.932
28,109,4.374633595180489,108,37.932
28,110,4.412565830370803,109,37.932
28,111,4.450498065561117,110,37.932
28,112,4.488430300751431,111,37.932
28,113,4.526362535941745,112,37.932
28,114,4.5643505204403265,113,37.988
28,115,4.602338504938908,114,37.988
28,116,4.64032648943749,115,37.988
28,117,4.678314473936071,116,37.988
28,118,4.716302458434653,117,37.988
28,119,4.754290442933234,118,37.988
28,120,4.792278427431816,119,37.988
28,121,4.830266411930397,120,37.988
28,122,4.868254396428979,121,37.988
28,123,4.90624238092756,122,37.988
28,124,4.944230365426142,123,37.988
28,125,4.9822183499247235,124,37.988
28,126,5.020206334423305,125,37.988
28,127,5.0581943189218865,126,37.988
28,128,5.096182303420468,127,37.988
29,1,0.2864330801704442,0,286.433
29,2,0.3241886302452615,1,37.756
29,3,0.3619441803200788,2,37.756
29,4,0.3996997303948961,3,37.756
29,5,0.4374552804697134,4,37.756
29,6,0.47521083054453067,5,37.756
29,7,0.512966380619348,6,37.756
29,8,0.5507219306941653,7,37.756
29,9,0.5884774807689827,8,37.756
29,10,0.6262330308438,9,37.756
29,11,0.6639885809186173,10,37.756
29,12,0.7017441309934347,11,37.756
29,13,0.739499681068252,12,37.756
29,14,0.7772552311430694,13,37.756
29,15,0.8150107812178867,14,37.756
29,16,0.8527663312927041,15,37.756
29,17,0.8905218813675214,16,37.756
29,18,0.9282774314423388,17,37.756
29,19,0.9660329815171561,18,37.756
29,20,1.0037885315919735,19,37.756
29,21,1.0415440816667907,20,37.756
29,22,1.079299631741608,21,37.756
29,23,1.1170551818164252,22,37.756
29,24,1.1548107318912424,23,37.756
29,25,1.1925662819660596,24,37.756
29,26,1.2303218320408769,25,37.756
29,27,1.268077382115694,26,37.756
29,28,1.3058329321905113,27,37.756
29,29,1.3435884822653286,28,37.756
29,30,1.3813440323401458,29,37.756
29,31,1.419099582414963,30,37.756
29,32,1.4568551324897803,31,37.756
29,33,1.4946106825645975,32,37.756
29,34,1.5323662326394147,33,37.756
29,35,1.570121782714232,34,37.756
29,36,1.6078773327890492,35,37.756
29,37,1.6456328828638664,36,37.756
29,38,1.6833884329386837,37,37.756
29,39,1.721143983013501,38,37.756
29,40,1.7588995330883181,39,37.756
29,41,1.7966550831631354,40,37.756
29,42,1.8344106332379526,41,37.756
29,43,1.8721661833127698,42,37.756
29,44,1.909921733387587,43,37.756
29,45,1.9476772834624043,44,37.756
29,46,1.9854328335372216,45,37.756
29,47,2.023188383612039,46,37.756
29,48,2.0609439336868562,47,37.756
29,49,2.0986994837616737,48,37.756
29,50,2.1366317189519872,49,37.932
29,51,2.1745639541423007,50,37.932
29,52,2.2124961893326143,51,37.932
29,53,2.250428424522928,52,37.932
29,54,2.2883606597132413,53,37.932
29,55,2.326292894903555,54,37.932
29,56,2.3642251300938684,55,37.932
29,57,2.402157365284182,56,37.932
29,58,2.4400896004744954,57,37.932
29,59,2.478021835664809,58,37.932
29,60,2.5159540708551225,59,37.932
29,61,2.553886306045436,60,37.932
29,62,2.5918185412357495,61,37.932
29,63,2.629750776426063,62,37.932
29,64,2.6676830116163766,63,37.932
29,65,2.70561524680669,64,37.932
29,66,2.7435474819970036,65,37.932
29,67,2.781479717187317,66,37.932
29,68,2.8194119523776306,67,37.932
29,69,2.857344187567944,68,37.932
29,70,2.8952764227582577,69,37.932
29,71,2.933208657948571,70,37.932
29,72,2.9711408931388847,71,37.932
29,73,3.0090731283291983,72,37.932
29,74,3.047005363519512,73,37.932
29,75,3.0849375987098253,74,37.932
29,76,3.122869833900139,75,37.932
29,77,3.1608020690904524,76,37.932
29,78,3.198734304280766,77,37.932
29,79,3.2366665394710794,78,37.932
29,80,3.274598774661393,79,37.932
29,81,3.3125310098517065,80,37.932
29,82,3.35046324504202,81,37.932
29,83,3.3883954802323335,82,37.932
29,84,3.426327715422647,83,37.932
29,85,3.4642599506129605,84,37.932
29,86,3.502192185803274,85,37.932
29,87,3.5401244209935876,86,37.932
29,88,3.578056656183901,87,37.932
29,89,3.6159888913742146,88,37.932
29,90,3.653921126564528,89,37.932
29,91,3.6918533617548417,90,37.932
29,92,3.729785596945155,91,37.932
29,93,3.7677178321354687,92,37.932
29,94,3.8056500673257823,93,37.932
29,95,3.843582302516096,94,37.932
29,96,3.8815145377064093,95,37.932
29,97,3.919446772896723,96,37.932
29,98,3.9573790080870364,97,37.932
29,99,3.99531124327735,98,37.932
29,100,4.033243478467663,99,37.932
29,101,4.071175713657977,100,37.932
29,102,4.109107948848291,101,37.932
29,103,4.147040184038605,102,37.932
29,104,4.184972419228919,103,37.932
29,105,4.222904654419233,104,37.932
29,106,4.260836889609547,105,37.932
29,107,4.298769124799861,106,37.932
29,108,4.336701359990175,107,37.932
29,109,4.374633595180489,108,37.932
29,110,4.412565830370803,109,37.932
29,111,4.450498065561117,110,37.932
29,112,4.488430300751431,111,37.932
29,113,4.526362535941745,112,37.932
29,114,4.5643505204403265,113,37.988
29,115,4.602338504938908,114,37.988
29,116,4.64032648943749,115,37.988
29,117,4.678314473936071,116,37.988
29,118,4.716302458434653,117,37.988
29,119,4.754290442933234,118,37.988
29,120,4.792278427431816,119,37.988
29,121,4.830266411930397,120,37.988
29,122,4.868254396428979,121,37.988
29,123,4.90624238092756,122,37.988
29,124,4.944230365426142,123,37.988
29,125,4.9822183499247235,124,37.988
29,126,5.020206334423305,125,37.988
29,127,5.0581943189218865,126,37.988
29,128,5.096182303420468,127,37.988
30,1,0.2864330801704442,0,286.433
30,2,0.3241886302452615,1,37.756
30,3,0.3619441803200788,2,37.756
30,4,0.3996997303948961,3,37.756
30,5,0.4374552804697134,4,37.756
30,6,0.47521083054453067,5,37.756
30,7,0.512966380619348,6,37.756
30,8,0.5507219306941653,7,37.756
30,9,0.5884774807689827,8,37.756
30,10,0.6262330308438,9,37.756
30,11,0.6639885809186173,10,37.756
30,12,0.7017441309934347,11,37.756
30,13,0.739499681068252,12,37.756
30,14,0.7772552311430694,13,37.756
30,15,0.8150107812178867,14,37.756
30,16,0.8527663312927041,15,37.756
30,17,0.8905218813675214,16,37.756
30,18,0.9282774314423388,17,37.756
30,19,0.9660329815171561,18,37.756
30,20,1.0037885315919735,19,37.756
30,21,1.0415440816667907,20,37.756
30,22,1.079299631741608,21,37.756
30,23,1.1170551818164252,22,37.756
30,24,1.1548107318912424,23,37.756
30,25,1.1925662819660596,24,37.756
30,26,1.2303218320408769,25,37.756
30,27,1.268077382115694,26,37.756
30,28,1.3058329321905113,27,37.756
30,29,1.3435884822653286,28,37.756
30,30,1.3813440323401458,29,37.756
30,31,1.419099582414963,30,37.756
30,32,1.4568551324897803,31,37.756
30,33,1.4946106825645975,32,37.756
30,34,1.5323662326394147,33,37.756
30,35,1.570121782714232,34,37.756
30,36,1.6078773327890492,35,37.756
30,37,1.6456328828638664,36,37.756
30,38,1.6833884329386837,37,37.756
30,39,1.721143983013501,38,37.756
30,40,1.7588995330883181,39,37.756
30,41,1.7966550831631354,40,37.756
30,42,1.8344106332379526,41,37.756
30,43,1.8721661833127698,42,37.756
30,44,1.909921733387587,43,37.756
30,45,1.9476772834624043,44,37.756
30,46,1.9854328335372216,45,37.756
30,47,2.023188383612039,46,37.756
30,48,2.0609439336868562,47,37.756
30,49,2.0986994837616737,48,37.756
30,50,2.1366317189519872,49,37.932
30,51,2.1745639541423007,50,37.932
30,52,2.2124961893326143,51,37.932
30,53,2.250428424522928,52,37.932
30,54,2.2883606597132413,53,37.932
30,55,2.326292894903555,54,37.932
30,56,2.3642251300938684,55,37.932
30,57,2.402157365284182,56,37.932
30,58,2.4400896004744954,57,37.932
30,59,2.478021835664809,58,37.932
30,60,2.5159540708551225,59,37.932
30,61,2.553886306045436,60,37.932
30,62,2.5918185412357495,61,37.932
30,63,2.629750776426063,62,37.932
30,64,2.6676830116163766,63,37.932
30,65,2.70561524680669,64,37.932
30,66,2.7435474819970036,65,37.932
30,67,2.781479717187317,66,37.932
30,68,2.8194119523776306,67,37.932
30,69,2.857344187567944,68,37.932
30,70,2.8952764227582577,69,37.932
30,71,2.933208657948571,70,37.932
30,72,2.9711408931388847,71,37.932
30,73,3.0090731283291983,72,37.932
30,74,3.047005363519512,73,37.932
30,75,3.0849375987098253,74,37.932
30,76,3.122869833900139,75,37.932
30,77,3.1608020690904524,76,37.932
30,78,3.198734304280766,77,37.932
30,79,3.2366665394710794,78,37.932
30,80,3.274598774661393,79,37.932
30,81,3.3125310098517065,80,37.932
30,82,3.35046324504202,81,37.932
30,83,3.3883954802323335,82,37.932
30,84,3.426327715422647,83,37.932
30,85,3.4642599506129605,84,37.932
30,86,3.502192185803274,85,37.932
30,87,3.5401244209935876,86,37.932
30,88,3.578056656183901,87,37.932
30,89,3.6159888913742146,88,37.932
30,90,3.653921126564528,89,37.932
30,91,3.6918533617548417,90,37.932
30,92,3.729785596945155,91,37.932
30,93,3.7677178321354687,92,37.932
30,94,3.8056500673257823,93,37.932
30,95,3.843582302516096,94,37.932
30,96,3.8815145377064093,95,37.932
30,97,3.919446772896723,96,37.932
30,98,3.9573790080870364,97,37.932
30,99,3.99531124327735,98,37.932
30,100,4.033243478467663,99,37.932
30,101,4.071175713657977,100,37.932
30,102,4.109107948848291,101,37.932
30,103,4.147040184038605,102,37.932
30,104,4.184972419228919,103,37.932
30,105,4.222904654419233,104,37.932
30,106,4.260836889609547,105,37.932
30,107,4.298769124799861,106,37.932
30,108,4.336701359990175,107,37.932
30,109,4.374633595180489,108,37.932
30,110,4.412565830370803,109,37.932
30,111,4.450498065561117,110,37.932
30,112,4.488430300751431,111,37.932
30,113,4.526362535941745,112,37.932
30,114,4.5643505204403265,113,37.988
30,115,4.602338504938908,114,37.988
30,116,4.64032648943749,115,37.988
30,117,4.678314473936071,116,37.988
30,118,4.716302458434653,117,37.988
30,119,4.754290442933234,118,37.988
30,120,4.792278427431816,119,37.988
30,121,4.830266411930397,120,37.988
30,122,4.868254396428979,121,37.988
30,123,4.90624238092756,122,37.988
30,124,4.944230365426142,123,37.988
30,125,4.9822183499247235,124,37.988
30,126,5.020206334423305,125,37.988
30,127,5.0581943189218865,126,37.988
30,128,5.096182303420468,127,37.988
31,1,0.2864330801704442,0,286.433
31,2,0.3241886302452615,1,37.756
31,3,0.3619441803200788,2,37.756
31,4,0.3996997303948961,3,37.756
31,5,0.4374552804697134,4,37.756
31,6,0.47521083054453067,5,37.756
31,7,0.512966380619348,6,37.756
31,8,0.5507219306941653,7,37.756
31,9,0.5884774807689827,8,37.756
31,10,0.6262330308438,9,37.756
31,11,0.6639885809186173,10,37.756
31,12,0.7017441309934347,11,37.756
31,13,0.739499681068252,12,37.756
31,14,0.7772552311430694,13,37.756
31,15,0.8150107812178867,14,37.756
31,16,0.8527663312927041,15,37.756
31,17,0.8905218813675214,16,37.756
31,18,0.9282774314423388,17,37.756
31,19,0.9660329815171561,18,37.756
31,20,1.0037885315919735,19,37.756
31,21,1.0415440816667907,20,37.756
31,22,1.079299631741608,21,37.756
31,23,1.1170551818164252,22,37.756
31,24,1.1548107318912424,23,37.756
31,25,1.1925662819660596,24,37.756
31,26,1.2303218320408769,25,37.756
31,27,1.268077382115694,26,37.756
31,28,1.3058329321905113,27,37.756
31,29,1.3435884822653286,28,37.756
31,30,1.3813440323401458,29,37.756
31,31,1.419099582414963,30,37.756
31,32,1.4568551324897803,31,37.756
31,33,1.4946106825645975,32,37.756
31,34,1.5323662326394147,33,37.756
31,35,1.570121782714232,34,37.756
31,36,1.6078773327890492,35,37.756
31,37,1.6456328828638664,36,37.756
31,38,1.6833884329386837,37,37.756
31,39,1.721143983013501,38,37.756
31,40,1.7588995330883181,39,37.756
31,41,1.7966550831631354,40,37.756
31,42,1.8344106332379526,41,37.756
31,43,1.8721661833127698,42,37.756
31,44,1.909921733387587,43,37.756
31,45,1.9476772834624043,44,37.756
31,46,1.9854328335372216,45,37.756
31,47,2.023188383612039,46,37.756
31,48,2.0609439336868562,47,37.756
31,49,2.0986994837616737,48,37.756
31,50,2.1366317189519872,49,37.932
31,51,2.1745639541423007,50,37.932
31,52,2.2124961893326143,51,37.932
31,53,2.250428424522928,52,37.932
31,54,2.2883606597132413,53,37.932
31,55,2.326292894903555,54,37.932
31,56,2.3642251300938684,55,37.932
31,57,2.402157365284182,56,37.932
31,58,2.4400896004744954,57,37.932
31,59,2.478021835664809,58,37.932
31,60,2.5159540708551225,59,37.932
31,61,2.553886306045436,60,37.932
31,62,2.5918185412357495,61,37.932
31,63,2.629750776426063,62,37.932
31,64,2.6676830116163766,63,37.932
31,65,2.70561524680669,64,37.932
31,66,2.7435474819970036,65,37.932
31,67,2.781479717187317,66,37.932
31,68,2.8194119523776306,67,37.932
31,69,2.857344187567944,68,37.932
31,70,2.8952764227582577,69,37.932
31,71,2.933208657948571,70,37.932
31,72,2.9711408931388847,71,37.932
31,73,3.0090731283291983,72,37.932
31,74,3.047005363519512,73,37.932
31,75,3.0849375987098253,74,37.932
31,76,3.122869833900139,75,37.932
31,77,3.1608020690904524,76,37.932
31,78,3.198734304280766,77,37.932
31,79,3.2366665394710794,78,37.932
31,80,3.274598774661393,79,37.932
31,81,3.3125310098517065,80,37.932
31,82,3.35046324504202,81,37.932
31,83,3.3883954802323335,82,37.932
31,84,3.426327715422647,83,37.932
31,85,3.4642599506129605,84,37.932
31,86,3.502192185803274,85,37.932
31,87,3.5401244209935876,86,37.932
31,88,3.578056656183901,87,37.932
31,89,3.6159888913742146,88,37.932
31,90,3.653921126564528,89,37.932
31,91,3.6918533617548417,90,37.932
31,92,3.729785596945155,91,37.932
31,93,3.7677178321354687,92,37.932
31,94,3.8056500673257823,93,37.932
31,95,3.843582302516096,94,37.932
31,96,3.8815145377064093,95,37.932
31,97,3.919446772896723,96,37.932
31,98,3.9573790080870364,97,37.932
31,99,3.99531124327735,98,37.932
31,100,4.033243478467663,99,37.932
31,101,4.071175713657977,100,37.932
31,102,4.109107948848291,101,37.932
31,103,4.147040184038605,102,37.932
31,104,4.184972419228919,103,37.932
31,105,4.222904654419233,104,37.932
31,106,4.260836889609547,105,37.932
31,107,4.298769124799861,106,37.932
31,108,4.336701359990175,107,37.932
31,109,4.374633595180489,108,37.932
31,110,4.412565830370803,109,37.932
31,111,4.450498065561117,110,37.932
31,112,4.488430300751431,111,37.932
31,113,4.526362535941745,112,37.932
31,114,4.5643505204403265,113,37.988
31,115,4.602338504938908,114,37.988
31,116,4.64032648943749,115,37.988
31,117,4.678314473936071,116,37.988
31,118,4.716302458434653,117,37.988
31,119,4.754290442933234,118,37.988
31,120,4.792278427431816,119,37.988
31,121,4.830266411930397,120,37.988
31,122,4.868254396428979,121,37.988
31,123,4.90624238092756,122,37.988
31,124,4.944230365426142,123,37.988
31,125,4.9822183499247235,124,37.988
31,126,5.020206334423305,125,37.988
31,127,5.0581943189218865,126,37.988
31,128,5.096182303420468,127,37.988
32,1,0.2864330801704442,0,286.433
32,2,0.3241886302452615,1,37.756
32,3,0.3619441803200788,2,37.756
32,4,0.3996997303948961,3,37.756
32,5,0.4374552804697134,4,37.756
32,6,0.47521083054453067,5,37.756
32,7,0.512966380619348,6,37.756
32,8,0.5507219306941653,7,37.756
32,9,0.5884774807689827,8,37.756
32,10,0.6262330308438,9,37.756
32,11,0.6639885809186173,10,37.756
32,12,0.7017441309934347,11,37.756
32,13,0.739499681068252,12,37.756
32,14,0.7772552311430694,13,37.756
32,15,0.8150107812178867,14,37.756
32,16,0.8527663312927041,15,37.756
32,17,0.8905218813675214,16,37.756
32,18,0.9282774314423388,17,37.756
32,19,0.9660329815171561,18,37.756
32,20,1.0037885315919735,19,37.756
32,21,1.0415440816667907,20,37.756
32,22,1.079299631741608,21,37.756
32,23,1.1170551818164252,22,37.756
32,24,1.1548107318912424,23,37.756
32,25,1.1925662819660596,24,37.756
32,26,1.2303218320408769,25,37.756
32,27,1.268077382115694,26,37.756
32,28,1.3058329321905113,27,37.756
32,29,1.3435884822653286,28,37.756
32,30,1.3813440323401458,29,37.756
32,31,1.419099582414963,30,37.756
32,32,1.4568551324897803,31,37.756
32,33,1.4946106825645975,32,37.756
32,34,1.5323662326394147,33,37.756
32,35,1.570121782714232,34,37.756
32,36,1.6078773327890492,35,37.756
32,37,1.6456328828638664,36,37.756
32,38,1.6833884329386837,37,37.756
32,39,1.721143983013501,38,37.756
32,40,1.7588995330883181,39,37.756
32,41,1.7966550831631354,40,37.756
32,42,1.8344106332379526,41,37.756
32,43,1.8721661833127698,42,37.756
32,44,1.909921733387587,43,37.756
32,45,1.9476772834624043,44,37.756
32,46,1.9854328335372216,45,37.756
32,47,2.023188383612039,46,37.756
32,48,2.0609439336868562,47,37.756
32,49,2.0986994837616737,48,37.756
32,50,2.1366317189519872,49,37.932
32,51,2.1745639541423007,50,37.932
32,52,2.2124961893326143,51,37.932
32,53,2.250428424522928,52,37.932
32,54,2.2883606597132413,53,37.932
32,55,2.326292894903555,54,37.932
32,56,2.3642251300938684,55,37.932
32,57,2.402157365284182,56,37.932
32,58,2.4400896004744954,57,37.932
32,59,2.478021835664809,58,37.932
32,60,2.5159540708551225,59,37.932
32,61,2.553886306045436,60,37.932
32,62,2.5918185412357495,61,37.932
32,63,2.629750776426063,62,37.932
32,64,2.6676830116163766,63,37.932
32,65,2.70561524680669,64,37.932
32,66,2.7435474819970036,65,37.932
32,67,2.781479717187317,66,37.932
32,68,2.8194119523776306,67,37.932
32,69,2.857344187567944,68,37.932
32,70,2.8952764227582577,69,37.932
32,71,2.933208657948571,70,37.932
32,72,2.9711408931388847,71,37.932
32,73,3.0090731283291983,72,37.932
32,74,3.047005363519512,73,37.932
32,75,3.0849375987098253,74,37.932
32,76,3.122869833900139,75,37.932
32,77,3.1608020690904524,76,37.932
32,78,3.198734304280766,77,37.932
32,79,3.2366665394710794,78,37.932
32,80,3.274598774661393,79,37.932
32,81,3.3125310098517065,80,37.932
32,82,3.35046324504202,81,37.932
32,83,3.3883954802323335,82,37.932
32,84,3.426327715422647,83,37.932
32,85,3.4642599506129605,84,37.932
32,86,3.502192185803274,85,37.932
32,87,3.5401244209935876,86,37.932
32,88,3.578056656183901,87,37.932
32,89,3.6159888913742146,88,37.932
32,90,3.653921126564528,89,37.932
32,91,3.6918533617548417,90,37.932
32,92,3.729785596945155,91,37.932
32,93,3.7677178321354687,92,37.932
32,94,3.8056500673257823,93,37.932
32,95,3.843582302516096,94,37.932
32,96,3.8815145377064093,95,37.932
32,97,3.919446772896723,96,37.932
32,98,3.9573790080870364,97,37.932
32,99,3.99531124327735,98,37.932
32,100,4.033243478467663,99,37.932
32,101,4.071175713657977,100,37.932
32,102,4.109107948848291,101,37.932
32,103,4.147040184038605,102,37.932
32,104,4.184972419228919,103,37.932
32,105,4.222904654419233,104,37.932
32,106,4.260836889609547,105,37.932
32,107,4.298769124799861,106,37.932
32,108,4.336701359990175,107,37.932
32,109,4.374633595180489,108,37.932
32,110,4.412565830370803,109,37.932
32,111,4.450498065561117,110,37.932
32,112,4.488430300751431,111,37.932
32,113,4.526362535941745,112,37.932
32,114,4.5643505204403265,113,37.988
32,115,4.602338504938908,114,37.988
32,116,4.64032648943749,115,37.988
32,117,4.678314473936071,116,37.988
32,118,4.716302458434653,117,37.988
32,119,4.754290442933234,118,37.988
32,120,4.792278427431816,119,37.988
32,121,4.830266411930397,120,37.988
32,122,4.868254396428979,121,37.988
32,123,4.90624238092756,122,37.988
32,124,4.944230365426142,123,37.988
32,125,4.9822183499247235,124,37.988
32,126,5.020206334423305,125,37.988
32,127,5.0581943189218865,126,37.988
32,128,5.096182303420468,127,37.988
33,1,0.2864330801704442,0,286.433
33,2,0.3241886302452615,1,37.756
33,3,0.3619441803200788,2,37.756
33,4,0.3996997303948961,3,37.756
33,5,0.4374552804697134,4,37.756
33,6,0.47521083054453067,5,37.756
33,7,0.512966380619348,6,37.756
33,8,0.5507219306941653,7,37.756
33,9,0.5884774807689827,8,37.756
33,10,0.6262330308438,9,37.756
33,11,0.6639885809186173,10,37.756
33,12,0.7017441309934347,11,37.756
33,13,0.739499681068252,12,37.756
33,14,0.7772552311430694,13,37.756
33,15,0.8150107812178867,14,37.756
33,16,0.8527663312927041,15,37.756
33,17,0.8905218813675214,16,37.756
33,18,0.9282774314423388,17,37.756
33,19,0.9660329815171561,18,37.756
33,20,1.0037885315919735,19,37.756
33,21,1.0415440816667907,20,37.756
33,22,1.079299631741608,21,37.756
33,23,1.1170551818164252,22,37.756
33,24,1.1548107318912424,23,37.756
33,25,1.1925662819660596,24,37.756
33,26,1.2303218320408769,25,37.756
33,27,1.268077382115694,26,37.756
33,28,1.3058329321905113,27,37.756
33,29,1.3435884822653286,28,37.756
33,30,1.3813440323401458,29,37.756
33,31,1.419099582414963,30,37.756
33,32,1.4568551324897803,31,37.756
33,33,1.4946106825645975,32,37.756
33,34,1.5323662326394147,33,37.756
33,35,1.570121782714232,34,37.756
33,36,1.6078773327890492,35,37.756
33,37,1.6456328828638664,36,37.756
33,38,1.6833884329386837,37,37.756
33,39,1.721143983013501,38,37.756
33,40,1.7588995330883181,39,37.756
33,41,1.7966550831631354,40,37.756
33,42,1.8344106332379526,41,37.756
33,43,1.8721661833127698,42,37.756
33,44,1.909921733387587,43,37.756
33,45,1.9476772834624043,44,37.756
33,46,1.9854328335372216,45,37.756
33,47,2.023188383612039,46,37.756
33,48,2.0609439336868562,47,37.756
33,49,2.0986994837616737,48,37.756
33,50,2.1366317189519872,49,37.932
33,51,2.1745639541423007,50,37.932
33,52,2.2124961893326143,51,37.932
33,53,2.250428424522928,52,37.932
33,54,2.2883606597132413,53,37.932
33,55,2.326292894903555,54,37.932
33,56,2.3642251300938684,55,37.932
33,57,2.402157365284182,56,37.932
33,58,2.4400896004744954,57,37.932
33,59,2.478021835664809,58,37.932
33,60,2.5159540708551225,59,37.932
33,61,2.553886306045436,60,37.932
33,62,2.5918185412357495,61,37.932
33,63,2.629750776426063,62,37.932
33,64,2.6676830116163766,63,37.932
33,65,2.70561524680669,64,37.932
33,66,2.7435474819970036,65,37.932
33,67,2.781479717187317,66,37.932
33,68,2.8194119523776306,67,37.932
33,69,2.857344187567944,68,37.932
33,70,2.8952764227582577,69,37.932
33,71,2.933208657948571,70,37.932
33,72,2.9711408931388847,71,37.932
33,73,3.0090731283291983,72,37.932
33,74,3.047005363519512,73,37.932
33,75,3.0849375987098253,74,37.932
33,76,3.122869833900139,75,37.932
33,77,3.1608020690904524,76,37.932
33,78,3.198734304280766,77,37.932
33,79,3.2366665394710794,78,37.932
33,80,3.274598774661393,79,37.932
33,81,3.3125310098517065,80,37.932
33,82,3.35046324504202,81,37.932
33,83,3.3883954802323335,82,37.932
33,84,3.426327715422647,83,37.932
33,85,3.4642599506129605,84,37.932
33,86,3.502192185803274,85,37.932
33,87,3.5401244209935876,86,37.932
33,88,3.578056656183901,87,37.932
33,89,3.6159888913742146,88,37.932
33,90,3.653921126564528,89,37.932
33,91,3.6918533617548417,90,37.932
33,92,3.729785596945155,91,37.932
33,93,3.7677178321354687,92,37.932
33,94,3.8056500673257823,93,37.932
33,95,3.843582302516096,94,37.932
33,96,3.8815145377064093,95,37.932
33,97,3.919446772896723,96,37.932
33,98,3.9573790080870364,97,37.932
33,99,3.99531124327735,98,37.932
33,100,4.033243478467663,99,37.932
33,101,4.071175713657977,100,37.932
33,102,4.109107948848291,101,37.932
33,103,4.147040184038605,102,37.932
33,104,4.184972419228919,103,37.932
33,105,4.222904654419233,104,37.932
33,106,4.260836889609547,105,37.932
33,107,4.298769124799861,106,37.932
33,108,4.336701359990175,107,37.932
33,109,4.374633595180489,108,37.932
33,110,4.412565830370803,109,37.932
33,111,4.450498065561117,110,37.932
33,112,4.488430300751431,111,37.932
33,113,4.526362535941745,112,37.932
33,114,4.5643505204403265,113,37.988
33,115,4.602338504938908,114,37.988
33,116,4.64032648943749,115,37.988
33,117,4.678314473936071,116,37.988
33,118,4.716302458434653,117,37.988
33,119,4.754290442933234,118,37.988
33,120,4.792278427431816,119,37.988
33,121,4.830266411930397,120,37.988
33,122,4.868254396428979,121,37.988
33,123,4.90624238092756,122,37.988
33,124,4.944230365426142,123,37.988
33,125,4.9822183499247235,124,37.988
33,126,5.020206334423305,125,37.988
33,127,5.0581943189218865,126,37.988
33,128,5.096182303420468,127,37.988
34,1,0.2864330801704442,0,286.433
34,2,0.3241886302452615,1,37.756
34,3,0.3619441803200788,2,37.756
34,4,0.3996997303948961,3,37.756
34,5,0.4374552804697134,4,37.756
34,6,0.47521083054453067,5,37.756
34,7,0.512966380619348,6,37.756
34,8,0.5507219306941653,7,37.756
34,9,0.5884774807689827,8,37.756
34,10,0.6262330308438,9,37.756
34,11,0.6639885809186173,10,37.756
34,12,0.7017441309934347,11,37.756
34,13,0.739499681068252,12,37.756
34,14,0.7772552311430694,13,37.756
34,15,0.8150107812178867,14,37.756
34,16,0.8527663312927041,15,37.756
34,17,0.8905218813675214,16,37.756
34,18,0.9282774314423388,17,37.756
34,19,0.9660329815171561,18,37.756
34,20,1.0037885315919735,19,37.756
34,21,1.0415440816667907,20,37.756
34,22,1.079299631741608,21,37.756
34,23,1.1170551818164252,22,37.756
34,24,1.1548107318912424,23,37.756
34,25,1.1925662819660596,24,37.756
34,26,1.2303218320408769,25,37.756
34,27,1.268077382115694,26,37.756
34,28,1.3058329321905113,27,37.756
34,29,1.3435884822653286,28,37.756
34,30,1.3813440323401458,29,37.756
34,31,1.419099582414963,30,37.756
34,32,1.4568551324897803,31,37.756
34,33,1.4946106825645975,32,37.756
34,34,1.5323662326394147,33,37.756
34,35,1.570121782714232,34,37.756
34,36,1.6078773327890492,35,37.756
34,37,1.6456328828638664,36,37.756
34,38,1.6833884329386837,37,37.756
34,39,1.721143983013501,38,37.756
34,40,1.7588995330883181,39,37.756
34,41,1.7966550831631354,40,37.756
34,42,1.8344106332379526,41,37.756
34,43,1.8721661833127698,42,37.756
34,44,1.909921733387587,43,37.756
34,45,1.9476772834624043,44,37.756
34,46,1.9854328335372216,45,37.756
34,47,2.023188383612039,46,37.756
34,48,2.0609439336868562,47,37.756
34,49,2.0986994837616737,48,37.756
34,50,2.1366317189519872,49,37.932
34,51,2.1745639541423007,50,37.932
34,52,2.2124961893326143,51,37.932
34,53,2.250428424522928,52,37.932
34,54,2.2883606597132413,53,37.932
34,55,2.326292894903555,54,37.932
34,56,2.3642251300938684,55,37.932
34,57,2.402157365284182,56,37.932
34,58,2.4400896004744954,57,37.932
34,59,2.478021835664809,58,37.932
34,60,2.5159540708551225,59,37.932
34,61,2.553886306045436,60,37.932
34,62,2.5918185412357495,61,37.932
34,63,2.629750776426063,62,37.932
34,64,2.6676830116163766,63,37.932
34,65,2.70561524680669,64,37.932
34,66,2.7435474819970036,65,37.932
34,67,2.781479717187317,66,37.932
34,68,2.8194119523776306,67,37.932
34,69,2.857344187567944,68,37.932
34,70,2.8952764227582577,69,37.932
34,71,2.933208657948571,70,37.932
34,72,2.9711408931388847,71,37.932
34,73,3.0090731283291983,72,37.932
34,74,3.047005363519512,73,37.932
34,75,3.0849375987098253,74,37.932
34,76,3.122869833900139,75,37.932
34,77,3.1608020690904524,76,37.932
34,78,3.198734304280766,77,37.932
34,79,3.2366665394710794,78,37.932
34,80,3.274598774661393,79,37.932
34,81,3.3125310098517065,80,37.932
34,82,3.35046324504202,81,37.932
34,83,3.3883954802323335,82,37.932
34,84,3.426327715422647,83,37.932
34,85,3.4642599506129605,84,37.932
34,86,3.502192185803274,85,37.932
34,87,3.5401244209935876,86,37.932
34,88,3.578056656183901,87,37.932
34,89,3.6159888913742146,88,37.932
34,90,3.653921126564528,89,37.932
34,91,3.6918533617548417,90,37.932
34,92,3.729785596945155,91,37.932
34,93,3.7677178321354687,92,37.932
34,94,3.8056500673257823,93,37.932
34,95,3.843582302516096,94,37.932
34,96,3.8815145377064093,95,37.932
34,97,3.919446772896723,96,37.932
34,98,3.9573790080870364,97,37.932
34,99,3.99531124327735,98,37.932
34,100,4.033243478467663,99,37.932
34,101,4.071175713657977,100,37.932
34,102,4.109107948848291,101,37.932
34,103,4.147040184038605,102,37.932
34,104,4.184972419228919,103,37.932
34,105,4.222904654419233,104,37.932
34,106,4.260836889609547,105,37.932
34,107,4.298769124799861,106,37.932
34,108,4.336701359990175,107,37.932
34,109,4.374633595180489,108,37.932
34,110,4.412565830370803,109,37.932
34,111,4.450498065561117,110,37.932
34,112,4.488430300751431,111,37.932
34,113,4.526362535941745,112,37.932
34,114,4.5643505204403265,113,37.988
34,115,4.602338504938908,114,37.988
34,116,4.64032648943749,115,37.988
34,117,4.678314473936071,116,37.988
34,118,4.716302458434653,117,37.988
34,119,4.754290442933234,118,37.988
34,120,4.792278427431816,119,37.988
34,121,4.830266411930397,120,37.988
34,122,4.868254396428979,121,37.988
34,123,4.90624238092756,122,37.988
34,124,4.944230365426142,123,37.988
34,125,4.9822183499247235,124,37.988
34,126,5.020206334423305,125,37.988
34,127,5.0581943189218865,126,37.988
34,128,5.096182303420468,127,37.988
35,1,0.2864330801704442,0,286.433
35,2,0.3241886302452615,1,37.756
35,3,0.3619441803200788,2,37.756
35,4,0.3996997303948961,3,37.756
35,5,0.4374552804697134,4,37.756
35,6,0.47521083054453067,5,37.756
35,7,0.512966380619348,6,37.756
35,8,0.5507219306941653,7,37.756
35,9,0.5884774807689827,8,37.756
35,10,0.6262330308438,9,37.756
35,11,0.6639885809186173,10,37.756
35,12,0.7017441309934347,11,37.756
35,13,0.739499681068252,12,37.756
35,14,0.7772552311430694,13,37.756
35,15,0.8150107812178867,14,37.756
35,16,0.8527663312927041,15,37.756
35,17,0.8905218813675214,16,37.756
35,18,0.9282774314423388,17,37.756
35,19,0.9660329815171561,18,37.756
35,20,1.0037885315919735,19,37.756
35,21,1.0415440816667907,20,37.756
35,22,1.079299631741608,21,37.756
35,23,1.1170551818164252,22,37.756
35,24,1.1548107318912424,23,37.756
35,25,1.1925662819660596,24,37.756
35,26,1.2303218320408769,25,37.756
35,27,1.268077382115694,26,37.756
35,28,1.3058329321905113,27,37.756
35,29,1.3435884822653286,28,37.756
35,30,1.3813440323401458,29,37.756
35,31,1.419099582414963,30,37.756
35,32,1.4568551324897803,31,37.756
35,33,1.4946106825645975,32,37.756
35,34,1.5323662326394147,33,37.756
35,35,1.570121782714232,34,37.756
35,36,1.6078773327890492,35,37.756
35,37,1.6456328828638664,36,37.756
35,38,1.6833884329386837,37,37.756
35,39,1.721143983013501,38,37.756
35,40,1.7588995330883181,39,37.756
35,41,1.7966550831631354,40,37.756
35,42,1.8344106332379526,41,37.756
35,43,1.8721661833127698,42,37.756
35,44,1.909921733387587,43,37.756
35,45,1.9476772834624043,44,37.756
35,46,1.9854328335372216,45,37.756
35,47,2.023188383612039,46,37.756
35,48,2.0609439336868562,47,37.756
35,49,2.0986994837616737,48,37.756
35,50,2.1366317189519872,49,37.932
35,51,2.1745639541423007,50,37.932
35,52,2.2124961893326143,51,37.932
35,53,2.250428424522928,52,37.932
35,54,2.2883606597132413,53,37.932
35,55,2.326292894903555,54,37.932
35,56,2.3642251300938684,55,37.932
35,57,2.402157365284182,56,37.932
35,58,2.4400896004744954,57,37.932
35,59,2.478021835664809,58,37.932
35,60,2.5159540708551225,59,37.932
35,61,2.553886306045436,60,37.932
35,62,2.5918185412357495,61,37.932
35,63,2.629750776426063,62,37.932
35,64,2.6676830116163766,63,37.932
35,65,2.70561524680669,64,37.932
35,66,2.7435474819970036,65,37.932
35,67,2.781479717187317,66,37.932
35,68,2.8194119523776306,67,37.932
35,69,2.857344187567944,68,37.932
35,70,2.8952764227582577,69,37.932
35,71,2.933208657948571,70,37.932
35,72,2.9711408931388847,71,37.932
35,73,3.0090731283291983,72,37.932
35,74,3.047005363519512,73,37.932
35,75,3.0849375987098253,74,37.932
35,76,3.122869833900139,75,37.932
35,77,3.1608020690904524,76,37.932
35,78,3.198734304280766,77,37.932
35,79,3.2366665394710794,78,37.932
35,80,3.274598774661393,79,37.932
35,81,3.3125310098517065,80,37.932
35,82,3.35046324504202,81,37.932
35,83,3.3883954802323335,82,37.932
35,84,3.426327715422647,83,37.932
35,85,3.4642599506129605,84,37.932
35,86,3.502192185803274,85,37.932
35,87,3.5401244209935876,86,37.932
35,88,3.578056656183901,87,37.932
35,89,3.6159888913742146,88,37.932
35,90,3.653921126564528,89,37.932
35,91,3.6918533617548417,90,37.932
35,92,3.729785596945155,91,37.932
35,93,3.7677178321354687,92,37.932
35,94,3.8056500673257823,93,37.932
35,95,3.843582302516096,94,37.932
35,96,3.8815145377064093,95,37.932
35,97,3.919446772896723,96,37.932
35,98,3.9573790080870364,97,37.932
35,99,3.99531124327735,98,37.932
35,100,4.033243478467663,99,37.932
35,101,4.071175713657977,100,37.932
35,102,4.109107948848291,101,37.932
35,103,4.147040184038605,102,37.932
35,104,4.184972419228919,103,37.932
35,105,4.222904654419233,104,37.932
35,106,4.260836889609547,105,37.932
35,107,4.298769124799861,106,37.932
35,108,4.336701359990175,107,37.932
35,109,4.374633595180489,108,37.932
35,110,4.412565830370803,109,37.932
35,111,4.450498065561117,110,37.932
35,112,4.488430300751431,111,37.932
35,113,4.526362535941745,112,37.932
35,114,4.5643505204403265,113,37.988
35,115,4.602338504938908,114,37.988
35,116,4.64032648943749,115,37.988
35,117,4.678314473936071,116,37.988
35,118,4.716302458434653,117,37.988
35,119,4.754290442933234,118,37.988
35,120,4.792278427431816,119,37.988
35,121,4.830266411930397,120,37.988
35,122,4.868254396428979,121,37.988
35,123,4.90624238092756,122,37.988
35,124,4.944230365426142,123,37.988
35,125,4.9822183499247235,124,37.988
35,126,5.020206334423305,125,37.988
35,127,5.0581943189218865,126,37.988
35,128,5.096182303420468,127,37.988
36,1,0.2864330801704442,0,286.433
36,2,0.3241886302452615,1,37.756
36,3,0.3619441803200788,2,37.756
36,4,0.3996997303948961,3,37.756
36,5,0.4374552804697134,4,37.756
36,6,0.47521083054453067,5,37.756
36,7,0.512966380619348,6,37.756
36,8,0.5507219306941653,7,37.756
36,9,0.5884774807689827,8,37.756
36,10,0.6262330308438,9,37.756
36,11,0.6639885809186173,10,37.756
36,12,0.7017441309934347,11,37.756
36,13,0.739499681068252,12,37.756
36,14,0.7772552311430694,13,37.756
36,15,0.8150107812178867,14,37.756
36,16,0.8527663312927041,15,37.756
36,17,0.8905218813675214,16,37.756
36,18,0.9282774314423388,17,37.756
36,19,0.9660329815171561,18,37.756
36,20,1.0037885315919735,19,37.756
36,21,1.0415440816667907,20,37.756
36,22,1.079299631741608,21,37.756
36,23,1.1170551818164252,22,37.756
36,24,1.1548107318912424,23,37.756
36,25,1.1925662819660596,24,37.756
36,26,1.2303218320408769,25,37.756
36,27,1.268077382115694,26,37.756
36,28,1.3058329321905113,27,37.756
36,29,1.3435884822653286,28,37.756
36,30,1.3813440323401458,29,37.756
36,31,1.419099582414963,30,37.756
36,32,1.4568551324897803,31,37.756
36,33,1.4946106825645975,32,37.756
36,34,1.5323662326394147,33,37.756
36,35,1.570121782714232,34,37.756
36,36,1.6078773327890492,35,37.756
36,37,1.6456328828638664,36,37.756
36,38,1.6833884329386837,37,37.756
36,39,1.721143983013501,38,37.756
36,40,1.7588995330883181,39,37.756
36,41,1.7966550831631354,40,37.756
36,42,1.8344106332379526,41,37.756
36,43,1.8721661833127698,42,37.756
36,44,1.909921733387587,43,37.756
36,45,1.9476772834624043,44,37.756
36,46,1.9854328335372216,45,37.756
36,47,2.023188383612039,46,37.756
36,48,2.0609439336868562,47,37.756
36,49,2.0986994837616737,48,37.756
36,50,2.1366317189519872,49,37.932
36,51,2.1745639541423007,50,37.932
36,52,2.2124961893326143,51,37.932
36,53,2.250428424522928,52,37.932
36,54,2.2883606597132413,53,37.932
36,55,2.326292894903555,54,37.932
36,56,2.3642251300938684,55,37.932
36,57,2.402157365284182,56,37.932
36,58,2.4400896004744954,57,37.932
36,59,2.478021835664809,58,37.932
36,60,2.5159540708551225,59,37.932
36,61,2.553886306045436,60,37.932
36,62,2.5918185412357495,61,37.932
36,63,2.629750776426063,62,37.932
36,64,2.6676830116163766,63,37.932
36,65,2.70561524680669,64,37.932
36,66,2.7435474819970036,65,37.932
36,67,2.781479717187317,66,37.932
36,68,2.8194119523776306,67,37.932
36,69,2.857344187567944,68,37.932
36,70,2.8952764227582577,69,37.932
36,71,2.933208657948571,70,37.932
36,72,2.9711408931388847,71,37.932
36,73,3.0090731283291983,72,37.932
36,74,3.047005363519512,73,37.932
36,75,3.0849375987098253,74,37.932
36,76,3.122869833900139,75,37.932
36,77,3.1608020690904524,76,37.932
36,78,3.198734304280766,77,37.932
36,79,3.2366665394710794,78,37.932
36,80,3.274598774661393,79,37.932
36,81,3.3125310098517065,80,37.932
36,82,3.35046324504202,81,37.932
36,83,3.3883954802323335,82,37.932
36,84,3.426327715422647,83,37.932
36,85,3.4642599506129605,84,37.932
36,86,3.502192185803274,85,37.932
36,87,3.5401244209935876,86,37.932
36,88,3.578056656183901,87,37.932
36,89,3.6159888913742146,88,37.932
36,90,3.653921126564528,89,37.932
36,91,3.6918533617548417,90,37.932
36,92,3.729785596945155,91,37.932
36,93,3.7677178321354687,92,37.932
36,94,3.8056500673257823,93,37.932
36,95,3.843582302516096,94,37.932
36,96,3.8815145377064093,95,37.932
36,97,3.919446772896723,96,37.932
36,98,3.9573790080870364,97,37.932
36,99,3.99531124327735,98,37.932
36,100,4.033243478467663,99,37.932
36,101,4.071175713657977,100,37.932
36,102,4.109107948848291,101,37.932
36,103,4.147040184038605,102,37.932
36,104,4.184972419228919,103,37.932
36,105,4.222904654419233,104,37.932
36,106,4.260836889609547,105,37.932
36,107,4.298769124799861,106,37.932
36,108,4.336701359990175,107,37.932
36,109,4.374633595180489,108,37.932
36,110,4.412565830370803,109,37.932
36,111,4.450498065561117,110,37.932
36,112,4.488430300751431,111,37.932
36,113,4.526362535941745,112,37.932
36,114,4.5643505204403265,113,37.988
36,115,4.602338504938908,114,37.988
36,116,4.64032648943749,115,37.988
36,117,4.678314473936071,116,37.988
36,118,4.716302458434653,117,37.988
36,119,4.754290442933234,118,37.988
36,120,4.792278427431816,119,37.988
36,121,4.830266411930397,120,37.988
36,122,4.868254396428979,121,37.988
36,123,4.90624238092756,122,37.988
36,124,4.944230365426142,123,37.988
36,125,4.9822183499247235,124,37.988
36,126,5.020206334423305,125,37.988
36,127,5.0581943189218865,126,37.988
36,128,5.096182303420468,127,37.988
37,1,0.2864330801704442,0,286.433
37,2,0.3241886302452615,1,37.756
37,3,0.3619441803200788,2,37.756
37,4,0.3996997303948961,3,37.756
37,5,0.4374552804697134,4,37.756
37,6,0.47521083054453067,5,37.756
37,7,0.512966380619348,6,37.756
37,8,0.5507219306941653,7,37.756
37,9,0.5884774807689827,8,37.756
37,10,0.6262330308438,9,37.756
37,11,0.6639885809186173,10,37.756
37,12,0.7017441309934347,11,37.756
37,13,0.739499681068252,12,37.756
37,14,0.7772552311430694,13,37.756
37,15,0.8150107812178867,14,37.756
37,16,0.8527663312927041,15,37.756
37,17,0.8905218813675214,16,37.756
37,18,0.9282774314423388,17,37.756
37,19,0.9660329815171561,18,37.756
37,20,1.0037885315919735,19,37.756
37,21,1.0415440816667907,20,37.756
37,22,1.079299631741608,21,37.756
37,23,1.1170551818164252,22,37.756
37,24,1.1548107318912424,23,37.756
37,25,1.1925662819660596,24,37.756
37,26,1.2303218320408769,25,37.756
37,27,1.268077382115694,26,37.756
37,28,1.3058329321905113,27,37.756
37,29,1.3435884822653286,28,37.756
37,30,1.3813440323401458,29,37.756
37,31,1.419099582414963,30,37.756
37,32,1.4568551324897803,31,37.756
37,33,1.4946106825645975,32,37.756
37,34,1.5323662326394147,33,37.756
37,35,1.570121782714232,34,37.756
37,36,1.6078773327890492,35,37.756
37,37,1.6456328828638664,36,37.756
37,38,1.6833884329386837,37,37.756
37,39,1.721143983013501,38,37.756
37,40,1.7588995330883181,39,37.756
37,41,1.7966550831631354,40,37.756
37,42,1.8344106332379526,41,37.756
37,43,1.8721661833127698,42,37.756
37,44,1.909921733387587,43,37.756
37,45,1.9476772834624043,44,37.756
37,46,1.9854328335372216,45,37.756
37,47,2.023188383612039,46,37.756
37,48,2.0609439336868562,47,37.756
37,49,2.0986994837616737,48,37.756
37,50,2.1366317189519872,49,37.932
37,51,2.1745639541423007,50,37.932
37,52,2.2124961893326143,51,37.932
37,53,2.250428424522928,52,37.932
37,54,2.2883606597132413,53,37.932
37,55,2.326292894903555,54,37.932
37,56,2.3642251300938684,55,37.932
37,57,2.402157365284182,56,37.932
37,58,2.4400896004744954,57,37.932
37,59,2.478021835664809,58,37.932
37,60,2.5159540708551225,59,37.932
37,61,2.553886306045436,60,37.932
37,62,2.5918185412357495,61,37.932
37,63,2.629750776426063,62,37.932
37,64,2.6676830116163766,63,37.932
37,65,2.70561524680669,64,37.932
37,66,2.7435474819970036,65,37.932
37,67,2.781479717187317,66,37.932
37,68,2.8194119523776306,67,37.932
37,69,2.857344187567944,68,37.932
37,70,2.8952764227582577,69,37.932
37,71,2.933208657948571,70,37.932
37,72,2.9711408931388847,71,37.932
37,73,3.0090731283291983,72,37.932
37,74,3.047005363519512,73,37.932
37,75,3.0849375987098253,74,37.932
37,76,3.122869833900139,75,37.932
37,77,3.1608020690904524,76,37.932
37,78,3.198734304280766,77,37.932
37,79,3.2366665394710794,78,37.932
37,80,3.274598774661393,79,37.932
37,81,3.3125310098517065,80,37.932
37,82,3.35046324504202,81,37.932
37,83,3.3883954802323335,82,37.932
37,84,3.426327715422647,83,37.932
37,85,3.4642599506129605,84,37.932
37,86,3.502192185803274,85,37.932
37,87,3.5401244209935876,86,37.932
37,88,3.578056656183901,87,37.932
37,89,3.6159888913742146,88,37.932
37,90,3.653921126564528,89,37.932
37,91,3.6918533617548417,90,37.932
37,92,3.729785596945155,91,37.932
37,93,3.7677178321354687,92,37.932
37,94,3.8056500673257823,93,37.932
37,95,3.843582302516096,94,37.932
37,96,3.8815145377064093,95,37.932
37,97,3.919446772896723,96,37.932
37,98,3.9573790080870364,97,37.932
37,99,3.99531124327735,98,37.932
37,100,4.033243478467663,99,37.932
37,101,4.071175713657977,100,37.932
37,102,4.109107948848291,101,37.932
37,103,4.147040184038605,102,37.932
37,104,4.184972419228919,103,37.932
37,105,4.222904654419233,104,37.932
37,106,4.260836889609547,105,37.932
37,107,4.298769124799861,106,37.932
37,108,4.336701359990175,107,37.932
37,109,4.374633595180489,108,37.932
37,110,4.412565830370803,109,37.932
37,111,4.450498065561117,110,37.932
37,112,4.488430300751431,111,37.932
37,113,4.526362535941745,112,37.932
37,114,4.5643505204403265,113,37.988
37,115,4.602338504938908,114,37.988
37,116,4.64032648943749,115,37.988
37,117,4.678314473936071,116,37.988
37,118,4.716302458434653,117,37.988
37,119,4.754290442933234,118,37.988
37,120,4.792278427431816,119,37.988
37,121,4.830266411930397,120,37.988
37,122,4.868254396428979,121,37.988
37,123,4.90624238092756,122,37.988
37,124,4.944230365426142,123,37.988
37,125,4.9822183499247235,124,37.988
37,126,5.020206334423305,125,37.988
37,127,5.0581943189218865,126,37.988
37,128,5.096182303420468,127,37.988
38,1,0.2864330801704442,0,286.433
38,2,0.3241886302452615,1,37.756
38,3,0.3619441803200788,2,37.756
38,4,0.3996997303948961,3,37.756
38,5,0.4374552804697134,4,37.756
38,6,0.47521083054453067,5,37.756
38,7,0.512966380619348,6,37.756
38,8,0.5507219306941653,7,37.756
38,9,0.5884774807689827,8,37.756
38,10,0.6262330308438,9,37.756
38,11,0.6639885809186173,10,37.756
38,12,0.7017441309934347,11,37.756
38,13,0.739499681068252,12,37.756
38,14,0.7772552311430694,13,37.756
38,15,0.8150107812178867,14,37.756
38,16,0.8527663312927041,15,37.756
38,17,0.8905218813675214,16,37.756
38,18,0.9282774314423388,17,37.756
38,19,0.9660329815171561,18,37.756
38,20,1.0037885315919735,19,37.756
38,21,1.0415440816667907,20,37.756
38,22,1.079299631741608,21,37.756
38,23,1.1170551818164252,22,37.756
38,24,1.1548107318912424,23,37.756
38,25,1.1925662819660596,24,37.756
38,26,1.2303218320408769,25,37.756
38,27,1.268077382115694,26,37.756
38,28,1.3058329321905113,27,37.756
38,29,1.3435884822653286,28,37.756
38,30,1.3813440323401458,29,37.756
38,31,1.419099582414963,30,37.756
38,32,1.4568551324897803,31,37.756
38,33,1.4946106825645975,32,37.756
38,34,1.5323662326394147,33,37.756
38,35,1.570121782714232,34,37.756
38,36,1.6078773327890492,35,37.756
38,37,1.6456328828638664,36,37.756
38,38,1.6833884329386837,37,37.756
38,39,1.721143983013501,38,37.756
38,40,1.7588995330883181,39,37.756
38,41,1.7966550831631354,40,37.756
38,42,1.8344106332379526,41,37.756
38,43,1.8721661833127698,42,37.756
38,44,1.909921733387587,43,37.756
38,45,1.9476772834624043,44,37.756
38,46,1.9854328335372216,45,37.756
38,47,2.023188383612039,46,37.756
38,48,2.0609439336868562,47,37.756
38,49,2.0986994837616737,48,37.756
38,50,2.1366317189519872,49,37.932
38,51,2.1745639541423007,50,37.932
38,52,2.2124961893326143,51,37.932
38,53,2.250428424522928,52,37.932
38,54,2.2883606597132413,53,37.932
38,55,2.326292894903555,54,37.932
38,56,2.3642251300938684,55,37.932
38,57,2.402157365284182,56,37.932
38,58,2.4400896004744954,57,37.932
38,59,2.478021835664809,58,37.932
38,60,2.5159540708551225,59,37.932
38,61,2.553886306045436,60,37.932
38,62,2.5918185412357495,61,37.932
38,63,2.629750776426063,62,37.932
38,64,2.6676830116163766,63,37.932
38,65,2.70561524680669,64,37.932
38,66,2.7435474819970036,65,37.932
38,67,2.781479717187317,66,37.932
38,68,2.8194119523776306,67,37.932
38,69,2.857344187567944,68,37.932
38,70,2.8952764227582577,69,37.932
38,71,2.933208657948571,70,37.932
38,72,2.9711408931388847,71,37.932
38,73,3.0090731283291983,72,37.932
38,74,3.047005363519512,73,37.932
38,75,3.0849375987098253,74,37.932
38,76,3.122869833900139,75,37.932
38,77,3.1608020690904524,76,37.932
38,78,3.198734304280766,77,37.932
38,79,3.2366665394710794,78,37.932
38,80,3.274598774661393,79,37.932
38,81,3.3125310098517065,80,37.932
38,82,3.35046324504202,81,37.932
38,83,3.3883954802323335,82,37.932
38,84,3.426327715422647,83,37.932
38,85,3.4642599506129605,84,37.932
38,86,3.502192185803274,85,37.932
38,87,3.5401244209935876,86,37.932
38,88,3.578056656183901,87,37.932
38,89,3.6159888913742146,88,37.932
38,90,3.653921126564528,89,37.932
38,91,3.6918533617548417,90,37.932
38,92,3.729785596945155,91,37.932
38,93,3.7677178321354687,92,37.932
38,94,3.8056500673257823,93,37.932
38,95,3.843582302516096,94,37.932
38,96,3.8815145377064093,95,37.932
38,97,3.919446772896723,96,37.932
38,98,3.9573790080870364,97,37.932
38,99,3.99531124327735,98,37.932
38,100,4.033243478467663,99,37.932
38,101,4.071175713657977,100,37.932
38,102,4.109107948848291,101,37.932
38,103,4.147040184038605,102,37.932
38,104,4.184972419228919,103,37.932
38,105,4.222904654419233,104,37.932
38,106,4.260836889609547,105,37.932
38,107,4.298769124799861,106,37.932
38,108,4.336701359990175,107,37.932
38,109,4.374633595180489,108,37.932
38,110,4.412565830370803,109,37.932
38,111,4.450498065561117,110,37.932
38,112,4.488430300751431,111,37.932
38,113,4.526362535941745,112,37.932
38,114,4.5643505204403265,113,37.988
38,115,4.602338504938908,114,37.988
38,116,4.64032648943749,115,37.988
38,117,4.678314473936071,116,37.988
38,118,4.716302458434653,117,37.988
38,119,4.754290442933234,118,37.988
38,120,4.792278427431816,119,37.988
38,121,4.830266411930397,120,37.988
38,122,4.868254396428979,121,37.988
38,123,4.90624238092756,122,37.988
38,124,4.944230365426142,123,37.988
38,125,4.9822183499247235,124,37.988
38,126,5.020206334423305,125,37.988
38,127,5.0581943189218865,126,37.988
38,128,5.096182303420468,127,37.988
39,1,0.2864330801704442,0,286.433
39,2,0.3241886302452615,1,37.756
39,3,0.3619441803200788,2,37.756
39,4,0.3996997303948961,3,37.756
39,5,0.4374552804697134,4,37.756
39,6,0.47521083054453067,5,37.756
39,7,0.512966380619348,6,37.756
39,8,0.5507219306941653,7,37.756
39,9,0.5884774807689827,8,37.756
39,10,0.6262330308438,9,37.756
39,11,0.6639885809186173,10,37.756
39,12,0.7017441309934347,11,37.756
39,13,0.739499681068252,12,37.756
39,14,0.7772552311430694,13,37.756
39,15,0.8150107812178867,14,37.756
39,16,0.8527663312927041,15,37.756
39,17,0.8905218813675214,16,37.756
39,18,0.9282774314423388,17,37.756
39,19,0.9660329815171561,18,37.756
39,20,1.0037885315919735,19,37.756
39,21,1.0415440816667907,20,37.756
39,22,1.079299631741608,21,37.756
39,23,1.1170551818164252,22,37.756
39,24,1.1548107318912424,23,37.756
39,25,1.1925662819660596,24,37.756
39,26,1.2303218320408769,25,37.756
39,27,1.268077382115694,26,37.756
39,28,1.3058329321905113,27,37.756
39,29,1.3435884822653286,28,37.756
39,30,1.3813440323401458,29,37.756
39,31,1.419099582414963,30,37.756
39,32,1.4568551324897803,31,37.756
39,33,1.4946106825645975,32,37.756
39,34,1.5323662326394147,33,37.756
39,35,1.570121782714232,34,37.756
39,36,1.6078773327890492,35,37.756
39,37,1.6456328828638664,36,37.756
39,38,1.6833884329386837,37,37.756
39,39,1.721143983013501,38,37.756
39,40,1.7588995330883181,39,37.756
39,41,1.7966550831631354,40,37.756
39,42,1.8344106332379526,41,37.756
39,43,1.8721661833127698,42,37.756
39,44,1.909921733387587,43,37.756
39,45,1.9476772834624043,44,37.756
39,46,1.9854328335372216,45,37.756
39,47,2.023188383612039,46,37.756
39,48,2.0609439336868562,47,37.756
39,49,2.0986994837616737,48,37.756
39,50,2.1366317189519872,49,37.932
39,51,2.1745639541423007,50,37.932
39,52,2.2124961893326143,51,37.932
39,53,2.250428424522928,52,37.932
39,54,2.2883606597132413,53,37.932
39,55,2.326292894903555,54,37.932
39,56,2.3642251300938684,55,37.932
39,57,2.402157365284182,56,37.932
39,58,2.4400896004744954,57,37.932
39,59,2.478021835664809,58,37.932
39,60,2.5159540708551225,59,37.932
39,61,2.553886306045436,60,37.932
39,62,2.5918185412357495,61,37.932
39,63,2.629750776426063,62,37.932
39,64,2.6676830116163766,63,37.932
39,65,2.70561524680669,64,37.932
39,66,2.7435474819970036,65,37.932
39,67,2.781479717187317,66,37.932
39,68,2.8194119523776306,67,37.932
39,69,2.857344187567944,68,37.932
39,70,2.8952764227582577,69,37.932
39,71,2.933208657948571,70,37.932
39,72,2.9711408931388847,71,37.932
39,73,3.0090731283291983,72,37.932
39,74,3.047005363519512,73,37.932
39,75,3.0849375987098253,74,37.932
39,76,3.122869833900139,75,37.932
39,77,3.1608020690904524,76,37.932
39,78,3.198734304280766,77,37.932
39,79,3.2366665394710794,78,37.932
39,80,3.274598774661393,79,37.932
39,81,3.3125310098517065,80,37.932
39,82,3.35046324504202,81,37.932
39,83,3.3883954802323335,82,37.932
39,84,3.426327715422647,83,37.932
39,85,3.4642599506129605,84,37.932
39,86,3.502192185803274,85,37.932
39,87,3.5401244209935876,86,37.932
39,88,3.578056656183901,87,37.932
39,89,3.6159888913742146,88,37.932
39,90,3.653921126564528,89,37.932
39,91,3.6918533617548417,90,37.932
39,92,3.729785596945155,91,37.932
39,93,3.7677178321354687,92,37.932
39,94,3.8056500673257823,93,37.932
39,95,3.843582302516096,94,37.932
39,96,3.8815145377064093,95,37.932
39,97,3.919446772896723,96,37.932
39,98,3.9573790080870364,97,37.932
39,99,3.99531124327735,98,37.932
39,100,4.033243478467663,99,37.932
39,101,4.071175713657977,100,37.932
39,102,4.109107948848291,101,37.932
39,103,4.147040184038605,102,37.932
39,104,4.184972419228919,103,37.932
39,105,4.222904654419233,104,37.932
39,106,4.260836889609547,105,37.932
39,107,4.298769124799861,106,37.932
39,108,4.336701359990175,107,37.932
39,109,4.374633595180489,108,37.932
39,110,4.412565830370803,109,37.932
39,111,4.450498065561117,110,37.932
39,112,4.488430300751431,111,37.932
39,113,4.526362535941745,112,37.932
39,114,4.5643505204403265,113,37.988
39,115,4.602338504938908,114,37.988
39,116,4.64032648943749,115,37.988
39,117,4.678314473936071,116,37.988
39,118,4.716302458434653,117,37.988
39,119,4.754290442933234,118,37.988
39,120,4.792278427431816,119,37.988
39,121,4.830266411930397,120,37.988
39,122,4.868254396428979,121,37.988
39,123,4.90624238092756,122,37.988
39,124,4.944230365426142,123,37.988
39,125,4.9822183499247235,124,37.988
39,126,5.020206334423305,125,37.988
39,127,5.0581943189218865,126,37.988
39,128,5.096182303420468,127,37.988
40,1,0.2864330801704442,0,286.433
40,2,0.3241886302452615,1,37.756
40,3,0.3619441803200788,2,37.756
40,4,0.3996997303948961,3,37.756
40,5,0.4374552804697134,4,37.756
40,6,0.47521083054453067,5,37.756
40,7,0.512966380619348,6,37.756
40,8,0.5507219306941653,7,37.756
40,9,0.5884774807689827,8,37.756
40,10,0.6262330308438,9,37.756
40,11,0.6639885809186173,10,37.756
40,12,0.7017441309934347,11,37.756
40,13,0.739499681068252,12,37.756
40,14,0.7772552311430694,13,37.756
40,15,0.8150107812178867,14,37.756
40,16,0.8527663312927041,15,37.756
40,17,0.8905218813675214,16,37.756
40,18,0.9282774314423388,17,37.756
40,19,0.9660329815171561,18,37.756
40,20,1.0037885315919735,19,37.756
40,21,1.0415440816667907,20,37.756
40,22,1.079299631741608,21,37.756
40,23,1.1170551818164252,22,37.756
40,24,1.1548107318912424,23,37.756
40,25,1.1925662819660596,24,37.756
40,26,1.2303218320408769,25,37.756
40,27,1.268077382115694,26,37.756
40,28,1.3058329321905113,27,37.756
40,29,1.3435884822653286,28,37.756
40,30,1.3813440323401458,29,37.756
40,31,1.419099582414963,30,37.756
40,32,1.4568551324897803,31,37.756
40,33,1.4946106825645975,32,37.756
40,34,1.5323662326394147,33,37.756
40,35,1.570121782714232,34,37.756
40,36,1.6078773327890492,35,37.756
40,37,1.6456328828638664,36,37.756
40,38,1.6833884329386837,37,37.756
40,39,1.721143983013501,38,37.756
40,40,1.7588995330883181,39,37.756
40,41,1.7966550831631354,40,37.756
40,42,1.8344106332379526,41,37.756
40,43,1.8721661833127698,42,37.756
40,44,1.909921733387587,43,37.756
40,45,1.9476772834624043,44,37.756
40,46,1.9854328335372216,45,37.756
40,47,2.023188383612039,46,37.756
40,48,2.0609439336868562,47,37.756
40,49,2.0986994837616737,48,37.756
40,50,2.1366317189519872,49,37.932
40,51,2.1745639541423007,50,37.932
40,52,2.2124961893326143,51,37.932
40,53,2.250428424522928,52,37.932
40,54,2.2883606597132413,53,37.932
40,55,2.326292894903555,54,37.932
40,56,2.3642251300938684,55,37.932
40,57,2.402157365284182,56,37.932
40,58,2.4400896004744954,57,37.932
40,59,2.478021835664809,58,37.932
40,60,2.5159540708551225,59,37.932
40,61,2.553886306045436,60,37.932
40,62,2.5918185412357495,61,37.932
40,63,2.629750776426063,62,37.932
40,64,2.6676830116163766,63,37.932
40,65,2.70561524680669,64,37.932
40,66,2.7435474819970036,65,37.932
40,67,2.781479717187317,66,37.932
40,68,2.8194119523776306,67,37.932
40,69,2.857344187567944,68,37.932
40,70,2.8952764227582577,69,37.932
40,71,2.933208657948571,70,37.932
40,72,2.9711408931388847,71,37.932
40,73,3.0090731283291983,72,37.932
40,74,3.047005363519512,73,37.932
40,75,3.0849375987098253,74,37.932
40,76,3.122869833900139,75,37.932
40,77,3.1608020690904524,76,37.932
40,78,3.198734304280766,77,37.932
40,79,3.2366665394710794,78,37.932
40,80,3.274598774661393,79,37.932
40,81,3.3125310098517065,80,37.932
40,82,3.35046324504202,81,37.932
40,83,3.3883954802323335,82,37.932
40,84,3.426327715422647,83,37.932
40,85,3.4642599506129605,84,37.932
40,86,3.502192185803274,85,37.932
40,87,3.5401244209935876,86,37.932
40,88,3.578056656183901,87,37.932
40,89,3.6159888913742146,88,37.932
40,90,3.653921126564528,89,37.932
40,91,3.6918533617548417,90,37.932
40,92,3.729785596945155,91,37.932
40,93,3.7677178321354687,92,37.932
40,94,3.8056500673257823,93,37.932
40,95,3.843582302516096,94,37.932
40,96,3.8815145377064093,95,37.932
40,97,3.919446772896723,96,37.932
40,98,3.9573790080870364,97,37.932
40,99,3.99531124327735,98,37.932
40,100,4.033243478467663,99,37.932
40,101,4.071175713657977,100,37.932
40,102,4.109107948848291,101,37.932
40,103,4.147040184038605,102,37.932
40,104,4.184972419228919,103,37.932
40,105,4.222904654419233,104,37.932
40,106,4.260836889609547,105,37.932
40,107,4.298769124799861,106,37.932
40,108,4.336701359990175,107,37.932
40,109,4.374633595180489,108,37.932
40,110,4.412565830370803,109,37.932
40,111,4.450498065561117,110,37.932
40,112,4.488430300751431,111,37.932
40,113,4.526362535941745,112,37.932
40,114,4.5643505204403265,113,37.988
40,115,4.602338504938908,114,37.988
40,116,4.64032648943749,115,37.988
40,117,4.678314473936071,116,37.988
40,118,4.716302458434653,117,37.988
40,119,4.754290442933234,118,37.988
40,120,4.792278427431816,119,37.988
40,121,4.830266411930397,120,37.988
40,122,4.868254396428979,121,37.988
40,123,4.90624238092756,122,37.988
40,124,4.944230365426142,123,37.988
40,125,4.9822183499247235,124,37.988
40,126,5.020206334423305,125,37.988
40,127,5.0581943189218865,126,37.988
40,128,5.096182303420468,127,37.988
41,1,0.2864330801704442,0,286.433
41,2,0.3241886302452615,1,37.756
41,3,0.3619441803200788,2,37.756
41,4,0.3996997303948961,3,37.756
41,5,0.4374552804697134,4,37.756
41,6,0.47521083054453067,5,37.756
41,7,0.512966380619348,6,37.756
41,8,0.5507219306941653,7,37.756
41,9,0.5884774807689827,8,37.756
41,10,0.6262330308438,9,37.756
41,11,0.6639885809186173,10,37.756
41,12,0.7017441309934347,11,37.756
41,13,0.739499681068252,12,37.756
41,14,0.7772552311430694,13,37.756
41,15,0.8150107812178867,14,37.756
41,16,0.8527663312927041,15,37.756
41,17,0.8905218813675214,16,37.756
41,18,0.9282774314423388,17,37.756
41,19,0.9660329815171561,18,37.756
41,20,1.0037885315919735,19,37.756
41,21,1.0415440816667907,20,37.756
41,22,1.079299631741608,21,37.756
41,23,1.1170551818164252,22,37.756
41,24,1.1548107318912424,23,37.756
41,25,1.1925662819660596,24,37.756
41,26,1.2303218320408769,25,37.756
41,27,1.268077382115694,26,37.756
41,28,1.3058329321905113,27,37.756
41,29,1.3435884822653286,28,37.756
41,30,1.3813440323401458,29,37.756
41,31,1.419099582414963,30,37.756
41,32,1.4568551324897803,31,37.756
41,33,1.4946106825645975,32,37.756
41,34,1.5323662326394147,33,37.756
41,35,1.570121782714232,34,37.756
41,36,1.6078773327890492,35,37.756
41,37,1.6456328828638664,36,37.756
41,38,1.6833884329386837,37,37.756
41,39,1.721143983013501,38,37.756
41,40,1.7588995330883181,39,37.756
41,41,1.7966550831631354,40,37.756
41,42,1.8344106332379526,41,37.756
41,43,1.8721661833127698,42,37.756
41,44,1.909921733387587,43,37.756
41,45,1.9476772834624043,44,37.756
41,46,1.9854328335372216,45,37.756
41,47,2.023188383612039,46,37.756
41,48,2.0609439336868562,47,37.756
41,49,2.0986994837616737,48,37.756
41,50,2.1366317189519872,49,37.932
41,51,2.1745639541423007,50,37.932
41,52,2.2124961893326143,51,37.932
41,53,2.250428424522928,52,37.932
41,54,2.2883606597132413,53,37.932
41,55,2.326292894903555,54,37.932
41,56,2.3642251300938684,55,37.932
41,57,2.402157365284182,56,37.932
41,58,2.4400896004744954,57,37.932
41,59,2.478021835664809,58,37.932
41,60,2.5159540708551225,59,37.932
41,61,2.553886306045436,60,37.932
41,62,2.5918185412357495,61,37.932
41,63,2.629750776426063,62,37.932
41,64,2.6676830116163766,63,37.932
41,65,2.70561524680669,64,37.932
41,66,2.7435474819970036,65,37.932
41,67,2.781479717187317,66,37.932
41,68,2.8194119523776306,67,37.932
41,69,2.857344187567944,68,37.932
41,70,2.8952764227582577,69,37.932
41,71,2.933208657948571,70,37.932
41,72,2.9711408931388847,71,37.932
41,73,3.0090731283291983,72,37.932
41,74,3.047005363519512,73,37.932
41,75,3.0849375987098253,74,37.932
41,76,3.122869833900139,75,37.932
41,77,3.1608020690904524,76,37.932
41,78,3.198734304280766,77,37.932
41,79,3.2366665394710794,78,37.932
41,80,3.274598774661393,79,37.932
41,81,3.3125310098517065,80,37.932
41,82,3.35046324504202,81,37.932
41,83,3.3883954802323335,82,37.932
41,84,3.426327715422647,83,37.932
41,85,3.4642599506129605,84,37.932
41,86,3.502192185803274,85,37.932
41,87,3.5401244209935876,86,37.932
41,88,3.578056656183901,87,37.932
41,89,3.6159888913742146,88,37.932
41,90,3.653921126564528,89,37.932
41,91,3.6918533617548417,90,37.932
41,92,3.729785596945155,91,37.932
41,93,3.7677178321354687,92,37.932
41,94,3.8056500673257823,93,37.932
41,95,3.843582302516096,94,37.932
41,96,3.8815145377064093,95,37.932
41,97,3.919446772896723,96,37.932
41,98,3.9573790080870364,97,37.932
41,99,3.99531124327735,98,37.932
41,100,4.033243478467663,99,37.932
41,101,4.071175713657977,100,37.932
41,102,4.109107948848291,101,37.932
41,103,4.147040184038605,102,37.932
41,104,4.184972419228919,103,37.932
41,105,4.222904654419233,104,37.932
41,106,4.260836889609547,105,37.932
41,107,4.298769124799861,106,37.932
41,108,4.336701359990175,107,37.932
41,109,4.374633595180489,108,37.932
41,110,4.412565830370803,109,37.932
41,111,4.450498065561117,110,37.932
41,112,4.488430300751431,111,37.932
41,113,4.526362535941745,112,37.932
41,114,4.5643505204403265,113,37.988
41,115,4.602338504938908,114,37.988
41,116,4.64032648943749,115,37.988
41,117,4.678314473936071,116,37.988
41,118,4.716302458434653,117,37.988
41,119,4.754290442933234,118,37.988
41,120,4.792278427431816,119,37.988
41,121,4.830266411930397,120,37.988
41,122,4.868254396428979,121,37.988
41,123,4.90624238092756,122,37.988
41,124,4.944230365426142,123,37.988
41,125,4.9822183499247235,124,37.988
41,126,5.020206334423305,125,37.988
41,127,5.0581943189218865,126,37.988
41,128,5.096182303420468,127,37.988
42,1,0.2864330801704442,0,286.433
42,2,0.3241886302452615,1,37.756
42,3,0.3619441803200788,2,37.756
42,4,0.3996997303948961,3,37.756
42,5,0.4374552804697134,4,37.756
42,6,0.47521083054453067,5,37.756
42,7,0.512966380619348,6,37.756
42,8,0.5507219306941653,7,37.756
42,9,0.5884774807689827,8,37.756
42,10,0.6262330308438,9,37.756
42,11,0.6639885809186173,10,37.756
42,12,0.7017441309934347,11,37.756
42,13,0.739499681068252,12,37.756
42,14,0.7772552311430694,13,37.756
42,15,0.8150107812178867,14,37.756
42,16,0.8527663312927041,15,37.756
42,17,0.8905218813675214,16,37.756
42,18,0.9282774314423388,17,37.756
42,19,0.9660329815171561,18,37.756
42,20,1.0037885315919735,19,37.756
42,21,1.0415440816667907,20,37.756
42,22,1.079299631741608,21,37.756
42,23,1.1170551818164252,22,37.756
42,24,1.1548107318912424,23,37.756
42,25,1.1925662819660596,24,37.756
42,26,1.2303218320408769,25,37.756
42,27,1.268077382115694,26,37.756
42,28,1.3058329321905113,27,37.756
42,29,1.3435884822653286,28,37.756
42,30,1.3813440323401458,29,37.756
42,31,1.419099582414963,30,37.756
42,32,1.4568551324897803,31,37.756
42,33,1.4946106825645975,32,37.756
42,34,1.5323662326394147,33,37.756
42,35,1.570121782714232,34,37.756
42,36,1.6078773327890492,35,37.756
42,37,1.6456328828638664,36,37.756
42,38,1.6833884329386837,37,37.756
42,39,1.721143983013501,38,37.756
42,40,1.7588995330883181,39,37.756
42,41,1.7966550831631354,40,37.756
42,42,1.8344106332379526,41,37.756
42,43,1.8721661833127698,42,37.756
42,44,1.909921733387587,43,37.756
42,45,1.9476772834624043,44,37.756
42,46,1.9854328335372216,45,37.756
42,47,2.023188383612039,46,37.756
42,48,2.0609439336868562,47,37.756
42,49,2.0986994837616737,48,37.756
42,50,2.1366317189519872,49,37.932
42,51,2.1745639541423007,50,37.932
42,52,2.2124961893326143,51,37.932
42,53,2.250428424522928,52,37.932
42,54,2.2883606597132413,53,37.932
42,55,2.326292894903555,54,37.932
42,56,2.3642251300938684,55,37.932
42,57,2.402157365284182,56,37.932
42,58,2.4400896004744954,57,37.932
42,59,2.478021835664809,58,37.932
42,60,2.5159540708551225,59,37.932
42,61,2.553886306045436,60,37.932
42,62,2.5918185412357495,61,37.932
42,63,2.629750776426063,62,37.932
42,64,2.6676830116163766,63,37.932
42,65,2.70561524680669,64,37.932
42,66,2.7435474819970036,65,37.932
42,67,2.781479717187317,66,37.932
42,68,2.8194119523776306,67,37.932
42,69,2.857344187567944,68,37.932
42,70,2.8952764227582577,69,37.932
42,71,2.933208657948571,70,37.932
42,72,2.9711408931388847,71,37.932
42,73,3.0090731283291983,72,37.932
42,74,3.047005363519512,73,37.932
42,75,3.0849375987098253,74,37.932
42,76,3.122869833900139,75,37.932
42,77,3.1608020690904524,76,37.932
42,78,3.198734304280766,77,37.932
42,79,3.2366665394710794,78,37.932
42,80,3.274598774661393,79,37.932
42,81,3.3125310098517065,80,37.932
42,82,3.35046324504202,81,37.932
42,83,3.3883954802323335,82,37.932
42,84,3.426327715422647,83,37.932
42,85,3.4642599506129605,84,37.932
42,86,3.502192185803274,85,37.932
42,87,3.5401244209935876,86,37.932
42,88,3.578056656183901,87,37.932
42,89,3.6159888913742146,88,37.932
42,90,3.653921126564528,89,37.932
42,91,3.6918533617548417,90,37.932
42,92,3.729785596945155,91,37.932
42,93,3.7677178321354687,92,37.932
42,94,3.8056500673257823,93,37.932
42,95,3.843582302516096,94,37.932
42,96,3.8815145377064093,95,37.932
42,97,3.919446772896723,96,37.932
42,98,3.9573790080870364,97,37.932
42,99,3.99531124327735,98,37.932
42,100,4.033243478467663,99,37.932
42,101,4.071175713657977,100,37.932
42,102,4.109107948848291,101,37.932
42,103,4.147040184038605,102,37.932
42,104,4.184972419228919,103,37.932
42,105,4.222904654419233,104,37.932
42,106,4.260836889609547,105,37.932
42,107,4.298769124799861,106,37.932
42,108,4.336701359990175,107,37.932
42,109,4.374633595180489,108,37.932
42,110,4.412565830370803,109,37.932
42,111,4.450498065561117,110,37.932
42,112,4.488430300751431,111,37.932
42,113,4.526362535941745,112,37.932
42,114,4.5643505204403265,113,37.988
42,115,4.602338504938908,114,37.988
42,116,4.64032648943749,115,37.988
42,117,4.678314473936071,116,37.988
42,118,4.716302458434653,117,37.988
42,119,4.754290442933234,118,37.988
42,120,4.792278427431816,119,37.988
42,121,4.830266411930397,120,37.988
42,122,4.868254396428979,121,37.988
42,123,4.90624238092756,122,37.988
42,124,4.944230365426142,123,37.988
42,125,4.9822183499247235,124,37.988
42,126,5.020206334423305,125,37.988
42,127,5.0581943189218865,126,37.988
42,128,5.096182303420468,127,37.988
43,1,0.2864330801704442,0,286.433
43,2,0.3241886302452615,1,37.756
43,3,0.3619441803200788,2,37.756
43,4,0.3996997303948961,3,37.756
43,5,0.4374552804697134,4,37.756
43,6,0.47521083054453067,5,37.756
43,7,0.512966380619348,6,37.756
43,8,0.5507219306941653,7,37.756
43,9,0.5884774807689827,8,37.756
43,10,0.6262330308438,9,37.756
43,11,0.6639885809186173,10,37.756
43,12,0.7017441309934347,11,37.756
43,13,0.739499681068252,12,37.756
43,14,0.7772552311430694,13,37.756
43,15,0.8150107812178867,14,37.756
43,16,0.8527663312927041,15,37.756
43,17,0.8905218813675214,16,37.756
43,18,0.9282774314423388,17,37.756
43,19,0.9660329815171561,18,37.756
43,20,1.0037885315919735,19,37.756
43,21,1.0415440816667907,20,37.756
43,22,1.079299631741608,21,37.756
43,23,1.1170551818164252,22,37.756
43,24,1.1548107318912424,23,37.756
43,25,1.1925662819660596,24,37.756
43,26,1.2303218320408769,25,37.756
43,27,1.268077382115694,26,37.756
43,28,1.3058329321905113,27,37.756
43,29,1.3435884822653286,28,37.756
43,30,1.3813440323401458,29,37.756
43,31,1.419099582414963,30,37.756
43,32,1.4568551324897803,31,37.756
43,33,1.4946106825645975,32,37.756
43,34,1.5323662326394147,33,37.756
43,35,1.570121782714232,34,37.756
43,36,1.6078773327890492,35,37.756
43,37,1.6456328828638664,36,37.756
43,38,1.6833884329386837,37,37.756
43,39,1.721143983013501,38,37.756
43,40,1.7588995330883181,39,37.756
43,41,1.7966550831631354,40,37.756
43,42,1.8344106332379526,41,37.756
43,43,1.8721661833127698,42,37.756
43,44,1.909921733387587,43,37.756
43,45,1.9476772834624043,44,37.756
43,46,1.9854328335372216,45,37.756
43,47,2.023188383612039,46,37.756
43,48,2.0609439336868562,47,37.756
43,49,2.0986994837616737,48,37.756
43,50,2.1366317189519872,49,37.932
43,51,2.1745639541423007,50,37.932
43,52,2.2124961893326143,51,37.932
43,53,2.250428424522928,52,37.932
43,54,2.2883606597132413,53,37.932
43,55,2.326292894903555,54,37.932
43,56,2.3642251300938684,55,37.932
43,57,2.402157365284182,56,37.932
43,58,2.4400896004744954,57,37.932
43,59,2.478021835664809,58,37.932
43,60,2.5159540708551225,59,37.932
43,61,2.553886306045436,60,37.932
43,62,2.5918185412357495,61,37.932
43,63,2.629750776426063,62,37.932
43,64,2.6676830116163766,63,37.932
43,65,2.70561524680669,64,37.932
43,66,2.7435474819970036,65,37.932
43,67,2.781479717187317,66,37.932
43,68,2.8194119523776306,67,37.932
43,69,2.857344187567944,68,37.932
43,70,2.8952764227582577,69,37.932
43,71,2.933208657948571,70,37.932
43,72,2.9711408931388847,71,37.932
43,73,3.0090731283291983,72,37.932
43,74,3.047005363519512,73,37.932
43,75,3.0849375987098253,74,37.932
43,76,3.122869833900139,75,37.932
43,77,3.1608020690904524,76,37.932
43,78,3.198734304280766,77,37.932
43,79,3.2366665394710794,78,37.932
43,80,3.274598774661393,79,37.932
43,81,3.3125310098517065,80,37.932
43,82,3.35046324504202,81,37.932
43,83,3.3883954802323335,82,37.932
43,84,3.426327715422647,83,37.932
43,85,3.4642599506129605,84,37.932
43,86,3.502192185803274,85,37.932
43,87,3.5401244209935876,86,37.932
43,88,3.578056656183901,87,37.932
43,89,3.6159888913742146,88,37.932
43,90,3.653921126564528,89,37.932
43,91,3.6918533617548417,90,37.932
43,92,3.729785596945155,91,37.932
43,93,3.7677178321354687,92,37.932
43,94,3.8056500673257823,93,37.932
43,95,3.843582302516096,94,37.932
43,96,3.8815145377064093,95,37.932
43,97,3.919446772896723,96,37.932
43,98,3.9573790080870364,97,37.932
43,99,3.99531124327735,98,37.932
43,100,4.033243478467663,99,37.932
43,101,4.071175713657977,100,37.932
43,102,4.109107948848291,101,37.932
43,103,4.147040184038605,102,37.932
43,104,4.184972419228919,103,37.932
43,105,4.222904654419233,104,37.932
43,106,4.260836889609547,105,37.932
43,107,4.298769124799861,106,37.932
43,108,4.336701359990175,107,37.932
43,109,4.374633595180489,108,37.932
43,110,4.412565830370803,109,37.932
43,111,4.450498065561117,110,37.932
43,112,4.488430300751431,111,37.932
43,113,4.526362535941745,112,37.932
43,114,4.5643505204403265,113,37.988
43,115,4.602338504938908,114,37.988
43,116,4.64032648943749,115,37.988
43,117,4.678314473936071,116,37.988
43,118,4.716302458434653,117,37.988
43,119,4.754290442933234,118,37.988
43,120,4.792278427431816,119,37.988
43,121,4.830266411930397,120,37.988
43,122,4.868254396428979,121,37.988
43,123,4.90624238092756,122,37.988
43,124,4.944230365426142,123,37.988
43,125,4.9822183499247235,124,37.988
43,126,5.020206334423305,125,37.988
43,127,5.0581943189218865,126,37.988
43,128,5.096182303420468,127,37.988
44,1,0.2864330801704442,0,286.433
44,2,0.3241886302452615,1,37.756
44,3,0.3619441803200788,2,37.756
44,4,0.3996997303948961,3,37.756
44,5,0.4374552804697134,4,37.756
44,6,0.47521083054453067,5,37.756
44,7,0.512966380619348,6,37.756
44,8,0.5507219306941653,7,37.756
44,9,0.5884774807689827,8,37.756
44,10,0.6262330308438,9,37.756
44,11,0.6639885809186173,10,37.756
44,12,0.7017441309934347,11,37.756
44,13,0.739499681068252,12,37.756
44,14,0.7772552311430694,13,37.756
44,15,0.8150107812178867,14,37.756
44,16,0.8527663312927041,15,37.756
44,17,0.8905218813675214,16,37.756
44,18,0.9282774314423388,17,37.756
44,19,0.9660329815171561,18,37.756
44,20,1.0037885315919735,19,37.756
44,21,1.0415440816667907,20,37.756
44,22,1.079299631741608,21,37.756
44,23,1.1170551818164252,22,37.756
44,24,1.1548107318912424,23,37.756
44,25,1.1925662819660596,24,37.756
44,26,1.2303218320408769,25,37.756
44,27,1.268077382115694,26,37.756
44,28,1.3058329321905113,27,37.756
44,29,1.3435884822653286,28,37.756
44,30,1.3813440323401458,29,37.756
44,31,1.419099582414963,30,37.756
44,32,1.4568551324897803,31,37.756
44,33,1.4946106825645975,32,37.756
44,34,1.5323662326394147,33,37.756
44,35,1.570121782714232,34,37.756
44,36,1.6078773327890492,35,37.756
44,37,1.6456328828638664,36,37.756
44,38,1.6833884329386837,37,37.756
44,39,1.721143983013501,38,37.756
44,40,1.7588995330883181,39,37.756
44,41,1.7966550831631354,40,37.756
44,42,1.8344106332379526,41,37.756
44,43,1.8721661833127698,42,37.756
44,44,1.909921733387587,43,37.756
44,45,1.9476772834624043,44,37.756
44,46,1.9854328335372216,45,37.756
44,47,2.023188383612039,46,37.756
44,48,2.0609439336868562,47,37.756
44,49,2.0986994837616737,48,37.756
44,50,2.1366317189519872,49,37.932
44,51,2.1745639541423007,50,37.932
44,52,2.2124961893326143,51,37.932
44,53,2.250428424522928,52,37.932
44,54,2.2883606597132413,53,37.932
44,55,2.326292894903555,54,37.932
44,56,2.3642251300938684,55,37.932
44,57,2.402157365284182,56,37.932
44,58,2.4400896004744954,57,37.932
44,59,2.478021835664809,58,37.932
44,60,2.5159540708551225,59,37.932
44,61,2.553886306045436,60,37.932
44,62,2.5918185412357495,61,37.932
44,63,2.629750776426063,62,37.932
44,64,2.6676830116163766,63,37.932
44,65,2.70561524680669,64,37.932
44,66,2.7435474819970036,65,37.932
44,67,2.781479717187317,66,37.932
44,68,2.8194119523776306,67,37.932
44,69,2.857344187567944,68,37.932
44,70,2.8952764227582577,69,37.932
44,71,2.933208657948571,70,37.932
44,72,2.9711408931388847,71,37.932
44,73,3.0090731283291983,72,37.932
44,74,3.047005363519512,73,37.932
44,75,3.0849375987098253,74,37.932
44,76,3.122869833900139,75,37.932
44,77,3.1608020690904524,76,37.932
44,78,3.198734304280766,77,37.932
44,79,3.2366665394710794,78,37.932
44,80,3.274598774661393,79,37.932
44,81,3.3125310098517065,80,37.932
44,82,3.35046324504202,81,37.932
44,83,3.3883954802323335,82,37.932
44,84,3.426327715422647,83,37.932
44,85,3.4642599506129605,84,37.932
44,86,3.502192185803274,85,37.932
44,87,3.5401244209935876,86,37.932
44,88,3.578056656183901,87,37.932
44,89,3.6159888913742146,88,37.932
44,90,3.653921126564528,89,37.932
44,91,3.6918533617548417,90,37.932
44,92,3.729785596945155,91,37.932
44,93,3.7677178321354687,92,37.932
44,94,3.8056500673257823,93,37.932
44,95,3.843582302516096,94,37.932
44,96,3.8815145377064093,95,37.932
44,97,3.919446772896723,96,37.932
44,98,3.9573790080870364,97,37.932
44,99,3.99531124327735,98,37.932
44,100,4.033243478467663,99,37.932
44,101,4.071175713657977,100,37.932
44,102,4.109107948848291,101,37.932
44,103,4.147040184038605,102,37.932
44,104,4.184972419228919,103,37.932
44,105,4.222904654419233,104,37.932
44,106,4.260836889609547,105,37.932
44,107,4.298769124799861,106,37.932
44,108,4.336701359990175,107,37.932
44,109,4.374633595180489,108,37.932
44,110,4.412565830370803,109,37.932
44,111,4.450498065561117,110,37.932
44,112,4.488430300751431,111,37.932
44,113,4.526362535941745,112,37.932
44,114,4.5643505204403265,113,37.988
44,115,4.602338504938908,114,37.988
44,116,4.64032648943749,115,37.988
44,117,4.678314473936071,116,37.988
44,118,4.716302458434653,117,37.988
44,119,4.754290442933234,118,37.988
44,120,4.792278427431816,119,37.988
44,121,4.830266411930397,120,37.988
44,122,4.868254396428979,121,37.988
44,123,4.90624238092756,122,37.988
44,124,4.944230365426142,123,37.988
44,125,4.9822183499247235,124,37.988
44,126,5.020206334423305,125,37.988
44,127,5.0581943189218865,126,37.988
44,128,5.096182303420468,127,37.988
45,1,0.2864330801704442,0,286.433
45,2,0.3241886302452615,1,37.756
45,3,0.3619441803200788,2,37.756
45,4,0.3996997303948961,3,37.756
45,5,0.4374552804697134,4,37.756
45,6,0.47521083054453067,5,37.756
45,7,0.512966380619348,6,37.756
45,8,0.5507219306941653,7,37.756
45,9,0.5884774807689827,8,37.756
45,10,0.6262330308438,9,37.756
45,11,0.6639885809186173,10,37.756
45,12,0.7017441309934347,11,37.756
45,13,0.739499681068252,12,37.756
45,14,0.7772552311430694,13,37.756
45,15,0.8150107812178867,14,37.756
45,16,0.8527663312927041,15,37.756
45,17,0.8905218813675214,16,37.756
45,18,0.9282774314423388,17,37.756
45,19,0.9660329815171561,18,37.756
45,20,1.0037885315919735,19,37.756
45,21,1.0415440816667907,20,37.756
45,22,1.079299631741608,21,37.756
45,23,1.1170551818164252,22,37.756
45,24,1.1548107318912424,23,37.756
45,25,1.1925662819660596,24,37.756
45,26,1.2303218320408769,25,37.756
45,27,1.268077382115694,26,37.756
45,28,1.3058329321905113,27,37.756
45,29,1.3435884822653286,28,37.756
45,30,1.3813440323401458,29,37.756
45,31,1.419099582414963,30,37.756
45,32,1.4568551324897803,31,37.756
45,33,1.4946106825645975,32,37.756
45,34,1.5323662326394147,33,37.756
45,35,1.570121782714232,34,37.756
45,36,1.6078773327890492,35,37.756
45,37,1.6456328828638664,36,37.756
45,38,1.6833884329386837,37,37.756
45,39,1.721143983013501,38,37.756
45,40,1.7588995330883181,39,37.756
45,41,1.7966550831631354,40,37.756
45,42,1.8344106332379526,41,37.756
45,43,1.8721661833127698,42,37.756
45,44,1.909921733387587,43,37.756
45,45,1.9476772834624043,44,37.756
45,46,1.9854328335372216,45,37.756
45,47,2.023188383612039,46,37.756
45,48,2.0609439336868562,47,37.756
45,49,2.0986994837616737,48,37.756
45,50,2.1366317189519872,49,37.932
45,51,2.1745639541423007,50,37.932
45,52,2.2124961893326143,51,37.932
45,53,2.250428424522928,52,37.932
45,54,2.2883606597132413,53,37.932
45,55,2.326292894903555,54,37.932
45,56,2.3642251300938684,55,37.932
45,57,2.402157365284182,56,37.932
45,58,2.4400896004744954,57,37.932
45,59,2.478021835664809,58,37.932
45,60,2.5159540708551225,59,37.932
45,61,2.553886306045436,60,37.932
45,62,2.5918185412357495,61,37.932
45,63,2.629750776426063,62,37.932
45,64,2.6676830116163766,63,37.932
45,65,2.70561524680669,64,37.932
45,66,2.7435474819970036,65,37.932
45,67,2.781479717187317,66,37.932
45,68,2.8194119523776306,67,37.932
45,69,2.857344187567944,68,37.932
45,70,2.8952764227582577,69,37.932
45,71,2.933208657948571,70,37.932
45,72,2.9711408931388847,71,37.932
45,73,3.0090731283291983,72,37.932
45,74,3.047005363519512,73,37.932
45,75,3.0849375987098253,74,37.932
45,76,3.122869833900139,75,37.932
45,77,3.1608020690904524,76,37.932
45,78,3.198734304280766,77,37.932
45,79,3.2366665394710794,78,37.932
45,80,3.274598774661393,79,37.932
45,81,3.3125310098517065,80,37.932
45,82,3.35046324504202,81,37.932
45,83,3.3883954802323335,82,37.932
45,84,3.426327715422647,83,37.932
45,85,3.4642599506129605,84,37.932
45,86,3.502192185803274,85,37.932
45,87,3.5401244209935876,86,37.932
45,88,3.578056656183901,87,37.932
45,89,3.6159888913742146,88,37.932
45,90,3.653921126564528,89,37.932
45,91,3.6918533617548417,90,37.932
45,92,3.729785596945155,91,37.932
45,93,3.7677178321354687,92,37.932
45,94,3.8056500673257823,93,37.932
45,95,3.843582302516096,94,37.932
45,96,3.8815145377064093,95,37.932
45,97,3.919446772896723,96,37.932
45,98,3.9573790080870364,97,37.932
45,99,3.99531124327735,98,37.932
45,100,4.033243478467663,99,37.932
45,101,4.071175713657977,100,37.932
45,102,4.109107948848291,101,37.932
45,103,4.147040184038605,102,37.932
45,104,4.184972419228919,103,37.932
45,105,4.222904654419233,104,37.932
45,106,4.260836889609547,105,37.932
45,107,4.298769124799861,106,37.932
45,108,4.336701359990175,107,37.932
45,109,4.374633595180489,108,37.932
45,110,4.412565830370803,109,37.932
45,111,4.450498065561117,110,37.932
45,112,4.488430300751431,111,37.932
45,113,4.526362535941745,112,37.932
45,114,4.5643505204403265,113,37.988
45,115,4.602338504938908,114,37.988
45,116,4.64032648943749,115,37.988
45,117,4.678314473936071,116,37.988
45,118,4.716302458434653,117,37.988
45,119,4.754290442933234,118,37.988
45,120,4.792278427431816,119,37.988
45,121,4.830266411930397,120,37.988
45,122,4.868254396428979,121,37.988
45,123,4.90624238092756,122,37.988
45,124,4.944230365426142,123,37.988
45,125,4.9822183499247235,124,37.988
45,126,5.020206334423305,125,37.988
45,127,5.0581943189218865,126,37.988
45,128,5.096182303420468,127,37.988
46,1,0.2864330801704442,0,286.433
46,2,0.3241886302452615,1,37.756
46,3,0.3619441803200788,2,37.756
46,4,0.3996997303948961,3,37.756
46,5,0.4374552804697134,4,37.756
46,6,0.47521083054453067,5,37.756
46,7,0.512966380619348,6,37.756
46,8,0.5507219306941653,7,37.756
46,9,0.5884774807689827,8,37.756
46,10,0.6262330308438,9,37.756
46,11,0.6639885809186173,10,37.756
46,12,0.7017441309934347,11,37.756
46,13,0.739499681068252,12,37.756
46,14,0.7772552311430694,13,37.756
46,15,0.8150107812178867,14,37.756
46,16,0.8527663312927041,15,37.756
46,17,0.8905218813675214,16,37.756
46,18,0.9282774314423388,17,37.756
46,19,0.9660329815171561,18,37.756
46,20,1.0037885315919735,19,37.756
46,21,1.0415440816667907,20,37.756
46,22,1.079299631741608,21,37.756
46,23,1.1170551818164252,22,37.756
46,24,1.1548107318912424,23,37.756
46,25,1.1925662819660596,24,37.756
46,26,1.2303218320408769,25,37.756
46,27,1.268077382115694,26,37.756
46,28,1.3058329321905113,27,37.756
46,29,1.3435884822653286,28,37.756
46,30,1.3813440323401458,29,37.756
46,31,1.419099582414963,30,37.756
46,32,1.4568551324897803,31,37.756
46,33,1.4946106825645975,32,37.756
46,34,1.5323662326394147,33,37.756
46,35,1.570121782714232,34,37.756
46,36,1.6078773327890492,35,37.756
46,37,1.6456328828638664,36,37.756
46,38,1.6833884329386837,37,37.756
46,39,1.721143983013501,38,37.756
46,40,1.7588995330883181,39,37.756
46,41,1.7966550831631354,40,37.756
46,42,1.8344106332379526,41,37.756
46,43,1.8721661833127698,42,37.756
46,44,1.909921733387587,43,37.756
46,45,1.9476772834624043,44,37.756
46,46,1.9854328335372216,45,37.756
46,47,2.023188383612039,46,37.756
46,48,2.0609439336868562,47,37.756
46,49,2.0986994837616737,48,37.756
46,50,2.1366317189519872,49,37.932
46,51,2.1745639541423007,50,37.932
46,52,2.2124961893326143,51,37.932
46,53,2.250428424522928,52,37.932
46,54,2.2883606597132413,53,37.932
46,55,2.326292894903555,54,37.932
46,56,2.3642251300938684,55,37.932
46,57,2.402157365284182,56,37.932
46,58,2.4400896004744954,57,37.932
46,59,2.478021835664809,58,37.932
46,60,2.5159540708551225,59,37.932
46,61,2.553886306045436,60,37.932
46,62,2.5918185412357495,61,37.932
46,63,2.629750776426063,62,37.932
46,64,2.6676830116163766,63,37.932
46,65,2.70561524680669,64,37.932
46,66,2.7435474819970036,65,37.932
46,67,2.781479717187317,66,37.932
46,68,2.8194119523776306,67,37.932
46,69,2.857344187567944,68,37.932
46,70,2.8952764227582577,69,37.932
46,71,2.933208657948571,70,37.932
46,72,2.9711408931388847,71,37.932
46,73,3.0090731283291983,72,37.932
46,74,3.047005363519512,73,37.932
46,75,3.0849375987098253,74,37.932
46,76,3.122869833900139,75,37.932
46,77,3.1608020690904524,76,37.932
46,78,3.198734304280766,77,37.932
46,79,3.2366665394710794,78,37.932
46,80,3.274598774661393,79,37.932
46,81,3.3125310098517065,80,37.932
46,82,3.35046324504202,81,37.932
46,83,3.3883954802323335,82,37.932
46,84,3.426327715422647,83,37.932
46,85,3.4642599506129605,84,37.932
46,86,3.502192185803274,85,37.932
46,87,3.5401244209935876,86,37.932
46,88,3.578056656183901,87,37.932
46,89,3.6159888913742146,88,37.932
46,90,3.653921126564528,89,37.932
46,91,3.6918533617548417,90,37.932
46,92,3.729785596945155,91,37.932
46,93,3.7677178321354687,92,37.932
46,94,3.8056500673257823,93,37.932
46,95,3.843582302516096,94,37.932
46,96,3.8815145377064093,95,37.932
46,97,3.919446772896723,96,37.932
46,98,3.9573790080870364,97,37.932
46,99,3.99531124327735,98,37.932
46,100,4.033243478467663,99,37.932
46,101,4.071175713657977,100,37.932
46,102,4.109107948848291,101,37.932
46,103,4.147040184038605,102,37.932
46,104,4.184972419228919,103,37.932
46,105,4.222904654419233,104,37.932
46,106,4.260836889609547,105,37.932
46,107,4.298769124799861,106,37.932
46,108,4.336701359990175,107,37.932
46,109,4.374633595180489,108,37.932
46,110,4.412565830370803,109,37.932
46,111,4.450498065561117,110,37.932
46,112,4.488430300751431,111,37.932
46,113,4.526362535941745,112,37.932
46,114,4.5643505204403265,113,37.988
46,115,4.602338504938908,114,37.988
46,116,4.64032648943749,115,37.988
46,117,4.678314473936071,116,37.988
46,118,4.716302458434653,117,37.988
46,119,4.754290442933234,118,37.988
46,120,4.792278427431816,119,37.988
46,121,4.830266411930397,120,37.988
46,122,4.868254396428979,121,37.988
46,123,4.90624238092756,122,37.988
46,124,4.944230365426142,123,37.988
46,125,4.9822183499247235,124,37.988
46,126,5.020206334423305,125,37.988
46,127,5.0581943189218865,126,37.988
46,128,5.096182303420468,127,37.988
47,1,0.2864330801704442,0,286.433
47,2,0.3241886302452615,1,37.756
47,3,0.3619441803200788,2,37.756
47,4,0.3996997303948961,3,37.756
47,5,0.4374552804697134,4,37.756
47,6,0.47521083054453067,5,37.756
47,7,0.512966380619348,6,37.756
47,8,0.5507219306941653,7,37.756
47,9,0.5884774807689827,8,37.756
47,10,0.6262330308438,9,37.756
47,11,0.6639885809186173,10,37.756
47,12,0.7017441309934347,11,37.756
47,13,0.739499681068252,12,37.756
47,14,0.7772552311430694,13,37.756
47,15,0.8150107812178867,14,37.756
47,16,0.8527663312927041,15,37.756
47,17,0.8905218813675214,16,37.756
47,18,0.9282774314423388,17,37.756
47,19,0.9660329815171561,18,37.756
47,20,1.0037885315919735,19,37.756
47,21,1.0415440816667907,20,37.756
47,22,1.079299631741608,21,37.756
47,23,1.1170551818164252,22,37.756
47,24,1.1548107318912424,23,37.756
47,25,1.1925662819660596,24,37.756
47,26,1.2303218320408769,25,37.756
47,27,1.268077382115694,26,37.756
47,28,1.3058329321905113,27,37.756
47,29,1.3435884822653286,28,37.756
47,30,1.3813440323401458,29,37.756
47,31,1.419099582414963,30,37.756
47,32,1.4568551324897803,31,37.756
47,33,1.4946106825645975,32,37.756
47,34,1.5323662326394147,33,37.756
47,35,1.570121782714232,34,37.756
47,36,1.6078773327890492,35,37.756
47,37,1.6456328828638664,36,37.756
47,38,1.6833884329386837,37,37.756
47,39,1.721143983013501,38,37.756
47,40,1.7588995330883181,39,37.756
47,41,1.7966550831631354,40,37.756
47,42,1.8344106332379526,41,37.756
47,43,1.8721661833127698,42,37.756
47,44,1.909921733387587,43,37.756
47,45,1.9476772834624043,44,37.756
47,46,1.9854328335372216,45,37.756
47,47,2.023188383612039,46,37.756
47,48,2.0609439336868562,47,37.756
47,49,2.0986994837616737,48,37.756
47,50,2.1366317189519872,49,37.932
47,51,2.1745639541423007,50,37.932
47,52,2.2124961893326143,51,37.932
47,53,2.250428424522928,52,37.932
47,54,2.2883606597132413,53,37.932
47,55,2.326292894903555,54,37.932
47,56,2.3642251300938684,55,37.932
47,57,2.402157365284182,56,37.932
47,58,2.4400896004744954,57,37.932
47,59,2.478021835664809,58,37.932
47,60,2.5159540708551225,59,37.932
47,61,2.553886306045436,60,37.932
47,62,2.5918185412357495,61,37.932
47,63,2.629750776426063,62,37.932
47,64,2.6676830116163766,63,37.932
47,65,2.70561524680669,64,37.932
47,66,2.7435474819970036,65,37.932
47,67,2.781479717187317,66,37.932
47,68,2.8194119523776306,67,37.932
47,69,2.857344187567944,68,37.932
47,70,2.8952764227582577,69,37.932
47,71,2.933208657948571,70,37.932
47,72,2.9711408931388847,71,37.932
47,73,3.0090731283291983,72,37.932
47,74,3.047005363519512,73,37.932
47,75,3.0849375987098253,74,37.932
47,76,3.122869833900139,75,37.932
47,77,3.1608020690904524,76,37.932
47,78,3.198734304280766,77,37.932
47,79,3.2366665394710794,78,37.932
47,80,3.274598774661393,79,37.932
47,81,3.3125310098517065,80,37.932
47,82,3.35046324504202,81,37.932
47,83,3.3883954802323335,82,37.932
47,84,3.426327715422647,83,37.932
47,85,3.4642599506129605,84,37.932
47,86,3.502192185803274,85,37.932
47,87,3.5401244209935876,86,37.932
47,88,3.578056656183901,87,37.932
47,89,3.6159888913742146,88,37.932
47,90,3.653921126564528,89,37.932
47,91,3.6918533617548417,90,37.932
47,92,3.729785596945155,91,37.932
47,93,3.7677178321354687,92,37.932
47,94,3.8056500673257823,93,37.932
47,95,3.843582302516096,94,37.932
47,96,3.8815145377064093,95,37.932
47,97,3.919446772896723,96,37.932
47,98,3.9573790080870364,97,37.932
47,99,3.99531124327735,98,37.932
47,100,4.033243478467663,99,37.932
47,101,4.071175713657977,100,37.932
47,102,4.109107948848291,101,37.932
47,103,4.147040184038605,102,37.932
47,104,4.184972419228919,103,37.932
47,105,4.222904654419233,104,37.932
47,106,4.260836889609547,105,37.932
47,107,4.298769124799861,106,37.932
47,108,4.336701359990175,107,37.932
47,109,4.374633595180489,108,37.932
47,110,4.412565830370803,109,37.932
47,111,4.450498065561117,110,37.932
47,112,4.488430300751431,111,37.932
47,113,4.526362535941745,112,37.932
47,114,4.5643505204403265,113,37.988
47,115,4.602338504938908,114,37.988
47,116,4.64032648943749,115,37.988
47,117,4.678314473936071,116,37.988
47,118,4.716302458434653,117,37.988
47,119,4.754290442933234,118,37.988
47,120,4.792278427431816,119,37.988
47,121,4.830266411930397,120,37.988
47,122,4.868254396428979,121,37.988
47,123,4.90624238092756,122,37.988
47,124,4.944230365426142,123,37.988
47,125,4.9822183499247235,124,37.988
47,126,5.020206334423305,125,37.988
47,127,5.0581943189218865,126,37.988
47,128,5.096182303420468,127,37.988
48,1,0.2864330801704442,0,286.433
48,2,0.3241886302452615,1,37.756
48,3,0.3619441803200788,2,37.756
48,4,0.3996997303948961,3,37.756
48,5,0.4374552804697134,4,37.756
48,6,0.47521083054453067,5,37.756
48,7,0.512966380619348,6,37.756
48,8,0.5507219306941653,7,37.756
48,9,0.5884774807689827,8,37.756
48,10,0.6262330308438,9,37.756
48,11,0.6639885809186173,10,37.756
48,12,0.7017441309934347,11,37.756
48,13,0.739499681068252,12,37.756
48,14,0.7772552311430694,13,37.756
48,15,0.8150107812178867,14,37.756
48,16,0.8527663312927041,15,37.756
48,17,0.8905218813675214,16,37.756
48,18,0.9282774314423388,17,37.756
48,19,0.9660329815171561,18,37.756
48,20,1.0037885315919735,19,37.756
48,21,1.0415440816667907,20,37.756
48,22,1.079299631741608,21,37.756
48,23,1.1170551818164252,22,37.756
48,24,1.1548107318912424,23,37.756
48,25,1.1925662819660596,24,37.756
48,26,1.2303218320408769,25,37.756
48,27,1.268077382115694,26,37.756
48,28,1.3058329321905113,27,37.756
48,29,1.3435884822653286,28,37.756
48,30,1.3813440323401458,29,37.756
48,31,1.419099582414963,30,37.756
48,32,1.4568551324897803,31,37.756
48,33,1.4946106825645975,32,37.756
48,34,1.5323662326394147,33,37.756
48,35,1.570121782714232,34,37.756
48,36,1.6078773327890492,35,37.756
48,37,1.6456328828638664,36,37.756
48,38,1.6833884329386837,37,37.756
48,39,1.721143983013501,38,37.756
48,40,1.7588995330883181,39,37.756
48,41,1.7966550831631354,40,37.756
48,42,1.8344106332379526,41,37.756
48,43,1.8721661833127698,42,37.756
48,44,1.909921733387587,43,37.756
48,45,1.9476772834624043,44,37.756
48,46,1.9854328335372216,45,37.756
48,47,2.023188383612039,46,37.756
48,48,2.0609439336868562,47,37.756
48,49,2.0986994837616737,48,37.756
48,50,2.1366317189519872,49,37.932
48,51,2.1745639541423007,50,37.932
48,52,2.2124961893326143,51,37.932
48,53,2.250428424522928,52,37.932
48,54,2.2883606597132413,53,37.932
48,55,2.326292894903555,54,37.932
48,56,2.3642251300938684,55,37.932
48,57,2.402157365284182,56,37.932
48,58,2.4400896004744954,57,37.932
48,59,2.478021835664809,58,37.932
48,60,2.5159540708551225,59,37.932
48,61,2.553886306045436,60,37.932
48,62,2.5918185412357495,61,37.932
48,63,2.629750776426063,62,37.932
48,64,2.6676830116163766,63,37.932
48,65,2.70561524680669,64,37.932
48,66,2.7435474819970036,65,37.932
48,67,2.781479717187317,66,37.932
48,68,2.8194119523776306,67,37.932
48,69,2.857344187567944,68,37.932
48,70,2.8952764227582577,69,37.932
48,71,2.933208657948571,70,37.932
48,72,2.9711408931388847,71,37.932
48,73,3.0090731283291983,72,37.932
48,74,3.047005363519512,73,37.932
48,75,3.0849375987098253,74,37.932
48,76,3.122869833900139,75,37.932
48,77,3.1608020690904524,76,37.932
48,78,3.198734304280766,77,37.932
48,79,3.2366665394710794,78,37.932
48,80,3.274598774661393,79,37.932
48,81,3.3125310098517065,80,37.932
48,82,3.35046324504202,81,37.932
48,83,3.3883954802323335,82,37.932
48,84,3.426327715422647,83,37.932
48,85,3.4642599506129605,84,37.932
48,86,3.502192185803274,85,37.932
48,87,3.5401244209935876,86,37.932
48,88,3.578056656183901,87,37.932
48,89,3.6159888913742146,88,37.932
48,90,3.653921126564528,89,37.932
48,91,3.6918533617548417,90,37.932
48,92,3.729785596945155,91,37.932
48,93,3.7677178321354687,92,37.932
48,94,3.8056500673257823,93,37.932
48,95,3.843582302516096,94,37.932
48,96,3.8815145377064093,95,37.932
48,97,3.919446772896723,96,37.932
48,98,3.9573790080870364,97,37.932
48,99,3.99531124327735,98,37.932
48,100,4.033243478467663,99,37.932
48,101,4.071175713657977,100,37.932
48,102,4.109107948848291,101,37.932
48,103,4.147040184038605,102,37.932
48,104,4.184972419228919,103,37.932
48,105,4.222904654419233,104,37.932
48,106,4.260836889609547,105,37.932
48,107,4.298769124799861,106,37.932
48,108,4.336701359990175,107,37.932
48,109,4.374633595180489,108,37.932
48,110,4.412565830370803,109,37.932
48,111,4.450498065561117,110,37.932
48,112,4.488430300751431,111,37.932
48,113,4.526362535941745,112,37.932
48,114,4.5643505204403265,113,37.988
48,115,4.602338504938908,114,37.988
48,116,4.64032648943749,115,37.988
48,117,4.678314473936071,116,37.988
48,118,4.716302458434653,117,37.988
48,119,4.754290442933234,118,37.988
48,120,4.792278427431816,119,37.988
48,121,4.830266411930397,120,37.988
48,122,4.868254396428979,121,37.988
48,123,4.90624238092756,122,37.988
48,124,4.944230365426142,123,37.988
48,125,4.9822183499247235,124,37.988
48,126,5.020206334423305,125,37.988
48,127,5.0581943189218865,126,37.988
48,128,5.096182303420468,127,37.988
49,1,0.2864330801704442,0,286.433
49,2,0.3241886302452615,1,37.756
49,3,0.3619441803200788,2,37.756
49,4,0.3996997303948961,3,37.756
49,5,0.4374552804697134,4,37.756
49,6,0.47521083054453067,5,37.756
49,7,0.512966380619348,6,37.756
49,8,0.5507219306941653,7,37.756
49,9,0.5884774807689827,8,37.756
49,10,0.6262330308438,9,37.756
49,11,0.6639885809186173,10,37.756
49,12,0.7017441309934347,11,37.756
49,13,0.739499681068252,12,37.756
49,14,0.7772552311430694,13,37.756
49,15,0.8150107812178867,14,37.756
49,16,0.8527663312927041,15,37.756
49,17,0.8905218813675214,16,37.756
49,18,0.9282774314423388,17,37.756
49,19,0.9660329815171561,18,37.756
49,20,1.0037885315919735,19,37.756
49,21,1.0415440816667907,20,37.756
49,22,1.079299631741608,21,37.756
49,23,1.1170551818164252,22,37.756
49,24,1.1548107318912424,23,37.756
49,25,1.1925662819660596,24,37.756
49,26,1.2303218320408769,25,37.756
49,27,1.268077382115694,26,37.756
49,28,1.3058329321905113,27,37.756
49,29,1.3435884822653286,28,37.756
49,30,1.3813440323401458,29,37.756
49,31,1.419099582414963,30,37.756
49,32,1.4568551324897803,31,37.756
49,33,1.4946106825645975,32,37.756
49,34,1.5323662326394147,33,37.756
49,35,1.570121782714232,34,37.756
49,36,1.6078773327890492,35,37.756
49,37,1.6456328828638664,36,37.756
49,38,1.6833884329386837,37,37.756
49,39,1.721143983013501,38,37.756
49,40,1.7588995330883181,39,37.756
49,41,1.7966550831631354,40,37.756
49,42,1.8344106332379526,41,37.756
49,43,1.8721661833127698,42,37.756
49,44,1.909921733387587,43,37.756
49,45,1.9476772834624043,44,37.756
49,46,1.9854328335372216,45,37.756
49,47,2.023188383612039,46,37.756
49,48,2.0609439336868562,47,37.756
49,49,2.0986994837616737,48,37.756
49,50,2.1366317189519872,49,37.932
49,51,2.1745639541423007,50,37.932
49,52,2.2124961893326143,51,37.932
49,53,2.250428424522928,52,37.932
49,54,2.2883606597132413,53,37.932
49,55,2.326292894903555,54,37.932
49,56,2.3642251300938684,55,37.932
49,57,2.402157365284182,56,37.932
49,58,2.4400896004744954,57,37.932
49,59,2.478021835664809,58,37.932
49,60,2.5159540708551225,59,37.932
49,61,2.553886306045436,60,37.932
49,62,2.5918185412357495,61,37.932
49,63,2.629750776426063,62,37.932
49,64,2.6676830116163766,63,37.932
49,65,2.70561524680669,64,37.932
49,66,2.7435474819970036,65,37.932
49,67,2.781479717187317,66,37.932
49,68,2.8194119523776306,67,37.932
49,69,2.857344187567944,68,37.932
49,70,2.8952764227582577,69,37.932
49,71,2.933208657948571,70,37.932
49,72,2.9711408931388847,71,37.932
49,73,3.0090731283291983,72,37.932
49,74,3.047005363519512,73,37.932
49,75,3.0849375987098253,74,37.932
49,76,3.122869833900139,75,37.932
49,77,3.1608020690904524,76,37.932
49,78,3.198734304280766,77,37.932
49,79,3.2366665394710794,78,37.932
49,80,3.274598774661393,79,37.932
49,81,3.3125310098517065,80,37.932
49,82,3.35046324504202,81,37.932
49,83,3.3883954802323335,82,37.932
49,84,3.426327715422647,83,37.932
49,85,3.4642599506129605,84,37.932
49,86,3.502192185803274,85,37.932
49,87,3.5401244209935876,86,37.932
49,88,3.578056656183901,87,37.932
49,89,3.6159888913742146,88,37.932
49,90,3.653921126564528,89,37.932
49,91,3.6918533617548417,90,37.932
49,92,3.729785596945155,91,37.932
49,93,3.7677178321354687,92,37.932
49,94,3.8056500673257823,93,37.932
49,95,3.843582302516096,94,37.932
49,96,3.8815145377064093,95,37.932
49,97,3.919446772896723,96,37.932
49,98,3.9573790080870364,97,37.932
49,99,3.99531124327735,98,37.932
49,100,4.033243478467663,99,37.932
49,101,4.071175713657977,100,37.932
49,102,4.109107948848291,101,37.932
49,103,4.147040184038605,102,37.932
49,104,4.184972419228919,103,37.932
49,105,4.222904654419233,104,37.932
49,106,4.260836889609547,105,37.932
49,107,4.298769124799861,106,37.932
49,108,4.336701359990175,107,37.932
49,109,4.374633595180489,108,37.932
49,110,4.412565830370803,109,37.932
49,111,4.450498065561117,110,37.932
49,112,4.488430300751431,111,37.932
49,113,4.526362535941745,112,37.932
49,114,4.5643505204403265,113,37.988
49,115,4.602338504938908,114,37.988
49,116,4.64032648943749,115,37.988
49,117,4.678314473936071,116,37.988
49,118,4.716302458434653,117,37.988
49,119,4.754290442933234,118,37.988
49,120,4.792278427431816,119,37.988
49,121,4.830266411930397,120,37.988
49,122,4.868254396428979,121,37.988
49,123,4.90624238092756,122,37.988
49,124,4.944230365426142,123,37.988
49,125,4.9822183499247235,124,37.988
49,126,5.020206334423305,125,37.988
49,127,5.0581943189218865,126,37.988
49,128,5.096182303420468,127,37.988
50,1,0.2864330801704442,0,286.433
50,2,0.3241886302452615,1,37.756
50,3,0.3619441803200788,2,37.756
50,4,0.3996997303948961,3,37.756
50,5,0.4374552804697134,4,37.756
50,6,0.47521083054453067,5,37.756
50,7,0.512966380619348,6,37.756
50,8,0.5507219306941653,7,37.756
50,9,0.5884774807689827,8,37.756
50,10,0.6262330308438,9,37.756
50,11,0.6639885809186173,10,37.756
50,12,0.7017441309934347,11,37.756
50,13,0.739499681068252,12,37.756
50,14,0.7772552311430694,13,37.756
50,15,0.8150107812178867,14,37.756
50,16,0.8527663312927041,15,37.756
50,17,0.8905218813675214,16,37.756
50,18,0.9282774314423388,17,37.756
50,19,0.9660329815171561,18,37.756
50,20,1.0037885315919735,19,37.756
50,21,1.0415440816667907,20,37.756
50,22,1.079299631741608,21,37.756
50,23,1.1170551818164252,22,37.756
50,24,1.1548107318912424,23,37.756
50,25,1.1925662819660596,24,37.756
50,26,1.2303218320408769,25,37.756
50,27,1.268077382115694,26,37.756
50,28,1.3058329321905113,27,37.756
50,29,1.3435884822653286,28,37.756
50,30,1.3813440323401458,29,37.756
50,31,1.419099582414963,30,37.756
50,32,1.4568551324897803,31,37.756
50,33,1.4946106825645975,32,37.756
50,34,1.5323662326394147,33,37.756
50,35,1.570121782714232,34,37.756
50,36,1.6078773327890492,35,37.756
50,37,1.6456328828638664,36,37.756
50,38,1.6833884329386837,37,37.756
50,39,1.721143983013501,38,37.756
50,40,1.7588995330883181,39,37.756
50,41,1.7966550831631354,40,37.756
50,42,1.8344106332379526,41,37.756
50,43,1.8721661833127698,42,37.756
50,44,1.909921733387587,43,37.756
50,45,1.9476772834624043,44,37.756
50,46,1.9854328335372216,45,37.756
50,47,2.023188383612039,46,37.756
50,48,2.0609439336868562,47,37.756
50,49,2.0986994837616737,48,37.756
50,50,2.1366317189519872,49,37.932
50,51,2.1745639541423007,50,37.932
50,52,2.2124961893326143,51,37.932
50,53,2.250428424522928,52,37.932
50,54,2.2883606597132413,53,37.932
50,55,2.326292894903555,54,37.932
50,56,2.3642251300938684,55,37.932
50,57,2.402157365284182,56,37.932
50,58,2.4400896004744954,57,37.932
50,59,2.478021835664809,58,37.932
50,60,2.5159540708551225,59,37.932
50,61,2.553886306045436,60,37.932
50,62,2.5918185412357495,61,37.932
50,63,2.629750776426063,62,37.932
50,64,2.6676830116163766,63,37.932
50,65,2.70561524680669,64,37.932
50,66,2.7435474819970036,65,37.932
50,67,2.781479717187317,66,37.932
50,68,2.8194119523776306,67,37.932
50,69,2.857344187567944,68,37.932
50,70,2.8952764227582577,69,37.932
50,71,2.933208657948571,70,37.932
50,72,2.9711408931388847,71,37.932
50,73,3.0090731283291983,72,37.932
50,74,3.047005363519512,73,37.932
50,75,3.0849375987098253,74,37.932
50,76,3.122869833900139,75,37.932
50,77,3.1608020690904524,76,37.932
50,78,3.198734304280766,77,37.932
50,79,3.2366665394710794,78,37.932
50,80,3.274598774661393,79,37.932
50,81,3.3125310098517065,80,37.932
50,82,3.35046324504202,81,37.932
50,83,3.3883954802323335,82,37.932
50,84,3.426327715422647,83,37.932
50,85,3.4642599506129605,84,37.932
50,86,3.502192185803274,85,37.932
50,87,3.5401244209935876,86,37.932
50,88,3.578056656183901,87,37.932
50,89,3.6159888913742146,88,37.932
50,90,3.653921126564528,89,37.932
50,91,3.6918533617548417,90,37.932
50,92,3.729785596945155,91,37.932
50,93,3.7677178321354687,92,37.932
50,94,3.8056500673257823,93,37.932
50,95,3.843582302516096,94,37.932
50,96,3.8815145377064093,95,37.932
50,97,3.919446772896723,96,37.932
50,98,3.9573790080870364,97,37.932
50,99,3.99531124327735,98,37.932
50,100,4.033243478467663,99,37.932
50,101,4.071175713657977,100,37.932
50,102,4.109107948848291,101,37.932
50,103,4.147040184038605,102,37.932
50,104,4.184972419228919,103,37.932
50,105,4.222904654419233,104,37.932
50,106,4.260836889609547,105,37.932
50,107,4.298769124799861,106,37.932
50,108,4.336701359990175,107,37.932
50,109,4.374633595180489,108,37.932
50,110,4.412565830370803,109,37.932
50,111,4.450498065561117,110,37.932
50,112,4.488430300751431,111,37.932
50,113,4.526362535941745,112,37.932
50,114,4.5643505204403265,113,37.988
50,115,4.602338504938908,114,37.988
50,116,4.64032648943749,115,37.988
50,117,4.678314473936071,116,37.988
50,118,4.716302458434653,117,37.988
50,119,4.754290442933234,118,37.988
50,120,4.792278427431816,119,37.988
50,121,4.830266411930397,120,37.988
50,122,4.868254396428979,121,37.988
50,123,4.90624238092756,122,37.988
50,124,4.944230365426142,123,37.988
50,125,4.9822183499247235,124,37.988
50,126,5.020206334423305,125,37.988
50,127,5.0581943189218865,126,37.988
50,128,5.096182303420468,127,37.988
51,1,0.2864330801704442,0,286.433
51,2,0.3241886302452615,1,37.756
51,3,0.3619441803200788,2,37.756
51,4,0.3996997303948961,3,37.756
51,5,0.4374552804697134,4,37.756
51,6,0.47521083054453067,5,37.756
51,7,0.512966380619348,6,37.756
51,8,0.5507219306941653,7,37.756
51,9,0.5884774807689827,8,37.756
51,10,0.6262330308438,9,37.756
51,11,0.6639885809186173,10,37.756
51,12,0.7017441309934347,11,37.756
51,13,0.739499681068252,12,37.756
51,14,0.7772552311430694,13,37.756
51,15,0.8150107812178867,14,37.756
51,16,0.8527663312927041,15,37.756
51,17,0.8905218813675214,16,37.756
51,18,0.9282774314423388,17,37.756
51,19,0.9660329815171561,18,37.756
51,20,1.0037885315919735,19,37.756
51,21,1.0415440816667907,20,37.756
51,22,1.079299631741608,21,37.756
51,23,1.1170551818164252,22,37.756
51,24,1.1548107318912424,23,37.756
51,25,1.1925662819660596,24,37.756
51,26,1.2303218320408769,25,37.756
51,27,1.268077382115694,26,37.756
51,28,1.3058329321905113,27,37.756
51,29,1.3435884822653286,28,37.756
51,30,1.3813440323401458,29,37.756
51,31,1.419099582414963,30,37.756
51,32,1.4568551324897803,31,37.756
51,33,1.4946106825645975,32,37.756
51,34,1.5323662326394147,33,37.756
51,35,1.570121782714232,34,37.756
51,36,1.6078773327890492,35,37.756
51,37,1.6456328828638664,36,37.756
51,38,1.6833884329386837,37,37.756
51,39,1.721143983013501,38,37.756
51,40,1.7588995330883181,39,37.756
51,41,1.7966550831631354,40,37.756
51,42,1.8344106332379526,41,37.756
51,43,1.8721661833127698,42,37.756
51,44,1.909921733387587,43,37.756
51,45,1.9476772834624043,44,37.756
51,46,1.9854328335372216,45,37.756
51,47,2.023188383612039,46,37.756
51,48,2.0609439336868562,47,37.756
51,49,2.0986994837616737,48,37.756
51,50,2.1366317189519872,49,37.932
51,51,2.1745639541423007,50,37.932
51,52,2.2124961893326143,51,37.932
51,53,2.250428424522928,52,37.932
51,54,2.2883606597132413,53,37.932
51,55,2.326292894903555,54,37.932
51,56,2.3642251300938684,55,37.932
51,57,2.402157365284182,56,37.932
51,58,2.4400896004744954,57,37.932
51,59,2.478021835664809,58,37.932
51,60,2.5159540708551225,59,37.932
51,61,2.553886306045436,60,37.932
51,62,2.5918185412357495,61,37.932
51,63,2.629750776426063,62,37.932
51,64,2.6676830116163766,63,37.932
51,65,2.70561524680669,64,37.932
51,66,2.7435474819970036,65,37.932
51,67,2.781479717187317,66,37.932
51,68,2.8194119523776306,67,37.932
51,69,2.857344187567944,68,37.932
51,70,2.8952764227582577,69,37.932
51,71,2.933208657948571,70,37.932
51,72,2.9711408931388847,71,37.932
51,73,3.0090731283291983,72,37.932
51,74,3.047005363519512,73,37.932
51,75,3.0849375987098253,74,37.932
51,76,3.122869833900139,75,37.932
51,77,3.1608020690904524,76,37.932
51,78,3.198734304280766,77,37.932
51,79,3.2366665394710794,78,37.932
51,80,3.274598774661393,79,37.932
51,81,3.3125310098517065,80,37.932
51,82,3.35046324504202,81,37.932
51,83,3.3883954802323335,82,37.932
51,84,3.426327715422647,83,37.932
51,85,3.4642599506129605,84,37.932
51,86,3.502192185803274,85,37.932
51,87,3.5401244209935876,86,37.932
51,88,3.578056656183901,87,37.932
51,89,3.6159888913742146,88,37.932
51,90,3.653921126564528,89,37.932
51,91,3.6918533617548417,90,37.932
51,92,3.729785596945155,91,37.932
51,93,3.7677178321354687,92,37.932
51,94,3.8056500673257823,93,37.932
51,95,3.843582302516096,94,37.932
51,96,3.8815145377064093,95,37.932
51,97,3.919446772896723,96,37.932
51,98,3.9573790080870364,97,37.932
51,99,3.99531124327735,98,37.932
51,100,4.033243478467663,99,37.932
51,101,4.071175713657977,100,37.932
51,102,4.109107948848291,101,37.932
51,103,4.147040184038605,102,37.932
51,104,4.184972419228919,103,37.932
51,105,4.222904654419233,104,37.932
51,106,4.260836889609547,105,37.932
51,107,4.298769124799861,106,37.932
51,108,4.336701359990175,107,37.932
51,109,4.374633595180489,108,37.932
51,110,4.412565830370803,109,37.932
51,111,4.450498065561117,110,37.932
51,112,4.488430300751431,111,37.932
51,113,4.526362535941745,112,37.932
51,114,4.5643505204403265,113,37.988
51,115,4.602338504938908,114,37.988
51,116,4.64032648943749,115,37.988
51,117,4.678314473936071,116,37.988
51,118,4.716302458434653,117,37.988
51,119,4.754290442933234,118,37.988
51,120,4.792278427431816,119,37.988
51,121,4.830266411930397,120,37.988
51,122,4.868254396428979,121,37.988
51,123,4.90624238092756,122,37.988
51,124,4.944230365426142,123,37.988
51,125,4.9822183499247235,124,37.988
51,126,5.020206334423305,125,37.988
51,127,5.0581943189218865,126,37.988
51,128,5.096182303420468,127,37.988
52,1,0.2864330801704442,0,286.433
52,2,0.3241886302452615,1,37.756
52,3,0.3619441803200788,2,37.756
52,4,0.3996997303948961,3,37.756
52,5,0.4374552804697134,4,37.756
52,6,0.47521083054453067,5,37.756
52,7,0.512966380619348,6,37.756
52,8,0.5507219306941653,7,37.756
52,9,0.5884774807689827,8,37.756
52,10,0.6262330308438,9,37.756
52,11,0.6639885809186173,10,37.756
52,12,0.7017441309934347,11,37.756
52,13,0.739499681068252,12,37.756
52,14,0.7772552311430694,13,37.756
52,15,0.8150107812178867,14,37.756
52,16,0.8527663312927041,15,37.756
52,17,0.8905218813675214,16,37.756
52,18,0.9282774314423388,17,37.756
52,19,0.9660329815171561,18,37.756
52,20,1.0037885315919735,19,37.756
52,21,1.0415440816667907,20,37.756
52,22,1.079299631741608,21,37.756
52,23,1.1170551818164252,22,37.756
52,24,1.1548107318912424,23,37.756
52,25,1.1925662819660596,24,37.756
52,26,1.2303218320408769,25,37.756
52,27,1.268077382115694,26,37.756
52,28,1.3058329321905113,27,37.756
52,29,1.3435884822653286,28,37.756
52,30,1.3813440323401458,29,37.756
52,31,1.419099582414963,30,37.756
52,32,1.4568551324897803,31,37.756
52,33,1.4946106825645975,32,37.756
52,34,1.5323662326394147,33,37.756
52,35,1.570121782714232,34,37.756
52,36,1.6078773327890492,35,37.756
52,37,1.6456328828638664,36,37.756
52,38,1.6833884329386837,37,37.756
52,39,1.721143983013501,38,37.756
52,40,1.7588995330883181,39,37.756
52,41,1.7966550831631354,40,37.756
52,42,1.8344106332379526,41,37.756
52,43,1.8721661833127698,42,37.756
52,44,1.909921733387587,43,37.756
52,45,1.9476772834624043,44,37.756
52,46,1.9854328335372216,45,37.756
52,47,2.023188383612039,46,37.756
52,48,2.0609439336868562,47,37.756
52,49,2.0986994837616737,48,37.756
52,50,2.1366317189519872,49,37.932
52,51,2.1745639541423007,50,37.932
52,52,2.2124961893326143,51,37.932
52,53,2.250428424522928,52,37.932
52,54,2.2883606597132413,53,37.932
52,55,2.326292894903555,54,37.932
52,56,2.3642251300938684,55,37.932
52,57,2.402157365284182,56,37.932
52,58,2.4400896004744954,57,37.932
52,59,2.478021835664809,58,37.932
52,60,2.5159540708551225,59,37.932
52,61,2.553886306045436,60,37.932
52,62,2.5918185412357495,61,37.932
52,63,2.629750776426063,62,37.932
52,64,2.6676830116163766,63,37.932
52,65,2.70561524680669,64,37.932
52,66,2.7435474819970036,65,37.932
52,67,2.781479717187317,66,37.932
52,68,2.8194119523776306,67,37.932
52,69,2.857344187567944,68,37.932
52,70,2.8952764227582577,69,37.932
52,71,2.933208657948571,70,37.932
52,72,2.9711408931388847,71,37.932
52,73,3.0090731283291983,72,37.932
52,74,3.047005363519512,73,37.932
52,75,3.0849375987098253,74,37.932
52,76,3.122869833900139,75,37.932
52,77,3.1608020690904524,76,37.932
52,78,3.198734304280766,77,37.932
52,79,3.2366665394710794,78,37.932
52,80,3.274598774661393,79,37.932
52,81,3.3125310098517065,80,37.932
52,82,3.35046324504202,81,37.932
52,83,3.3883954802323335,82,37.932
52,84,3.426327715422647,83,37.932
52,85,3.4642599506129605,84,37.932
52,86,3.502192185803274,85,37.932
52,87,3.5401244209935876,86,37.932
52,88,3.578056656183901,87,37.932
52,89,3.6159888913742146,88,37.932
52,90,3.653921126564528,89,37.932
52,91,3.6918533617548417,90,37.932
52,92,3.729785596945155,91,37.932
52,93,3.7677178321354687,92,37.932
52,94,3.8056500673257823,93,37.932
52,95,3.843582302516096,94,37.932
52,96,3.8815145377064093,95,37.932
52,97,3.919446772896723,96,37.932
52,98,3.9573790080870364,97,37.932
52,99,3.99531124327735,98,37.932
52,100,4.033243478467663,99,37.932
52,101,4.071175713657977,100,37.932
52,102,4.109107948848291,101,37.932
52,103,4.147040184038605,102,37.932
52,104,4.184972419228919,103,37.932
52,105,4.222904654419233,104,37.932
52,106,4.260836889609547,105,37.932
52,107,4.298769124799861,106,37.932
52,108,4.336701359990175,107,37.932
52,109,4.374633595180489,108,37.932
52,110,4.412565830370803,109,37.932
52,111,4.450498065561117,110,37.932
52,112,4.488430300751431,111,37.932
52,113,4.526362535941745,112,37.932
52,114,4.5643505204403265,113,37.988
52,115,4.602338504938908,114,37.988
52,116,4.64032648943749,115,37.988
52,117,4.678314473936071,116,37.988
52,118,4.716302458434653,117,37.988
52,119,4.754290442933234,118,37.988
52,120,4.792278427431816,119,37.988
52,121,4.830266411930397,120,37.988
52,122,4.868254396428979,121,37.988
52,123,4.90624238092756,122,37.988
52,124,4.944230365426142,123,37.988
52,125,4.9822183499247235,124,37.988
52,126,5.020206334423305,125,37.988
52,127,5.0581943189218865,126,37.988
52,128,5.096182303420468,127,37.988
53,1,0.2864330801704442,0,286.433
53,2,0.3241886302452615,1,37.756
53,3,0.3619441803200788,2,37.756
53,4,0.3996997303948961,3,37.756
53,5,0.4374552804697134,4,37.756
53,6,0.47521083054453067,5,37.756
53,7,0.512966380619348,6,37.756
53,8,0.5507219306941653,7,37.756
53,9,0.5884774807689827,8,37.756
53,10,0.6262330308438,9,37.756
53,11,0.6639885809186173,10,37.756
53,12,0.7017441309934347,11,37.756
53,13,0.739499681068252,12,37.756
53,14,0.7772552311430694,13,37.756
53,15,0.8150107812178867,14,37.756
53,16,0.8527663312927041,15,37.756
53,17,0.8905218813675214,16,37.756
53,18,0.9282774314423388,17,37.756
53,19,0.9660329815171561,18,37.756
53,20,1.0037885315919735,19,37.756
53,21,1.0415440816667907,20,37.756
53,22,1.079299631741608,21,37.756
53,23,1.1170551818164252,22,37.756
53,24,1.1548107318912424,23,37.756
53,25,1.1925662819660596,24,37.756
53,26,1.2303218320408769,25,37.756
53,27,1.268077382115694,26,37.756
53,28,1.3058329321905113,27,37.756
53,29,1.3435884822653286,28,37.756
53,30,1.3813440323401458,29,37.756
53,31,1.419099582414963,30,37.756
53,32,1.4568551324897803,31,37.756
53,33,1.4946106825645975,32,37.756
53,34,1.5323662326394147,33,37.756
53,35,1.570121782714232,34,37.756
53,36,1.6078773327890492,35,37.756
53,37,1.6456328828638664,36,37.756
53,38,1.6833884329386837,37,37.756
53,39,1.721143983013501,38,37.756
53,40,1.7588995330883181,39,37.756
53,41,1.7966550831631354,40,37.756
53,42,1.8344106332379526,41,37.756
53,43,1.8721661833127698,42,37.756
53,44,1.909921733387587,43,37.756
53,45,1.9476772834624043,44,37.756
53,46,1.9854328335372216,45,37.756
53,47,2.023188383612039,46,37.756
53,48,2.0609439336868562,47,37.756
53,49,2.0986994837616737,48,37.756
53,50,2.1366317189519872,49,37.932
53,51,2.1745639541423007,50,37.932
53,52,2.2124961893326143,51,37.932
53,53,2.250428424522928,52,37.932
53,54,2.2883606597132413,53,37.932
53,55,2.326292894903555,54,37.932
53,56,2.3642251300938684,55,37.932
53,57,2.402157365284182,56,37.932
53,58,2.4400896004744954,57,37.932
53,59,2.478021835664809,58,37.932
53,60,2.5159540708551225,59,37.932
53,61,2.553886306045436,60,37.932
53,62,2.5918185412357495,61,37.932
53,63,2.629750776426063,62,37.932
53,64,2.6676830116163766,63,37.932
53,65,2.70561524680669,64,37.932
53,66,2.7435474819970036,65,37.932
53,67,2.781479717187317,66,37.932
53,68,2.8194119523776306,67,37.932
53,69,2.857344187567944,68,37.932
53,70,2.8952764227582577,69,37.932
53,71,2.933208657948571,70,37.932
53,72,2.9711408931388847,71,37.932
53,73,3.0090731283291983,72,37.932
53,74,3.047005363519512,73,37.932
53,75,3.0849375987098253,74,37.932
53,76,3.122869833900139,75,37.932
53,77,3.1608020690904524,76,37.932
53,78,3.198734304280766,77,37.932
53,79,3.2366665394710794,78,37.932
53,80,3.274598774661393,79,37.932
53,81,3.3125310098517065,80,37.932
53,82,3.35046324504202,81,37.932
53,83,3.3883954802323335,82,37.932
53,84,3.426327715422647,83,37.932
53,85,3.4642599506129605,84,37.932
53,86,3.502192185803274,85,37.932
53,87,3.5401244209935876,86,37.932
53,88,3.578056656183901,87,37.932
53,89,3.6159888913742146,88,37.932
53,90,3.653921126564528,89,37.932
53,91,3.6918533617548417,90,37.932
53,92,3.729785596945155,91,37.932
53,93,3.7677178321354687,92,37.932
53,94,3.8056500673257823,93,37.932
53,95,3.843582302516096,94,37.932
53,96,3.8815145377064093,95,37.932
53,97,3.919446772896723,96,37.932
53,98,3.9573790080870364,97,37.932
53,99,3.99531124327735,98,37.932
53,100,4.033243478467663,99,37.932
53,101,4.071175713657977,100,37.932
53,102,4.109107948848291,101,37.932
53,103,4.147040184038605,102,37.932
53,104,4.184972419228919,103,37.932
53,105,4.222904654419233,104,37.932
53,106,4.260836889609547,105,37.932
53,107,4.298769124799861,106,37.932
53,108,4.336701359990175,107,37.932
53,109,4.374633595180489,108,37.932
53,110,4.412565830370803,109,37.932
53,111,4.450498065561117,110,37.932
53,112,4.488430300751431,111,37.932
53,113,4.526362535941745,112,37.932
53,114,4.5643505204403265,113,37.988
53,115,4.602338504938908,114,37.988
53,116,4.64032648943749,115,37.988
53,117,4.678314473936071,116,37.988
53,118,4.716302458434653,117,37.988
53,119,4.754290442933234,118,37.988
53,120,4.792278427431816,119,37.988
53,121,4.830266411930397,120,37.988
53,122,4.868254396428979,121,37.988
53,123,4.90624238092756,122,37.988
53,124,4.944230365426142,123,37.988
53,125,4.9822183499247235,124,37.988
53,126,5.020206334423305,125,37.988
53,127,5.0581943189218865,126,37.988
53,128,5.096182303420468,127,37.988
54,1,0.2864330801704442,0,286.433
54,2,0.3241886302452615,1,37.756
54,3,0.3619441803200788,2,37.756
54,4,0.3996997303948961,3,37.756
54,5,0.4374552804697134,4,37.756
54,6,0.47521083054453067,5,37.756
54,7,0.512966380619348,6,37.756
54,8,0.5507219306941653,7,37.756
54,9,0.5884774807689827,8,37.756
54,10,0.6262330308438,9,37.756
54,11,0.6639885809186173,10,37.756
54,12,0.7017441309934347,11,37.756
54,13,0.739499681068252,12,37.756
54,14,0.7772552311430694,13,37.756
54,15,0.8150107812178867,14,37.756
54,16,0.8527663312927041,15,37.756
54,17,0.8905218813675214,16,37.756
54,18,0.9282774314423388,17,37.756
54,19,0.9660329815171561,18,37.756
54,20,1.0037885315919735,19,37.756
54,21,1.0415440816667907,20,37.756
54,22,1.079299631741608,21,37.756
54,23,1.1170551818164252,22,37.756
54,24,1.1548107318912424,23,37.756
54,25,1.1925662819660596,24,37.756
54,26,1.2303218320408769,25,37.756
54,27,1.268077382115694,26,37.756
54,28,1.3058329321905113,27,37.756
54,29,1.3435884822653286,28,37.756
54,30,1.3813440323401458,29,37.756
54,31,1.419099582414963,30,37.756
54,32,1.4568551324897803,31,37.756
54,33,1.4946106825645975,32,37.756
54,34,1.5323662326394147,33,37.756
54,35,1.570121782714232,34,37.756
54,36,1.6078773327890492,35,37.756
54,37,1.6456328828638664,36,37.756
54,38,1.6833884329386837,37,37.756
54,39,1.721143983013501,38,37.756
54,40,1.7588995330883181,39,37.756
54,41,1.7966550831631354,40,37.756
54,42,1.8344106332379526,41,37.756
54,43,1.8721661833127698,42,37.756
54,44,1.909921733387587,43,37.756
54,45,1.9476772834624043,44,37.756
54,46,1.9854328335372216,45,37.756
54,47,2.023188383612039,46,37.756
54,48,2.0609439336868562,47,37.756
54,49,2.0986994837616737,48,37.756
54,50,2.1366317189519872,49,37.932
54,51,2.1745639541423007,50,37.932
54,52,2.2124961893326143,51,37.932
54,53,2.250428424522928,52,37.932
54,54,2.2883606597132413,53,37.932
54,55,2.326292894903555,54,37.932
54,56,2.3642251300938684,55,37.932
54,57,2.402157365284182,56,37.932
54,58,2.4400896004744954,57,37.932
54,59,2.478021835664809,58,37.932
54,60,2.5159540708551225,59,37.932
54,61,2.553886306045436,60,37.932
54,62,2.5918185412357495,61,37.932
54,63,2.629750776426063,62,37.932
54,64,2.6676830116163766,63,37.932
54,65,2.70561524680669,64,37.932
54,66,2.7435474819970036,65,37.932
54,67,2.781479717187317,66,37.932
54,68,2.8194119523776306,67,37.932
54,69,2.857344187567944,68,37.932
54,70,2.8952764227582577,69,37.932
54,71,2.933208657948571,70,37.932
54,72,2.9711408931388847,71,37.932
54,73,3.0090731283291983,72,37.932
54,74,3.047005363519512,73,37.932
54,75,3.0849375987098253,74,37.932
54,76,3.122869833900139,75,37.932
54,77,3.1608020690904524,76,37.932
54,78,3.198734304280766,77,37.932
54,79,3.2366665394710794,78,37.932
54,80,3.274598774661393,79,37.932
54,81,3.3125310098517065,80,37.932
54,82,3.35046324504202,81,37.932
54,83,3.3883954802323335,82,37.932
54,84,3.426327715422647,83,37.932
54,85,3.4642599506129605,84,37.932
54,86,3.502192185803274,85,37.932
54,87,3.5401244209935876,86,37.932
54,88,3.578056656183901,87,37.932
54,89,3.6159888913742146,88,37.932
54,90,3.653921126564528,89,37.932
54,91,3.6918533617548417,90,37.932
54,92,3.729785596945155,91,37.932
54,93,3.7677178321354687,92,37.932
54,94,3.8056500673257823,93,37.932
54,95,3.843582302516096,94,37.932
54,96,3.8815145377064093,95,37.932
54,97,3.919446772896723,96,37.932
54,98,3.9573790080870364,97,37.932
54,99,3.99531124327735,98,37.932
54,100,4.033243478467663,99,37.932
54,101,4.071175713657977,100,37.932
54,102,4.109107948848291,101,37.932
54,103,4.147040184038605,102,37.932
54,104,4.184972419228919,103,37.932
54,105,4.222904654419233,104,37.932
54,106,4.260836889609547,105,37.932
54,107,4.298769124799861,106,37.932
54,108,4.336701359990175,107,37.932
54,109,4.374633595180489,108,37.932
54,110,4.412565830370803,109,37.932
54,111,4.450498065561117,110,37.932
54,112,4.488430300751431,111,37.932
54,113,4.526362535941745,112,37.932
54,114,4.5643505204403265,113,37.988
54,115,4.602338504938908,114,37.988
54,116,4.64032648943749,115,37.988
54,117,4.678314473936071,116,37.988
54,118,4.716302458434653,117,37.988
54,119,4.754290442933234,118,37.988
54,120,4.792278427431816,119,37.988
54,121,4.830266411930397,120,37.988
54,122,4.868254396428979,121,37.988
54,123,4.90624238092756,122,37.988
54,124,4.944230365426142,123,37.988
54,125,4.9822183499247235,124,37.988
54,126,5.020206334423305,125,37.988
54,127,5.0581943189218865,126,37.988
54,128,5.096182303420468,127,37.988
55,1,0.2864330801704442,0,286.433
55,2,0.3241886302452615,1,37.756
55,3,0.3619441803200788,2,37.756
55,4,0.3996997303948961,3,37.756
55,5,0.4374552804697134,4,37.756
55,6,0.47521083054453067,5,37.756
55,7,0.512966380619348,6,37.756
55,8,0.5507219306941653,7,37.756
55,9,0.5884774807689827,8,37.756
55,10,0.6262330308438,9,37.756
55,11,0.6639885809186173,10,37.756
55,12,0.7017441309934347,11,37.756
55,13,0.739499681068252,12,37.756
55,14,0.7772552311430694,13,37.756
55,15,0.8150107812178867,14,37.756
55,16,0.8527663312927041,15,37.756
55,17,0.8905218813675214,16,37.756
55,18,0.9282774314423388,17,37.756
55,19,0.9660329815171561,18,37.756
55,20,1.0037885315919735,19,37.756
55,21,1.0415440816667907,20,37.756
55,22,1.079299631741608,21,37.756
55,23,1.1170551818164252,22,37.756
55,24,1.1548107318912424,23,37.756
55,25,1.1925662819660596,24,37.756
55,26,1.2303218320408769,25,37.756
55,27,1.268077382115694,26,37.756
55,28,1.3058329321905113,27,37.756
55,29,1.3435884822653286,28,37.756
55,30,1.3813440323401458,29,37.756
55,31,1.419099582414963,30,37.756
55,32,1.4568551324897803,31,37.756
55,33,1.4946106825645975,32,37.756
55,34,1.5323662326394147,33,37.756
55,35,1.570121782714232,34,37.756
55,36,1.6078773327890492,35,37.756
55,37,1.6456328828638664,36,37.756
55,38,1.6833884329386837,37,37.756
55,39,1.721143983013501,38,37.756
55,40,1.7588995330883181,39,37.756
55,41,1.7966550831631354,40,37.756
55,42,1.8344106332379526,41,37.756
55,43,1.8721661833127698,42,37.756
55,44,1.909921733387587,43,37.756
55,45,1.9476772834624043,44,37.756
55,46,1.9854328335372216,45,37.756
55,47,2.023188383612039,46,37.756
55,48,2.0609439336868562,47,37.756
55,49,2.0986994837616737,48,37.756
55,50,2.1366317189519872,49,37.932
55,51,2.1745639541423007,50,37.932
55,52,2.2124961893326143,51,37.932
55,53,2.250428424522928,52,37.932
55,54,2.2883606597132413,53,37.932
55,55,2.326292894903555,54,37.932
55,56,2.3642251300938684,55,37.932
55,57,2.402157365284182,56,37.932
55,58,2.4400896004744954,57,37.932
55,59,2.478021835664809,58,37.932
55,60,2.5159540708551225,59,37.932
55,61,2.553886306045436,60,37.932
55,62,2.5918185412357495,61,37.932
55,63,2.629750776426063,62,37.932
55,64,2.6676830116163766,63,37.932
55,65,2.70561524680669,64,37.932
55,66,2.7435474819970036,65,37.932
55,67,2.781479717187317,66,37.932
55,68,2.8194119523776306,67,37.932
55,69,2.857344187567944,68,37.932
55,70,2.8952764227582577,69,37.932
55,71,2.933208657948571,70,37.932
55,72,2.9711408931388847,71,37.932
55,73,3.0090731283291983,72,37.932
55,74,3.047005363519512,73,37.932
55,75,3.0849375987098253,74,37.932
55,76,3.122869833900139,75,37.932
55,77,3.1608020690904524,76,37.932
55,78,3.198734304280766,77,37.932
55,79,3.2366665394710794,78,37.932
55,80,3.274598774661393,79,37.932
55,81,3.3125310098517065,80,37.932
55,82,3.35046324504202,81,37.932
55,83,3.3883954802323335,82,37.932
55,84,3.426327715422647,83,37.932
55,85,3.4642599506129605,84,37.932
55,86,3.502192185803274,85,37.932
55,87,3.5401244209935876,86,37.932
55,88,3.578056656183901,87,37.932
55,89,3.6159888913742146,88,37.932
55,90,3.653921126564528,89,37.932
55,91,3.6918533617548417,90,37.932
55,92,3.729785596945155,91,37.932
55,93,3.7677178321354687,92,37.932
55,94,3.8056500673257823,93,37.932
55,95,3.843582302516096,94,37.932
55,96,3.8815145377064093,95,37.932
55,97,3.919446772896723,96,37.932
55,98,3.9573790080870364,97,37.932
55,99,3.99531124327735,98,37.932
55,100,4.033243478467663,99,37.932
55,101,4.071175713657977,100,37.932
55,102,4.109107948848291,101,37.932
55,103,4.147040184038605,102,37.932
55,104,4.184972419228919,103,37.932
55,105,4.222904654419233,104,37.932
55,106,4.260836889609547,105,37.932
55,107,4.298769124799861,106,37.932
55,108,4.336701359990175,107,37.932
55,109,4.374633595180489,108,37.932
55,110,4.412565830370803,109,37.932
55,111,4.450498065561117,110,37.932
55,112,4.488430300751431,111,37.932
55,113,4.526362535941745,112,37.932
55,114,4.5643505204403265,113,37.988
55,115,4.602338504938908,114,37.988
55,116,4.64032648943749,115,37.988
55,117,4.678314473936071,116,37.988
55,118,4.716302458434653,117,37.988
55,119,4.754290442933234,118,37.988
55,120,4.792278427431816,119,37.988
55,121,4.830266411930397,120,37.988
55,122,4.868254396428979,121,37.988
55,123,4.90624238092756,122,37.988
55,124,4.944230365426142,123,37.988
55,125,4.9822183499247235,124,37.988
55,126,5.020206334423305,125,37.988
55,127,5.0581943189218865,126,37.988
55,128,5.096182303420468,127,37.988
56,1,0.2864330801704442,0,286.433
56,2,0.3241886302452615,1,37.756
56,3,0.3619441803200788,2,37.756
56,4,0.3996997303948961,3,37.756
56,5,0.4374552804697134,4,37.756
56,6,0.47521083054453067,5,37.756
56,7,0.512966380619348,6,37.756
56,8,0.5507219306941653,7,37.756
56,9,0.5884774807689827,8,37.756
56,10,0.6262330308438,9,37.756
56,11,0.6639885809186173,10,37.756
56,12,0.7017441309934347,11,37.756
56,13,0.739499681068252,12,37.756
56,14,0.7772552311430694,13,37.756
56,15,0.8150107812178867,14,37.756
56,16,0.8527663312927041,15,37.756
56,17,0.8905218813675214,16,37.756
56,18,0.9282774314423388,17,37.756
56,19,0.9660329815171561,18,37.756
56,20,1.0037885315919735,19,37.756
56,21,1.0415440816667907,20,37.756
56,22,1.079299631741608,21,37.756
56,23,1.1170551818164252,22,37.756
56,24,1.1548107318912424,23,37.756
56,25,1.1925662819660596,24,37.756
56,26,1.2303218320408769,25,37.756
56,27,1.268077382115694,26,37.756
56,28,1.3058329321905113,27,37.756
56,29,1.3435884822653286,28,37.756
56,30,1.3813440323401458,29,37.756
56,31,1.419099582414963,30,37.756
56,32,1.4568551324897803,31,37.756
56,33,1.4946106825645975,32,37.756
56,34,1.5323662326394147,33,37.756
56,35,1.570121782714232,34,37.756
56,36,1.6078773327890492,35,37.756
56,37,1.6456328828638664,36,37.756
56,38,1.6833884329386837,37,37.756
56,39,1.721143983013501,38,37.756
56,40,1.7588995330883181,39,37.756
56,41,1.7966550831631354,40,37.756
56,42,1.8344106332379526,41,37.756
56,43,1.8721661833127698,42,37.756
56,44,1.909921733387587,43,37.756
56,45,1.9476772834624043,44,37.756
56,46,1.9854328335372216,45,37.756
56,47,2.023188383612039,46,37.756
56,48,2.0609439336868562,47,37.756
56,49,2.0986994837616737,48,37.756
56,50,2.1366317189519872,49,37.932
56,51,2.1745639541423007,50,37.932
56,52,2.2124961893326143,51,37.932
56,53,2.250428424522928,52,37.932
56,54,2.2883606597132413,53,37.932
56,55,2.326292894903555,54,37.932
56,56,2.3642251300938684,55,37.932
56,57,2.402157365284182,56,37.932
56,58,2.4400896004744954,57,37.932
56,59,2.478021835664809,58,37.932
56,60,2.5159540708551225,59,37.932
56,61,2.553886306045436,60,37.932
56,62,2.5918185412357495,61,37.932
56,63,2.629750776426063,62,37.932
56,64,2.6676830116163766,63,37.932
56,65,2.70561524680669,64,37.932
56,66,2.7435474819970036,65,37.932
56,67,2.781479717187317,66,37.932
56,68,2.8194119523776306,67,37.932
56,69,2.857344187567944,68,37.932
56,70,2.8952764227582577,69,37.932
56,71,2.933208657948571,70,37.932
56,72,2.9711408931388847,71,37.932
56,73,3.0090731283291983,72,37.932
56,74,3.047005363519512,73,37.932
56,75,3.0849375987098253,74,37.932
56,76,3.122869833900139,75,37.932
56,77,3.1608020690904524,76,37.932
56,78,3.198734304280766,77,37.932
56,79,3.2366665394710794,78,37.932
56,80,3.274598774661393,79,37.932
56,81,3.3125310098517065,80,37.932
56,82,3.35046324504202,81,37.932
56,83,3.3883954802323335,82,37.932
56,84,3.426327715422647,83,37.932
56,85,3.4642599506129605,84,37.932
56,86,3.502192185803274,85,37.932
56,87,3.5401244209935876,86,37.932
56,88,3.578056656183901,87,37.932
56,89,3.6159888913742146,88,37.932
56,90,3.653921126564528,89,37.932
56,91,3.6918533617548417,90,37.932
56,92,3.729785596945155,91,37.932
56,93,3.7677178321354687,92,37.932
56,94,3.8056500673257823,93,37.932
56,95,3.843582302516096,94,37.932
56,96,3.8815145377064093,95,37.932
56,97,3.919446772896723,96,37.932
56,98,3.9573790080870364,97,37.932
56,99,3.99531124327735,98,37.932
56,100,4.033243478467663,99,37.932
56,101,4.071175713657977,100,37.932
56,102,4.109107948848291,101,37.932
56,103,4.147040184038605,102,37.932
56,104,4.184972419228919,103,37.932
56,105,4.222904654419233,104,37.932
56,106,4.260836889609547,105,37.932
56,107,4.298769124799861,106,37.932
56,108,4.336701359990175,107,37.932
56,109,4.374633595180489,108,37.932
56,110,4.412565830370803,109,37.932
56,111,4.450498065561117,110,37.932
56,112,4.488430300751431,111,37.932
56,113,4.526362535941745,112,37.932
56,114,4.5643505204403265,113,37.988
56,115,4.602338504938908,114,37.988
56,116,4.64032648943749,115,37.988
56,117,4.678314473936071,116,37.988
56,118,4.716302458434653,117,37.988
56,119,4.754290442933234,118,37.988
56,120,4.792278427431816,119,37.988
56,121,4.830266411930397,120,37.988
56,122,4.868254396428979,121,37.988
56,123,4.90624238092756,122,37.988
56,124,4.944230365426142,123,37.988
56,125,4.9822183499247235,124,37.988
56,126,5.020206334423305,125,37.988
56,127,5.0581943189218865,126,37.988
56,128,5.096182303420468,127,37.988
57,1,0.2864330801704442,0,286.433
57,2,0.3241886302452615,1,37.756
57,3,0.3619441803200788,2,37.756
57,4,0.3996997303948961,3,37.756
57,5,0.4374552804697134,4,37.756
57,6,0.47521083054453067,5,37.756
57,7,0.512966380619348,6,37.756
57,8,0.5507219306941653,7,37.756
57,9,0.5884774807689827,8,37.756
57,10,0.6262330308438,9,37.756
57,11,0.6639885809186173,10,37.756
57,12,0.7017441309934347,11,37.756
57,13,0.739499681068252,12,37.756
57,14,0.7772552311430694,13,37.756
57,15,0.8150107812178867,14,37.756
57,16,0.8527663312927041,15,37.756
57,17,0.8905218813675214,16,37.756
57,18,0.9282774314423388,17,37.756
57,19,0.9660329815171561,18,37.756
57,20,1.0037885315919735,19,37.756
57,21,1.0415440816667907,20,37.756
57,22,1.079299631741608,21,37.756
57,23,1.1170551818164252,22,37.756
57,24,1.1548107318912424,23,37.756
57,25,1.1925662819660596,24,37.756
57,26,1.2303218320408769,25,37.756
57,27,1.268077382115694,26,37.756
57,28,1.3058329321905113,27,37.756
57,29,1.3435884822653286,28,37.756
57,30,1.3813440323401458,29,37.756
57,31,1.419099582414963,30,37.756
57,32,1.4568551324897803,31,37.756
57,33,1.4946106825645975,32,37.756
57,34,1.5323662326394147,33,37.756
57,35,1.570121782714232,34,37.756
57,36,1.6078773327890492,35,37.756
57,37,1.6456328828638664,36,37.756
57,38,1.6833884329386837,37,37.756
57,39,1.721143983013501,38,37.756
57,40,1.7588995330883181,39,37.756
57,41,1.7966550831631354,40,37.756
57,42,1.8344106332379526,41,37.756
57,43,1.8721661833127698,42,37.756
57,44,1.909921733387587,43,37.756
57,45,1.9476772834624043,44,37.756
57,46,1.9854328335372216,45,37.756
57,47,2.023188383612039,46,37.756
57,48,2.0609439336868562,47,37.756
57,49,2.0986994837616737,48,37.756
57,50,2.1366317189519872,49,37.932
57,51,2.1745639541423007,50,37.932
57,52,2.2124961893326143,51,37.932
57,53,2.250428424522928,52,37.932
57,54,2.2883606597132413,53,37.932
57,55,2.326292894903555,54,37.932
57,56,2.3642251300938684,55,37.932
57,57,2.402157365284182,56,37.932
57,58,2.4400896004744954,57,37.932
57,59,2.478021835664809,58,37.932
57,60,2.5159540708551225,59,37.932
57,61,2.553886306045436,60,37.932
57,62,2.5918185412357495,61,37.932
57,63,2.629750776426063,62,37.932
57,64,2.6676830116163766,63,37.932
57,65,2.70561524680669,64,37.932
57,66,2.7435474819970036,65,37.932
57,67,2.781479717187317,66,37.932
57,68,2.8194119523776306,67,37.932
57,69,2.857344187567944,68,37.932
57,70,2.8952764227582577,69,37.932
57,71,2.933208657948571,70,37.932
57,72,2.9711408931388847,71,37.932
57,73,3.0090731283291983,72,37.932
57,74,3.047005363519512,73,37.932
57,75,3.0849375987098253,74,37.932
57,76,3.122869833900139,75,37.932
57,77,3.1608020690904524,76,37.932
57,78,3.198734304280766,77,37.932
57,79,3.2366665394710794,78,37.932
57,80,3.274598774661393,79,37.932
57,81,3.3125310098517065,80,37.932
57,82,3.35046324504202,81,37.932
57,83,3.3883954802323335,82,37.932
57,84,3.426327715422647,83,37.932
57,85,3.4642599506129605,84,37.932
57,86,3.502192185803274,85,37.932
57,87,3.5401244209935876,86,37.932
57,88,3.578056656183901,87,37.932
57,89,3.6159888913742146,88,37.932
57,90,3.653921126564528,89,37.932
57,91,3.6918533617548417,90,37.932
57,92,3.729785596945155,91,37.932
57,93,3.7677178321354687,92,37.932
57,94,3.8056500673257823,93,37.932
57,95,3.843582302516096,94,37.932
57,96,3.8815145377064093,95,37.932
57,97,3.919446772896723,96,37.932
57,98,3.9573790080870364,97,37.932
57,99,3.99531124327735,98,37.932
57,100,4.033243478467663,99,37.932
57,101,4.071175713657977,100,37.932
57,102,4.109107948848291,101,37.932
57,103,4.147040184038605,102,37.932
57,104,4.184972419228919,103,37.932
57,105,4.222904654419233,104,37.932
57,106,4.260836889609547,105,37.932
57,107,4.298769124799861,106,37.932
57,108,4.336701359990175,107,37.932
57,109,4.374633595180489,108,37.932
57,110,4.412565830370803,109,37.932
57,111,4.450498065561117,110,37.932
57,112,4.488430300751431,111,37.932
57,113,4.526362535941745,112,37.932
57,114,4.5643505204403265,113,37.988
57,115,4.602338504938908,114,37.988
57,116,4.64032648943749,115,37.988
57,117,4.678314473936071,116,37.988
57,118,4.716302458434653,117,37.988
57,119,4.754290442933234,118,37.988
57,120,4.792278427431816,119,37.988
57,121,4.830266411930397,120,37.988
57,122,4.868254396428979,121,37.988
57,123,4.90624238092756,122,37.988
57,124,4.944230365426142,123,37.988
57,125,4.9822183499247235,124,37.988
57,126,5.020206334423305,125,37.988
57,127,5.0581943189218865,126,37.988
57,128,5.096182303420468,127,37.988
58,1,0.2864330801704442,0,286.433
58,2,0.3241886302452615,1,37.756
58,3,0.3619441803200788,2,37.756
58,4,0.3996997303948961,3,37.756
58,5,0.4374552804697134,4,37.756
58,6,0.47521083054453067,5,37.756
58,7,0.512966380619348,6,37.756
58,8,0.5507219306941653,7,37.756
58,9,0.5884774807689827,8,37.756
58,10,0.6262330308438,9,37.756
58,11,0.6639885809186173,10,37.756
58,12,0.7017441309934347,11,37.756
58,13,0.739499681068252,12,37.756
58,14,0.7772552311430694,13,37.756
58,15,0.8150107812178867,14,37.756
58,16,0.8527663312927041,15,37.756
58,17,0.8905218813675214,16,37.756
58,18,0.9282774314423388,17,37.756
58,19,0.9660329815171561,18,37.756
58,20,1.0037885315919735,19,37.756
58,21,1.0415440816667907,20,37.756
58,22,1.079299631741608,21,37.756
58,23,1.1170551818164252,22,37.756
58,24,1.1548107318912424,23,37.756
58,25,1.1925662819660596,24,37.756
58,26,1.2303218320408769,25,37.756
58,27,1.268077382115694,26,37.756
58,28,1.3058329321905113,27,37.756
58,29,1.3435884822653286,28,37.756
58,30,1.3813440323401458,29,37.756
58,31,1.419099582414963,30,37.756
58,32,1.4568551324897803,31,37.756
58,33,1.4946106825645975,32,37.756
58,34,1.5323662326394147,33,37.756
58,35,1.570121782714232,34,37.756
58,36,1.6078773327890492,35,37.756
58,37,1.6456328828638664,36,37.756
58,38,1.6833884329386837,37,37.756
58,39,1.721143983013501,38,37.756
58,40,1.7588995330883181,39,37.756
58,41,1.7966550831631354,40,37.756
58,42,1.8344106332379526,41,37.756
58,43,1.8721661833127698,42,37.756
58,44,1.909921733387587,43,37.756
58,45,1.9476772834624043,44,37.756
58,46,1.9854328335372216,45,37.756
58,47,2.023188383612039,46,37.756
58,48,2.0609439336868562,47,37.756
58,49,2.0986994837616737,48,37.756
58,50,2.1366317189519872,49,37.932
58,51,2.1745639541423007,50,37.932
58,52,2.2124961893326143,51,37.932
58,53,2.250428424522928,52,37.932
58,54,2.2883606597132413,53,37.932
58,55,2.326292894903555,54,37.932
58,56,2.3642251300938684,55,37.932
58,57,2.402157365284182,56,37.932
58,58,2.4400896004744954,57,37.932
58,59,2.478021835664809,58,37.932
58,60,2.5159540708551225,59,37.932
58,61,2.553886306045436,60,37.932
58,62,2.5918185412357495,61,37.932
58,63,2.629750776426063,62,37.932
58,64,2.6676830116163766,63,37.932
58,65,2.70561524680669,64,37.932
58,66,2.7435474819970036,65,37.932
58,67,2.781479717187317,66,37.932
58,68,2.8194119523776306,67,37.932
58,69,2.857344187567944,68,37.932
58,70,2.8952764227582577,69,37.932
58,71,2.933208657948571,70,37.932
58,72,2.9711408931388847,71,37.932
58,73,3.0090731283291983,72,37.932
58,74,3.047005363519512,73,37.932
58,75,3.0849375987098253,74,37.932
58,76,3.122869833900139,75,37.932
58,77,3.1608020690904524,76,37.932
58,78,3.198734304280766,77,37.932
58,79,3.2366665394710794,78,37.932
58,80,3.274598774661393,79,37.932
58,81,3.3125310098517065,80,37.932
58,82,3.35046324504202,81,37.932
58,83,3.3883954802323335,82,37.932
58,84,3.426327715422647,83,37.932
58,85,3.4642599506129605,84,37.932
58,86,3.502192185803274,85,37.932
58,87,3.5401244209935876,86,37.932
58,88,3.578056656183901,87,37.932
58,89,3.6159888913742146,88,37.932
58,90,3.653921126564528,89,37.932
58,91,3.6918533617548417,90,37.932
58,92,3.729785596945155,91,37.932
58,93,3.7677178321354687,92,37.932
58,94,3.8056500673257823,93,37.932
58,95,3.843582302516096,94,37.932
58,96,3.8815145377064093,95,37.932
58,97,3.919446772896723,96,37.932
58,98,3.9573790080870364,97,37.932
58,99,3.99531124327735,98,37.932
58,100,4.033243478467663,99,37.932
58,101,4.071175713657977,100,37.932
58,102,4.109107948848291,101,37.932
58,103,4.147040184038605,102,37.932
58,104,4.184972419228919,103,37.932
58,105,4.222904654419233,104,37.932
58,106,4.260836889609547,105,37.932
58,107,4.298769124799861,106,37.932
58,108,4.336701359990175,107,37.932
58,109,4.374633595180489,108,37.932
58,110,4.412565830370803,109,37.932
58,111,4.450498065561117,110,37.932
58,112,4.488430300751431,111,37.932
58,113,4.526362535941745,112,37.932
58,114,4.5643505204403265,113,37.988
58,115,4.602338504938908,114,37.988
58,116,4.64032648943749,115,37.988
58,117,4.678314473936071,116,37.988
58,118,4.716302458434653,117,37.988
58,119,4.754290442933234,118,37.988
58,120,4.792278427431816,119,37.988
58,121,4.830266411930397,120,37.988
58,122,4.868254396428979,121,37.988
58,123,4.90624238092756,122,37.988
58,124,4.944230365426142,123,37.988
58,125,4.9822183499247235,124,37.988
58,126,5.020206334423305,125,37.988
58,127,5.0581943189218865,126,37.988
58,128,5.096182303420468,127,37.988
59,1,0.2864330801704442,0,286.433
59,2,0.3241886302452615,1,37.756
59,3,0.3619441803200788,2,37.756
59,4,0.3996997303948961,3,37.756
59,5,0.4374552804697134,4,37.756
59,6,0.47521083054453067,5,37.756
59,7,0.512966380619348,6,37.756
59,8,0.5507219306941653,7,37.756
59,9,0.5884774807689827,8,37.756
59,10,0.6262330308438,9,37.756
59,11,0.6639885809186173,10,37.756
59,12,0.7017441309934347,11,37.756
59,13,0.739499681068252,12,37.756
59,14,0.7772552311430694,13,37.756
59,15,0.8150107812178867,14,37.756
59,16,0.8527663312927041,15,37.756
59,17,0.8905218813675214,16,37.756
59,18,0.9282774314423388,17,37.756
59,19,0.9660329815171561,18,37.756
59,20,1.0037885315919735,19,37.756
59,21,1.0415440816667907,20,37.756
59,22,1.079299631741608,21,37.756
59,23,1.1170551818164252,22,37.756
59,24,1.1548107318912424,23,37.756
59,25,1.1925662819660596,24,37.756
59,26,1.2303218320408769,25,37.756
59,27,1.268077382115694,26,37.756
59,28,1.3058329321905113,27,37.756
59,29,1.3435884822653286,28,37.756
59,30,1.3813440323401458,29,37.756
59,31,1.419099582414963,30,37.756
59,32,1.4568551324897803,31,37.756
59,33,1.4946106825645975,32,37.756
59,34,1.5323662326394147,33,37.756
59,35,1.570121782714232,34,37.756
59,36,1.6078773327890492,35,37.756
59,37,1.6456328828638664,36,37.756
59,38,1.6833884329386837,37,37.756
59,39,1.721143983013501,38,37.756
59,40,1.7588995330883181,39,37.756
59,41,1.7966550831631354,40,37.756
59,42,1.8344106332379526,41,37.756
59,43,1.8721661833127698,42,37.756
59,44,1.909921733387587,43,37.756
59,45,1.9476772834624043,44,37.756
59,46,1.9854328335372216,45,37.756
59,47,2.023188383612039,46,37.756
59,48,2.0609439336868562,47,37.756
59,49,2.0986994837616737,48,37.756
59,50,2.1366317189519872,49,37.932
59,51,2.1745639541423007,50,37.932
59,52,2.2124961893326143,51,37.932
59,53,2.250428424522928,52,37.932
59,54,2.2883606597132413,53,37.932
59,55,2.326292894903555,54,37.932
59,56,2.3642251300938684,55,37.932
59,57,2.402157365284182,56,37.932
59,58,2.4400896004744954,57,37.932
59,59,2.478021835664809,58,37.932
59,60,2.5159540708551225,59,37.932
59,61,2.553886306045436,60,37.932
59,62,2.5918185412357495,61,37.932
59,63,2.629750776426063,62,37.932
59,64,2.6676830116163766,63,37.932
59,65,2.70561524680669,64,37.932
59,66,2.7435474819970036,65,37.932
59,67,2.781479717187317,66,37.932
59,68,2.8194119523776306,67,37.932
59,69,2.857344187567944,68,37.932
59,70,2.8952764227582577,69,37.932
59,71,2.933208657948571,70,37.932
59,72,2.9711408931388847,71,37.932
59,73,3.0090731283291983,72,37.932
59,74,3.047005363519512,73,37.932
59,75,3.0849375987098253,74,37.932
59,76,3.122869833900139,75,37.932
59,77,3.1608020690904524,76,37.932
59,78,3.198734304280766,77,37.932
59,79,3.2366665394710794,78,37.932
59,80,3.274598774661393,79,37.932
59,81,3.3125310098517065,80,37.932
59,82,3.35046324504202,81,37.932
59,83,3.3883954802323335,82,37.932
59,84,3.426327715422647,83,37.932
59,85,3.4642599506129605,84,37.932
59,86,3.502192185803274,85,37.932
59,87,3.5401244209935876,86,37.932
59,88,3.578056656183901,87,37.932
59,89,3.6159888913742146,88,37.932
59,90,3.653921126564528,89,37.932
59,91,3.6918533617548417,90,37.932
59,92,3.729785596945155,91,37.932
59,93,3.7677178321354687,92,37.932
59,94,3.8056500673257823,93,37.932
59,95,3.843582302516096,94,37.932
59,96,3.8815145377064093,95,37.932
59,97,3.919446772896723,96,37.932
59,98,3.9573790080870364,97,37.932
59,99,3.99531124327735,98,37.932
59,100,4.033243478467663,99,37.932
59,101,4.071175713657977,100,37.932
59,102,4.109107948848291,101,37.932
59,103,4.147040184038605,102,37.932
59,104,4.184972419228919,103,37.932
59,105,4.222904654419233,104,37.932
59,106,4.260836889609547,105,37.932
59,107,4.298769124799861,106,37.932
59,108,4.336701359990175,107,37.932
59,109,4.374633595180489,108,37.932
59,110,4.412565830370803,109,37.932
59,111,4.450498065561117,110,37.932
59,112,4.488430300751431,111,37.932
59,113,4.526362535941745,112,37.932
59,114,4.5643505204403265,113,37.988
59,115,4.602338504938908,114,37.988
59,116,4.64032648943749,115,37.988
59,117,4.678314473936071,116,37.988
59,118,4.716302458434653,117,37.988
59,119,4.754290442933234,118,37.988
59,120,4.792278427431816,119,37.988
59,121,4.830266411930397,120,37.988
59,122,4.868254396428979,121,37.988
59,123,4.90624238092756,122,37.988
59,124,4.944230365426142,123,37.988
59,125,4.9822183499247235,124,37.988
59,126,5.020206334423305,125,37.988
59,127,5.0581943189218865,126,37.988
59,128,5.096182303420468,127,37.988
60,1,0.2864330801704442,0,286.433
60,2,0.3241886302452615,1,37.756
60,3,0.3619441803200788,2,37.756
60,4,0.3996997303948961,3,37.756
60,5,0.4374552804697134,4,37.756
60,6,0.47521083054453067,5,37.756
60,7,0.512966380619348,6,37.756
60,8,0.5507219306941653,7,37.756
60,9,0.5884774807689827,8,37.756
60,10,0.6262330308438,9,37.756
60,11,0.6639885809186173,10,37.756
60,12,0.7017441309934347,11,37.756
60,13,0.739499681068252,12,37.756
60,14,0.7772552311430694,13,37.756
60,15,0.8150107812178867,14,37.756
60,16,0.8527663312927041,15,37.756
60,17,0.8905218813675214,16,37.756
60,18,0.9282774314423388,17,37.756
60,19,0.9660329815171561,18,37.756
60,20,1.0037885315919735,19,37.756
60,21,1.0415440816667907,20,37.756
60,22,1.079299631741608,21,37.756
60,23,1.1170551818164252,22,37.756
60,24,1.1548107318912424,23,37.756
60,25,1.1925662819660596,24,37.756
60,26,1.2303218320408769,25,37.756
60,27,1.268077382115694,26,37.756
60,28,1.3058329321905113,27,37.756
60,29,1.3435884822653286,28,37.756
60,30,1.3813440323401458,29,37.756
60,31,1.419099582414963,30,37.756
60,32,1.4568551324897803,31,37.756
60,33,1.4946106825645975,32,37.756
60,34,1.5323662326394147,33,37.756
60,35,1.570121782714232,34,37.756
60,36,1.6078773327890492,35,37.756
60,37,1.6456328828638664,36,37.756
60,38,1.6833884329386837,37,37.756
60,39,1.721143983013501,38,37.756
60,40,1.7588995330883181,39,37.756
60,41,1.7966550831631354,40,37.756
60,42,1.8344106332379526,41,37.756
60,43,1.8721661833127698,42,37.756
60,44,1.909921733387587,43,37.756
60,45,1.9476772834624043,44,37.756
60,46,1.9854328335372216,45,37.756
60,47,2.023188383612039,46,37.756
60,48,2.0609439336868562,47,37.756
60,49,2.0986994837616737,48,37.756
60,50,2.1366317189519872,49,37.932
60,51,2.1745639541423007,50,37.932
60,52,2.2124961893326143,51,37.932
60,53,2.250428424522928,52,37.932
60,54,2.2883606597132413,53,37.932
60,55,2.326292894903555,54,37.932
60,56,2.3642251300938684,55,37.932
60,57,2.402157365284182,56,37.932
60,58,2.4400896004744954,57,37.932
60,59,2.478021835664809,58,37.932
60,60,2.5159540708551225,59,37.932
60,61,2.553886306045436,60,37.932
60,62,2.5918185412357495,61,37.932
60,63,2.629750776426063,62,37.932
60,64,2.6676830116163766,63,37.932
60,65,2.70561524680669,64,37.932
60,66,2.7435474819970036,65,37.932
60,67,2.781479717187317,66,37.932
60,68,2.8194119523776306,67,37.932
60,69,2.857344187567944,68,37.932
60,70,2.8952764227582577,69,37.932
60,71,2.933208657948571,70,37.932
60,72,2.9711408931388847,71,37.932
60,73,3.0090731283291983,72,37.932
60,74,3.047005363519512,73,37.932
60,75,3.0849375987098253,74,37.932
60,76,3.122869833900139,75,37.932
60,77,3.1608020690904524,76,37.932
60,78,3.198734304280766,77,37.932
60,79,3.2366665394710794,78,37.932
60,80,3.274598774661393,79,37.932
60,81,3.3125310098517065,80,37.932
60,82,3.35046324504202,81,37.932
60,83,3.3883954802323335,82,37.932
60,84,3.426327715422647,83,37.932
60,85,3.4642599506129605,84,37.932
60,86,3.502192185803274,85,37.932
60,87,3.5401244209935876,86,37.932
60,88,3.578056656183901,87,37.932
60,89,3.6159888913742146,88,37.932
60,90,3.653921126564528,89,37.932
60,91,3.6918533617548417,90,37.932
60,92,3.729785596945155,91,37.932
60,93,3.7677178321354687,92,37.932
60,94,3.8056500673257823,93,37.932
60,95,3.843582302516096,94,37.932
60,96,3.8815145377064093,95,37.932
60,97,3.919446772896723,96,37.932
60,98,3.9573790080870364,97,37.932
60,99,3.99531124327735,98,37.932
60,100,4.033243478467663,99,37.932
60,101,4.071175713657977,100,37.932
60,102,4.109107948848291,101,37.932
60,103,4.147040184038605,102,37.932
60,104,4.184972419228919,103,37.932
60,105,4.222904654419233,104,37.932
60,106,4.260836889609547,105,37.932
60,107,4.298769124799861,106,37.932
60,108,4.336701359990175,107,37.932
60,109,4.374633595180489,108,37.932
60,110,4.412565830370803,109,37.932
60,111,4.450498065561117,110,37.932
60,112,4.488430300751431,111,37.932
60,113,4.526362535941745,112,37.932
60,114,4.5643505204403265,113,37.988
60,115,4.602338504938908,114,37.988
60,116,4.64032648943749,115,37.988
60,117,4.678314473936071,116,37.988
60,118,4.716302458434653,117,37.988
60,119,4.754290442933234,118,37.988
60,120,4.792278427431816,119,37.988
60,121,4.830266411930397,120,37.988
60,122,4.868254396428979,121,37.988
60,123,4.90624238092756,122,37.988
60,124,4.944230365426142,123,37.988
60,125,4.9822183499247235,124,37.988
60,126,5.020206334423305,125,37.988
60,127,5.0581943189218865,126,37.988
60,128,5.096182303420468,127,37.988
61,1,0.2864330801704442,0,286.433
61,2,0.3241886302452615,1,37.756
61,3,0.3619441803200788,2,37.756
61,4,0.3996997303948961,3,37.756
61,5,0.4374552804697134,4,37.756
61,6,0.47521083054453067,5,37.756
61,7,0.512966380619348,6,37.756
61,8,0.5507219306941653,7,37.756
61,9,0.5884774807689827,8,37.756
61,10,0.6262330308438,9,37.756
61,11,0.6639885809186173,10,37.756
61,12,0.7017441309934347,11,37.756
61,13,0.739499681068252,12,37.756
61,14,0.7772552311430694,13,37.756
61,15,0.8150107812178867,14,37.756
61,16,0.8527663312927041,15,37.756
61,17,0.8905218813675214,16,37.756
61,18,0.9282774314423388,17,37.756
61,19,0.9660329815171561,18,37.756
61,20,1.0037885315919735,19,37.756
61,21,1.0415440816667907,20,37.756
61,22,1.079299631741608,21,37.756
61,23,1.1170551818164252,22,37.756
61,24,1.1548107318912424,23,37.756
61,25,1.1925662819660596,24,37.756
61,26,1.2303218320408769,25,37.756
61,27,1.268077382115694,26,37.756
61,28,1.3058329321905113,27,37.756
61,29,1.3435884822653286,28,37.756
61,30,1.3813440323401458,29,37.756
61,31,1.419099582414963,30,37.756
61,32,1.4568551324897803,31,37.756
61,33,1.4946106825645975,32,37.756
61,34,1.5323662326394147,33,37.756
61,35,1.570121782714232,34,37.756
61,36,1.6078773327890492,35,37.756
61,37,1.6456328828638664,36,37.756
61,38,1.6833884329386837,37,37.756
61,39,1.721143983013501,38,37.756
61,40,1.7588995330883181,39,37.756
61,41,1.7966550831631354,40,37.756
61,42,1.8344106332379526,41,37.756
61,43,1.8721661833127698,42,37.756
61,44,1.909921733387587,43,37.756
61,45,1.9476772834624043,44,37.756
61,46,1.9854328335372216,45,37.756
61,47,2.023188383612039,46,37.756
61,48,2.0609439336868562,47,37.756
61,49,2.0986994837616737,48,37.756
61,50,2.1366317189519872,49,37.932
61,51,2.1745639541423007,50,37.932
61,52,2.2124961893326143,51,37.932
61,53,2.250428424522928,52,37.932
61,54,2.2883606597132413,53,37.932
61,55,2.326292894903555,54,37.932
61,56,2.3642251300938684,55,37.932
61,57,2.402157365284182,56,37.932
61,58,2.4400896004744954,57,37.932
61,59,2.478021835664809,58,37.932
61,60,2.5159540708551225,59,37.932
61,61,2.553886306045436,60,37.932
61,62,2.5918185412357495,61,37.932
61,63,2.629750776426063,62,37.932
61,64,2.6676830116163766,63,37.932
61,65,2.70561524680669,64,37.932
61,66,2.7435474819970036,65,37.932
61,67,2.781479717187317,66,37.932
61,68,2.8194119523776306,67,37.932
61,69,2.857344187567944,68,37.932
61,70,2.8952764227582577,69,37.932
61,71,2.933208657948571,70,37.932
61,72,2.9711408931388847,71,37.932
61,73,3.0090731283291983,72,37.932
61,74,3.047005363519512,73,37.932
61,75,3.0849375987098253,74,37.932
61,76,3.122869833900139,75,37.932
61,77,3.1608020690904524,76,37.932
61,78,3.198734304280766,77,37.932
61,79,3.2366665394710794,78,37.932
61,80,3.274598774661393,79,37.932
61,81,3.3125310098517065,80,37.932
61,82,3.35046324504202,81,37.932
61,83,3.3883954802323335,82,37.932
61,84,3.426327715422647,83,37.932
61,85,3.4642599506129605,84,37.932
61,86,3.502192185803274,85,37.932
61,87,3.5401244209935876,86,37.932
61,88,3.578056656183901,87,37.932
61,89,3.6159888913742146,88,37.932
61,90,3.653921126564528,89,37.932
61,91,3.6918533617548417,90,37.932
61,92,3.729785596945155,91,37.932
61,93,3.7677178321354687,92,37.932
61,94,3.8056500673257823,93,37.932
61,95,3.843582302516096,94,37.932
61,96,3.8815145377064093,95,37.932
61,97,3.919446772896723,96,37.932
61,98,3.9573790080870364,97,37.932
61,99,3.99531124327735,98,37.932
61,100,4.033243478467663,99,37.932
61,101,4.071175713657977,100,37.932
61,102,4.109107948848291,101,37.932
61,103,4.147040184038605,102,37.932
61,104,4.184972419228919,103,37.932
61,105,4.222904654419233,104,37.932
61,106,4.260836889609547,105,37.932
61,107,4.298769124799861,106,37.932
61,108,4.336701359990175,107,37.932
61,109,4.374633595180489,108,37.932
61,110,4.412565830370803,109,37.932
61,111,4.450498065561117,110,37.932
61,112,4.488430300751431,111,37.932
61,113,4.526362535941745,112,37.932
61,114,4.5643505204403265,113,37.988
61,115,4.602338504938908,114,37.988
61,116,4.64032648943749,115,37.988
61,117,4.678314473936071,116,37.988
61,118,4.716302458434653,117,37.988
61,119,4.754290442933234,118,37.988
61,120,4.792278427431816,119,37.988
61,121,4.830266411930397,120,37.988
61,122,4.868254396428979,121,37.988
61,123,4.90624238092756,122,37.988
61,124,4.944230365426142,123,37.988
61,125,4.9822183499247235,124,37.988
61,126,5.020206334423305,125,37.988
61,127,5.0581943189218865,126,37.988
61,128,5.096182303420468,127,37.988
62,1,0.2864330801704442,0,286.433
62,2,0.3241886302452615,1,37.756
62,3,0.3619441803200788,2,37.756
62,4,0.3996997303948961,3,37.756
62,5,0.4374552804697134,4,37.756
62,6,0.47521083054453067,5,37.756
62,7,0.512966380619348,6,37.756
62,8,0.5507219306941653,7,37.756
62,9,0.5884774807689827,8,37.756
62,10,0.6262330308438,9,37.756
62,11,0.6639885809186173,10,37.756
62,12,0.7017441309934347,11,37.756
62,13,0.739499681068252,12,37.756
62,14,0.7772552311430694,13,37.756
62,15,0.8150107812178867,14,37.756
62,16,0.8527663312927041,15,37.756
62,17,0.8905218813675214,16,37.756
62,18,0.9282774314423388,17,37.756
62,19,0.9660329815171561,18,37.756
62,20,1.0037885315919735,19,37.756
62,21,1.0415440816667907,20,37.756
62,22,1.079299631741608,21,37.756
62,23,1.1170551818164252,22,37.756
62,24,1.1548107318912424,23,37.756
62,25,1.1925662819660596,24,37.756
62,26,1.2303218320408769,25,37.756
62,27,1.268077382115694,26,37.756
62,28,1.3058329321905113,27,37.756
62,29,1.3435884822653286,28,37.756
62,30,1.3813440323401458,29,37.756
62,31,1.419099582414963,30,37.756
62,32,1.4568551324897803,31,37.756
62,33,1.4946106825645975,32,37.756
62,34,1.5323662326394147,33,37.756
62,35,1.570121782714232,34,37.756
62,36,1.6078773327890492,35,37.756
62,37,1.6456328828638664,36,37.756
62,38,1.6833884329386837,37,37.756
62,39,1.721143983013501,38,37.756
62,40,1.7588995330883181,39,37.756
62,41,1.7966550831631354,40,37.756
62,42,1.8344106332379526,41,37.756
62,43,1.8721661833127698,42,37.756
62,44,1.909921733387587,43,37.756
62,45,1.9476772834624043,44,37.756
62,46,1.9854328335372216,45,37.756
62,47,2.023188383612039,46,37.756
62,48,2.0609439336868562,47,37.756
62,49,2.0986994837616737,48,37.756
62,50,2.1366317189519872,49,37.932
62,51,2.1745639541423007,50,37.932
62,52,2.2124961893326143,51,37.932
62,53,2.250428424522928,52,37.932
62,54,2.2883606597132413,53,37.932
62,55,2.326292894903555,54,37.932
62,56,2.3642251300938684,55,37.932
62,57,2.402157365284182,56,37.932
62,58,2.4400896004744954,57,37.932
62,59,2.478021835664809,58,37.932
62,60,2.5159540708551225,59,37.932
62,61,2.553886306045436,60,37.932
62,62,2.5918185412357495,61,37.932
62,63,2.629750776426063,62,37.932
62,64,2.6676830116163766,63,37.932
62,65,2.70561524680669,64,37.932
62,66,2.7435474819970036,65,37.932
62,67,2.781479717187317,66,37.932
62,68,2.8194119523776306,67,37.932
62,69,2.857344187567944,68,37.932
62,70,2.8952764227582577,69,37.932
62,71,2.933208657948571,70,37.932
62,72,2.9711408931388847,71,37.932
62,73,3.0090731283291983,72,37.932
62,74,3.047005363519512,73,37.932
62,75,3.0849375987098253,74,37.932
62,76,3.122869833900139,75,37.932
62,77,3.1608020690904524,76,37.932
62,78,3.198734304280766,77,37.932
62,79,3.2366665394710794,78,37.932
62,80,3.274598774661393,79,37.932
62,81,3.3125310098517065,80,37.932
62,82,3.35046324504202,81,37.932
62,83,3.3883954802323335,82,37.932
62,84,3.426327715422647,83,37.932
62,85,3.4642599506129605,84,37.932
62,86,3.502192185803274,85,37.932
62,87,3.5401244209935876,86,37.932
62,88,3.578056656183901,87,37.932
62,89,3.6159888913742146,88,37.932
62,90,3.653921126564528,89,37.932
62,91,3.6918533617548417,90,37.932
62,92,3.729785596945155,91,37.932
62,93,3.7677178321354687,92,37.932
62,94,3.8056500673257823,93,37.932
62,95,3.843582302516096,94,37.932
62,96,3.8815145377064093,95,37.932
62,97,3.919446772896723,96,37.932
62,98,3.9573790080870364,97,37.932
62,99,3.99531124327735,98,37.932
62,100,4.033243478467663,99,37.932
62,101,4.071175713657977,100,37.932
62,102,4.109107948848291,101,37.932
62,103,4.147040184038605,102,37.932
62,104,4.184972419228919,103,37.932
62,105,4.222904654419233,104,37.932
62,106,4.260836889609547,105,37.932
62,107,4.298769124799861,106,37.932
62,108,4.336701359990175,107,37.932
62,109,4.374633595180489,108,37.932
62,110,4.412565830370803,109,37.932
62,111,4.450498065561117,110,37.932
62,112,4.488430300751431,111,37.932
62,113,4.526362535941745,112,37.932
62,114,4.5643505204403265,113,37.988
62,115,4.602338504938908,114,37.988
62,116,4.64032648943749,115,37.988
62,117,4.678314473936071,116,37.988
62,118,4.716302458434653,117,37.988
62,119,4.754290442933234,118,37.988
62,120,4.792278427431816,119,37.988
62,121,4.830266411930397,120,37.988
62,122,4.868254396428979,121,37.988
62,123,4.90624238092756,122,37.988
62,124,4.944230365426142,123,37.988
62,125,4.9822183499247235,124,37.988
62,126,5.020206334423305,125,37.988
62,127,5.0581943189218865,126,37.988
62,128,5.096182303420468,127,37.988
63,1,0.2864330801704442,0,286.433
63,2,0.3241886302452615,1,37.756
63,3,0.3619441803200788,2,37.756
63,4,0.3996997303948961,3,37.756
63,5,0.4374552804697134,4,37.756
63,6,0.47521083054453067,5,37.756
63,7,0.512966380619348,6,37.756
63,8,0.5507219306941653,7,37.756
63,9,0.5884774807689827,8,37.756
63,10,0.6262330308438,9,37.756
63,11,0.6639885809186173,10,37.756
63,12,0.7017441309934347,11,37.756
63,13,0.739499681068252,12,37.756
63,14,0.7772552311430694,13,37.756
63,15,0.8150107812178867,14,37.756
63,16,0.8527663312927041,15,37.756
63,17,0.8905218813675214,16,37.756
63,18,0.9282774314423388,17,37.756
63,19,0.9660329815171561,18,37.756
63,20,1.0037885315919735,19,37.756
63,21,1.0415440816667907,20,37.756
63,22,1.079299631741608,21,37.756
63,23,1.1170551818164252,22,37.756
63,24,1.1548107318912424,23,37.756
63,25,1.1925662819660596,24,37.756
63,26,1.2303218320408769,25,37.756
63,27,1.268077382115694,26,37.756
63,28,1.3058329321905113,27,37.756
63,29,1.3435884822653286,28,37.756
63,30,1.3813440323401458,29,37.756
63,31,1.419099582414963,30,37.756
63,32,1.4568551324897803,31,37.756
63,33,1.4946106825645975,32,37.756
63,34,1.5323662326394147,33,37.756
63,35,1.570121782714232,34,37.756
63,36,1.6078773327890492,35,37.756
63,37,1.6456328828638664,36,37.756
63,38,1.6833884329386837,37,37.756
63,39,1.721143983013501,38,37.756
63,40,1.7588995330883181,39,37.756
63,41,1.7966550831631354,40,37.756
63,42,1.8344106332379526,41,37.756
63,43,1.8721661833127698,42,37.756
63,44,1.909921733387587,43,37.756
63,45,1.9476772834624043,44,37.756
63,46,1.9854328335372216,45,37.756
63,47,2.023188383612039,46,37.756
63,48,2.0609439336868562,47,37.756
63,49,2.0986994837616737,48,37.756
63,50,2.1366317189519872,49,37.932
63,51,2.1745639541423007,50,37.932
63,52,2.2124961893326143,51,37.932
63,53,2.250428424522928,52,37.932
63,54,2.2883606597132413,53,37.932
63,55,2.326292894903555,54,37.932
63,56,2.3642251300938684,55,37.932
63,57,2.402157365284182,56,37.932
63,58,2.4400896004744954,57,37.932
63,59,2.478021835664809,58,37.932
63,60,2.5159540708551225,59,37.932
63,61,2.553886306045436,60,37.932
63,62,2.5918185412357495,61,37.932
63,63,2.629750776426063,62,37.932
63,64,2.6676830116163766,63,37.932
63,65,2.70561524680669,64,37.932
63,66,2.7435474819970036,65,37.932
63,67,2.781479717187317,66,37.932
63,68,2.8194119523776306,67,37.932
63,69,2.857344187567944,68,37.932
63,70,2.8952764227582577,69,37.932
63,71,2.933208657948571,70,37.932
63,72,2.9711408931388847,71,37.932
63,73,3.0090731283291983,72,37.932
63,74,3.047005363519512,73,37.932
63,75,3.0849375987098253,74,37.932
63,76,3.122869833900139,75,37.932
63,77,3.1608020690904524,76,37.932
63,78,3.198734304280766,77,37.932
63,79,3.2366665394710794,78,37.932
63,80,3.274598774661393,79,37.932
63,81,3.3125310098517065,80,37.932
63,82,3.35046324504202,81,37.932
63,83,3.3883954802323335,82,37.932
63,84,3.426327715422647,83,37.932
63,85,3.4642599506129605,84,37.932
63,86,3.502192185803274,85,37.932
63,87,3.5401244209935876,86,37.932
63,88,3.578056656183901,87,37.932
63,89,3.6159888913742146,88,37.932
63,90,3.653921126564528,89,37.932
63,91,3.6918533617548417,90,37.932
63,92,3.729785596945155,91,37.932
63,93,3.7677178321354687,92,37.932
63,94,3.8056500673257823,93,37.932
63,95,3.843582302516096,94,37.932
63,96,3.8815145377064093,95,37.932
63,97,3.919446772896723,96,37.932
63,98,3.9573790080870364,97,37.932
63,99,3.99531124327735,98,37.932
63,100,4.033243478467663,99,37.932
63,101,4.071175713657977,100,37.932
63,102,4.109107948848291,101,37.932
63,103,4.147040184038605,102,37.932
63,104,4.184972419228919,103,37.932
63,105,4.222904654419233,104,37.932
63,106,4.260836889609547,105,37.932
63,107,4.298769124799861,106,37.932
63,108,4.336701359990175,107,37.932
63,109,4.374633595180489,108,37.932
63,110,4.412565830370803,109,37.932
63,111,4.450498065561117,110,37.932
63,112,4.488430300751431,111,37.932
63,113,4.526362535941745,112,37.932
63,114,4.5643505204403265,113,37.988
63,115,4.602338504938908,114,37.988
63,116,4.64032648943749,115,37.988
63,117,4.678314473936071,116,37.988
63,118,4.716302458434653,117,37.988
63,119,4.754290442933234,118,37.988
63,120,4.792278427431816,119,37.988
63,121,4.830266411930397,120,37.988
63,122,4.868254396428979,121,37.988
63,123,4.90624238092756,122,37.988
63,124,4.944230365426142,123,37.988
63,125,4.9822183499247235,124,37.988
63,126,5.020206334423305,125,37.988
63,127,5.0581943189218865,126,37.988
63,128,5.096182303420468,127,37.988
64,1,0.2864330801704442,0,286.433
64,2,0.3241886302452615,1,37.756
64,3,0.3619441803200788,2,37.756
64,4,0.3996997303948961,3,37.756
64,5,0.4374552804697134,4,37.756
64,6,0.47521083054453067,5,37.756
64,7,0.512966380619348,6,37.756
64,8,0.5507219306941653,7,37.756
64,9,0.5884774807689827,8,37.756
64,10,0.6262330308438,9,37.756
64,11,0.6639885809186173,10,37.756
64,12,0.7017441309934347,11,37.756
64,13,0.739499681068252,12,37.756
64,14,0.7772552311430694,13,37.756
64,15,0.8150107812178867,14,37.756
64,16,0.8527663312927041,15,37.756
64,17,0.8905218813675214,16,37.756
64,18,0.9282774314423388,17,37.756
64,19,0.9660329815171561,18,37.756
64,20,1.0037885315919735,19,37.756
64,21,1.0415440816667907,20,37.756
64,22,1.079299631741608,21,37.756
64,23,1.1170551818164252,22,37.756
64,24,1.1548107318912424,23,37.756
64,25,1.1925662819660596,24,37.756
64,26,1.2303218320408769,25,37.756
64,27,1.268077382115694,26,37.756
64,28,1.3058329321905113,27,37.756
64,29,1.3435884822653286,28,37.756
64,30,1.3813440323401458,29,37.756
64,31,1.419099582414963,30,37.756
64,32,1.4568551324897803,31,37.756
64,33,1.4946106825645975,32,37.756
64,34,1.5323662326394147,33,37.756
64,35,1.570121782714232,34,37.756
64,36,1.6078773327890492,35,37.756
64,37,1.6456328828638664,36,37.756
64,38,1.6833884329386837,37,37.756
64,39,1.721143983013501,38,37.756
64,40,1.7588995330883181,39,37.756
64,41,1.7966550831631354,40,37.756
64,42,1.8344106332379526,41,37.756
64,43,1.8721661833127698,42,37.756
64,44,1.909921733387587,43,37.756
64,45,1.9476772834624043,44,37.756
64,46,1.9854328335372216,45,37.756
64,47,2.023188383612039,46,37.756
64,48,2.0609439336868562,47,37.756
64,49,2.0986994837616737,48,37.756
64,50,2.1366317189519872,49,37.932
64,51,2.1745639541423007,50,37.932
64,52,2.2124961893326143,51,37.932
64,53,2.250428424522928,52,37.932
64,54,2.2883606597132413,53,37.932
64,55,2.326292894903555,54,37.932
64,56,2.3642251300938684,55,37.932
64,57,2.402157365284182,56,37.932
64,58,2.4400896004744954,57,37.932
64,59,2.478021835664809,58,37.932
64,60,2.5159540708551225,59,37.932
64,61,2.553886306045436,60,37.932
64,62,2.5918185412357495,61,37.932
64,63,2.629750776426063,62,37.932
64,64,2.6676830116163766,63,37.932
64,65,2.70561524680669,64,37.932
64,66,2.7435474819970036,65,37.932
64,67,2.781479717187317,66,37.932
64,68,2.8194119523776306,67,37.932
64,69,2.857344187567944,68,37.932
64,70,2.8952764227582577,69,37.932
64,71,2.933208657948571,70,37.932
64,72,2.9711408931388847,71,37.932
64,73,3.0090731283291983,72,37.932
64,74,3.047005363519512,73,37.932
64,75,3.0849375987098253,74,37.932
64,76,3.122869833900139,75,37.932
64,77,3.1608020690904524,76,37.932
64,78,3.198734304280766,77,37.932
64,79,3.2366665394710794,78,37.932
64,80,3.274598774661393,79,37.932
64,81,3.3125310098517065,80,37.932
64,82,3.35046324504202,81,37.932
64,83,3.3883954802323335,82,37.932
64,84,3.426327715422647,83,37.932
64,85,3.4642599506129605,84,37.932
64,86,3.502192185803274,85,37.932
64,87,3.5401244209935876,86,37.932
64,88,3.578056656183901,87,37.932
64,89,3.6159888913742146,88,37.932
64,90,3.653921126564528,89,37.932
64,91,3.6918533617548417,90,37.932
64,92,3.729785596945155,91,37.932
64,93,3.7677178321354687,92,37.932
64,94,3.8056500673257823,93,37.932
64,95,3.843582302516096,94,37.932
64,96,3.8815145377064093,95,37.932
64,97,3.919446772896723,96,37.932
64,98,3.9573790080870364,97,37.932
64,99,3.99531124327735,98,37.932
64,100,4.033243478467663,99,37.932
64,101,4.071175713657977,100,37.932
64,102,4.109107948848291,101,37.932
64,103,4.147040184038605,102,37.932
64,104,4.184972419228919,103,37.932
64,105,4.222904654419233,104,37.932
64,106,4.260836889609547,105,37.932
64,107,4.298769124799861,106,37.932
64,108,4.336701359990175,107,37.932
64,109,4.374633595180489,108,37.932
64,110,4.412565830370803,109,37.932
64,111,4.450498065561117,110,37.932
64,112,4.488430300751431,111,37.932
64,113,4.526362535941745,112,37.932
64,114,4.5643505204403265,113,37.988
64,115,4.602338504938908,114,37.988
64,116,4.64032648943749,115,37.988
64,117,4.678314473936071,116,37.988
64,118,4.716302458434653,117,37.988
64,119,4.754290442933234,118,37.988
64,120,4.792278427431816,119,37.988
64,121,4.830266411930397,120,37.988
64,122,4.868254396428979,121,37.988
64,123,4.90624238092756,122,37.988
64,124,4.944230365426142,123,37.988
64,125,4.9822183499247235,124,37.988
64,126,5.020206334423305,125,37.988
64,127,5.0581943189218865,126,37.988
64,128,5.096182303420468,127,37.988
65,1,0.2864330801704442,0,286.433
65,2,0.3241886302452615,1,37.756
65,3,0.3619441803200788,2,37.756
65,4,0.3996997303948961,3,37.756
65,5,0.4374552804697134,4,37.756
65,6,0.47521083054453067,5,37.756
65,7,0.512966380619348,6,37.756
65,8,0.5507219306941653,7,37.756
65,9,0.5884774807689827,8,37.756
65,10,0.6262330308438,9,37.756
65,11,0.6639885809186173,10,37.756
65,12,0.7017441309934347,11,37.756
65,13,0.739499681068252,12,37.756
65,14,0.7772552311430694,13,37.756
65,15,0.8150107812178867,14,37.756
65,16,0.8527663312927041,15,37.756
65,17,0.8905218813675214,16,37.756
65,18,0.9282774314423388,17,37.756
65,19,0.9660329815171561,18,37.756
65,20,1.0037885315919735,19,37.756
65,21,1.0415440816667907,20,37.756
65,22,1.079299631741608,21,37.756
65,23,1.1170551818164252,22,37.756
65,24,1.1548107318912424,23,37.756
65,25,1.1925662819660596,24,37.756
65,26,1.2303218320408769,25,37.756
65,27,1.268077382115694,26,37.756
65,28,1.3058329321905113,27,37.756
65,29,1.3435884822653286,28,37.756
65,30,1.3813440323401458,29,37.756
65,31,1.419099582414963,30,37.756
65,32,1.4568551324897803,31,37.756
65,33,1.4946106825645975,32,37.756
65,34,1.5323662326394147,33,37.756
65,35,1.570121782714232,34,37.756
65,36,1.6078773327890492,35,37.756
65,37,1.6456328828638664,36,37.756
65,38,1.6833884329386837,37,37.756
65,39,1.721143983013501,38,37.756
65,40,1.7588995330883181,39,37.756
65,41,1.7966550831631354,40,37.756
65,42,1.8344106332379526,41,37.756
65,43,1.8721661833127698,42,37.756
65,44,1.909921733387587,43,37.756
65,45,1.9476772834624043,44,37.756
65,46,1.9854328335372216,45,37.756
65,47,2.023188383612039,46,37.756
65,48,2.0609439336868562,47,37.756
65,49,2.0986994837616737,48,37.756
65,50,2.1366317189519872,49,37.932
65,51,2.1745639541423007,50,37.932
65,52,2.2124961893326143,51,37.932
65,53,2.250428424522928,52,37.932
65,54,2.2883606597132413,53,37.932
65,55,2.326292894903555,54,37.932
65,56,2.3642251300938684,55,37.932
65,57,2.402157365284182,56,37.932
65,58,2.4400896004744954,57,37.932
65,59,2.478021835664809,58,37.932
65,60,2.5159540708551225,59,37.932
65,61,2.553886306045436,60,37.932
65,62,2.5918185412357495,61,37.932
65,63,2.629750776426063,62,37.932
65,64,2.6676830116163766,63,37.932
65,65,2.70561524680669,64,37.932
65,66,2.7435474819970036,65,37.932
65,67,2.781479717187317,66,37.932
65,68,2.8194119523776306,67,37.932
65,69,2.857344187567944,68,37.932
65,70,2.8952764227582577,69,37.932
65,71,2.933208657948571,70,37.932
65,72,2.9711408931388847,71,37.932
65,73,3.0090731283291983,72,37.932
65,74,3.047005363519512,73,37.932
65,75,3.0849375987098253,74,37.932
65,76,3.122869833900139,75,37.932
65,77,3.1608020690904524,76,37.932
65,78,3.198734304280766,77,37.932
65,79,3.2366665394710794,78,37.932
65,80,3.274598774661393,79,37.932
65,81,3.3125310098517065,80,37.932
65,82,3.35046324504202,81,37.932
65,83,3.3883954802323335,82,37.932
65,84,3.426327715422647,83,37.932
65,85,3.4642599506129605,84,37.932
65,86,3.502192185803274,85,37.932
65,87,3.5401244209935876,86,37.932
65,88,3.578056656183901,87,37.932
65,89,3.6159888913742146,88,37.932
65,90,3.653921126564528,89,37.932
65,91,3.6918533617548417,90,37.932
65,92,3.729785596945155,91,37.932
65,93,3.7677178321354687,92,37.932
65,94,3.8056500673257823,93,37.932
65,95,3.843582302516096,94,37.932
65,96,3.8815145377064093,95,37.932
65,97,3.919446772896723,96,37.932
65,98,3.9573790080870364,97,37.932
65,99,3.99531124327735,98,37.932
65,100,4.033243478467663,99,37.932
65,101,4.071175713657977,100,37.932
65,102,4.109107948848291,101,37.932
65,103,4.147040184038605,102,37.932
65,104,4.184972419228919,103,37.932
65,105,4.222904654419233,104,37.932
65,106,4.260836889609547,105,37.932
65,107,4.298769124799861,106,37.932
65,108,4.336701359990175,107,37.932
65,109,4.374633595180489,108,37.932
65,110,4.412565830370803,109,37.932
65,111,4.450498065561117,110,37.932
65,112,4.488430300751431,111,37.932
65,113,4.526362535941745,112,37.932
65,114,4.5643505204403265,113,37.988
65,115,4.602338504938908,114,37.988
65,116,4.64032648943749,115,37.988
65,117,4.678314473936071,116,37.988
65,118,4.716302458434653,117,37.988
65,119,4.754290442933234,118,37.988
65,120,4.792278427431816,119,37.988
65,121,4.830266411930397,120,37.988
65,122,4.868254396428979,121,37.988
65,123,4.90624238092756,122,37.988
65,124,4.944230365426142,123,37.988
65,125,4.9822183499247235,124,37.988
65,126,5.020206334423305,125,37.988
65,127,5.0581943189218865,126,37.988
65,128,5.096182303420468,127,37.988
66,1,0.2864330801704442,0,286.433
66,2,0.3241886302452615,1,37.756
66,3,0.3619441803200788,2,37.756
66,4,0.3996997303948961,3,37.756
66,5,0.4374552804697134,4,37.756
66,6,0.47521083054453067,5,37.756
66,7,0.512966380619348,6,37.756
66,8,0.5507219306941653,7,37.756
66,9,0.5884774807689827,8,37.756
66,10,0.6262330308438,9,37.756
66,11,0.6639885809186173,10,37.756
66,12,0.7017441309934347,11,37.756
66,13,0.739499681068252,12,37.756
66,14,0.7772552311430694,13,37.756
66,15,0.8150107812178867,14,37.756
66,16,0.8527663312927041,15,37.756
66,17,0.8905218813675214,16,37.756
66,18,0.9282774314423388,17,37.756
66,19,0.9660329815171561,18,37.756
66,20,1.0037885315919735,19,37.756
66,21,1.0415440816667907,20,37.756
66,22,1.079299631741608,21,37.756
66,23,1.1170551818164252,22,37.756
66,24,1.1548107318912424,23,37.756
66,25,1.1925662819660596,24,37.756
66,26,1.2303218320408769,25,37.756
66,27,1.268077382115694,26,37.756
66,28,1.3058329321905113,27,37.756
66,29,1.3435884822653286,28,37.756
66,30,1.3813440323401458,29,37.756
66,31,1.419099582414963,30,37.756
66,32,1.4568551324897803,31,37.756
66,33,1.4946106825645975,32,37.756
66,34,1.5323662326394147,33,37.756
66,35,1.570121782714232,34,37.756
66,36,1.6078773327890492,35,37.756
66,37,1.6456328828638664,36,37.756
66,38,1.6833884329386837,37,37.756
66,39,1.721143983013501,38,37.756
66,40,1.7588995330883181,39,37.756
66,41,1.7966550831631354,40,37.756
66,42,1.8344106332379526,41,37.756
66,43,1.8721661833127698,42,37.756
66,44,1.909921733387587,43,37.756
66,45,1.9476772834624043,44,37.756
66,46,1.9854328335372216,45,37.756
66,47,2.023188383612039,46,37.756
66,48,2.0609439336868562,47,37.756
66,49,2.0986994837616737,48,37.756
66,50,2.1366317189519872,49,37.932
66,51,2.1745639541423007,50,37.932
66,52,2.2124961893326143,51,37.932
66,53,2.250428424522928,52,37.932
66,54,2.2883606597132413,53,37.932
66,55,2.326292894903555,54,37.932
66,56,2.3642251300938684,55,37.932
66,57,2.402157365284182,56,37.932
66,58,2.4400896004744954,57,37.932
66,59,2.478021835664809,58,37.932
66,60,2.5159540708551225,59,37.932
66,61,2.553886306045436,60,37.932
66,62,2.5918185412357495,61,37.932
66,63,2.629750776426063,62,37.932
66,64,2.6676830116163766,63,37.932
66,65,2.70561524680669,64,37.932
66,66,2.7435474819970036,65,37.932
66,67,2.781479717187317,66,37.932
66,68,2.8194119523776306,67,37.932
66,69,2.857344187567944,68,37.932
66,70,2.8952764227582577,69,37.932
66,71,2.933208657948571,70,37.932
66,72,2.9711408931388847,71,37.932
66,73,3.0090731283291983,72,37.932
66,74,3.047005363519512,73,37.932
66,75,3.0849375987098253,74,37.932
66,76,3.122869833900139,75,37.932
66,77,3.1608020690904524,76,37.932
66,78,3.198734304280766,77,37.932
66,79,3.2366665394710794,78,37.932
66,80,3.274598774661393,79,37.932
66,81,3.3125310098517065,80,37.932
66,82,3.35046324504202,81,37.932
66,83,3.3883954802323335,82,37.932
66,84,3.426327715422647,83,37.932
66,85,3.4642599506129605,84,37.932
66,86,3.502192185803274,85,37.932
66,87,3.5401244209935876,86,37.932
66,88,3.578056656183901,87,37.932
66,89,3.6159888913742146,88,37.932
66,90,3.653921126564528,89,37.932
66,91,3.6918533617548417,90,37.932
66,92,3.729785596945155,91,37.932
66,93,3.7677178321354687,92,37.932
66,94,3.8056500673257823,93,37.932
66,95,3.843582302516096,94,37.932
66,96,3.8815145377064093,95,37.932
66,97,3.919446772896723,96,37.932
66,98,3.9573790080870364,97,37.932
66,99,3.99531124327735,98,37.932
66,100,4.033243478467663,99,37.932
66,101,4.071175713657977,100,37.932
66,102,4.109107948848291,101,37.932
66,103,4.147040184038605,102,37.932
66,104,4.184972419228919,103,37.932
66,105,4.222904654419233,104,37.932
66,106,4.260836889609547,105,37.932
66,107,4.298769124799861,106,37.932
66,108,4.336701359990175,107,37.932
66,109,4.374633595180489,108,37.932
66,110,4.412565830370803,109,37.932
66,111,4.450498065561117,110,37.932
66,112,4.488430300751431,111,37.932
66,113,4.526362535941745,112,37.932
66,114,4.5643505204403265,113,37.988
66,115,4.602338504938908,114,37.988
66,116,4.64032648943749,115,37.988
66,117,4.678314473936071,116,37.988
66,118,4.716302458434653,117,37.988
66,119,4.754290442933234,118,37.988
66,120,4.792278427431816,119,37.988
66,121,4.830266411930397,120,37.988
66,122,4.868254396428979,121,37.988
66,123,4.90624238092756,122,37.988
66,124,4.944230365426142,123,37.988
66,125,4.9822183499247235,124,37.988
66,126,5.020206334423305,125,37.988
66,127,5.0581943189218865,126,37.988
66,128,5.096182303420468,127,37.988
67,1,0.2864330801704442,0,286.433
67,2,0.3241886302452615,1,37.756
67,3,0.3619441803200788,2,37.756
67,4,0.3996997303948961,3,37.756
67,5,0.4374552804697134,4,37.756
67,6,0.47521083054453067,5,37.756
67,7,0.512966380619348,6,37.756
67,8,0.5507219306941653,7,37.756
67,9,0.5884774807689827,8,37.756
67,10,0.6262330308438,9,37.756
67,11,0.6639885809186173,10,37.756
67,12,0.7017441309934347,11,37.756
67,13,0.739499681068252,12,37.756
67,14,0.7772552311430694,13,37.756
67,15,0.8150107812178867,14,37.756
67,16,0.8527663312927041,15,37.756
67,17,0.8905218813675214,16,37.756
67,18,0.9282774314423388,17,37.756
67,19,0.9660329815171561,18,37.756
67,20,1.0037885315919735,19,37.756
67,21,1.0415440816667907,20,37.756
67,22,1.079299631741608,21,37.756
67,23,1.1170551818164252,22,37.756
67,24,1.1548107318912424,23,37.756
67,25,1.1925662819660596,24,37.756
67,26,1.2303218320408769,25,37.756
67,27,1.268077382115694,26,37.756
67,28,1.3058329321905113,27,37.756
67,29,1.3435884822653286,28,37.756
67,30,1.3813440323401458,29,37.756
67,31,1.419099582414963,30,37.756
67,32,1.4568551324897803,31,37.756
67,33,1.4946106825645975,32,37.756
67,34,1.5323662326394147,33,37.756
67,35,1.570121782714232,34,37.756
67,36,1.6078773327890492,35,37.756
67,37,1.6456328828638664,36,37.756
67,38,1.6833884329386837,37,37.756
67,39,1.721143983013501,38,37.756
67,40,1.7588995330883181,39,37.756
67,41,1.7966550831631354,40,37.756
67,42,1.8344106332379526,41,37.756
67,43,1.8721661833127698,42,37.756
67,44,1.909921733387587,43,37.756
67,45,1.9476772834624043,44,37.756
67,46,1.9854328335372216,45,37.756
67,47,2.023188383612039,46,37.756
67,48,2.0609439336868562,47,37.756
67,49,2.0986994837616737,48,37.756
67,50,2.1366317189519872,49,37.932
67,51,2.1745639541423007,50,37.932
67,52,2.2124961893326143,51,37.932
67,53,2.250428424522928,52,37.932
67,54,2.2883606597132413,53,37.932
67,55,2.326292894903555,54,37.932
67,56,2.3642251300938684,55,37.932
67,57,2.402157365284182,56,37.932
67,58,2.4400896004744954,57,37.932
67,59,2.478021835664809,58,37.932
67,60,2.5159540708551225,59,37.932
67,61,2.553886306045436,60,37.932
67,62,2.5918185412357495,61,37.932
67,63,2.629750776426063,62,37.932
67,64,2.6676830116163766,63,37.932
67,65,2.70561524680669,64,37.932
67,66,2.7435474819970036,65,37.932
67,67,2.781479717187317,66,37.932
67,68,2.8194119523776306,67,37.932
67,69,2.857344187567944,68,37.932
67,70,2.8952764227582577,69,37.932
67,71,2.933208657948571,70,37.932
67,72,2.9711408931388847,71,37.932
67,73,3.0090731283291983,72,37.932
67,74,3.047005363519512,73,37.932
67,75,3.0849375987098253,74,37.932
67,76,3.122869833900139,75,37.932
67,77,3.1608020690904524,76,37.932
67,78,3.198734304280766,77,37.932
67,79,3.2366665394710794,78,37.932
67,80,3.274598774661393,79,37.932
67,81,3.3125310098517065,80,37.932
67,82,3.35046324504202,81,37.932
67,83,3.3883954802323335,82,37.932
67,84,3.426327715422647,83,37.932
67,85,3.4642599506129605,84,37.932
67,86,3.502192185803274,85,37.932
67,87,3.5401244209935876,86,37.932
67,88,3.578056656183901,87,37.932
67,89,3.6159888913742146,88,37.932
67,90,3.653921126564528,89,37.932
67,91,3.6918533617548417,90,37.932
67,92,3.729785596945155,91,37.932
67,93,3.7677178321354687,92,37.932
67,94,3.8056500673257823,93,37.932
67,95,3.843582302516096,94,37.932
67,96,3.8815145377064093,95,37.932
67,97,3.919446772896723,96,37.932
67,98,3.9573790080870364,97,37.932
67,99,3.99531124327735,98,37.932
67,100,4.033243478467663,99,37.932
67,101,4.071175713657977,100,37.932
67,102,4.109107948848291,101,37.932
67,103,4.147040184038605,102,37.932
67,104,4.184972419228919,103,37.932
67,105,4.222904654419233,104,37.932
67,106,4.260836889609547,105,37.932
67,107,4.298769124799861,106,37.932
67,108,4.336701359990175,107,37.932
67,109,4.374633595180489,108,37.932
67,110,4.412565830370803,109,37.932
67,111,4.450498065561117,110,37.932
67,112,4.488430300751431,111,37.932
67,113,4.526362535941745,112,37.932
67,114,4.5643505204403265,113,37.988
67,115,4.602338504938908,114,37.988
67,116,4.64032648943749,115,37.988
67,117,4.678314473936071,116,37.988
67,118,4.716302458434653,117,37.988
67,119,4.754290442933234,118,37.988
67,120,4.792278427431816,119,37.988
67,121,4.830266411930397,120,37.988
67,122,4.868254396428979,121,37.988
67,123,4.90624238092756,122,37.988
67,124,4.944230365426142,123,37.988
67,125,4.9822183499247235,124,37.988
67,126,5.020206334423305,125,37.988
67,127,5.0581943189218865,126,37.988
67,128,5.096182303420468,127,37.988
68,1,0.2864330801704442,0,286.433
68,2,0.3241886302452615,1,37.756
68,3,0.3619441803200788,2,37.756
68,4,0.3996997303948961,3,37.756
68,5,0.4374552804697134,4,37.756
68,6,0.47521083054453067,5,37.756
68,7,0.512966380619348,6,37.756
68,8,0.5507219306941653,7,37.756
68,9,0.5884774807689827,8,37.756
68,10,0.6262330308438,9,37.756
68,11,0.6639885809186173,10,37.756
68,12,0.7017441309934347,11,37.756
68,13,0.739499681068252,12,37.756
68,14,0.7772552311430694,13,37.756
68,15,0.8150107812178867,14,37.756
68,16,0.8527663312927041,15,37.756
68,17,0.8905218813675214,16,37.756
68,18,0.9282774314423388,17,37.756
68,19,0.9660329815171561,18,37.756
68,20,1.0037885315919735,19,37.756
68,21,1.0415440816667907,20,37.756
68,22,1.079299631741608,21,37.756
68,23,1.1170551818164252,22,37.756
68,24,1.1548107318912424,23,37.756
68,25,1.1925662819660596,24,37.756
68,26,1.2303218320408769,25,37.756
68,27,1.268077382115694,26,37.756
68,28,1.3058329321905113,27,37.756
68,29,1.3435884822653286,28,37.756
68,30,1.3813440323401458,29,37.756
68,31,1.419099582414963,30,37.756
68,32,1.4568551324897803,31,37.756
68,33,1.4946106825645975,32,37.756
68,34,1.5323662326394147,33,37.756
68,35,1.570121782714232,34,37.756
68,36,1.6078773327890492,35,37.756
68,37,1.6456328828638664,36,37.756
68,38,1.6833884329386837,37,37.756
68,39,1.721143983013501,38,37.756
68,40,1.7588995330883181,39,37.756
68,41,1.7966550831631354,40,37.756
68,42,1.8344106332379526,41,37.756
68,43,1.8721661833127698,42,37.756
68,44,1.909921733387587,43,37.756
68,45,1.9476772834624043,44,37.756
68,46,1.9854328335372216,45,37.756
68,47,2.023188383612039,46,37.756
68,48,2.0609439336868562,47,37.756
68,49,2.0986994837616737,48,37.756
68,50,2.1366317189519872,49,37.932
68,51,2.1745639541423007,50,37.932
68,52,2.2124961893326143,51,37.932
68,53,2.250428424522928,52,37.932
68,54,2.2883606597132413,53,37.932
68,55,2.326292894903555,54,37.932
68,56,2.3642251300938684,55,37.932
68,57,2.402157365284182,56,37.932
68,58,2.4400896004744954,57,37.932
68,59,2.478021835664809,58,37.932
68,60,2.5159540708551225,59,37.932
68,61,2.553886306045436,60,37.932
68,62,2.5918185412357495,61,37.932
68,63,2.629750776426063,62,37.932
68,64,2.6676830116163766,63,37.932
68,65,2.70561524680669,64,37.932
68,66,2.7435474819970036,65,37.932
68,67,2.781479717187317,66,37.932
68,68,2.8194119523776306,67,37.932
68,69,2.857344187567944,68,37.932
68,70,2.8952764227582577,69,37.932
68,71,2.933208657948571,70,37.932
68,72,2.9711408931388847,71,37.932
68,73,3.0090731283291983,72,37.932
68,74,3.047005363519512,73,37.932
68,75,3.0849375987098253,74,37.932
68,76,3.122869833900139,75,37.932
68,77,3.1608020690904524,76,37.932
68,78,3.198734304280766,77,37.932
68,79,3.2366665394710794,78,37.932
68,80,3.274598774661393,79,37.932
68,81,3.3125310098517065,80,37.932
68,82,3.35046324504202,81,37.932
68,83,3.3883954802323335,82,37.932
68,84,3.426327715422647,83,37.932
68,85,3.4642599506129605,84,37.932
68,86,3.502192185803274,85,37.932
68,87,3.5401244209935876,86,37.932
68,88,3.578056656183901,87,37.932
68,89,3.6159888913742146,88,37.932
68,90,3.653921126564528,89,37.932
68,91,3.6918533617548417,90,37.932
68,92,3.729785596945155,91,37.932
68,93,3.7677178321354687,92,37.932
68,94,3.8056500673257823,93,37.932
68,95,3.843582302516096,94,37.932
68,96,3.8815145377064093,95,37.932
68,97,3.919446772896723,96,37.932
68,98,3.9573790080870364,97,37.932
68,99,3.99531124327735,98,37.932
68,100,4.033243478467663,99,37.932
68,101,4.071175713657977,100,37.932
68,102,4.109107948848291,101,37.932
68,103,4.147040184038605,102,37.932
68,104,4.184972419228919,103,37.932
68,105,4.222904654419233,104,37.932
68,106,4.260836889609547,105,37.932
68,107,4.298769124799861,106,37.932
68,108,4.336701359990175,107,37.932
68,109,4.374633595180489,108,37.932
68,110,4.412565830370803,109,37.932
68,111,4.450498065561117,110,37.932
68,112,4.488430300751431,111,37.932
68,113,4.526362535941745,112,37.932
68,114,4.5643505204403265,113,37.988
68,115,4.602338504938908,114,37.988
68,116,4.64032648943749,115,37.988
68,117,4.678314473936071,116,37.988
68,118,4.716302458434653,117,37.988
68,119,4.754290442933234,118,37.988
68,120,4.792278427431816,119,37.988
68,121,4.830266411930397,120,37.988
68,122,4.868254396428979,121,37.988
68,123,4.90624238092756,122,37.988
68,124,4.944230365426142,123,37.988
68,125,4.9822183499247235,124,37.988
68,126,5.020206334423305,125,37.988
68,127,5.0581943189218865,126,37.988
68,128,5.096182303420468,127,37.988
69,1,0.2864330801704442,0,286.433
69,2,0.3241886302452615,1,37.756
69,3,0.3619441803200788,2,37.756
69,4,0.3996997303948961,3,37.756
69,5,0.4374552804697134,4,37.756
69,6,0.47521083054453067,5,37.756
69,7,0.512966380619348,6,37.756
69,8,0.5507219306941653,7,37.756
69,9,0.5884774807689827,8,37.756
69,10,0.6262330308438,9,37.756
69,11,0.6639885809186173,10,37.756
69,12,0.7017441309934347,11,37.756
69,13,0.739499681068252,12,37.756
69,14,0.7772552311430694,13,37.756
69,15,0.8150107812178867,14,37.756
69,16,0.8527663312927041,15,37.756
69,17,0.8905218813675214,16,37.756
69,18,0.9282774314423388,17,37.756
69,19,0.9660329815171561,18,37.756
69,20,1.0037885315919735,19,37.756
69,21,1.0415440816667907,20,37.756
69,22,1.079299631741608,21,37.756
69,23,1.1170551818164252,22,37.756
69,24,1.1548107318912424,23,37.756
69,25,1.1925662819660596,24,37.756
69,26,1.2303218320408769,25,37.756
69,27,1.268077382115694,26,37.756
69,28,1.3058329321905113,27,37.756
69,29,1.3435884822653286,28,37.756
69,30,1.3813440323401458,29,37.756
69,31,1.419099582414963,30,37.756
69,32,1.4568551324897803,31,37.756
69,33,1.4946106825645975,32,37.756
69,34,1.5323662326394147,33,37.756
69,35,1.570121782714232,34,37.756
69,36,1.6078773327890492,35,37.756
69,37,1.6456328828638664,36,37.756
69,38,1.6833884329386837,37,37.756
69,39,1.721143983013501,38,37.756
69,40,1.7588995330883181,39,37.756
69,41,1.7966550831631354,40,37.756
69,42,1.8344106332379526,41,37.756
69,43,1.8721661833127698,42,37.756
69,44,1.909921733387587,43,37.756
69,45,1.9476772834624043,44,37.756
69,46,1.9854328335372216,45,37.756
69,47,2.023188383612039,46,37.756
69,48,2.0609439336868562,47,37.756
69,49,2.0986994837616737,48,37.756
69,50,2.1366317189519872,49,37.932
69,51,2.1745639541423007,50,37.932
69,52,2.2124961893326143,51,37.932
69,53,2.250428424522928,52,37.932
69,54,2.2883606597132413,53,37.932
69,55,2.326292894903555,54,37.932
69,56,2.3642251300938684,55,37.932
69,57,2.402157365284182,56,37.932
69,58,2.4400896004744954,57,37.932
69,59,2.478021835664809,58,37.932
69,60,2.5159540708551225,59,37.932
69,61,2.553886306045436,60,37.932
69,62,2.5918185412357495,61,37.932
69,63,2.629750776426063,62,37.932
69,64,2.6676830116163766,63,37.932
69,65,2.70561524680669,64,37.932
69,66,2.7435474819970036,65,37.932
69,67,2.781479717187317,66,37.932
69,68,2.8194119523776306,67,37.932
69,69,2.857344187567944,68,37.932
69,70,2.8952764227582577,69,37.932
69,71,2.933208657948571,70,37.932
69,72,2.9711408931388847,71,37.932
69,73,3.0090731283291983,72,37.932
69,74,3.047005363519512,73,37.932
69,75,3.0849375987098253,74,37.932
69,76,3.122869833900139,75,37.932
69,77,3.1608020690904524,76,37.932
69,78,3.198734304280766,77,37.932
69,79,3.2366665394710794,78,37.932
69,80,3.274598774661393,79,37.932
69,81,3.3125310098517065,80,37.932
69,82,3.35046324504202,81,37.932
69,83,3.3883954802323335,82,37.932
69,84,3.426327715422647,83,37.932
69,85,3.4642599506129605,84,37.932
69,86,3.502192185803274,85,37.932
69,87,3.5401244209935876,86,37.932
69,88,3.578056656183901,87,37.932
69,89,3.6159888913742146,88,37.932
69,90,3.653921126564528,89,37.932
69,91,3.6918533617548417,90,37.932
69,92,3.729785596945155,91,37.932
69,93,3.7677178321354687,92,37.932
69,94,3.8056500673257823,93,37.932
69,95,3.843582302516096,94,37.932
69,96,3.8815145377064093,95,37.932
69,97,3.919446772896723,96,37.932
69,98,3.9573790080870364,97,37.932
69,99,3.99531124327735,98,37.932
69,100,4.033243478467663,99,37.932
69,101,4.071175713657977,100,37.932
69,102,4.109107948848291,101,37.932
69,103,4.147040184038605,102,37.932
69,104,4.184972419228919,103,37.932
69,105,4.222904654419233,104,37.932
69,106,4.260836889609547,105,37.932
69,107,4.298769124799861,106,37.932
69,108,4.336701359990175,107,37.932
69,109,4.374633595180489,108,37.932
69,110,4.412565830370803,109,37.932
69,111,4.450498065561117,110,37.932
69,112,4.488430300751431,111,37.932
69,113,4.526362535941745,112,37.932
69,114,4.5643505204403265,113,37.988
69,115,4.602338504938908,114,37.988
69,116,4.64032648943749,115,37.988
69,117,4.678314473936071,116,37.988
69,118,4.716302458434653,117,37.988
69,119,4.754290442933234,118,37.988
69,120,4.792278427431816,119,37.988
69,121,4.830266411930397,120,37.988
69,122,4.868254396428979,121,37.988
69,123,4.90624238092756,122,37.988
69,124,4.944230365426142,123,37.988
69,125,4.9822183499247235,124,37.988
69,126,5.020206334423305,125,37.988
69,127,5.0581943189218865,126,37.988
69,128,5.096182303420468,127,37.988
70,1,0.2864330801704442,0,286.433
70,2,0.3241886302452615,1,37.756
70,3,0.3619441803200788,2,37.756
70,4,0.3996997303948961,3,37.756
70,5,0.4374552804697134,4,37.756
70,6,0.47521083054453067,5,37.756
70,7,0.512966380619348,6,37.756
70,8,0.5507219306941653,7,37.756
70,9,0.5884774807689827,8,37.756
70,10,0.6262330308438,9,37.756
70,11,0.6639885809186173,10,37.756
70,12,0.7017441309934347,11,37.756
70,13,0.739499681068252,12,37.756
70,14,0.7772552311430694,13,37.756
70,15,0.8150107812178867,14,37.756
70,16,0.8527663312927041,15,37.756
70,17,0.8905218813675214,16,37.756
70,18,0.9282774314423388,17,37.756
70,19,0.9660329815171561,18,37.756
70,20,1.0037885315919735,19,37.756
70,21,1.0415440816667907,20,37.756
70,22,1.079299631741608,21,37.756
70,23,1.1170551818164252,22,37.756
70,24,1.1548107318912424,23,37.756
70,25,1.1925662819660596,24,37.756
70,26,1.2303218320408769,25,37.756
70,27,1.268077382115694,26,37.756
70,28,1.3058329321905113,27,37.756
70,29,1.3435884822653286,28,37.756
70,30,1.3813440323401458,29,37.756
70,31,1.419099582414963,30,37.756
70,32,1.4568551324897803,31,37.756
70,33,1.4946106825645975,32,37.756
70,34,1.5323662326394147,33,37.756
70,35,1.570121782714232,34,37.756
70,36,1.6078773327890492,35,37.756
70,37,1.6456328828638664,36,37.756
70,38,1.6833884329386837,37,37.756
70,39,1.721143983013501,38,37.756
70,40,1.7588995330883181,39,37.756
70,41,1.7966550831631354,40,37.756
70,42,1.8344106332379526,41,37.756
70,43,1.8721661833127698,42,37.756
70,44,1.909921733387587,43,37.756
70,45,1.9476772834624043,44,37.756
70,46,1.9854328335372216,45,37.756
70,47,2.023188383612039,46,37.756
70,48,2.0609439336868562,47,37.756
70,49,2.0986994837616737,48,37.756
70,50,2.1366317189519872,49,37.932
70,51,2.1745639541423007,50,37.932
70,52,2.2124961893326143,51,37.932
70,53,2.250428424522928,52,37.932
70,54,2.2883606597132413,53,37.932
70,55,2.326292894903555,54,37.932
70,56,2.3642251300938684,55,37.932
70,57,2.402157365284182,56,37.932
70,58,2.4400896004744954,57,37.932
70,59,2.478021835664809,58,37.932
70,60,2.5159540708551225,59,37.932
70,61,2.553886306045436,60,37.932
70,62,2.5918185412357495,61,37.932
70,63,2.629750776426063,62,37.932
70,64,2.6676830116163766,63,37.932
70,65,2.70561524680669,64,37.932
70,66,2.7435474819970036,65,37.932
70,67,2.781479717187317,66,37.932
70,68,2.8194119523776306,67,37.932
70,69,2.857344187567944,68,37.932
70,70,2.8952764227582577,69,37.932
70,71,2.933208657948571,70,37.932
70,72,2.9711408931388847,71,37.932
70,73,3.0090731283291983,72,37.932
70,74,3.047005363519512,73,37.932
70,75,3.0849375987098253,74,37.932
70,76,3.122869833900139,75,37.932
70,77,3.1608020690904524,76,37.932
70,78,3.198734304280766,77,37.932
70,79,3.2366665394710794,78,37.932
70,80,3.274598774661393,79,37.932
70,81,3.3125310098517065,80,37.932
70,82,3.35046324504202,81,37.932
70,83,3.3883954802323335,82,37.932
70,84,3.426327715422647,83,37.932
70,85,3.4642599506129605,84,37.932
70,86,3.502192185803274,85,37.932
70,87,3.5401244209935876,86,37.932
70,88,3.578056656183901,87,37.932
70,89,3.6159888913742146,88,37.932
70,90,3.653921126564528,89,37.932
70,91,3.6918533617548417,90,37.932
70,92,3.729785596945155,91,37.932
70,93,3.7677178321354687,92,37.932
70,94,3.8056500673257823,93,37.932
70,95,3.843582302516096,94,37.932
70,96,3.8815145377064093,95,37.932
70,97,3.919446772896723,96,37.932
70,98,3.9573790080870364,97,37.932
70,99,3.99531124327735,98,37.932
70,100,4.033243478467663,99,37.932
70,101,4.071175713657977,100,37.932
70,102,4.109107948848291,101,37.932
70,103,4.147040184038605,102,37.932
70,104,4.184972419228919,103,37.932
70,105,4.222904654419233,104,37.932
70,106,4.260836889609547,105,37.932
70,107,4.298769124799861,106,37.932
70,108,4.336701359990175,107,37.932
70,109,4.374633595180489,108,37.932
70,110,4.412565830370803,109,37.932
70,111,4.450498065561117,110,37.932
70,112,4.488430300751431,111,37.932
70,113,4.526362535941745,112,37.932
70,114,4.5643505204403265,113,37.988
70,115,4.602338504938908,114,37.988
70,116,4.64032648943749,115,37.988
70,117,4.678314473936071,116,37.988
70,118,4.716302458434653,117,37.988
70,119,4.754290442933234,118,37.988
70,120,4.792278427431816,119,37.988
70,121,4.830266411930397,120,37.988
70,122,4.868254396428979,121,37.988
70,123,4.90624238092756,122,37.988
70,124,4.944230365426142,123,37.988
70,125,4.9822183499247235,124,37.988
70,126,5.020206334423305,125,37.988
70,127,5.0581943189218865,126,37.988
70,128,5.096182303420468,127,37.988
71,1,0.2864330801704442,0,286.433
71,2,0.3241886302452615,1,37.756
71,3,0.3619441803200788,2,37.756
71,4,0.3996997303948961,3,37.756
71,5,0.4374552804697134,4,37.756
71,6,0.47521083054453067,5,37.756
71,7,0.512966380619348,6,37.756
71,8,0.5507219306941653,7,37.756
71,9,0.5884774807689827,8,37.756
71,10,0.6262330308438,9,37.756
71,11,0.6639885809186173,10,37.756
71,12,0.7017441309934347,11,37.756
71,13,0.739499681068252,12,37.756
71,14,0.7772552311430694,13,37.756
71,15,0.8150107812178867,14,37.756
71,16,0.8527663312927041,15,37.756
71,17,0.8905218813675214,16,37.756
71,18,0.9282774314423388,17,37.756
71,19,0.9660329815171561,18,37.756
71,20,1.0037885315919735,19,37.756
71,21,1.0415440816667907,20,37.756
71,22,1.079299631741608,21,37.756
71,23,1.1170551818164252,22,37.756
71,24,1.1548107318912424,23,37.756
71,25,1.1925662819660596,24,37.756
71,26,1.2303218320408769,25,37.756
71,27,1.268077382115694,26,37.756
71,28,1.3058329321905113,27,37.756
71,29,1.3435884822653286,28,37.756
71,30,1.3813440323401458,29,37.756
71,31,1.419099582414963,30,37.756
71,32,1.4568551324897803,31,37.756
71,33,1.4946106825645975,32,37.756
71,34,1.5323662326394147,33,37.756
71,35,1.570121782714232,34,37.756
71,36,1.6078773327890492,35,37.756
71,37,1.6456328828638664,36,37.756
71,38,1.6833884329386837,37,37.756
71,39,1.721143983013501,38,37.756
71,40,1.7588995330883181,39,37.756
71,41,1.7966550831631354,40,37.756
71,42,1.8344106332379526,41,37.756
71,43,1.8721661833127698,42,37.756
71,44,1.909921733387587,43,37.756
71,45,1.9476772834624043,44,37.756
71,46,1.9854328335372216,45,37.756
71,47,2.023188383612039,46,37.756
71,48,2.0609439336868562,47,37.756
71,49,2.0986994837616737,48,37.756
71,50,2.1366317189519872,49,37.932
71,51,2.1745639541423007,50,37.932
71,52,2.2124961893326143,51,37.932
71,53,2.250428424522928,52,37.932
71,54,2.2883606597132413,53,37.932
71,55,2.326292894903555,54,37.932
71,56,2.3642251300938684,55,37.932
71,57,2.402157365284182,56,37.932
71,58,2.4400896004744954,57,37.932
71,59,2.478021835664809,58,37.932
71,60,2.5159540708551225,59,37.932
71,61,2.553886306045436,60,37.932
71,62,2.5918185412357495,61,37.932
71,63,2.629750776426063,62,37.932
71,64,2.6676830116163766,63,37.932
71,65,2.70561524680669,64,37.932
71,66,2.7435474819970036,65,37.932
71,67,2.781479717187317,66,37.932
71,68,2.8194119523776306,67,37.932
71,69,2.857344187567944,68,37.932
71,70,2.8952764227582577,69,37.932
71,71,2.933208657948571,70,37.932
71,72,2.9711408931388847,71,37.932
71,73,3.0090731283291983,72,37.932
71,74,3.047005363519512,73,37.932
71,75,3.0849375987098253,74,37.932
71,76,3.122869833900139,75,37.932
71,77,3.1608020690904524,76,37.932
71,78,3.198734304280766,77,37.932
71,79,3.2366665394710794,78,37.932
71,80,3.274598774661393,79,37.932
71,81,3.3125310098517065,80,37.932
71,82,3.35046324504202,81,37.932
71,83,3.3883954802323335,82,37.932
71,84,3.426327715422647,83,37.932
71,85,3.4642599506129605,84,37.932
71,86,3.502192185803274,85,37.932
71,87,3.5401244209935876,86,37.932
71,88,3.578056656183901,87,37.932
71,89,3.6159888913742146,88,37.932
71,90,3.653921126564528,89,37.932
71,91,3.6918533617548417,90,37.932
71,92,3.729785596945155,91,37.932
71,93,3.7677178321354687,92,37.932
71,94,3.8056500673257823,93,37.932
71,95,3.843582302516096,94,37.932
71,96,3.8815145377064093,95,37.932
71,97,3.919446772896723,96,37.932
71,98,3.9573790080870364,97,37.932
71,99,3.99531124327735,98,37.932
71,100,4.033243478467663,99,37.932
71,101,4.071175713657977,100,37.932
71,102,4.109107948848291,101,37.932
71,103,4.147040184038605,102,37.932
71,104,4.184972419228919,103,37.932
71,105,4.222904654419233,104,37.932
71,106,4.260836889609547,105,37.932
71,107,4.298769124799861,106,37.932
71,108,4.336701359990175,107,37.932
71,109,4.374633595180489,108,37.932
71,110,4.412565830370803,109,37.932
71,111,4.450498065561117,110,37.932
71,112,4.488430300751431,111,37.932
71,113,4.526362535941745,112,37.932
71,114,4.5643505204403265,113,37.988
71,115,4.602338504938908,114,37.988
71,116,4.64032648943749,115,37.988
71,117,4.678314473936071,116,37.988
71,118,4.716302458434653,117,37.988
71,119,4.754290442933234,118,37.988
71,120,4.792278427431816,119,37.988
71,121,4.830266411930397,120,37.988
71,122,4.868254396428979,121,37.988
71,123,4.90624238092756,122,37.988
71,124,4.944230365426142,123,37.988
71,125,4.9822183499247235,124,37.988
71,126,5.020206334423305,125,37.988
71,127,5.0581943189218865,126,37.988
71,128,5.096182303420468,127,37.988
72,1,0.2864330801704442,0,286.433
72,2,0.3241886302452615,1,37.756
72,3,0.3619441803200788,2,37.756
72,4,0.3996997303948961,3,37.756
72,5,0.4374552804697134,4,37.756
72,6,0.47521083054453067,5,37.756
72,7,0.512966380619348,6,37.756
72,8,0.5507219306941653,7,37.756
72,9,0.5884774807689827,8,37.756
72,10,0.6262330308438,9,37.756
72,11,0.6639885809186173,10,37.756
72,12,0.7017441309934347,11,37.756
72,13,0.739499681068252,12,37.756
72,14,0.7772552311430694,13,37.756
72,15,0.8150107812178867,14,37.756
72,16,0.8527663312927041,15,37.756
72,17,0.8905218813675214,16,37.756
72,18,0.9282774314423388,17,37.756
72,19,0.9660329815171561,18,37.756
72,20,1.0037885315919735,19,37.756
72,21,1.0415440816667907,20,37.756
72,22,1.079299631741608,21,37.756
72,23,1.1170551818164252,22,37.756
72,24,1.1548107318912424,23,37.756
72,25,1.1925662819660596,24,37.756
72,26,1.2303218320408769,25,37.756
72,27,1.268077382115694,26,37.756
72,28,1.3058329321905113,27,37.756
72,29,1.3435884822653286,28,37.756
72,30,1.3813440323401458,29,37.756
72,31,1.419099582414963,30,37.756
72,32,1.4568551324897803,31,37.756
72,33,1.4946106825645975,32,37.756
72,34,1.5323662326394147,33,37.756
72,35,1.570121782714232,34,37.756
72,36,1.6078773327890492,35,37.756
72,37,1.6456328828638664,36,37.756
72,38,1.6833884329386837,37,37.756
72,39,1.721143983013501,38,37.756
72,40,1.7588995330883181,39,37.756
72,41,1.7966550831631354,40,37.756
72,42,1.8344106332379526,41,37.756
72,43,1.8721661833127698,42,37.756
72,44,1.909921733387587,43,37.756
72,45,1.9476772834624043,44,37.756
72,46,1.9854328335372216,45,37.756
72,47,2.023188383612039,46,37.756
72,48,2.0609439336868562,47,37.756
72,49,2.0986994837616737,48,37.756
72,50,2.1366317189519872,49,37.932
72,51,2.1745639541423007,50,37.932
72,52,2.2124961893326143,51,37.932
72,53,2.250428424522928,52,37.932
72,54,2.2883606597132413,53,37.932
72,55,2.326292894903555,54,37.932
72,56,2.3642251300938684,55,37.932
72,57,2.402157365284182,56,37.932
72,58,2.4400896004744954,57,37.932
72,59,2.478021835664809,58,37.932
72,60,2.5159540708551225,59,37.932
72,61,2.553886306045436,60,37.932
72,62,2.5918185412357495,61,37.932
72,63,2.629750776426063,62,37.932
72,64,2.6676830116163766,63,37.932
72,65,2.70561524680669,64,37.932
72,66,2.7435474819970036,65,37.932
72,67,2.781479717187317,66,37.932
72,68,2.8194119523776306,67,37.932
72,69,2.857344187567944,68,37.932
72,70,2.8952764227582577,69,37.932
72,71,2.933208657948571,70,37.932
72,72,2.9711408931388847,71,37.932
72,73,3.0090731283291983,72,37.932
72,74,3.047005363519512,73,37.932
72,75,3.0849375987098253,74,37.932
72,76,3.122869833900139,75,37.932
72,77,3.1608020690904524,76,37.932
72,78,3.198734304280766,77,37.932
72,79,3.2366665394710794,78,37.932
72,80,3.274598774661393,79,37.932
72,81,3.3125310098517065,80,37.932
72,82,3.35046324504202,81,37.932
72,83,3.3883954802323335,82,37.932
72,84,3.426327715422647,83,37.932
72,85,3.4642599506129605,84,37.932
72,86,3.502192185803274,85,37.932
72,87,3.5401244209935876,86,37.932
72,88,3.578056656183901,87,37.932
72,89,3.6159888913742146,88,37.932
72,90,3.653921126564528,89,37.932
72,91,3.6918533617548417,90,37.932
72,92,3.729785596945155,91,37.932
72,93,3.7677178321354687,92,37.932
72,94,3.8056500673257823,93,37.932
72,95,3.843582302516096,94,37.932
72,96,3.8815145377064093,95,37.932
72,97,3.919446772896723,96,37.932
72,98,3.9573790080870364,97,37.932
72,99,3.99531124327735,98,37.932
72,100,4.033243478467663,99,37.932
72,101,4.071175713657977,100,37.932
72,102,4.109107948848291,101,37.932
72,103,4.147040184038605,102,37.932
72,104,4.184972419228919,103,37.932
72,105,4.222904654419233,104,37.932
72,106,4.260836889609547,105,37.932
72,107,4.298769124799861,106,37.932
72,108,4.336701359990175,107,37.932
72,109,4.374633595180489,108,37.932
72,110,4.412565830370803,109,37.932
72,111,4.450498065561117,110,37.932
72,112,4.488430300751431,111,37.932
72,113,4.526362535941745,112,37.932
72,114,4.5643505204403265,113,37.988
72,115,4.602338504938908,114,37.988
72,116,4.64032648943749,115,37.988
72,117,4.678314473936071,116,37.988
72,118,4.716302458434653,117,37.988
72,119,4.754290442933234,118,37.988
72,120,4.792278427431816,119,37.988
72,121,4.830266411930397,120,37.988
72,122,4.868254396428979,121,37.988
72,123,4.90624238092756,122,37.988
72,124,4.944230365426142,123,37.988
72,125,4.9822183499247235,124,37.988
72,126,5.020206334423305,125,37.988
72,127,5.0581943189218865,126,37.988
72,128,5.096182303420468,127,37.988
73,1,0.2864330801704442,0,286.433
73,2,0.3241886302452615,1,37.756
73,3,0.3619441803200788,2,37.756
73,4,0.3996997303948961,3,37.756
73,5,0.4374552804697134,4,37.756
73,6,0.47521083054453067,5,37.756
73,7,0.512966380619348,6,37.756
73,8,0.5507219306941653,7,37.756
73,9,0.5884774807689827,8,37.756
73,10,0.6262330308438,9,37.756
73,11,0.6639885809186173,10,37.756
73,12,0.7017441309934347,11,37.756
73,13,0.739499681068252,12,37.756
73,14,0.7772552311430694,13,37.756
73,15,0.8150107812178867,14,37.756
73,16,0.8527663312927041,15,37.756
73,17,0.8905218813675214,16,37.756
73,18,0.9282774314423388,17,37.756
73,19,0.9660329815171561,18,37.756
73,20,1.0037885315919735,19,37.756
73,21,1.0415440816667907,20,37.756
73,22,1.079299631741608,21,37.756
73,23,1.1170551818164252,22,37.756
73,24,1.1548107318912424,23,37.756
73,25,1.1925662819660596,24,37.756
73,26,1.2303218320408769,25,37.756
73,27,1.268077382115694,26,37.756
73,28,1.3058329321905113,27,37.756
73,29,1.3435884822653286,28,37.756
73,30,1.3813440323401458,29,37.756
73,31,1.419099582414963,30,37.756
73,32,1.4568551324897803,31,37.756
73,33,1.4946106825645975,32,37.756
73,34,1.5323662326394147,33,37.756
73,35,1.570121782714232,34,37.756
73,36,1.6078773327890492,35,37.756
73,37,1.6456328828638664,36,37.756
73,38,1.6833884329386837,37,37.756
73,39,1.721143983013501,38,37.756
73,40,1.7588995330883181,39,37.756
73,41,1.7966550831631354,40,37.756
73,42,1.8344106332379526,41,37.756
73,43,1.8721661833127698,42,37.756
73,44,1.909921733387587,43,37.756
73,45,1.9476772834624043,44,37.756
73,46,1.9854328335372216,45,37.756
73,47,2.023188383612039,46,37.756
73,48,2.0609439336868562,47,37.756
73,49,2.0986994837616737,48,37.756
73,50,2.1366317189519872,49,37.932
73,51,2.1745639541423007,50,37.932
73,52,2.2124961893326143,51,37.932
73,53,2.250428424522928,52,37.932
73,54,2.2883606597132413,53,37.932
73,55,2.326292894903555,54,37.932
73,56,2.3642251300938684,55,37.932
73,57,2.402157365284182,56,37.932
73,58,2.4400896004744954,57,37.932
73,59,2.478021835664809,58,37.932
73,60,2.5159540708551225,59,37.932
73,61,2.553886306045436,60,37.932
73,62,2.5918185412357495,61,37.932
73,63,2.629750776426063,62,37.932
73,64,2.6676830116163766,63,37.932
73,65,2.70561524680669,64,37.932
73,66,2.7435474819970036,65,37.932
73,67,2.781479717187317,66,37.932
73,68,2.8194119523776306,67,37.932
73,69,2.857344187567944,68,37.932
73,70,2.8952764227582577,69,37.932
73,71,2.933208657948571,70,37.932
73,72,2.9711408931388847,71,37.932
73,73,3.0090731283291983,72,37.932
73,74,3.047005363519512,73,37.932
73,75,3.0849375987098253,74,37.932
73,76,3.122869833900139,75,37.932
73,77,3.1608020690904524,76,37.932
73,78,3.198734304280766,77,37.932
73,79,3.2366665394710794,78,37.932
73,80,3.274598774661393,79,37.932
73,81,3.3125310098517065,80,37.932
73,82,3.35046324504202,81,37.932
73,83,3.3883954802323335,82,37.932
73,84,3.426327715422647,83,37.932
73,85,3.4642599506129605,84,37.932
73,86,3.502192185803274,85,37.932
73,87,3.5401244209935876,86,37.932
73,88,3.578056656183901,87,37.932
73,89,3.6159888913742146,88,37.932
73,90,3.653921126564528,89,37.932
73,91,3.6918533617548417,90,37.932
73,92,3.729785596945155,91,37.932
73,93,3.7677178321354687,92,37.932
73,94,3.8056500673257823,93,37.932
73,95,3.843582302516096,94,37.932
73,96,3.8815145377064093,95,37.932
73,97,3.919446772896723,96,37.932
73,98,3.9573790080870364,97,37.932
73,99,3.99531124327735,98,37.932
73,100,4.033243478467663,99,37.932
73,101,4.071175713657977,100,37.932
73,102,4.109107948848291,101,37.932
73,103,4.147040184038605,102,37.932
73,104,4.184972419228919,103,37.932
73,105,4.222904654419233,104,37.932
73,106,4.260836889609547,105,37.932
73,107,4.298769124799861,106,37.932
73,108,4.336701359990175,107,37.932
73,109,4.374633595180489,108,37.932
73,110,4.412565830370803,109,37.932
73,111,4.450498065561117,110,37.932
73,112,4.488430300751431,111,37.932
73,113,4.526362535941745,112,37.932
73,114,4.5643505204403265,113,37.988
73,115,4.602338504938908,114,37.988
73,116,4.64032648943749,115,37.988
73,117,4.678314473936071,116,37.988
73,118,4.716302458434653,117,37.988
73,119,4.754290442933234,118,37.988
73,120,4.792278427431816,119,37.988
73,121,4.830266411930397,120,37.988
73,122,4.868254396428979,121,37.988
73,123,4.90624238092756,122,37.988
73,124,4.944230365426142,123,37.988
73,125,4.9822183499247235,124,37.988
73,126,5.020206334423305,125,37.988
73,127,5.0581943189218865,126,37.988
73,128,5.096182303420468,127,37.988
74,1,0.2864330801704442,0,286.433
74,2,0.3241886302452615,1,37.756
74,3,0.3619441803200788,2,37.756
74,4,0.3996997303948961,3,37.756
74,5,0.4374552804697134,4,37.756
74,6,0.47521083054453067,5,37.756
74,7,0.512966380619348,6,37.756
74,8,0.5507219306941653,7,37.756
74,9,0.5884774807689827,8,37.756
74,10,0.6262330308438,9,37.756
74,11,0.6639885809186173,10,37.756
74,12,0.7017441309934347,11,37.756
74,13,0.739499681068252,12,37.756
74,14,0.7772552311430694,13,37.756
74,15,0.8150107812178867,14,37.756
74,16,0.8527663312927041,15,37.756
74,17,0.8905218813675214,16,37.756
74,18,0.9282774314423388,17,37.756
74,19,0.9660329815171561,18,37.756
74,20,1.0037885315919735,19,37.756
74,21,1.0415440816667907,20,37.756
74,22,1.079299631741608,21,37.756
74,23,1.1170551818164252,22,37.756
74,24,1.1548107318912424,23,37.756
74,25,1.1925662819660596,24,37.756
74,26,1.2303218320408769,25,37.756
74,27,1.268077382115694,26,37.756
74,28,1.3058329321905113,27,37.756
74,29,1.3435884822653286,28,37.756
74,30,1.3813440323401458,29,37.756
74,31,1.419099582414963,30,37.756
74,32,1.4568551324897803,31,37.756
74,33,1.4946106825645975,32,37.756
74,34,1.5323662326394147,33,37.756
74,35,1.570121782714232,34,37.756
74,36,1.6078773327890492,35,37.756
74,37,1.6456328828638664,36,37.756
74,38,1.6833884329386837,37,37.756
74,39,1.721143983013501,38,37.756
74,40,1.7588995330883181,39,37.756
74,41,1.7966550831631354,40,37.756
74,42,1.8344106332379526,41,37.756
74,43,1.8721661833127698,42,37.756
74,44,1.909921733387587,43,37.756
74,45,1.9476772834624043,44,37.756
74,46,1.9854328335372216,45,37.756
74,47,2.023188383612039,46,37.756
74,48,2.0609439336868562,47,37.756
74,49,2.0986994837616737,48,37.756
74,50,2.1366317189519872,49,37.932
74,51,2.1745639541423007,50,37.932
74,52,2.2124961893326143,51,37.932
74,53,2.250428424522928,52,37.932
74,54,2.2883606597132413,53,37.932
74,55,2.326292894903555,54,37.932
74,56,2.3642251300938684,55,37.932
74,57,2.402157365284182,56,37.932
74,58,2.4400896004744954,57,37.932
74,59,2.478021835664809,58,37.932
74,60,2.5159540708551225,59,37.932
74,61,2.553886306045436,60,37.932
74,62,2.5918185412357495,61,37.932
74,63,2.629750776426063,62,37.932
74,64,2.6676830116163766,63,37.932
74,65,2.70561524680669,64,37.932
74,66,2.7435474819970036,65,37.932
74,67,2.781479717187317,66,37.932
74,68,2.8194119523776306,67,37.932
74,69,2.857344187567944,68,37.932
74,70,2.8952764227582577,69,37.932
74,71,2.933208657948571,70,37.932
74,72,2.9711408931388847,71,37.932
74,73,3.0090731283291983,72,37.932
74,74,3.047005363519512,73,37.932
74,75,3.0849375987098253,74,37.932
74,76,3.122869833900139,75,37.932
74,77,3.1608020690904524,76,37.932
74,78,3.198734304280766,77,37.932
74,79,3.2366665394710794,78,37.932
74,80,3.274598774661393,79,37.932
74,81,3.3125310098517065,80,37.932
74,82,3.35046324504202,81,37.932
74,83,3.3883954802323335,82,37.932
74,84,3.426327715422647,83,37.932
74,85,3.4642599506129605,84,37.932
74,86,3.502192185803274,85,37.932
74,87,3.5401244209935876,86,37.932
74,88,3.578056656183901,87,37.932
74,89,3.6159888913742146,88,37.932
74,90,3.653921126564528,89,37.932
74,91,3.6918533617548417,90,37.932
74,92,3.729785596945155,91,37.932
74,93,3.7677178321354687,92,37.932
74,94,3.8056500673257823,93,37.932
74,95,3.843582302516096,94,37.932
74,96,3.8815145377064093,95,37.932
74,97,3.919446772896723,96,37.932
74,98,3.9573790080870364,97,37.932
74,99,3.99531124327735,98,37.932
74,100,4.033243478467663,99,37.932
74,101,4.071175713657977,100,37.932
74,102,4.109107948848291,101,37.932
74,103,4.147040184038605,102,37.932
74,104,4.184972419228919,103,37.932
74,105,4.222904654419233,104,37.932
74,106,4.260836889609547,105,37.932
74,107,4.298769124799861,106,37.932
74,108,4.336701359990175,107,37.932
74,109,4.374633595180489,108,37.932
74,110,4.412565830370803,109,37.932
74,111,4.450498065561117,110,37.932
74,112,4.488430300751431,111,37.932
74,113,4.526362535941745,112,37.932
74,114,4.5643505204403265,113,37.988
74,115,4.602338504938908,114,37.988
74,116,4.64032648943749,115,37.988
74,117,4.678314473936071,116,37.988
74,118,4.716302458434653,117,37.988
74,119,4.754290442933234,118,37.988
74,120,4.792278427431816,119,37.988
74,121,4.830266411930397,120,37.988
74,122,4.868254396428979,121,37.988
74,123,4.90624238092756,122,37.988
74,124,4.944230365426142,123,37.988
74,125,4.9822183499247235,124,37.988
74,126,5.020206334423305,125,37.988
74,127,5.0581943189218865,126,37.988
74,128,5.096182303420468,127,37.988
75,1,0.2864330801704442,0,286.433
75,2,0.3241886302452615,1,37.756
75,3,0.3619441803200788,2,37.756
75,4,0.3996997303948961,3,37.756
75,5,0.4374552804697134,4,37.756
75,6,0.47521083054453067,5,37.756
75,7,0.512966380619348,6,37.756
75,8,0.5507219306941653,7,37.756
75,9,0.5884774807689827,8,37.756
75,10,0.6262330308438,9,37.756
75,11,0.6639885809186173,10,37.756
75,12,0.7017441309934347,11,37.756
75,13,0.739499681068252,12,37.756
75,14,0.7772552311430694,13,37.756
75,15,0.8150107812178867,14,37.756
75,16,0.8527663312927041,15,37.756
75,17,0.8905218813675214,16,37.756
75,18,0.9282774314423388,17,37.756
75,19,0.9660329815171561,18,37.756
75,20,1.0037885315919735,19,37.756
75,21,1.0415440816667907,20,37.756
75,22,1.079299631741608,21,37.756
75,23,1.1170551818164252,22,37.756
75,24,1.1548107318912424,23,37.756
75,25,1.1925662819660596,24,37.756
75,26,1.2303218320408769,25,37.756
75,27,1.268077382115694,26,37.756
75,28,1.3058329321905113,27,37.756
75,29,1.3435884822653286,28,37.756
75,30,1.3813440323401458,29,37.756
75,31,1.419099582414963,30,37.756
75,32,1.4568551324897803,31,37.756
75,33,1.4946106825645975,32,37.756
75,34,1.5323662326394147,33,37.756
75,35,1.570121782714232,34,37.756
75,36,1.6078773327890492,35,37.756
75,37,1.6456328828638664,36,37.756
75,38,1.6833884329386837,37,37.756
75,39,1.721143983013501,38,37.756
75,40,1.7588995330883181,39,37.756
75,41,1.7966550831631354,40,37.756
75,42,1.8344106332379526,41,37.756
75,43,1.8721661833127698,42,37.756
75,44,1.909921733387587,43,37.756
75,45,1.9476772834624043,44,37.756
75,46,1.9854328335372216,45,37.756
75,47,2.023188383612039,46,37.756
75,48,2.0609439336868562,47,37.756
75,49,2.0986994837616737,48,37.756
75,50,2.1366317189519872,49,37.932
75,51,2.1745639541423007,50,37.932
75,52,2.2124961893326143,51,37.932
75,53,2.250428424522928,52,37.932
75,54,2.2883606597132413,53,37.932
75,55,2.326292894903555,54,37.932
75,56,2.3642251300938684,55,37.932
75,57,2.402157365284182,56,37.932
75,58,2.4400896004744954,57,37.932
75,59,2.478021835664809,58,37.932
75,60,2.5159540708551225,59,37.932
75,61,2.553886306045436,60,37.932
75,62,2.5918185412357495,61,37.932
75,63,2.629750776426063,62,37.932
75,64,2.6676830116163766,63,37.932
75,65,2.70561524680669,64,37.932
75,66,2.7435474819970036,65,37.932
75,67,2.781479717187317,66,37.932
75,68,2.8194119523776306,67,37.932
75,69,2.857344187567944,68,37.932
75,70,2.8952764227582577,69,37.932
75,71,2.933208657948571,70,37.932
75,72,2.9711408931388847,71,37.932
75,73,3.0090731283291983,72,37.932
75,74,3.047005363519512,73,37.932
75,75,3.0849375987098253,74,37.932
75,76,3.122869833900139,75,37.932
75,77,3.1608020690904524,76,37.932
75,78,3.198734304280766,77,37.932
75,79,3.2366665394710794,78,37.932
75,80,3.274598774661393,79,37.932
75,81,3.3125310098517065,80,37.932
75,82,3.35046324504202,81,37.932
75,83,3.3883954802323335,82,37.932
75,84,3.426327715422647,83,37.932
75,85,3.4642599506129605,84,37.932
75,86,3.502192185803274,85,37.932
75,87,3.5401244209935876,86,37.932
75,88,3.578056656183901,87,37.932
75,89,3.6159888913742146,88,37.932
75,90,3.653921126564528,89,37.932
75,91,3.6918533617548417,90,37.932
75,92,3.729785596945155,91,37.932
75,93,3.7677178321354687,92,37.932
75,94,3.8056500673257823,93,37.932
75,95,3.843582302516096,94,37.932
75,96,3.8815145377064093,95,37.932
75,97,3.919446772896723,96,37.932
75,98,3.9573790080870364,97,37.932
75,99,3.99531124327735,98,37.932
75,100,4.033243478467663,99,37.932
75,101,4.071175713657977,100,37.932
75,102,4.109107948848291,101,37.932
75,103,4.147040184038605,102,37.932
75,104,4.184972419228919,103,37.932
75,105,4.222904654419233,104,37.932
75,106,4.260836889609547,105,37.932
75,107,4.298769124799861,106,37.932
75,108,4.336701359990175,107,37.932
75,109,4.374633595180489,108,37.932
75,110,4.412565830370803,109,37.932
75,111,4.450498065561117,110,37.932
75,112,4.488430300751431,111,37.932
75,113,4.526362535941745,112,37.932
75,114,4.5643505204403265,113,37.988
75,115,4.602338504938908,114,37.988
75,116,4.64032648943749,115,37.988
75,117,4.678314473936071,116,37.988
75,118,4.716302458434653,117,37.988
75,119,4.754290442933234,118,37.988
75,120,4.792278427431816,119,37.988
75,121,4.830266411930397,120,37.988
75,122,4.868254396428979,121,37.988
75,123,4.90624238092756,122,37.988
75,124,4.944230365426142,123,37.988
75,125,4.9822183499247235,124,37.988
75,126,5.020206334423305,125,37.988
75,127,5.0581943189218865,126,37.988
75,128,5.096182303420468,127,37.988
76,1,0.2864330801704442,0,286.433
76,2,0.3241886302452615,1,37.756
76,3,0.3619441803200788,2,37.756
76,4,0.3996997303948961,3,37.756
76,5,0.4374552804697134,4,37.756
76,6,0.47521083054453067,5,37.756
76,7,0.512966380619348,6,37.756
76,8,0.5507219306941653,7,37.756
76,9,0.5884774807689827,8,37.756
76,10,0.6262330308438,9,37.756
76,11,0.6639885809186173,10,37.756
76,12,0.7017441309934347,11,37.756
76,13,0.739499681068252,12,37.756
76,14,0.7772552311430694,13,37.756
76,15,0.8150107812178867,14,37.756
76,16,0.8527663312927041,15,37.756
76,17,0.8905218813675214,16,37.756
76,18,0.9282774314423388,17,37.756
76,19,0.9660329815171561,18,37.756
76,20,1.0037885315919735,19,37.756
76,21,1.0415440816667907,20,37.756
76,22,1.079299631741608,21,37.756
76,23,1.1170551818164252,22,37.756
76,24,1.1548107318912424,23,37.756
76,25,1.1925662819660596,24,37.756
76,26,1.2303218320408769,25,37.756
76,27,1.268077382115694,26,37.756
76,28,1.3058329321905113,27,37.756
76,29,1.3435884822653286,28,37.756
76,30,1.3813440323401458,29,37.756
76,31,1.419099582414963,30,37.756
76,32,1.4568551324897803,31,37.756
76,33,1.4946106825645975,32,37.756
76,34,1.5323662326394147,33,37.756
76,35,1.570121782714232,34,37.756
76,36,1.6078773327890492,35,37.756
76,37,1.6456328828638664,36,37.756
76,38,1.6833884329386837,37,37.756
76,39,1.721143983013501,38,37.756
76,40,1.7588995330883181,39,37.756
76,41,1.7966550831631354,40,37.756
76,42,1.8344106332379526,41,37.756
76,43,1.8721661833127698,42,37.756
76,44,1.909921733387587,43,37.756
76,45,1.9476772834624043,44,37.756
76,46,1.9854328335372216,45,37.756
76,47,2.023188383612039,46,37.756
76,48,2.0609439336868562,47,37.756
76,49,2.0986994837616737,48,37.756
76,50,2.1366317189519872,49,37.932
76,51,2.1745639541423007,50,37.932
76,52,2.2124961893326143,51,37.932
76,53,2.250428424522928,52,37.932
76,54,2.2883606597132413,53,37.932
76,55,2.326292894903555,54,37.932
76,56,2.3642251300938684,55,37.932
76,57,2.402157365284182,56,37.932
76,58,2.4400896004744954,57,37.932
76,59,2.478021835664809,58,37.932
76,60,2.5159540708551225,59,37.932
76,61,2.553886306045436,60,37.932
76,62,2.5918185412357495,61,37.932
76,63,2.629750776426063,62,37.932
76,64,2.6676830116163766,63,37.932
76,65,2.70561524680669,64,37.932
76,66,2.7435474819970036,65,37.932
76,67,2.781479717187317,66,37.932
76,68,2.8194119523776306,67,37.932
76,69,2.857344187567944,68,37.932
76,70,2.8952764227582577,69,37.932
76,71,2.933208657948571,70,37.932
76,72,2.9711408931388847,71,37.932
76,73,3.0090731283291983,72,37.932
76,74,3.047005363519512,73,37.932
76,75,3.0849375987098253,74,37.932
76,76,3.122869833900139,75,37.932
76,77,3.1608020690904524,76,37.932
76,78,3.198734304280766,77,37.932
76,79,3.2366665394710794,78,37.932
76,80,3.274598774661393,79,37.932
76,81,3.3125310098517065,80,37.932
76,82,3.35046324504202,81,37.932
76,83,3.3883954802323335,82,37.932
76,84,3.426327715422647,83,37.932
76,85,3.4642599506129605,84,37.932
76,86,3.502192185803274,85,37.932
76,87,3.5401244209935876,86,37.932
76,88,3.578056656183901,87,37.932
76,89,3.6159888913742146,88,37.932
76,90,3.653921126564528,89,37.932
76,91,3.6918533617548417,90,37.932
76,92,3.729785596945155,91,37.932
76,93,3.7677178321354687,92,37.932
76,94,3.8056500673257823,93,37.932
76,95,3.843582302516096,94,37.932
76,96,3.8815145377064093,95,37.932
76,97,3.919446772896723,96,37.932
76,98,3.9573790080870364,97,37.932
76,99,3.99531124327735,98,37.932
76,100,4.033243478467663,99,37.932
76,101,4.071175713657977,100,37.932
76,102,4.109107948848291,101,37.932
76,103,4.147040184038605,102,37.932
76,104,4.184972419228919,103,37.932
76,105,4.222904654419233,104,37.932
76,106,4.260836889609547,105,37.932
76,107,4.298769124799861,106,37.932
76,108,4.336701359990175,107,37.932
76,109,4.374633595180489,108,37.932
76,110,4.412565830370803,109,37.932
76,111,4.450498065561117,110,37.932
76,112,4.488430300751431,111,37.932
76,113,4.526362535941745,112,37.932
76,114,4.5643505204403265,113,37.988
76,115,4.602338504938908,114,37.988
76,116,4.64032648943749,115,37.988
76,117,4.678314473936071,116,37.988
76,118,4.716302458434653,117,37.988
76,119,4.754290442933234,118,37.988
76,120,4.792278427431816,119,37.988
76,121,4.830266411930397,120,37.988
76,122,4.868254396428979,121,37.988
76,123,4.90624238092756,122,37.988
76,124,4.944230365426142,123,37.988
76,125,4.9822183499247235,124,37.988
76,126,5.020206334423305,125,37.988
76,127,5.0581943189218865,126,37.988
76,128,5.096182303420468,127,37.988
77,1,0.2864330801704442,0,286.433
77,2,0.3241886302452615,1,37.756
77,3,0.3619441803200788,2,37.756
77,4,0.3996997303948961,3,37.756
77,5,0.4374552804697134,4,37.756
77,6,0.47521083054453067,5,37.756
77,7,0.512966380619348,6,37.756
77,8,0.5507219306941653,7,37.756
77,9,0.5884774807689827,8,37.756
77,10,0.6262330308438,9,37.756
77,11,0.6639885809186173,10,37.756
77,12,0.7017441309934347,11,37.756
77,13,0.739499681068252,12,37.756
77,14,0.7772552311430694,13,37.756
77,15,0.8150107812178867,14,37.756
77,16,0.8527663312927041,15,37.756
77,17,0.8905218813675214,16,37.756
77,18,0.9282774314423388,17,37.756
77,19,0.9660329815171561,18,37.756
77,20,1.0037885315919735,19,37.756
77,21,1.0415440816667907,20,37.756
77,22,1.079299631741608,21,37.756
77,23,1.1170551818164252,22,37.756
77,24,1.1548107318912424,23,37.756
77,25,1.1925662819660596,24,37.756
77,26,1.2303218320408769,25,37.756
77,27,1.268077382115694,26,37.756
77,28,1.3058329321905113,27,37.756
77,29,1.3435884822653286,28,37.756
77,30,1.3813440323401458,29,37.756
77,31,1.419099582414963,30,37.756
77,32,1.4568551324897803,31,37.756
77,33,1.4946106825645975,32,37.756
77,34,1.5323662326394147,33,37.756
77,35,1.570121782714232,34,37.756
77,36,1.6078773327890492,35,37.756
77,37,1.6456328828638664,36,37.756
77,38,1.6833884329386837,37,37.756
77,39,1.721143983013501,38,37.756
77,40,1.7588995330883181,39,37.756
77,41,1.7966550831631354,40,37.756
77,42,1.8344106332379526,41,37.756
77,43,1.8721661833127698,42,37.756
77,44,1.909921733387587,43,37.756
77,45,1.9476772834624043,44,37.756
77,46,1.9854328335372216,45,37.756
77,47,2.023188383612039,46,37.756
77,48,2.0609439336868562,47,37.756
77,49,2.0986994837616737,48,37.756
77,50,2.1366317189519872,49,37.932
77,51,2.1745639541423007,50,37.932
77,52,2.2124961893326143,51,37.932
77,53,2.250428424522928,52,37.932
77,54,2.2883606597132413,53,37.932
77,55,2.326292894903555,54,37.932
77,56,2.3642251300938684,55,37.932
77,57,2.402157365284182,56,37.932
77,58,2.4400896004744954,57,37.932
77,59,2.478021835664809,58,37.932
77,60,2.5159540708551225,59,37.932
77,61,2.553886306045436,60,37.932
77,62,2.5918185412357495,61,37.932
77,63,2.629750776426063,62,37.932
77,64,2.6676830116163766,63,37.932
77,65,2.70561524680669,64,37.932
77,66,2.7435474819970036,65,37.932
77,67,2.781479717187317,66,37.932
77,68,2.8194119523776306,67,37.932
77,69,2.857344187567944,68,37.932
77,70,2.8952764227582577,69,37.932
77,71,2.933208657948571,70,37.932
77,72,2.9711408931388847,71,37.932
77,73,3.0090731283291983,72,37.932
77,74,3.047005363519512,73,37.932
77,75,3.0849375987098253,74,37.932
77,76,3.122869833900139,75,37.932
77,77,3.1608020690904524,76,37.932
77,78,3.198734304280766,77,37.932
77,79,3.2366665394710794,78,37.932
77,80,3.274598774661393,79,37.932
77,81,3.3125310098517065,80,37.932
77,82,3.35046324504202,81,37.932
77,83,3.3883954802323335,82,37.932
77,84,3.426327715422647,83,37.932
77,85,3.4642599506129605,84,37.932
77,86,3.502192185803274,85,37.932
77,87,3.5401244209935876,86,37.932
77,88,3.578056656183901,87,37.932
77,89,3.6159888913742146,88,37.932
77,90,3.653921126564528,89,37.932
77,91,3.6918533617548417,90,37.932
77,92,3.729785596945155,91,37.932
77,93,3.7677178321354687,92,37.932
77,94,3.8056500673257823,93,37.932
77,95,3.843582302516096,94,37.932
77,96,3.8815145377064093,95,37.932
77,97,3.919446772896723,96,37.932
77,98,3.9573790080870364,97,37.932
77,99,3.99531124327735,98,37.932
77,100,4.033243478467663,99,37.932
77,101,4.071175713657977,100,37.932
77,102,4.109107948848291,101,37.932
77,103,4.147040184038605,102,37.932
77,104,4.184972419228919,103,37.932
77,105,4.222904654419233,104,37.932
77,106,4.260836889609547,105,37.932
77,107,4.298769124799861,106,37.932
77,108,4.336701359990175,107,37.932
77,109,4.374633595180489,108,37.932
77,110,4.412565830370803,109,37.932
77,111,4.450498065561117,110,37.932
77,112,4.488430300751431,111,37.932
77,113,4.526362535941745,112,37.932
77,114,4.5643505204403265,113,37.988
77,115,4.602338504938908,114,37.988
77,116,4.64032648943749,115,37.988
77,117,4.678314473936071,116,37.988
77,118,4.716302458434653,117,37.988
77,119,4.754290442933234,118,37.988
77,120,4.792278427431816,119,37.988
77,121,4.830266411930397,120,37.988
77,122,4.868254396428979,121,37.988
77,123,4.90624238092756,122,37.988
77,124,4.944230365426142,123,37.988
77,125,4.9822183499247235,124,37.988
77,126,5.020206334423305,125,37.988
77,127,5.0581943189218865,126,37.988
77,128,5.096182303420468,127,37.988
78,1,0.2864330801704442,0,286.433
78,2,0.3241886302452615,1,37.756
78,3,0.3619441803200788,2,37.756
78,4,0.3996997303948961,3,37.756
78,5,0.4374552804697134,4,37.756
78,6,0.47521083054453067,5,37.756
78,7,0.512966380619348,6,37.756
78,8,0.5507219306941653,7,37.756
78,9,0.5884774807689827,8,37.756
78,10,0.6262330308438,9,37.756
78,11,0.6639885809186173,10,37.756
78,12,0.7017441309934347,11,37.756
78,13,0.739499681068252,12,37.756
78,14,0.7772552311430694,13,37.756
78,15,0.8150107812178867,14,37.756
78,16,0.8527663312927041,15,37.756
78,17,0.8905218813675214,16,37.756
78,18,0.9282774314423388,17,37.756
78,19,0.9660329815171561,18,37.756
78,20,1.0037885315919735,19,37.756
78,21,1.0415440816667907,20,37.756
78,22,1.079299631741608,21,37.756
78,23,1.1170551818164252,22,37.756
78,24,1.1548107318912424,23,37.756
78,25,1.1925662819660596,24,37.756
78,26,1.2303218320408769,25,37.756
78,27,1.268077382115694,26,37.756
78,28,1.3058329321905113,27,37.756
78,29,1.3435884822653286,28,37.756
78,30,1.3813440323401458,29,37.756
78,31,1.419099582414963,30,37.756
78,32,1.4568551324897803,31,37.756
78,33,1.4946106825645975,32,37.756
78,34,1.5323662326394147,33,37.756
78,35,1.570121782714232,34,37.756
78,36,1.6078773327890492,35,37.756
78,37,1.6456328828638664,36,37.756
78,38,1.6833884329386837,37,37.756
78,39,1.721143983013501,38,37.756
78,40,1.7588995330883181,39,37.756
78,41,1.7966550831631354,40,37.756
78,42,1.8344106332379526,41,37.756
78,43,1.8721661833127698,42,37.756
78,44,1.909921733387587,43,37.756
78,45,1.9476772834624043,44,37.756
78,46,1.9854328335372216,45,37.756
78,47,2.023188383612039,46,37.756
78,48,2.0609439336868562,47,37.756
78,49,2.0986994837616737,48,37.756
78,50,2.1366317189519872,49,37.932
78,51,2.1745639541423007,50,37.932
78,52,2.2124961893326143,51,37.932
78,53,2.250428424522928,52,37.932
78,54,2.2883606597132413,53,37.932
78,55,2.326292894903555,54,37.932
78,56,2.3642251300938684,55,37.932
78,57,2.402157365284182,56,37.932
78,58,2.4400896004744954,57,37.932
78,59,2.478021835664809,58,37.932
78,60,2.5159540708551225,59,37.932
78,61,2.553886306045436,60,37.932
78,62,2.5918185412357495,61,37.932
78,63,2.629750776426063,62,37.932
78,64,2.6676830116163766,63,37.932
78,65,2.70561524680669,64,37.932
78,66,2.7435474819970036,65,37.932
78,67,2.781479717187317,66,37.932
78,68,2.8194119523776306,67,37.932
78,69,2.857344187567944,68,37.932
78,70,2.8952764227582577,69,37.932
78,71,2.933208657948571,70,37.932
78,72,2.9711408931388847,71,37.932
78,73,3.0090731283291983,72,37.932
78,74,3.047005363519512,73,37.932
78,75,3.0849375987098253,74,37.932
78,76,3.122869833900139,75,37.932
78,77,3.1608020690904524,76,37.932
78,78,3.198734304280766,77,37.932
78,79,3.2366665394710794,78,37.932
78,80,3.274598774661393,79,37.932
78,81,3.3125310098517065,80,37.932
78,82,3.35046324504202,81,37.932
78,83,3.3883954802323335,82,37.932
78,84,3.426327715422647,83,37.932
78,85,3.4642599506129605,84,37.932
78,86,3.502192185803274,85,37.932
78,87,3.5401244209935876,86,37.932
78,88,3.578056656183901,87,37.932
78,89,3.6159888913742146,88,37.932
78,90,3.653921126564528,89,37.932
78,91,3.6918533617548417,90,37.932
78,92,3.729785596945155,91,37.932
78,93,3.7677178321354687,92,37.932
78,94,3.8056500673257823,93,37.932
78,95,3.843582302516096,94,37.932
78,96,3.8815145377064093,95,37.932
78,97,3.919446772896723,96,37.932
78,98,3.9573790080870364,97,37.932
78,99,3.99531124327735,98,37.932
78,100,4.033243478467663,99,37.932
78,101,4.071175713657977,100,37.932
78,102,4.109107948848291,101,37.932
78,103,4.147040184038605,102,37.932
78,104,4.184972419228919,103,37.932
78,105,4.222904654419233,104,37.932
78,106,4.260836889609547,105,37.932
78,107,4.298769124799861,106,37.932
78,108,4.336701359990175,107,37.932
78,109,4.374633595180489,108,37.932
78,110,4.412565830370803,109,37.932
78,111,4.450498065561117,110,37.932
78,112,4.488430300751431,111,37.932
78,113,4.526362535941745,112,37.932
78,114,4.5643505204403265,113,37.988
78,115,4.602338504938908,114,37.988
78,116,4.64032648943749,115,37.988
78,117,4.678314473936071,116,37.988
78,118,4.716302458434653,117,37.988
78,119,4.754290442933234,118,37.988
78,120,4.792278427431816,119,37.988
78,121,4.830266411930397,120,37.988
78,122,4.868254396428979,121,37.988
78,123,4.90624238092756,122,37.988
78,124,4.944230365426142,123,37.988
78,125,4.9822183499247235,124,37.988
78,126,5.020206334423305,125,37.988
78,127,5.0581943189218865,126,37.988
78,128,5.096182303420468,127,37.988
79,1,0.2864330801704442,0,286.433
79,2,0.3241886302452615,1,37.756
79,3,0.3619441803200788,2,37.756
79,4,0.3996997303948961,3,37.756
79,5,0.4374552804697134,4,37.756
79,6,0.47521083054453067,5,37.756
79,7,0.512966380619348,6,37.756
79,8,0.5507219306941653,7,37.756
79,9,0.5884774807689827,8,37.756
79,10,0.6262330308438,9,37.756
79,11,0.6639885809186173,10,37.756
79,12,0.7017441309934347,11,37.756
79,13,0.739499681068252,12,37.756
79,14,0.7772552311430694,13,37.756
79,15,0.8150107812178867,14,37.756
79,16,0.8527663312927041,15,37.756
79,17,0.8905218813675214,16,37.756
79,18,0.9282774314423388,17,37.756
79,19,0.9660329815171561,18,37.756
79,20,1.0037885315919735,19,37.756
79,21,1.0415440816667907,20,37.756
79,22,1.079299631741608,21,37.756
79,23,1.1170551818164252,22,37.756
79,24,1.1548107318912424,23,37.756
79,25,1.1925662819660596,24,37.756
79,26,1.2303218320408769,25,37.756
79,27,1.268077382115694,26,37.756
79,28,1.3058329321905113,27,37.756
79,29,1.3435884822653286,28,37.756
79,30,1.3813440323401458,29,37.756
79,31,1.419099582414963,30,37.756
79,32,1.4568551324897803,31,37.756
79,33,1.4946106825645975,32,37.756
79,34,1.5323662326394147,33,37.756
79,35,1.570121782714232,34,37.756
79,36,1.6078773327890492,35,37.756
79,37,1.6456328828638664,36,37.756
79,38,1.6833884329386837,37,37.756
79,39,1.721143983013501,38,37.756
79,40,1.7588995330883181,39,37.756
79,41,1.7966550831631354,40,37.756
79,42,1.8344106332379526,41,37.756
79,43,1.8721661833127698,42,37.756
79,44,1.909921733387587,43,37.756
79,45,1.9476772834624043,44,37.756
79,46,1.9854328335372216,45,37.756
79,47,2.023188383612039,46,37.756
79,48,2.0609439336868562,47,37.756
79,49,2.0986994837616737,48,37.756
79,50,2.1366317189519872,49,37.932
79,51,2.1745639541423007,50,37.932
79,52,2.2124961893326143,51,37.932
79,53,2.250428424522928,52,37.932
79,54,2.2883606597132413,53,37.932
79,55,2.326292894903555,54,37.932
79,56,2.3642251300938684,55,37.932
79,57,2.402157365284182,56,37.932
79,58,2.4400896004744954,57,37.932
79,59,2.478021835664809,58,37.932
79,60,2.5159540708551225,59,37.932
79,61,2.553886306045436,60,37.932
79,62,2.5918185412357495,61,37.932
79,63,2.629750776426063,62,37.932
79,64,2.6676830116163766,63,37.932
79,65,2.70561524680669,64,37.932
79,66,2.7435474819970036,65,37.932
79,67,2.781479717187317,66,37.932
79,68,2.8194119523776306,67,37.932
79,69,2.857344187567944,68,37.932
79,70,2.8952764227582577,69,37.932
79,71,2.933208657948571,70,37.932
79,72,2.9711408931388847,71,37.932
79,73,3.0090731283291983,72,37.932
79,74,3.047005363519512,73,37.932
79,75,3.0849375987098253,74,37.932
79,76,3.122869833900139,75,37.932
79,77,3.1608020690904524,76,37.932
79,78,3.198734304280766,77,37.932
79,79,3.2366665394710794,78,37.932
79,80,3.274598774661393,79,37.932
79,81,3.3125310098517065,80,37.932
79,82,3.35046324504202,81,37.932
79,83,3.3883954802323335,82,37.932
79,84,3.426327715422647,83,37.932
79,85,3.4642599506129605,84,37.932
79,86,3.502192185803274,85,37.932
79,87,3.5401244209935876,86,37.932
79,88,3.578056656183901,87,37.932
79,89,3.6159888913742146,88,37.932
79,90,3.653921126564528,89,37.932
79,91,3.6918533617548417,90,37.932
79,92,3.729785596945155,91,37.932
79,93,3.7677178321354687,92,37.932
79,94,3.8056500673257823,93,37.932
79,95,3.843582302516096,94,37.932
79,96,3.8815145377064093,95,37.932
79,97,3.919446772896723,96,37.932
79,98,3.9573790080870364,97,37.932
79,99,3.99531124327735,98,37.932
79,100,4.033243478467663,99,37.932
79,101,4.071175713657977,100,37.932
79,102,4.109107948848291,101,37.932
79,103,4.147040184038605,102,37.932
79,104,4.184972419228919,103,37.932
79,105,4.222904654419233,104,37.932
79,106,4.260836889609547,105,37.932
79,107,4.298769124799861,106,37.932
79,108,4.336701359990175,107,37.932
79,109,4.374633595180489,108,37.932
79,110,4.412565830370803,109,37.932
79,111,4.450498065561117,110,37.932
79,112,4.488430300751431,111,37.932
79,113,4.526362535941745,112,37.932
79,114,4.5643505204403265,113,37.988
79,115,4.602338504938908,114,37.988
79,116,4.64032648943749,115,37.988
79,117,4.678314473936071,116,37.988
79,118,4.716302458434653,117,37.988
79,119,4.754290442933234,118,37.988
79,120,4.792278427431816,119,37.988
79,121,4.830266411930397,120,37.988
79,122,4.868254396428979,121,37.988
79,123,4.90624238092756,122,37.988
79,124,4.944230365426142,123,37.988
79,125,4.9822183499247235,124,37.988
79,126,5.020206334423305,125,37.988
79,127,5.0581943189218865,126,37.988
79,128,5.096182303420468,127,37.988
80,1,0.2864330801704442,0,286.433
80,2,0.3241886302452615,1,37.756
80,3,0.3619441803200788,2,37.756
80,4,0.3996997303948961,3,37.756
80,5,0.4374552804697134,4,37.756
80,6,0.47521083054453067,5,37.756
80,7,0.512966380619348,6,37.756
80,8,0.5507219306941653,7,37.756
80,9,0.5884774807689827,8,37.756
80,10,0.6262330308438,9,37.756
80,11,0.6639885809186173,10,37.756
80,12,0.7017441309934347,11,37.756
80,13,0.739499681068252,12,37.756
80,14,0.7772552311430694,13,37.756
80,15,0.8150107812178867,14,37.756
80,16,0.8527663312927041,15,37.756
80,17,0.8905218813675214,16,37.756
80,18,0.9282774314423388,17,37.756
80,19,0.9660329815171561,18,37.756
80,20,1.0037885315919735,19,37.756
80,21,1.0415440816667907,20,37.756
80,22,1.079299631741608,21,37.756
80,23,1.1170551818164252,22,37.756
80,24,1.1548107318912424,23,37.756
80,25,1.1925662819660596,24,37.756
80,26,1.2303218320408769,25,37.756
80,27,1.268077382115694,26,37.756
80,28,1.3058329321905113,27,37.756
80,29,1.3435884822653286,28,37.756
80,30,1.3813440323401458,29,37.756
80,31,1.419099582414963,30,37.756
80,32,1.4568551324897803,31,37.756
80,33,1.4946106825645975,32,37.756
80,34,1.5323662326394147,33,37.756
80,35,1.570121782714232,34,37.756
80,36,1.6078773327890492,35,37.756
80,37,1.6456328828638664,36,37.756
80,38,1.6833884329386837,37,37.756
80,39,1.721143983013501,38,37.756
80,40,1.7588995330883181,39,37.756
80,41,1.7966550831631354,40,37.756
80,42,1.8344106332379526,41,37.756
80,43,1.8721661833127698,42,37.756
80,44,1.909921733387587,43,37.756
80,45,1.9476772834624043,44,37.756
80,46,1.9854328335372216,45,37.756
80,47,2.023188383612039,46,37.756
80,48,2.0609439336868562,47,37.756
80,49,2.0986994837616737,48,37.756
80,50,2.1366317189519872,49,37.932
80,51,2.1745639541423007,50,37.932
80,52,2.2124961893326143,51,37.932
80,53,2.250428424522928,52,37.932
80,54,2.2883606597132413,53,37.932
80,55,2.326292894903555,54,37.932
80,56,2.3642251300938684,55,37.932
80,57,2.402157365284182,56,37.932
80,58,2.4400896004744954,57,37.932
80,59,2.478021835664809,58,37.932
80,60,2.5159540708551225,59,37.932
80,61,2.553886306045436,60,37.932
80,62,2.5918185412357495,61,37.932
80,63,2.629750776426063,62,37.932
80,64,2.6676830116163766,63,37.932
80,65,2.70561524680669,64,37.932
80,66,2.7435474819970036,65,37.932
80,67,2.781479717187317,66,37.932
80,68,2.8194119523776306,67,37.932
80,69,2.857344187567944,68,37.932
80,70,2.8952764227582577,69,37.932
80,71,2.933208657948571,70,37.932
80,72,2.9711408931388847,71,37.932
80,73,3.0090731283291983,72,37.932
80,74,3.047005363519512,73,37.932
80,75,3.0849375987098253,74,37.932
80,76,3.122869833900139,75,37.932
80,77,3.1608020690904524,76,37.932
80,78,3.198734304280766,77,37.932
80,79,3.2366665394710794,78,37.932
80,80,3.274598774661393,79,37.932
80,81,3.3125310098517065,80,37.932
80,82,3.35046324504202,81,37.932
80,83,3.3883954802323335,82,37.932
80,84,3.426327715422647,83,37.932
80,85,3.4642599506129605,84,37.932
80,86,3.502192185803274,85,37.932
80,87,3.5401244209935876,86,37.932
80,88,3.578056656183901,87,37.932
80,89,3.6159888913742146,88,37.932
80,90,3.653921126564528,89,37.932
80,91,3.6918533617548417,90,37.932
80,92,3.729785596945155,91,37.932
80,93,3.7677178321354687,92,37.932
80,94,3.8056500673257823,93,37.932
80,95,3.843582302516096,94,37.932
80,96,3.8815145377064093,95,37.932
80,97,3.919446772896723,96,37.932
80,98,3.9573790080870364,97,37.932
80,99,3.99531124327735,98,37.932
80,100,4.033243478467663,99,37.932
80,101,4.071175713657977,100,37.932
80,102,4.109107948848291,101,37.932
80,103,4.147040184038605,102,37.932
80,104,4.184972419228919,103,37.932
80,105,4.222904654419233,104,37.932
80,106,4.260836889609547,105,37.932
80,107,4.298769124799861,106,37.932
80,108,4.336701359990175,107,37.932
80,109,4.374633595180489,108,37.932
80,110,4.412565830370803,109,37.932
80,111,4.450498065561117,110,37.932
80,112,4.488430300751431,111,37.932
80,113,4.526362535941745,112,37.932
80,114,4.5643505204403265,113,37.988
80,115,4.602338504938908,114,37.988
80,116,4.64032648943749,115,37.988
80,117,4.678314473936071,116,37.988
80,118,4.716302458434653,117,37.988
80,119,4.754290442933234,118,37.988
80,120,4.792278427431816,119,37.988
80,121,4.830266411930397,120,37.988
80,122,4.868254396428979,121,37.988
80,123,4.90624238092756,122,37.988
80,124,4.944230365426142,123,37.988
80,125,4.9822183499247235,124,37.988
80,126,5.020206334423305,125,37.988
80,127,5.0581943189218865,126,37.988
80,128,5.096182303420468,127,37.988
81,1,0.2864330801704442,0,286.433
81,2,0.3241886302452615,1,37.756
81,3,0.3619441803200788,2,37.756
81,4,0.3996997303948961,3,37.756
81,5,0.4374552804697134,4,37.756
81,6,0.47521083054453067,5,37.756
81,7,0.512966380619348,6,37.756
81,8,0.5507219306941653,7,37.756
81,9,0.5884774807689827,8,37.756
81,10,0.6262330308438,9,37.756
81,11,0.6639885809186173,10,37.756
81,12,0.7017441309934347,11,37.756
81,13,0.739499681068252,12,37.756
81,14,0.7772552311430694,13,37.756
81,15,0.8150107812178867,14,37.756
81,16,0.8527663312927041,15,37.756
81,17,0.8905218813675214,16,37.756
81,18,0.9282774314423388,17,37.756
81,19,0.9660329815171561,18,37.756
81,20,1.0037885315919735,19,37.756
81,21,1.0415440816667907,20,37.756
81,22,1.079299631741608,21,37.756
81,23,1.1170551818164252,22,37.756
81,24,1.1548107318912424,23,37.756
81,25,1.1925662819660596,24,37.756
81,26,1.2303218320408769,25,37.756
81,27,1.268077382115694,26,37.756
81,28,1.3058329321905113,27,37.756
81,29,1.3435884822653286,28,37.756
81,30,1.3813440323401458,29,37.756
81,31,1.419099582414963,30,37.756
81,32,1.4568551324897803,31,37.756
81,33,1.4946106825645975,32,37.756
81,34,1.5323662326394147,33,37.756
81,35,1.570121782714232,34,37.756
81,36,1.6078773327890492,35,37.756
81,37,1.6456328828638664,36,37.756
81,38,1.6833884329386837,37,37.756
81,39,1.721143983013501,38,37.756
81,40,1.7588995330883181,39,37.756
81,41,1.7966550831631354,40,37.756
81,42,1.8344106332379526,41,37.756
81,43,1.8721661833127698,42,37.756
81,44,1.909921733387587,43,37.756
81,45,1.9476772834624043,44,37.756
81,46,1.9854328335372216,45,37.756
81,47,2.023188383612039,46,37.756
81,48,2.0609439336868562,47,37.756
81,49,2.0986994837616737,48,37.756
81,50,2.1366317189519872,49,37.932
81,51,2.1745639541423007,50,37.932
81,52,2.2124961893326143,51,37.932
81,53,2.250428424522928,52,37.932
81,54,2.2883606597132413,53,37.932
81,55,2.326292894903555,54,37.932
81,56,2.3642251300938684,55,37.932
81,57,2.402157365284182,56,37.932
81,58,2.4400896004744954,57,37.932
81,59,2.478021835664809,58,37.932
81,60,2.5159540708551225,59,37.932
81,61,2.553886306045436,60,37.932
81,62,2.5918185412357495,61,37.932
81,63,2.629750776426063,62,37.932
81,64,2.6676830116163766,63,37.932
81,65,2.70561524680669,64,37.932
81,66,2.7435474819970036,65,37.932
81,67,2.781479717187317,66,37.932
81,68,2.8194119523776306,67,37.932
81,69,2.857344187567944,68,37.932
81,70,2.8952764227582577,69,37.932
81,71,2.933208657948571,70,37.932
81,72,2.9711408931388847,71,37.932
81,73,3.0090731283291983,72,37.932
81,74,3.047005363519512,73,37.932
81,75,3.0849375987098253,74,37.932
81,76,3.122869833900139,75,37.932
81,77,3.1608020690904524,76,37.932
81,78,3.198734304280766,77,37.932
81,79,3.2366665394710794,78,37.932
81,80,3.274598774661393,79,37.932
81,81,3.3125310098517065,80,37.932
81,82,3.35046324504202,81,37.932
81,83,3.3883954802323335,82,37.932
81,84,3.426327715422647,83,37.932
81,85,3.4642599506129605,84,37.932
81,86,3.502192185803274,85,37.932
81,87,3.5401244209935876,86,37.932
81,88,3.578056656183901,87,37.932
81,89,3.6159888913742146,88,37.932
81,90,3.653921126564528,89,37.932
81,91,3.6918533617548417,90,37.932
81,92,3.729785596945155,91,37.932
81,93,3.7677178321354687,92,37.932
81,94,3.8056500673257823,93,37.932
81,95,3.843582302516096,94,37.932
81,96,3.8815145377064093,95,37.932
81,97,3.919446772896723,96,37.932
81,98,3.9573790080870364,97,37.932
81,99,3.99531124327735,98,37.932
81,100,4.033243478467663,99,37.932
81,101,4.071175713657977,100,37.932
81,102,4.109107948848291,101,37.932
81,103,4.147040184038605,102,37.932
81,104,4.184972419228919,103,37.932
81,105,4.222904654419233,104,37.932
81,106,4.260836889609547,105,37.932
81,107,4.298769124799861,106,37.932
81,108,4.336701359990175,107,37.932
81,109,4.374633595180489,108,37.932
81,110,4.412565830370803,109,37.932
81,111,4.450498065561117,110,37.932
81,112,4.488430300751431,111,37.932
81,113,4.526362535941745,112,37.932
81,114,4.5643505204403265,113,37.988
81,115,4.602338504938908,114,37.988
81,116,4.64032648943749,115,37.988
81,117,4.678314473936071,116,37.988
81,118,4.716302458434653,117,37.988
81,119,4.754290442933234,118,37.988
81,120,4.792278427431816,119,37.988
81,121,4.830266411930397,120,37.988
81,122,4.868254396428979,121,37.988
81,123,4.90624238092756,122,37.988
81,124,4.944230365426142,123,37.988
81,125,4.9822183499247235,124,37.988
81,126,5.020206334423305,125,37.988
81,127,5.0581943189218865,126,37.988
81,128,5.096182303420468,127,37.988
82,1,0.2864330801704442,0,286.433
82,2,0.3241886302452615,1,37.756
82,3,0.3619441803200788,2,37.756
82,4,0.3996997303948961,3,37.756
82,5,0.4374552804697134,4,37.756
82,6,0.47521083054453067,5,37.756
82,7,0.512966380619348,6,37.756
82,8,0.5507219306941653,7,37.756
82,9,0.5884774807689827,8,37.756
82,10,0.6262330308438,9,37.756
82,11,0.6639885809186173,10,37.756
82,12,0.7017441309934347,11,37.756
82,13,0.739499681068252,12,37.756
82,14,0.7772552311430694,13,37.756
82,15,0.8150107812178867,14,37.756
82,16,0.8527663312927041,15,37.756
82,17,0.8905218813675214,16,37.756
82,18,0.9282774314423388,17,37.756
82,19,0.9660329815171561,18,37.756
82,20,1.0037885315919735,19,37.756
82,21,1.0415440816667907,20,37.756
82,22,1.079299631741608,21,37.756
82,23,1.1170551818164252,22,37.756
82,24,1.1548107318912424,23,37.756
82,25,1.1925662819660596,24,37.756
82,26,1.2303218320408769,25,37.756
82,27,1.268077382115694,26,37.756
82,28,1.3058329321905113,27,37.756
82,29,1.3435884822653286,28,37.756
82,30,1.3813440323401458,29,37.756
82,31,1.419099582414963,30,37.756
82,32,1.4568551324897803,31,37.756
82,33,1.4946106825645975,32,37.756
82,34,1.5323662326394147,33,37.756
82,35,1.570121782714232,34,37.756
82,36,1.6078773327890492,35,37.756
82,37,1.6456328828638664,36,37.756
82,38,1.6833884329386837,37,37.756
82,39,1.721143983013501,38,37.756
82,40,1.7588995330883181,39,37.756
82,41,1.7966550831631354,40,37.756
82,42,1.8344106332379526,41,37.756
82,43,1.8721661833127698,42,37.756
82,44,1.909921733387587,43,37.756
82,45,1.9476772834624043,44,37.756
82,46,1.9854328335372216,45,37.756
82,47,2.023188383612039,46,37.756
82,48,2.0609439336868562,47,37.756
82,49,2.0986994837616737,48,37.756
82,50,2.1366317189519872,49,37.932
82,51,2.1745639541423007,50,37.932
82,52,2.2124961893326143,51,37.932
82,53,2.250428424522928,52,37.932
82,54,2.2883606597132413,53,37.932
82,55,2.326292894903555,54,37.932
82,56,2.3642251300938684,55,37.932
82,57,2.402157365284182,56,37.932
82,58,2.4400896004744954,57,37.932
82,59,2.478021835664809,58,37.932
82,60,2.5159540708551225,59,37.932
82,61,2.553886306045436,60,37.932
82,62,2.5918185412357495,61,37.932
82,63,2.629750776426063,62,37.932
82,64,2.6676830116163766,63,37.932
82,65,2.70561524680669,64,37.932
82,66,2.7435474819970036,65,37.932
82,67,2.781479717187317,66,37.932
82,68,2.8194119523776306,67,37.932
82,69,2.857344187567944,68,37.932
82,70,2.8952764227582577,69,37.932
82,71,2.933208657948571,70,37.932
82,72,2.9711408931388847,71,37.932
82,73,3.0090731283291983,72,37.932
82,74,3.047005363519512,73,37.932
82,75,3.0849375987098253,74,37.932
82,76,3.122869833900139,75,37.932
82,77,3.1608020690904524,76,37.932
82,78,3.198734304280766,77,37.932
82,79,3.2366665394710794,78,37.932
82,80,3.274598774661393,79,37.932
82,81,3.3125310098517065,80,37.932
82,82,3.35046324504202,81,37.932
82,83,3.3883954802323335,82,37.932
82,84,3.426327715422647,83,37.932
82,85,3.4642599506129605,84,37.932
82,86,3.502192185803274,85,37.932
82,87,3.5401244209935876,86,37.932
82,88,3.578056656183901,87,37.932
82,89,3.6159888913742146,88,37.932
82,90,3.653921126564528,89,37.932
82,91,3.6918533617548417,90,37.932
82,92,3.729785596945155,91,37.932
82,93,3.7677178321354687,92,37.932
82,94,3.8056500673257823,93,37.932
82,95,3.843582302516096,94,37.932
82,96,3.8815145377064093,95,37.932
82,97,3.919446772896723,96,37.932
82,98,3.9573790080870364,97,37.932
82,99,3.99531124327735,98,37.932
82,100,4.033243478467663,99,37.932
82,101,4.071175713657977,100,37.932
82,102,4.109107948848291,101,37.932
82,103,4.147040184038605,102,37.932
82,104,4.184972419228919,103,37.932
82,105,4.222904654419233,104,37.932
82,106,4.260836889609547,105,37.932
82,107,4.298769124799861,106,37.932
82,108,4.336701359990175,107,37.932
82,109,4.374633595180489,108,37.932
82,110,4.412565830370803,109,37.932
82,111,4.450498065561117,110,37.932
82,112,4.488430300751431,111,37.932
82,113,4.526362535941745,112,37.932
82,114,4.5643505204403265,113,37.988
82,115,4.602338504938908,114,37.988
82,116,4.64032648943749,115,37.988
82,117,4.678314473936071,116,37.988
82,118,4.716302458434653,117,37.988
82,119,4.754290442933234,118,37.988
82,120,4.792278427431816,119,37.988
82,121,4.830266411930397,120,37.988
82,122,4.868254396428979,121,37.988
82,123,4.90624238092756,122,37.988
82,124,4.944230365426142,123,37.988
82,125,4.9822183499247235,124,37.988
82,126,5.020206334423305,125,37.988
82,127,5.0581943189218865,126,37.988
82,128,5.096182303420468,127,37.988
83,1,0.2864330801704442,0,286.433
83,2,0.3241886302452615,1,37.756
83,3,0.3619441803200788,2,37.756
83,4,0.3996997303948961,3,37.756
83,5,0.4374552804697134,4,37.756
83,6,0.47521083054453067,5,37.756
83,7,0.512966380619348,6,37.756
83,8,0.5507219306941653,7,37.756
83,9,0.5884774807689827,8,37.756
83,10,0.6262330308438,9,37.756
83,11,0.6639885809186173,10,37.756
83,12,0.7017441309934347,11,37.756
83,13,0.739499681068252,12,37.756
83,14,0.7772552311430694,13,37.756
83,15,0.8150107812178867,14,37.756
83,16,0.8527663312927041,15,37.756
83,17,0.8905218813675214,16,37.756
83,18,0.9282774314423388,17,37.756
83,19,0.9660329815171561,18,37.756
83,20,1.0037885315919735,19,37.756
83,21,1.0415440816667907,20,37.756
83,22,1.079299631741608,21,37.756
83,23,1.1170551818164252,22,37.756
83,24,1.1548107318912424,23,37.756
83,25,1.1925662819660596,24,37.756
83,26,1.2303218320408769,25,37.756
83,27,1.268077382115694,26,37.756
83,28,1.3058329321905113,27,37.756
83,29,1.3435884822653286,28,37.756
83,30,1.3813440323401458,29,37.756
83,31,1.419099582414963,30,37.756
83,32,1.4568551324897803,31,37.756
83,33,1.4946106825645975,32,37.756
83,34,1.5323662326394147,33,37.756
83,35,1.570121782714232,34,37.756
83,36,1.6078773327890492,35,37.756
83,37,1.6456328828638664,36,37.756
83,38,1.6833884329386837,37,37.756
83,39,1.721143983013501,38,37.756
83,40,1.7588995330883181,39,37.756
83,41,1.7966550831631354,40,37.756
83,42,1.8344106332379526,41,37.756
83,43,1.8721661833127698,42,37.756
83,44,1.909921733387587,43,37.756
83,45,1.9476772834624043,44,37.756
83,46,1.9854328335372216,45,37.756
83,47,2.023188383612039,46,37.756
83,48,2.0609439336868562,47,37.756
83,49,2.0986994837616737,48,37.756
83,50,2.1366317189519872,49,37.932
83,51,2.1745639541423007,50,37.932
83,52,2.2124961893326143,51,37.932
83,53,2.250428424522928,52,37.932
83,54,2.2883606597132413,53,37.932
83,55,2.326292894903555,54,37.932
83,56,2.3642251300938684,55,37.932
83,57,2.402157365284182,56,37.932
83,58,2.4400896004744954,57,37.932
83,59,2.478021835664809,58,37.932
83,60,2.5159540708551225,59,37.932
83,61,2.553886306045436,60,37.932
83,62,2.5918185412357495,61,37.932
83,63,2.629750776426063,62,37.932
83,64,2.6676830116163766,63,37.932
83,65,2.70561524680669,64,37.932
83,66,2.7435474819970036,65,37.932
83,67,2.781479717187317,66,37.932
83,68,2.8194119523776306,67,37.932
83,69,2.857344187567944,68,37.932
83,70,2.8952764227582577,69,37.932
83,71,2.933208657948571,70,37.932
83,72,2.9711408931388847,71,37.932
83,73,3.0090731283291983,72,37.932
83,74,3.047005363519512,73,37.932
83,75,3.0849375987098253,74,37.932
83,76,3.122869833900139,75,37.932
83,77,3.1608020690904524,76,37.932
83,78,3.198734304280766,77,37.932
83,79,3.2366665394710794,78,37.932
83,80,3.274598774661393,79,37.932
83,81,3.3125310098517065,80,37.932
83,82,3.35046324504202,81,37.932
83,83,3.3883954802323335,82,37.932
83,84,3.426327715422647,83,37.932
83,85,3.4642599506129605,84,37.932
83,86,3.502192185803274,85,37.932
83,87,3.5401244209935876,86,37.932
83,88,3.578056656183901,87,37.932
83,89,3.6159888913742146,88,37.932
83,90,3.653921126564528,89,37.932
83,91,3.6918533617548417,90,37.932
83,92,3.729785596945155,91,37.932
83,93,3.7677178321354687,92,37.932
83,94,3.8056500673257823,93,37.932
83,95,3.843582302516096,94,37.932
83,96,3.8815145377064093,95,37.932
83,97,3.919446772896723,96,37.932
83,98,3.9573790080870364,97,37.932
83,99,3.99531124327735,98,37.932
83,100,4.033243478467663,99,37.932
83,101,4.071175713657977,100,37.932
83,102,4.109107948848291,101,37.932
83,103,4.147040184038605,102,37.932
83,104,4.184972419228919,103,37.932
83,105,4.222904654419233,104,37.932
83,106,4.260836889609547,105,37.932
83,107,4.298769124799861,106,37.932
83,108,4.336701359990175,107,37.932
83,109,4.374633595180489,108,37.932
83,110,4.412565830370803,109,37.932
83,111,4.450498065561117,110,37.932
83,112,4.488430300751431,111,37.932
83,113,4.526362535941745,112,37.932
83,114,4.5643505204403265,113,37.988
83,115,4.602338504938908,114,37.988
83,116,4.64032648943749,115,37.988
83,117,4.678314473936071,116,37.988
83,118,4.716302458434653,117,37.988
83,119,4.754290442933234,118,37.988
83,120,4.792278427431816,119,37.988
83,121,4.830266411930397,120,37.988
83,122,4.868254396428979,121,37.988
83,123,4.90624238092756,122,37.988
83,124,4.944230365426142,123,37.988
83,125,4.9822183499247235,124,37.988
83,126,5.020206334423305,125,37.988
83,127,5.0581943189218865,126,37.988
83,128,5.096182303420468,127,37.988
84,1,0.2864330801704442,0,286.433
84,2,0.3241886302452615,1,37.756
84,3,0.3619441803200788,2,37.756
84,4,0.3996997303948961,3,37.756
84,5,0.4374552804697134,4,37.756
84,6,0.47521083054453067,5,37.756
84,7,0.512966380619348,6,37.756
84,8,0.5507219306941653,7,37.756
84,9,0.5884774807689827,8,37.756
84,10,0.6262330308438,9,37.756
84,11,0.6639885809186173,10,37.756
84,12,0.7017441309934347,11,37.756
84,13,0.739499681068252,12,37.756
84,14,0.7772552311430694,13,37.756
84,15,0.8150107812178867,14,37.756
84,16,0.8527663312927041,15,37.756
84,17,0.8905218813675214,16,37.756
84,18,0.9282774314423388,17,37.756
84,19,0.9660329815171561,18,37.756
84,20,1.0037885315919735,19,37.756
84,21,1.0415440816667907,20,37.756
84,22,1.079299631741608,21,37.756
84,23,1.1170551818164252,22,37.756
84,24,1.1548107318912424,23,37.756
84,25,1.1925662819660596,24,37.756
84,26,1.2303218320408769,25,37.756
84,27,1.268077382115694,26,37.756
84,28,1.3058329321905113,27,37.756
84,29,1.3435884822653286,28,37.756
84,30,1.3813440323401458,29,37.756
84,31,1.419099582414963,30,37.756
84,32,1.4568551324897803,31,37.756
84,33,1.4946106825645975,32,37.756
84,34,1.5323662326394147,33,37.756
84,35,1.570121782714232,34,37.756
84,36,1.6078773327890492,35,37.756
84,37,1.6456328828638664,36,37.756
84,38,1.6833884329386837,37,37.756
84,39,1.721143983013501,38,37.756
84,40,1.7588995330883181,39,37.756
84,41,1.7966550831631354,40,37.756
84,42,1.8344106332379526,41,37.756
84,43,1.8721661833127698,42,37.756
84,44,1.909921733387587,43,37.756
84,45,1.9476772834624043,44,37.756
84,46,1.9854328335372216,45,37.756
84,47,2.023188383612039,46,37.756
84,48,2.0609439336868562,47,37.756
84,49,2.0986994837616737,48,37.756
84,50,2.1366317189519872,49,37.932
84,51,2.1745639541423007,50,37.932
84,52,2.2124961893326143,51,37.932
84,53,2.250428424522928,52,37.932
84,54,2.2883606597132413,53,37.932
84,55,2.326292894903555,54,37.932
84,56,2.3642251300938684,55,37.932
84,57,2.402157365284182,56,37.932
84,58,2.4400896004744954,57,37.932
84,59,2.478021835664809,58,37.932
84,60,2.5159540708551225,59,37.932
84,61,2.553886306045436,60,37.932
84,62,2.5918185412357495,61,37.932
84,63,2.629750776426063,62,37.932
84,64,2.6676830116163766,63,37.932
84,65,2.70561524680669,64,37.932
84,66,2.7435474819970036,65,37.932
84,67,2.781479717187317,66,37.932
84,68,2.8194119523776306,67,37.932
84,69,2.857344187567944,68,37.932
84,70,2.8952764227582577,69,37.932
84,71,2.933208657948571,70,37.932
84,72,2.9711408931388847,71,37.932
84,73,3.0090731283291983,72,37.932
84,74,3.047005363519512,73,37.932
84,75,3.0849375987098253,74,37.932
84,76,3.122869833900139,75,37.932
84,77,3.1608020690904524,76,37.932
84,78,3.198734304280766,77,37.932
84,79,3.2366665394710794,78,37.932
84,80,3.274598774661393,79,37.932
84,81,3.3125310098517065,80,37.932
84,82,3.35046324504202,81,37.932
84,83,3.3883954802323335,82,37.932
84,84,3.426327715422647,83,37.932
84,85,3.4642599506129605,84,37.932
84,86,3.502192185803274,85,37.932
84,87,3.5401244209935876,86,37.932
84,88,3.578056656183901,87,37.932
84,89,3.6159888913742146,88,37.932
84,90,3.653921126564528,89,37.932
84,91,3.6918533617548417,90,37.932
84,92,3.729785596945155,91,37.932
84,93,3.7677178321354687,92,37.932
84,94,3.8056500673257823,93,37.932
84,95,3.843582302516096,94,37.932
84,96,3.8815145377064093,95,37.932
84,97,3.919446772896723,96,37.932
84,98,3.9573790080870364,97,37.932
84,99,3.99531124327735,98,37.932
84,100,4.033243478467663,99,37.932
84,101,4.071175713657977,100,37.932
84,102,4.109107948848291,101,37.932
84,103,4.147040184038605,102,37.932
84,104,4.184972419228919,103,37.932
84,105,4.222904654419233,104,37.932
84,106,4.260836889609547,105,37.932
84,107,4.298769124799861,106,37.932
84,108,4.336701359990175,107,37.932
84,109,4.374633595180489,108,37.932
84,110,4.412565830370803,109,37.932
84,111,4.450498065561117,110,37.932
84,112,4.488430300751431,111,37.932
84,113,4.526362535941745,112,37.932
84,114,4.5643505204403265,113,37.988
84,115,4.602338504938908,114,37.988
84,116,4.64032648943749,115,37.988
84,117,4.678314473936071,116,37.988
84,118,4.716302458434653,117,37.988
84,119,4.754290442933234,118,37.988
84,120,4.792278427431816,119,37.988
84,121,4.830266411930397,120,37.988
84,122,4.868254396428979,121,37.988
84,123,4.90624238092756,122,37.988
84,124,4.944230365426142,123,37.988
84,125,4.9822183499247235,124,37.988
84,126,5.020206334423305,125,37.988
84,127,5.0581943189218865,126,37.988
84,128,5.096182303420468,127,37.988
85,1,0.2864330801704442,0,286.433
85,2,0.3241886302452615,1,37.756
85,3,0.3619441803200788,2,37.756
85,4,0.3996997303948961,3,37.756
85,5,0.4374552804697134,4,37.756
85,6,0.47521083054453067,5,37.756
85,7,0.512966380619348,6,37.756
85,8,0.5507219306941653,7,37.756
85,9,0.5884774807689827,8,37.756
85,10,0.6262330308438,9,37.756
85,11,0.6639885809186173,10,37.756
85,12,0.7017441309934347,11,37.756
85,13,0.739499681068252,12,37.756
85,14,0.7772552311430694,13,37.756
85,15,0.8150107812178867,14,37.756
85,16,0.8527663312927041,15,37.756
85,17,0.8905218813675214,16,37.756
85,18,0.9282774314423388,17,37.756
85,19,0.9660329815171561,18,37.756
85,20,1.0037885315919735,19,37.756
85,21,1.0415440816667907,20,37.756
85,22,1.079299631741608,21,37.756
85,23,1.1170551818164252,22,37.756
85,24,1.1548107318912424,23,37.756
85,25,1.1925662819660596,24,37.756
85,26,1.2303218320408769,25,37.756
85,27,1.268077382115694,26,37.756
85,28,1.3058329321905113,27,37.756
85,29,1.3435884822653286,28,37.756
85,30,1.3813440323401458,29,37.756
85,31,1.419099582414963,30,37.756
85,32,1.4568551324897803,31,37.756
85,33,1.4946106825645975,32,37.756
85,34,1.5323662326394147,33,37.756
85,35,1.570121782714232,34,37.756
85,36,1.6078773327890492,35,37.756
85,37,1.6456328828638664,36,37.756
85,38,1.6833884329386837,37,37.756
85,39,1.721143983013501,38,37.756
85,40,1.7588995330883181,39,37.756
85,41,1.7966550831631354,40,37.756
85,42,1.8344106332379526,41,37.756
85,43,1.8721661833127698,42,37.756
85,44,1.909921733387587,43,37.756
85,45,1.9476772834624043,44,37.756
85,46,1.9854328335372216,45,37.756
85,47,2.023188383612039,46,37.756
85,48,2.0609439336868562,47,37.756
85,49,2.0986994837616737,48,37.756
85,50,2.1366317189519872,49,37.932
85,51,2.1745639541423007,50,37.932
85,52,2.2124961893326143,51,37.932
85,53,2.250428424522928,52,37.932
85,54,2.2883606597132413,53,37.932
85,55,2.326292894903555,54,37.932
85,56,2.3642251300938684,55,37.932
85,57,2.402157365284182,56,37.932
85,58,2.4400896004744954,57,37.932
85,59,2.478021835664809,58,37.932
85,60,2.5159540708551225,59,37.932
85,61,2.553886306045436,60,37.932
85,62,2.5918185412357495,61,37.932
85,63,2.629750776426063,62,37.932
85,64,2.6676830116163766,63,37.932
85,65,2.70561524680669,64,37.932
85,66,2.7435474819970036,65,37.932
85,67,2.781479717187317,66,37.932
85,68,2.8194119523776306,67,37.932
85,69,2.857344187567944,68,37.932
85,70,2.8952764227582577,69,37.932
85,71,2.933208657948571,70,37.932
85,72,2.9711408931388847,71,37.932
85,73,3.0090731283291983,72,37.932
85,74,3.047005363519512,73,37.932
85,75,3.0849375987098253,74,37.932
85,76,3.122869833900139,75,37.932
85,77,3.1608020690904524,76,37.932
85,78,3.198734304280766,77,37.932
85,79,3.2366665394710794,78,37.932
85,80,3.274598774661393,79,37.932
85,81,3.3125310098517065,80,37.932
85,82,3.35046324504202,81,37.932
85,83,3.3883954802323335,82,37.932
85,84,3.426327715422647,83,37.932
85,85,3.4642599506129605,84,37.932
85,86,3.502192185803274,85,37.932
85,87,3.5401244209935876,86,37.932
85,88,3.578056656183901,87,37.932
85,89,3.6159888913742146,88,37.932
85,90,3.653921126564528,89,37.932
85,91,3.6918533617548417,90,37.932
85,92,3.729785596945155,91,37.932
85,93,3.7677178321354687,92,37.932
85,94,3.8056500673257823,93,37.932
85,95,3.843582302516096,94,37.932
85,96,3.8815145377064093,95,37.932
85,97,3.919446772896723,96,37.932
85,98,3.9573790080870364,97,37.932
85,99,3.99531124327735,98,37.932
85,100,4.033243478467663,99,37.932
85,101,4.071175713657977,100,37.932
85,102,4.109107948848291,101,37.932
85,103,4.147040184038605,102,37.932
85,104,4.184972419228919,103,37.932
85,105,4.222904654419233,104,37.932
85,106,4.260836889609547,105,37.932
85,107,4.298769124799861,106,37.932
85,108,4.336701359990175,107,37.932
85,109,4.374633595180489,108,37.932
85,110,4.412565830370803,109,37.932
85,111,4.450498065561117,110,37.932
85,112,4.488430300751431,111,37.932
85,113,4.526362535941745,112,37.932
85,114,4.5643505204403265,113,37.988
85,115,4.602338504938908,114,37.988
85,116,4.64032648943749,115,37.988
85,117,4.678314473936071,116,37.988
85,118,4.716302458434653,117,37.988
85,119,4.754290442933234,118,37.988
85,120,4.792278427431816,119,37.988
85,121,4.830266411930397,120,37.988
85,122,4.868254396428979,121,37.988
85,123,4.90624238092756,122,37.988
85,124,4.944230365426142,123,37.988
85,125,4.9822183499247235,124,37.988
85,126,5.020206334423305,125,37.988
85,127,5.0581943189218865,126,37.988
85,128,5.096182303420468,127,37.988
86,1,0.2864330801704442,0,286.433
86,2,0.3241886302452615,1,37.756
86,3,0.3619441803200788,2,37.756
86,4,0.3996997303948961,3,37.756
86,5,0.4374552804697134,4,37.756
86,6,0.47521083054453067,5,37.756
86,7,0.512966380619348,6,37.756
86,8,0.5507219306941653,7,37.756
86,9,0.5884774807689827,8,37.756
86,10,0.6262330308438,9,37.756
86,11,0.6639885809186173,10,37.756
86,12,0.7017441309934347,11,37.756
86,13,0.739499681068252,12,37.756
86,14,0.7772552311430694,13,37.756
86,15,0.8150107812178867,14,37.756
86,16,0.8527663312927041,15,37.756
86,17,0.8905218813675214,16,37.756
86,18,0.9282774314423388,17,37.756
86,19,0.9660329815171561,18,37.756
86,20,1.0037885315919735,19,37.756
86,21,1.0415440816667907,20,37.756
86,22,1.079299631741608,21,37.756
86,23,1.1170551818164252,22,37.756
86,24,1.1548107318912424,23,37.756
86,25,1.1925662819660596,24,37.756
86,26,1.2303218320408769,25,37.756
86,27,1.268077382115694,26,37.756
86,28,1.3058329321905113,27,37.756
86,29,1.3435884822653286,28,37.756
86,30,1.3813440323401458,29,37.756
86,31,1.419099582414963,30,37.756
86,32,1.4568551324897803,31,37.756
86,33,1.4946106825645975,32,37.756
86,34,1.5323662326394147,33,37.756
86,35,1.570121782714232,34,37.756
86,36,1.6078773327890492,35,37.756
86,37,1.6456328828638664,36,37.756
86,38,1.6833884329386837,37,37.756
86,39,1.721143983013501,38,37.756
86,40,1.7588995330883181,39,37.756
86,41,1.7966550831631354,40,37.756
86,42,1.8344106332379526,41,37.756
86,43,1.8721661833127698,42,37.756
86,44,1.909921733387587,43,37.756
86,45,1.9476772834624043,44,37.756
86,46,1.9854328335372216,45,37.756
86,47,2.023188383612039,46,37.756
86,48,2.0609439336868562,47,37.756
86,49,2.0986994837616737,48,37.756
86,50,2.1366317189519872,49,37.932
86,51,2.1745639541423007,50,37.932
86,52,2.2124961893326143,51,37.932
86,53,2.250428424522928,52,37.932
86,54,2.2883606597132413,53,37.932
86,55,2.326292894903555,54,37.932
86,56,2.3642251300938684,55,37.932
86,57,2.402157365284182,56,37.932
86,58,2.4400896004744954,57,37.932
86,59,2.478021835664809,58,37.932
86,60,2.5159540708551225,59,37.932
86,61,2.553886306045436,60,37.932
86,62,2.5918185412357495,61,37.932
86,63,2.629750776426063,62,37.932
86,64,2.6676830116163766,63,37.932
86,65,2.70561524680669,64,37.932
86,66,2.7435474819970036,65,37.932
86,67,2.781479717187317,66,37.932
86,68,2.8194119523776306,67,37.932
86,69,2.857344187567944,68,37.932
86,70,2.8952764227582577,69,37.932
86,71,2.933208657948571,70,37.932
86,72,2.9711408931388847,71,37.932
86,73,3.0090731283291983,72,37.932
86,74,3.047005363519512,73,37.932
86,75,3.0849375987098253,74,37.932
86,76,3.122869833900139,75,37.932
86,77,3.1608020690904524,76,37.932
86,78,3.198734304280766,77,37.932
86,79,3.2366665394710794,78,37.932
86,80,3.274598774661393,79,37.932
86,81,3.3125310098517065,80,37.932
86,82,3.35046324504202,81,37.932
86,83,3.3883954802323335,82,37.932
86,84,3.426327715422647,83,37.932
86,85,3.4642599506129605,84,37.932
86,86,3.502192185803274,85,37.932
86,87,3.5401244209935876,86,37.932
86,88,3.578056656183901,87,37.932
86,89,3.6159888913742146,88,37.932
86,90,3.653921126564528,89,37.932
86,91,3.6918533617548417,90,37.932
86,92,3.729785596945155,91,37.932
86,93,3.7677178321354687,92,37.932
86,94,3.8056500673257823,93,37.932
86,95,3.843582302516096,94,37.932
86,96,3.8815145377064093,95,37.932
86,97,3.919446772896723,96,37.932
86,98,3.9573790080870364,97,37.932
86,99,3.99531124327735,98,37.932
86,100,4.033243478467663,99,37.932
86,101,4.071175713657977,100,37.932
86,102,4.109107948848291,101,37.932
86,103,4.147040184038605,102,37.932
86,104,4.184972419228919,103,37.932
86,105,4.222904654419233,104,37.932
86,106,4.260836889609547,105,37.932
86,107,4.298769124799861,106,37.932
86,108,4.336701359990175,107,37.932
86,109,4.374633595180489,108,37.932
86,110,4.412565830370803,109,37.932
86,111,4.450498065561117,110,37.932
86,112,4.488430300751431,111,37.932
86,113,4.526362535941745,112,37.932
86,114,4.5643505204403265,113,37.988
86,115,4.602338504938908,114,37.988
86,116,4.64032648943749,115,37.988
86,117,4.678314473936071,116,37.988
86,118,4.716302458434653,117,37.988
86,119,4.754290442933234,118,37.988
86,120,4.792278427431816,119,37.988
86,121,4.830266411930397,120,37.988
86,122,4.868254396428979,121,37.988
86,123,4.90624238092756,122,37.988
86,124,4.944230365426142,123,37.988
86,125,4.9822183499247235,124,37.988
86,126,5.020206334423305,125,37.988
86,127,5.0581943189218865,126,37.988
86,128,5.096182303420468,127,37.988
87,1,0.2864330801704442,0,286.433
87,2,0.3241886302452615,1,37.756
87,3,0.3619441803200788,2,37.756
87,4,0.3996997303948961,3,37.756
87,5,0.4374552804697134,4,37.756
87,6,0.47521083054453067,5,37.756
87,7,0.512966380619348,6,37.756
87,8,0.5507219306941653,7,37.756
87,9,0.5884774807689827,8,37.756
87,10,0.6262330308438,9,37.756
87,11,0.6639885809186173,10,37.756
87,12,0.7017441309934347,11,37.756
87,13,0.739499681068252,12,37.756
87,14,0.7772552311430694,13,37.756
87,15,0.8150107812178867,14,37.756
87,16,0.8527663312927041,15,37.756
87,17,0.8905218813675214,16,37.756
87,18,0.9282774314423388,17,37.756
87,19,0.9660329815171561,18,37.756
87,20,1.0037885315919735,19,37.756
87,21,1.0415440816667907,20,37.756
87,22,1.079299631741608,21,37.756
87,23,1.1170551818164252,22,37.756
87,24,1.1548107318912424,23,37.756
87,25,1.1925662819660596,24,37.756
87,26,1.2303218320408769,25,37.756
87,27,1.268077382115694,26,37.756
87,28,1.3058329321905113,27,37.756
87,29,1.3435884822653286,28,37.756
87,30,1.3813440323401458,29,37.756
87,31,1.419099582414963,30,37.756
87,32,1.4568551324897803,31,37.756
87,33,1.4946106825645975,32,37.756
87,34,1.5323662326394147,33,37.756
87,35,1.570121782714232,34,37.756
87,36,1.6078773327890492,35,37.756
87,37,1.6456328828638664,36,37.756
87,38,1.6833884329386837,37,37.756
87,39,1.721143983013501,38,37.756
87,40,1.7588995330883181,39,37.756
87,41,1.7966550831631354,40,37.756
87,42,1.8344106332379526,41,37.756
87,43,1.8721661833127698,42,37.756
87,44,1.909921733387587,43,37.756
87,45,1.9476772834624043,44,37.756
87,46,1.9854328335372216,45,37.756
87,47,2.023188383612039,46,37.756
87,48,2.0609439336868562,47,37.756
87,49,2.0986994837616737,48,37.756
87,50,2.1366317189519872,49,37.932
87,51,2.1745639541423007,50,37.932
87,52,2.2124961893326143,51,37.932
87,53,2.250428424522928,52,37.932
87,54,2.2883606597132413,53,37.932
87,55,2.326292894903555,54,37.932
87,56,2.3642251300938684,55,37.932
87,57,2.402157365284182,56,37.932
87,58,2.4400896004744954,57,37.932
87,59,2.478021835664809,58,37.932
87,60,2.5159540708551225,59,37.932
87,61,2.553886306045436,60,37.932
87,62,2.5918185412357495,61,37.932
87,63,2.629750776426063,62,37.932
87,64,2.6676830116163766,63,37.932
87,65,2.70561524680669,64,37.932
87,66,2.7435474819970036,65,37.932
87,67,2.781479717187317,66,37.932
87,68,2.8194119523776306,67,37.932
87,69,2.857344187567944,68,37.932
87,70,2.8952764227582577,69,37.932
87,71,2.933208657948571,70,37.932
87,72,2.9711408931388847,71,37.932
87,73,3.0090731283291983,72,37.932
87,74,3.047005363519512,73,37.932
87,75,3.0849375987098253,74,37.932
87,76,3.122869833900139,75,37.932
87,77,3.1608020690904524,76,37.932
87,78,3.198734304280766,77,37.932
87,79,3.2366665394710794,78,37.932
87,80,3.274598774661393,79,37.932
87,81,3.3125310098517065,80,37.932
87,82,3.35046324504202,81,37.932
87,83,3.3883954802323335,82,37.932
87,84,3.426327715422647,83,37.932
87,85,3.4642599506129605,84,37.932
87,86,3.502192185803274,85,37.932
87,87,3.5401244209935876,86,37.932
87,88,3.578056656183901,87,37.932
87,89,3.6159888913742146,88,37.932
87,90,3.653921126564528,89,37.932
87,91,3.6918533617548417,90,37.932
87,92,3.729785596945155,91,37.932
87,93,3.7677178321354687,92,37.932
87,94,3.8056500673257823,93,37.932
87,95,3.843582302516096,94,37.932
87,96,3.8815145377064093,95,37.932
87,97,3.919446772896723,96,37.932
87,98,3.9573790080870364,97,37.932
87,99,3.99531124327735,98,37.932
87,100,4.033243478467663,99,37.932
87,101,4.071175713657977,100,37.932
87,102,4.109107948848291,101,37.932
87,103,4.147040184038605,102,37.932
87,104,4.184972419228919,103,37.932
87,105,4.222904654419233,104,37.932
87,106,4.260836889609547,105,37.932
87,107,4.298769124799861,106,37.932
87,108,4.336701359990175,107,37.932
87,109,4.374633595180489,108,37.932
87,110,4.412565830370803,109,37.932
87,111,4.450498065561117,110,37.932
87,112,4.488430300751431,111,37.932
87,113,4.526362535941745,112,37.932
87,114,4.5643505204403265,113,37.988
87,115,4.602338504938908,114,37.988
87,116,4.64032648943749,115,37.988
87,117,4.678314473936071,116,37.988
87,118,4.716302458434653,117,37.988
87,119,4.754290442933234,118,37.988
87,120,4.792278427431816,119,37.988
87,121,4.830266411930397,120,37.988
87,122,4.868254396428979,121,37.988
87,123,4.90624238092756,122,37.988
87,124,4.944230365426142,123,37.988
87,125,4.9822183499247235,124,37.988
87,126,5.020206334423305,125,37.988
87,127,5.0581943189218865,126,37.988
87,128,5.096182303420468,127,37.988
88,1,0.2864330801704442,0,286.433
88,2,0.3241886302452615,1,37.756
88,3,0.3619441803200788,2,37.756
88,4,0.3996997303948961,3,37.756
88,5,0.4374552804697134,4,37.756
88,6,0.47521083054453067,5,37.756
88,7,0.512966380619348,6,37.756
88,8,0.5507219306941653,7,37.756
88,9,0.5884774807689827,8,37.756
88,10,0.6262330308438,9,37.756
88,11,0.6639885809186173,10,37.756
88,12,0.7017441309934347,11,37.756
88,13,0.739499681068252,12,37.756
88,14,0.7772552311430694,13,37.756
88,15,0.8150107812178867,14,37.756
88,16,0.8527663312927041,15,37.756
88,17,0.8905218813675214,16,37.756
88,18,0.9282774314423388,17,37.756
88,19,0.9660329815171561,18,37.756
88,20,1.0037885315919735,19,37.756
88,21,1.0415440816667907,20,37.756
88,22,1.079299631741608,21,37.756
88,23,1.1170551818164252,22,37.756
88,24,1.1548107318912424,23,37.756
88,25,1.1925662819660596,24,37.756
88,26,1.2303218320408769,25,37.756
88,27,1.268077382115694,26,37.756
88,28,1.3058329321905113,27,37.756
88,29,1.3435884822653286,28,37.756
88,30,1.3813440323401458,29,37.756
88,31,1.419099582414963,30,37.756
88,32,1.4568551324897803,31,37.756
88,33,1.4946106825645975,32,37.756
88,34,1.5323662326394147,33,37.756
88,35,1.570121782714232,34,37.756
88,36,1.6078773327890492,35,37.756
88,37,1.6456328828638664,36,37.756
88,38,1.6833884329386837,37,37.756
88,39,1.721143983013501,38,37.756
88,40,1.7588995330883181,39,37.756
88,41,1.7966550831631354,40,37.756
88,42,1.8344106332379526,41,37.756
88,43,1.8721661833127698,42,37.756
88,44,1.909921733387587,43,37.756
88,45,1.9476772834624043,44,37.756
88,46,1.9854328335372216,45,37.756
88,47,2.023188383612039,46,37.756
88,48,2.0609439336868562,47,37.756
88,49,2.0986994837616737,48,37.756
88,50,2.1366317189519872,49,37.932
88,51,2.1745639541423007,50,37.932
88,52,2.2124961893326143,51,37.932
88,53,2.250428424522928,52,37.932
88,54,2.2883606597132413,53,37.932
88,55,2.326292894903555,54,37.932
88,56,2.3642251300938684,55,37.932
88,57,2.402157365284182,56,37.932
88,58,2.4400896004744954,57,37.932
88,59,2.478021835664809,58,37.932
88,60,2.5159540708551225,59,37.932
88,61,2.553886306045436,60,37.932
88,62,2.5918185412357495,61,37.932
88,63,2.629750776426063,62,37.932
88,64,2.6676830116163766,63,37.932
88,65,2.70561524680669,64,37.932
88,66,2.7435474819970036,65,37.932
88,67,2.781479717187317,66,37.932
88,68,2.8194119523776306,67,37.932
88,69,2.857344187567944,68,37.932
88,70,2.8952764227582577,69,37.932
88,71,2.933208657948571,70,37.932
88,72,2.9711408931388847,71,37.932
88,73,3.0090731283291983,72,37.932
88,74,3.047005363519512,73,37.932
88,75,3.0849375987098253,74,37.932
88,76,3.122869833900139,75,37.932
88,77,3.1608020690904524,76,37.932
88,78,3.198734304280766,77,37.932
88,79,3.2366665394710794,78,37.932
88,80,3.274598774661393,79,37.932
88,81,3.3125310098517065,80,37.932
88,82,3.35046324504202,81,37.932
88,83,3.3883954802323335,82,37.932
88,84,3.426327715422647,83,37.932
88,85,3.4642599506129605,84,37.932
88,86,3.502192185803274,85,37.932
88,87,3.5401244209935876,86,37.932
88,88,3.578056656183901,87,37.932
88,89,3.6159888913742146,88,37.932
88,90,3.653921126564528,89,37.932
88,91,3.6918533617548417,90,37.932
88,92,3.729785596945155,91,37.932
88,93,3.7677178321354687,92,37.932
88,94,3.8056500673257823,93,37.932
88,95,3.843582302516096,94,37.932
88,96,3.8815145377064093,95,37.932
88,97,3.919446772896723,96,37.932
88,98,3.9573790080870364,97,37.932
88,99,3.99531124327735,98,37.932
88,100,4.033243478467663,99,37.932
88,101,4.071175713657977,100,37.932
88,102,4.109107948848291,101,37.932
88,103,4.147040184038605,102,37.932
88,104,4.184972419228919,103,37.932
88,105,4.222904654419233,104,37.932
88,106,4.260836889609547,105,37.932
88,107,4.298769124799861,106,37.932
88,108,4.336701359990175,107,37.932
88,109,4.374633595180489,108,37.932
88,110,4.412565830370803,109,37.932
88,111,4.450498065561117,110,37.932
88,112,4.488430300751431,111,37.932
88,113,4.526362535941745,112,37.932
88,114,4.5643505204403265,113,37.988
88,115,4.602338504938908,114,37.988
88,116,4.64032648943749,115,37.988
88,117,4.678314473936071,116,37.988
88,118,4.716302458434653,117,37.988
88,119,4.754290442933234,118,37.988
88,120,4.792278427431816,119,37.988
88,121,4.830266411930397,120,37.988
88,122,4.868254396428979,121,37.988
88,123,4.90624238092756,122,37.988
88,124,4.944230365426142,123,37.988
88,125,4.9822183499247235,124,37.988
88,126,5.020206334423305,125,37.988
88,127,5.0581943189218865,126,37.988
88,128,5.096182303420468,127,37.988
89,1,0.2864330801704442,0,286.433
89,2,0.3241886302452615,1,37.756
89,3,0.3619441803200788,2,37.756
89,4,0.3996997303948961,3,37.756
89,5,0.4374552804697134,4,37.756
89,6,0.47521083054453067,5,37.756
89,7,0.512966380619348,6,37.756
89,8,0.5507219306941653,7,37.756
89,9,0.5884774807689827,8,37.756
89,10,0.6262330308438,9,37.756
89,11,0.6639885809186173,10,37.756
89,12,0.7017441309934347,11,37.756
89,13,0.739499681068252,12,37.756
89,14,0.7772552311430694,13,37.756
89,15,0.8150107812178867,14,37.756
89,16,0.8527663312927041,15,37.756
89,17,0.8905218813675214,16,37.756
89,18,0.9282774314423388,17,37.756
89,19,0.9660329815171561,18,37.756
89,20,1.0037885315919735,19,37.756
89,21,1.0415440816667907,20,37.756
89,22,1.079299631741608,21,37.756
89,23,1.1170551818164252,22,37.756
89,24,1.1548107318912424,23,37.756
89,25,1.1925662819660596,24,37.756
89,26,1.2303218320408769,25,37.756
89,27,1.268077382115694,26,37.756
89,28,1.3058329321905113,27,37.756
89,29,1.3435884822653286,28,37.756
89,30,1.3813440323401458,29,37.756
89,31,1.419099582414963,30,37.756
89,32,1.4568551324897803,31,37.756
89,33,1.4946106825645975,32,37.756
89,34,1.5323662326394147,33,37.756
89,35,1.570121782714232,34,37.756
89,36,1.6078773327890492,35,37.756
89,37,1.6456328828638664,36,37.756
89,38,1.6833884329386837,37,37.756
89,39,1.721143983013501,38,37.756
89,40,1.7588995330883181,39,37.756
89,41,1.7966550831631354,40,37.756
89,42,1.8344106332379526,41,37.756
89,43,1.8721661833127698,42,37.756
89,44,1.909921733387587,43,37.756
89,45,1.9476772834624043,44,37.756
89,46,1.9854328335372216,45,37.756
89,47,2.023188383612039,46,37.756
89,48,2.0609439336868562,47,37.756
89,49,2.0986994837616737,48,37.756
89,50,2.1366317189519872,49,37.932
89,51,2.1745639541423007,50,37.932
89,52,2.2124961893326143,51,37.932
89,53,2.250428424522928,52,37.932
89,54,2.2883606597132413,53,37.932
89,55,2.326292894903555,54,37.932
89,56,2.3642251300938684,55,37.932
89,57,2.402157365284182,56,37.932
89,58,2.4400896004744954,57,37.932
89,59,2.478021835664809,58,37.932
89,60,2.5159540708551225,59,37.932
89,61,2.553886306045436,60,37.932
89,62,2.5918185412357495,61,37.932
89,63,2.629750776426063,62,37.932
89,64,2.6676830116163766,63,37.932
89,65,2.70561524680669,64,37.932
89,66,2.7435474819970036,65,37.932
89,67,2.781479717187317,66,37.932
89,68,2.8194119523776306,67,37.932
89,69,2.857344187567944,68,37.932
89,70,2.8952764227582577,69,37.932
89,71,2.933208657948571,70,37.932
89,72,2.9711408931388847,71,37.932
89,73,3.0090731283291983,72,37.932
89,74,3.047005363519512,73,37.932
89,75,3.0849375987098253,74,37.932
89,76,3.122869833900139,75,37.932
89,77,3.1608020690904524,76,37.932
89,78,3.198734304280766,77,37.932
89,79,3.2366665394710794,78,37.932
89,80,3.274598774661393,79,37.932
89,81,3.3125310098517065,80,37.932
89,82,3.35046324504202,81,37.932
89,83,3.3883954802323335,82,37.932
89,84,3.426327715422647,83,37.932
89,85,3.4642599506129605,84,37.932
89,86,3.502192185803274,85,37.932
89,87,3.5401244209935876,86,37.932
89,88,3.578056656183901,87,37.932
89,89,3.6159888913742146,88,37.932
89,90,3.653921126564528,89,37.932
89,91,3.6918533617548417,90,37.932
89,92,3.729785596945155,91,37.932
89,93,3.7677178321354687,92,37.932
89,94,3.8056500673257823,93,37.932
89,95,3.843582302516096,94,37.932
89,96,3.8815145377064093,95,37.932
89,97,3.919446772896723,96,37.932
89,98,3.9573790080870364,97,37.932
89,99,3.99531124327735,98,37.932
89,100,4.033243478467663,99,37.932
89,101,4.071175713657977,100,37.932
89,102,4.109107948848291,101,37.932
89,103,4.147040184038605,102,37.932
89,104,4.184972419228919,103,37.932
89,105,4.222904654419233,104,37.932
89,106,4.260836889609547,105,37.932
89,107,4.298769124799861,106,37.932
89,108,4.336701359990175,107,37.932
89,109,4.374633595180489,108,37.932
89,110,4.412565830370803,109,37.932
89,111,4.450498065561117,110,37.932
89,112,4.488430300751431,111,37.932
89,113,4.526362535941745,112,37.932
89,114,4.5643505204403265,113,37.988
89,115,4.602338504938908,114,37.988
89,116,4.64032648943749,115,37.988
89,117,4.678314473936071,116,37.988
89,118,4.716302458434653,117,37.988
89,119,4.754290442933234,118,37.988
89,120,4.792278427431816,119,37.988
89,121,4.830266411930397,120,37.988
89,122,4.868254396428979,121,37.988
89,123,4.90624238092756,122,37.988
89,124,4.944230365426142,123,37.988
89,125,4.9822183499247235,124,37.988
89,126,5.020206334423305,125,37.988
89,127,5.0581943189218865,126,37.988
89,128,5.096182303420468,127,37.988
90,1,0.2864330801704442,0,286.433
90,2,0.3241886302452615,1,37.756
90,3,0.3619441803200788,2,37.756
90,4,0.3996997303948961,3,37.756
90,5,0.4374552804697134,4,37.756
90,6,0.47521083054453067,5,37.756
90,7,0.512966380619348,6,37.756
90,8,0.5507219306941653,7,37.756
90,9,0.5884774807689827,8,37.756
90,10,0.6262330308438,9,37.756
90,11,0.6639885809186173,10,37.756
90,12,0.7017441309934347,11,37.756
90,13,0.739499681068252,12,37.756
90,14,0.7772552311430694,13,37.756
90,15,0.8150107812178867,14,37.756
90,16,0.8527663312927041,15,37.756
90,17,0.8905218813675214,16,37.756
90,18,0.9282774314423388,17,37.756
90,19,0.9660329815171561,18,37.756
90,20,1.0037885315919735,19,37.756
90,21,1.0415440816667907,20,37.756
90,22,1.079299631741608,21,37.756
90,23,1.1170551818164252,22,37.756
90,24,1.1548107318912424,23,37.756
90,25,1.1925662819660596,24,37.756
90,26,1.2303218320408769,25,37.756
90,27,1.268077382115694,26,37.756
90,28,1.3058329321905113,27,37.756
90,29,1.3435884822653286,28,37.756
90,30,1.3813440323401458,29,37.756
90,31,1.419099582414963,30,37.756
90,32,1.4568551324897803,31,37.756
90,33,1.4946106825645975,32,37.756
90,34,1.5323662326394147,33,37.756
90,35,1.570121782714232,34,37.756
90,36,1.6078773327890492,35,37.756
90,37,1.6456328828638664,36,37.756
90,38,1.6833884329386837,37,37.756
90,39,1.721143983013501,38,37.756
90,40,1.7588995330883181,39,37.756
90,41,1.7966550831631354,40,37.756
90,42,1.8344106332379526,41,37.756
90,43,1.8721661833127698,42,37.756
90,44,1.909921733387587,43,37.756
90,45,1.9476772834624043,44,37.756
90,46,1.9854328335372216,45,37.756
90,47,2.023188383612039,46,37.756
90,48,2.0609439336868562,47,37.756
90,49,2.0986994837616737,48,37.756
90,50,2.1366317189519872,49,37.932
90,51,2.1745639541423007,50,37.932
90,52,2.2124961893326143,51,37.932
90,53,2.250428424522928,52,37.932
90,54,2.2883606597132413,53,37.932
90,55,2.326292894903555,54,37.932
90,56,2.3642251300938684,55,37.932
90,57,2.402157365284182,56,37.932
90,58,2.4400896004744954,57,37.932
90,59,2.478021835664809,58,37.932
90,60,2.5159540708551225,59,37.932
90,61,2.553886306045436,60,37.932
90,62,2.5918185412357495,61,37.932
90,63,2.629750776426063,62,37.932
90,64,2.6676830116163766,63,37.932
90,65,2.70561524680669,64,37.932
90,66,2.7435474819970036,65,37.932
90,67,2.781479717187317,66,37.932
90,68,2.8194119523776306,67,37.932
90,69,2.857344187567944,68,37.932
90,70,2.8952764227582577,69,37.932
90,71,2.933208657948571,70,37.932
90,72,2.9711408931388847,71,37.932
90,73,3.0090731283291983,72,37.932
90,74,3.047005363519512,73,37.932
90,75,3.0849375987098253,74,37.932
90,76,3.122869833900139,75,37.932
90,77,3.1608020690904524,76,37.932
90,78,3.198734304280766,77,37.932
90,79,3.2366665394710794,78,37.932
90,80,3.274598774661393,79,37.932
90,81,3.3125310098517065,80,37.932
90,82,3.35046324504202,81,37.932
90,83,3.3883954802323335,82,37.932
90,84,3.426327715422647,83,37.932
90,85,3.4642599506129605,84,37.932
90,86,3.502192185803274,85,37.932
90,87,3.5401244209935876,86,37.932
90,88,3.578056656183901,87,37.932
90,89,3.6159888913742146,88,37.932
90,90,3.653921126564528,89,37.932
90,91,3.6918533617548417,90,37.932
90,92,3.729785596945155,91,37.932
90,93,3.7677178321354687,92,37.932
90,94,3.8056500673257823,93,37.932
90,95,3.843582302516096,94,37.932
90,96,3.8815145377064093,95,37.932
90,97,3.919446772896723,96,37.932
90,98,3.9573790080870364,97,37.932
90,99,3.99531124327735,98,37.932
90,100,4.033243478467663,99,37.932
90,101,4.071175713657977,100,37.932
90,102,4.109107948848291,101,37.932
90,103,4.147040184038605,102,37.932
90,104,4.184972419228919,103,37.932
90,105,4.222904654419233,104,37.932
90,106,4.260836889609547,105,37.932
90,107,4.298769124799861,106,37.932
90,108,4.336701359990175,107,37.932
90,109,4.374633595180489,108,37.932
90,110,4.412565830370803,109,37.932
90,111,4.450498065561117,110,37.932
90,112,4.488430300751431,111,37.932
90,113,4.526362535941745,112,37.932
90,114,4.5643505204403265,113,37.988
90,115,4.602338504938908,114,37.988
90,116,4.64032648943749,115,37.988
90,117,4.678314473936071,116,37.988
90,118,4.716302458434653,117,37.988
90,119,4.754290442933234,118,37.988
90,120,4.792278427431816,119,37.988
90,121,4.830266411930397,120,37.988
90,122,4.868254396428979,121,37.988
90,123,4.90624238092756,122,37.988
90,124,4.944230365426142,123,37.988
90,125,4.9822183499247235,124,37.988
90,126,5.020206334423305,125,37.988
90,127,5.0581943189218865,126,37.988
90,128,5.096182303420468,127,37.988
91,1,0.2864330801704442,0,286.433
91,2,0.3241886302452615,1,37.756
91,3,0.3619441803200788,2,37.756
91,4,0.3996997303948961,3,37.756
91,5,0.4374552804697134,4,37.756
91,6,0.47521083054453067,5,37.756
91,7,0.512966380619348,6,37.756
91,8,0.5507219306941653,7,37.756
91,9,0.5884774807689827,8,37.756
91,10,0.6262330308438,9,37.756
91,11,0.6639885809186173,10,37.756
91,12,0.7017441309934347,11,37.756
91,13,0.739499681068252,12,37.756
91,14,0.7772552311430694,13,37.756
91,15,0.8150107812178867,14,37.756
91,16,0.8527663312927041,15,37.756
91,17,0.8905218813675214,16,37.756
91,18,0.9282774314423388,17,37.756
91,19,0.9660329815171561,18,37.756
91,20,1.0037885315919735,19,37.756
91,21,1.0415440816667907,20,37.756
91,22,1.079299631741608,21,37.756
91,23,1.1170551818164252,22,37.756
91,24,1.1548107318912424,23,37.756
91,25,1.1925662819660596,24,37.756
91,26,1.2303218320408769,25,37.756
91,27,1.268077382115694,26,37.756
91,28,1.3058329321905113,27,37.756
91,29,1.3435884822653286,28,37.756
91,30,1.3813440323401458,29,37.756
91,31,1.419099582414963,30,37.756
91,32,1.4568551324897803,31,37.756
91,33,1.4946106825645975,32,37.756
91,34,1.5323662326394147,33,37.756
91,35,1.570121782714232,34,37.756
91,36,1.6078773327890492,35,37.756
91,37,1.6456328828638664,36,37.756
91,38,1.6833884329386837,37,37.756
91,39,1.721143983013501,38,37.756
91,40,1.7588995330883181,39,37.756
91,41,1.7966550831631354,40,37.756
91,42,1.8344106332379526,41,37.756
91,43,1.8721661833127698,42,37.756
91,44,1.909921733387587,43,37.756
91,45,1.9476772834624043,44,37.756
91,46,1.9854328335372216,45,37.756
91,47,2.023188383612039,46,37.756
91,48,2.0609439336868562,47,37.756
91,49,2.0986994837616737,48,37.756
91,50,2.1366317189519872,49,37.932
91,51,2.1745639541423007,50,37.932
91,52,2.2124961893326143,51,37.932
91,53,2.250428424522928,52,37.932
91,54,2.2883606597132413,53,37.932
91,55,2.326292894903555,54,37.932
91,56,2.3642251300938684,55,37.932
91,57,2.402157365284182,56,37.932
91,58,2.4400896004744954,57,37.932
91,59,2.478021835664809,58,37.932
91,60,2.5159540708551225,59,37.932
91,61,2.553886306045436,60,37.932
91,62,2.5918185412357495,61,37.932
91,63,2.629750776426063,62,37.932
91,64,2.6676830116163766,63,37.932
91,65,2.70561524680669,64,37.932
91,66,2.7435474819970036,65,37.932
91,67,2.781479717187317,66,37.932
91,68,2.8194119523776306,67,37.932
91,69,2.857344187567944,68,37.932
91,70,2.8952764227582577,69,37.932
91,71,2.933208657948571,70,37.932
91,72,2.9711408931388847,71,37.932
91,73,3.0090731283291983,72,37.932
91,74,3.047005363519512,73,37.932
91,75,3.0849375987098253,74,37.932
91,76,3.122869833900139,75,37.932
91,77,3.1608020690904524,76,37.932
91,78,3.198734304280766,77,37.932
91,79,3.2366665394710794,78,37.932
91,80,3.274598774661393,79,37.932
91,81,3.3125310098517065,80,37.932
91,82,3.35046324504202,81,37.932
91,83,3.3883954802323335,82,37.932
91,84,3.426327715422647,83,37.932
91,85,3.4642599506129605,84,37.932
91,86,3.502192185803274,85,37.932
91,87,3.5401244209935876,86,37.932
91,88,3.578056656183901,87,37.932
91,89,3.6159888913742146,88,37.932
91,90,3.653921126564528,89,37.932
91,91,3.6918533617548417,90,37.932
91,92,3.729785596945155,91,37.932
91,93,3.7677178321354687,92,37.932
91,94,3.8056500673257823,93,37.932
91,95,3.843582302516096,94,37.932
91,96,3.8815145377064093,95,37.932
91,97,3.919446772896723,96,37.932
91,98,3.9573790080870364,97,37.932
91,99,3.99531124327735,98,37.932
91,100,4.033243478467663,99,37.932
91,101,4.071175713657977,100,37.932
91,102,4.109107948848291,101,37.932
91,103,4.147040184038605,102,37.932
91,104,4.184972419228919,103,37.932
91,105,4.222904654419233,104,37.932
91,106,4.260836889609547,105,37.932
91,107,4.298769124799861,106,37.932
91,108,4.336701359990175,107,37.932
91,109,4.374633595180489,108,37.932
91,110,4.412565830370803,109,37.932
91,111,4.450498065561117,110,37.932
91,112,4.488430300751431,111,37.932
91,113,4.526362535941745,112,37.932
91,114,4.5643505204403265,113,37.988
91,115,4.602338504938908,114,37.988
91,116,4.64032648943749,115,37.988
91,117,4.678314473936071,116,37.988
91,118,4.716302458434653,117,37.988
91,119,4.754290442933234,118,37.988
91,120,4.792278427431816,119,37.988
91,121,4.830266411930397,120,37.988
91,122,4.868254396428979,121,37.988
91,123,4.90624238092756,122,37.988
91,124,4.944230365426142,123,37.988
91,125,4.9822183499247235,124,37.988
91,126,5.020206334423305,125,37.988
91,127,5.0581943189218865,126,37.988
91,128,5.096182303420468,127,37.988
92,1,0.2864330801704442,0,286.433
92,2,0.3241886302452615,1,37.756
92,3,0.3619441803200788,2,37.756
92,4,0.3996997303948961,3,37.756
92,5,0.4374552804697134,4,37.756
92,6,0.47521083054453067,5,37.756
92,7,0.512966380619348,6,37.756
92,8,0.5507219306941653,7,37.756
92,9,0.5884774807689827,8,37.756
92,10,0.6262330308438,9,37.756
92,11,0.6639885809186173,10,37.756
92,12,0.7017441309934347,11,37.756
92,13,0.739499681068252,12,37.756
92,14,0.7772552311430694,13,37.756
92,15,0.8150107812178867,14,37.756
92,16,0.8527663312927041,15,37.756
92,17,0.8905218813675214,16,37.756
92,18,0.9282774314423388,17,37.756
92,19,0.9660329815171561,18,37.756
92,20,1.0037885315919735,19,37.756
92,21,1.0415440816667907,20,37.756
92,22,1.079299631741608,21,37.756
92,23,1.1170551818164252,22,37.756
92,24,1.1548107318912424,23,37.756
92,25,1.1925662819660596,24,37.756
92,26,1.2303218320408769,25,37.756
92,27,1.268077382115694,26,37.756
92,28,1.3058329321905113,27,37.756
92,29,1.3435884822653286,28,37.756
92,30,1.3813440323401458,29,37.756
92,31,1.419099582414963,30,37.756
92,32,1.4568551324897803,31,37.756
92,33,1.4946106825645975,32,37.756
92,34,1.5323662326394147,33,37.756
92,35,1.570121782714232,34,37.756
92,36,1.6078773327890492,35,37.756
92,37,1.6456328828638664,36,37.756
92,38,1.6833884329386837,37,37.756
92,39,1.721143983013501,38,37.756
92,40,1.7588995330883181,39,37.756
92,41,1.7966550831631354,40,37.756
92,42,1.8344106332379526,41,37.756
92,43,1.8721661833127698,42,37.756
92,44,1.909921733387587,43,37.756
92,45,1.9476772834624043,44,37.756
92,46,1.9854328335372216,45,37.756
92,47,2.023188383612039,46,37.756
92,48,2.0609439336868562,47,37.756
92,49,2.0986994837616737,48,37.756
92,50,2.1366317189519872,49,37.932
92,51,2.1745639541423007,50,37.932
92,52,2.2124961893326143,51,37.932
92,53,2.250428424522928,52,37.932
92,54,2.2883606597132413,53,37.932
92,55,2.326292894903555,54,37.932
92,56,2.3642251300938684,55,37.932
92,57,2.402157365284182,56,37.932
92,58,2.4400896004744954,57,37.932
92,59,2.478021835664809,58,37.932
92,60,2.5159540708551225,59,37.932
92,61,2.553886306045436,60,37.932
92,62,2.5918185412357495,61,37.932
92,63,2.629750776426063,62,37.932
92,64,2.6676830116163766,63,37.932
92,65,2.70561524680669,64,37.932
92,66,2.7435474819970036,65,37.932
92,67,2.781479717187317,66,37.932
92,68,2.8194119523776306,67,37.932
92,69,2.857344187567944,68,37.932
92,70,2.8952764227582577,69,37.932
92,71,2.933208657948571,70,37.932
92,72,2.9711408931388847,71,37.932
92,73,3.0090731283291983,72,37.932
92,74,3.047005363519512,73,37.932
92,75,3.0849375987098253,74,37.932
92,76,3.122869833900139,75,37.932
92,77,3.1608020690904524,76,37.932
92,78,3.198734304280766,77,37.932
92,79,3.2366665394710794,78,37.932
92,80,3.274598774661393,79,37.932
92,81,3.3125310098517065,80,37.932
92,82,3.35046324504202,81,37.932
92,83,3.3883954802323335,82,37.932
92,84,3.426327715422647,83,37.932
92,85,3.4642599506129605,84,37.932
92,86,3.502192185803274,85,37.932
92,87,3.5401244209935876,86,37.932
92,88,3.578056656183901,87,37.932
92,89,3.6159888913742146,88,37.932
92,90,3.653921126564528,89,37.932
92,91,3.6918533617548417,90,37.932
92,92,3.729785596945155,91,37.932
92,93,3.7677178321354687,92,37.932
92,94,3.8056500673257823,93,37.932
92,95,3.843582302516096,94,37.932
92,96,3.8815145377064093,95,37.932
92,97,3.919446772896723,96,37.932
92,98,3.9573790080870364,97,37.932
92,99,3.99531124327735,98,37.932
92,100,4.033243478467663,99,37.932
92,101,4.071175713657977,100,37.932
92,102,4.109107948848291,101,37.932
92,103,4.147040184038605,102,37.932
92,104,4.184972419228919,103,37.932
92,105,4.222904654419233,104,37.932
92,106,4.260836889609547,105,37.932
92,107,4.298769124799861,106,37.932
92,108,4.336701359990175,107,37.932
92,109,4.374633595180489,108,37.932
92,110,4.412565830370803,109,37.932
92,111,4.450498065561117,110,37.932
92,112,4.488430300751431,111,37.932
92,113,4.526362535941745,112,37.932
92,114,4.5643505204403265,113,37.988
92,115,4.602338504938908,114,37.988
92,116,4.64032648943749,115,37.988
92,117,4.678314473936071,116,37.988
92,118,4.716302458434653,117,37.988
92,119,4.754290442933234,118,37.988
92,120,4.792278427431816,119,37.988
92,121,4.830266411930397,120,37.988
92,122,4.868254396428979,121,37.988
92,123,4.90624238092756,122,37.988
92,124,4.944230365426142,123,37.988
92,125,4.9822183499247235,124,37.988
92,126,5.020206334423305,125,37.988
92,127,5.0581943189218865,126,37.988
92,128,5.096182303420468,127,37.988
93,1,0.2864330801704442,0,286.433
93,2,0.3241886302452615,1,37.756
93,3,0.3619441803200788,2,37.756
93,4,0.3996997303948961,3,37.756
93,5,0.4374552804697134,4,37.756
93,6,0.47521083054453067,5,37.756
93,7,0.512966380619348,6,37.756
93,8,0.5507219306941653,7,37.756
93,9,0.5884774807689827,8,37.756
93,10,0.6262330308438,9,37.756
93,11,0.6639885809186173,10,37.756
93,12,0.7017441309934347,11,37.756
93,13,0.739499681068252,12,37.756
93,14,0.7772552311430694,13,37.756
93,15,0.8150107812178867,14,37.756
93,16,0.8527663312927041,15,37.756
93,17,0.8905218813675214,16,37.756
93,18,0.9282774314423388,17,37.756
93,19,0.9660329815171561,18,37.756
93,20,1.0037885315919735,19,37.756
93,21,1.0415440816667907,20,37.756
93,22,1.079299631741608,21,37.756
93,23,1.1170551818164252,22,37.756
93,24,1.1548107318912424,23,37.756
93,25,1.1925662819660596,24,37.756
93,26,1.2303218320408769,25,37.756
93,27,1.268077382115694,26,37.756
93,28,1.3058329321905113,27,37.756
93,29,1.3435884822653286,28,37.756
93,30,1.3813440323401458,29,37.756
93,31,1.419099582414963,30,37.756
93,32,1.4568551324897803,31,37.756
93,33,1.4946106825645975,32,37.756
93,34,1.5323662326394147,33,37.756
93,35,1.570121782714232,34,37.756
93,36,1.6078773327890492,35,37.756
93,37,1.6456328828638664,36,37.756
93,38,1.6833884329386837,37,37.756
93,39,1.721143983013501,38,37.756
93,40,1.7588995330883181,39,37.756
93,41,1.7966550831631354,40,37.756
93,42,1.8344106332379526,41,37.756
93,43,1.8721661833127698,42,37.756
93,44,1.909921733387587,43,37.756
93,45,1.9476772834624043,44,37.756
93,46,1.9854328335372216,45,37.756
93,47,2.023188383612039,46,37.756
93,48,2.0609439336868562,47,37.756
93,49,2.0986994837616737,48,37.756
93,50,2.1366317189519872,49,37.932
93,51,2.1745639541423007,50,37.932
93,52,2.2124961893326143,51,37.932
93,53,2.250428424522928,52,37.932
93,54,2.2883606597132413,53,37.932
93,55,2.326292894903555,54,37.932
93,56,2.3642251300938684,55,37.932
93,57,2.402157365284182,56,37.932
93,58,2.4400896004744954,57,37.932
93,59,2.478021835664809,58,37.932
93,60,2.5159540708551225,59,37.932
93,61,2.553886306045436,60,37.932
93,62,2.5918185412357495,61,37.932
93,63,2.629750776426063,62,37.932
93,64,2.6676830116163766,63,37.932
93,65,2.70561524680669,64,37.932
93,66,2.7435474819970036,65,37.932
93,67,2.781479717187317,66,37.932
93,68,2.8194119523776306,67,37.932
93,69,2.857344187567944,68,37.932
93,70,2.8952764227582577,69,37.932
93,71,2.933208657948571,70,37.932
93,72,2.9711408931388847,71,37.932
93,73,3.0090731283291983,72,37.932
93,74,3.047005363519512,73,37.932
93,75,3.0849375987098253,74,37.932
93,76,3.122869833900139,75,37.932
93,77,3.1608020690904524,76,37.932
93,78,3.198734304280766,77,37.932
93,79,3.2366665394710794,78,37.932
93,80,3.274598774661393,79,37.932
93,81,3.3125310098517065,80,37.932
93,82,3.35046324504202,81,37.932
93,83,3.3883954802323335,82,37.932
93,84,3.426327715422647,83,37.932
93,85,3.4642599506129605,84,37.932
93,86,3.502192185803274,85,37.932
93,87,3.5401244209935876,86,37.932
93,88,3.578056656183901,87,37.932
93,89,3.6159888913742146,88,37.932
93,90,3.653921126564528,89,37.932
93,91,3.6918533617548417,90,37.932
93,92,3.729785596945155,91,37.932
93,93,3.7677178321354687,92,37.932
93,94,3.8056500673257823,93,37.932
93,95,3.843582302516096,94,37.932
93,96,3.8815145377064093,95,37.932
93,97,3.919446772896723,96,37.932
93,98,3.9573790080870364,97,37.932
93,99,3.99531124327735,98,37.932
93,100,4.033243478467663,99,37.932
93,101,4.071175713657977,100,37.932
93,102,4.109107948848291,101,37.932
93,103,4.147040184038605,102,37.932
93,104,4.184972419228919,103,37.932
93,105,4.222904654419233,104,37.932
93,106,4.260836889609547,105,37.932
93,107,4.298769124799861,106,37.932
93,108,4.336701359990175,107,37.932
93,109,4.374633595180489,108,37.932
93,110,4.412565830370803,109,37.932
93,111,4.450498065561117,110,37.932
93,112,4.488430300751431,111,37.932
93,113,4.526362535941745,112,37.932
93,114,4.5643505204403265,113,37.988
93,115,4.602338504938908,114,37.988
93,116,4.64032648943749,115,37.988
93,117,4.678314473936071,116,37.988
93,118,4.716302458434653,117,37.988
93,119,4.754290442933234,118,37.988
93,120,4.792278427431816,119,37.988
93,121,4.830266411930397,120,37.988
93,122,4.868254396428979,121,37.988
93,123,4.90624238092756,122,37.988
93,124,4.944230365426142,123,37.988
93,125,4.9822183499247235,124,37.988
93,126,5.020206334423305,125,37.988
93,127,5.0581943189218865,126,37.988
93,128,5.096182303420468,127,37.988
94,1,0.2864330801704442,0,286.433
94,2,0.3241886302452615,1,37.756
94,3,0.3619441803200788,2,37.756
94,4,0.3996997303948961,3,37.756
94,5,0.4374552804697134,4,37.756
94,6,0.47521083054453067,5,37.756
94,7,0.512966380619348,6,37.756
94,8,0.5507219306941653,7,37.756
94,9,0.5884774807689827,8,37.756
94,10,0.6262330308438,9,37.756
94,11,0.6639885809186173,10,37.756
94,12,0.7017441309934347,11,37.756
94,13,0.739499681068252,12,37.756
94,14,0.7772552311430694,13,37.756
94,15,0.8150107812178867,14,37.756
94,16,0.8527663312927041,15,37.756
94,17,0.8905218813675214,16,37.756
94,18,0.9282774314423388,17,37.756
94,19,0.9660329815171561,18,37.756
94,20,1.0037885315919735,19,37.756
94,21,1.0415440816667907,20,37.756
94,22,1.079299631741608,21,37.756
94,23,1.1170551818164252,22,37.756
94,24,1.1548107318912424,23,37.756
94,25,1.1925662819660596,24,37.756
94,26,1.2303218320408769,25,37.756
94,27,1.268077382115694,26,37.756
94,28,1.3058329321905113,27,37.756
94,29,1.3435884822653286,28,37.756
94,30,1.3813440323401458,29,37.756
94,31,1.419099582414963,30,37.756
94,32,1.4568551324897803,31,37.756
94,33,1.4946106825645975,32,37.756
94,34,1.5323662326394147,33,37.756
94,35,1.570121782714232,34,37.756
94,36,1.6078773327890492,35,37.756
94,37,1.6456328828638664,36,37.756
94,38,1.6833884329386837,37,37.756
94,39,1.721143983013501,38,37.756
94,40,1.7588995330883181,39,37.756
94,41,1.7966550831631354,40,37.756
94,42,1.8344106332379526,41,37.756
94,43,1.8721661833127698,42,37.756
94,44,1.909921733387587,43,37.756
94,45,1.9476772834624043,44,37.756
94,46,1.9854328335372216,45,37.756
94,47,2.023188383612039,46,37.756
94,48,2.0609439336868562,47,37.756
94,49,2.0986994837616737,48,37.756
94,50,2.1366317189519872,49,37.932
94,51,2.1745639541423007,50,37.932
94,52,2.2124961893326143,51,37.932
94,53,2.250428424522928,52,37.932
94,54,2.2883606597132413,53,37.932
94,55,2.326292894903555,54,37.932
94,56,2.3642251300938684,55,37.932
94,57,2.402157365284182,56,37.932
94,58,2.4400896004744954,57,37.932
94,59,2.478021835664809,58,37.932
94,60,2.5159540708551225,59,37.932
94,61,2.553886306045436,60,37.932
94,62,2.5918185412357495,61,37.932
94,63,2.629750776426063,62,37.932
94,64,2.6676830116163766,63,37.932
94,65,2.70561524680669,64,37.932
94,66,2.7435474819970036,65,37.932
94,67,2.781479717187317,66,37.932
94,68,2.8194119523776306,67,37.932
94,69,2.857344187567944,68,37.932
94,70,2.8952764227582577,69,37.932
94,71,2.933208657948571,70,37.932
94,72,2.9711408931388847,71,37.932
94,73,3.0090731283291983,72,37.932
94,74,3.047005363519512,73,37.932
94,75,3.0849375987098253,74,37.932
94,76,3.122869833900139,75,37.932
94,77,3.1608020690904524,76,37.932
94,78,3.198734304280766,77,37.932
94,79,3.2366665394710794,78,37.932
94,80,3.274598774661393,79,37.932
94,81,3.3125310098517065,80,37.932
94,82,3.35046324504202,81,37.932
94,83,3.3883954802323335,82,37.932
94,84,3.426327715422647,83,37.932
94,85,3.4642599506129605,84,37.932
94,86,3.502192185803274,85,37.932
94,87,3.5401244209935876,86,37.932
94,88,3.578056656183901,87,37.932
94,89,3.6159888913742146,88,37.932
94,90,3.653921126564528,89,37.932
94,91,3.6918533617548417,90,37.932
94,92,3.729785596945155,91,37.932
94,93,3.7677178321354687,92,37.932
94,94,3.8056500673257823,93,37.932
94,95,3.843582302516096,94,37.932
94,96,3.8815145377064093,95,37.932
94,97,3.919446772896723,96,37.932
94,98,3.9573790080870364,97,37.932
94,99,3.99531124327735,98,37.932
94,100,4.033243478467663,99,37.932
94,101,4.071175713657977,100,37.932
94,102,4.109107948848291,101,37.932
94,103,4.147040184038605,102,37.932
94,104,4.184972419228919,103,37.932
94,105,4.222904654419233,104,37.932
94,106,4.260836889609547,105,37.932
94,107,4.298769124799861,106,37.932
94,108,4.336701359990175,107,37.932
94,109,4.374633595180489,108,37.932
94,110,4.412565830370803,109,37.932
94,111,4.450498065561117,110,37.932
94,112,4.488430300751431,111,37.932
94,113,4.526362535941745,112,37.932
94,114,4.5643505204403265,113,37.988
94,115,4.602338504938908,114,37.988
94,116,4.64032648943749,115,37.988
94,117,4.678314473936071,116,37.988
94,118,4.716302458434653,117,37.988
94,119,4.754290442933234,118,37.988
94,120,4.792278427431816,119,37.988
94,121,4.830266411930397,120,37.988
94,122,4.868254396428979,121,37.988
94,123,4.90624238092756,122,37.988
94,124,4.944230365426142,123,37.988
94,125,4.9822183499247235,124,37.988
94,126,5.020206334423305,125,37.988
94,127,5.0581943189218865,126,37.988
94,128,5.096182303420468,127,37.988
95,1,0.2864330801704442,0,286.433
95,2,0.3241886302452615,1,37.756
95,3,0.3619441803200788,2,37.756
95,4,0.3996997303948961,3,37.756
95,5,0.4374552804697134,4,37.756
95,6,0.47521083054453067,5,37.756
95,7,0.512966380619348,6,37.756
95,8,0.5507219306941653,7,37.756
95,9,0.5884774807689827,8,37.756
95,10,0.6262330308438,9,37.756
95,11,0.6639885809186173,10,37.756
95,12,0.7017441309934347,11,37.756
95,13,0.739499681068252,12,37.756
95,14,0.7772552311430694,13,37.756
95,15,0.8150107812178867,14,37.756
95,16,0.8527663312927041,15,37.756
95,17,0.8905218813675214,16,37.756
95,18,0.9282774314423388,17,37.756
95,19,0.9660329815171561,18,37.756
95,20,1.0037885315919735,19,37.756
95,21,1.0415440816667907,20,37.756
95,22,1.079299631741608,21,37.756
95,23,1.1170551818164252,22,37.756
95,24,1.1548107318912424,23,37.756
95,25,1.1925662819660596,24,37.756
95,26,1.2303218320408769,25,37.756
95,27,1.268077382115694,26,37.756
95,28,1.3058329321905113,27,37.756
95,29,1.3435884822653286,28,37.756
95,30,1.3813440323401458,29,37.756
95,31,1.419099582414963,30,37.756
95,32,1.4568551324897803,31,37.756
95,33,1.4946106825645975,32,37.756
95,34,1.5323662326394147,33,37.756
95,35,1.570121782714232,34,37.756
95,36,1.6078773327890492,35,37.756
95,37,1.6456328828638664,36,37.756
95,38,1.6833884329386837,37,37.756
95,39,1.721143983013501,38,37.756
95,40,1.7588995330883181,39,37.756
95,41,1.7966550831631354,40,37.756
95,42,1.8344106332379526,41,37.756
95,43,1.8721661833127698,42,37.756
95,44,1.909921733387587,43,37.756
95,45,1.9476772834624043,44,37.756
95,46,1.9854328335372216,45,37.756
95,47,2.023188383612039,46,37.756
95,48,2.0609439336868562,47,37.756
95,49,2.0986994837616737,48,37.756
95,50,2.1366317189519872,49,37.932
95,51,2.1745639541423007,50,37.932
95,52,2.2124961893326143,51,37.932
95,53,2.250428424522928,52,37.932
95,54,2.2883606597132413,53,37.932
95,55,2.326292894903555,54,37.932
95,56,2.3642251300938684,55,37.932
95,57,2.402157365284182,56,37.932
95,58,2.4400896004744954,57,37.932
95,59,2.478021835664809,58,37.932
95,60,2.5159540708551225,59,37.932
95,61,2.553886306045436,60,37.932
95,62,2.5918185412357495,61,37.932
95,63,2.629750776426063,62,37.932
95,64,2.6676830116163766,63,37.932
95,65,2.70561524680669,64,37.932
95,66,2.7435474819970036,65,37.932
95,67,2.781479717187317,66,37.932
95,68,2.8194119523776306,67,37.932
95,69,2.857344187567944,68,37.932
95,70,2.8952764227582577,69,37.932
95,71,2.933208657948571,70,37.932
95,72,2.9711408931388847,71,37.932
95,73,3.0090731283291983,72,37.932
95,74,3.047005363519512,73,37.932
95,75,3.0849375987098253,74,37.932
95,76,3.122869833900139,75,37.932
95,77,3.1608020690904524,76,37.932
95,78,3.198734304280766,77,37.932
95,79,3.2366665394710794,78,37.932
95,80,3.274598774661393,79,37.932
95,81,3.3125310098517065,80,37.932
95,82,3.35046324504202,81,37.932
95,83,3.3883954802323335,82,37.932
95,84,3.426327715422647,83,37.932
95,85,3.4642599506129605,84,37.932
95,86,3.502192185803274,85,37.932
95,87,3.5401244209935876,86,37.932
95,88,3.578056656183901,87,37.932
95,89,3.6159888913742146,88,37.932
95,90,3.653921126564528,89,37.932
95,91,3.6918533617548417,90,37.932
95,92,3.729785596945155,91,37.932
95,93,3.7677178321354687,92,37.932
95,94,3.8056500673257823,93,37.932
95,95,3.843582302516096,94,37.932
95,96,3.8815145377064093,95,37.932
95,97,3.919446772896723,96,37.932
95,98,3.9573790080870364,97,37.932
95,99,3.99531124327735,98,37.932
95,100,4.033243478467663,99,37.932
95,101,4.071175713657977,100,37.932
95,102,4.109107948848291,101,37.932
95,103,4.147040184038605,102,37.932
95,104,4.184972419228919,103,37.932
95,105,4.222904654419233,104,37.932
95,106,4.260836889609547,105,37.932
95,107,4.298769124799861,106,37.932
95,108,4.336701359990175,107,37.932
95,109,4.374633595180489,108,37.932
95,110,4.412565830370803,109,37.932
95,111,4.450498065561117,110,37.932
95,112,4.488430300751431,111,37.932
95,113,4.526362535941745,112,37.932
95,114,4.5643505204403265,113,37.988
95,115,4.602338504938908,114,37.988
95,116,4.64032648943749,115,37.988
95,117,4.678314473936071,116,37.988
95,118,4.716302458434653,117,37.988
95,119,4.754290442933234,118,37.988
95,120,4.792278427431816,119,37.988
95,121,4.830266411930397,120,37.988
95,122,4.868254396428979,121,37.988
95,123,4.90624238092756,122,37.988
95,124,4.944230365426142,123,37.988
95,125,4.9822183499247235,124,37.988
95,126,5.020206334423305,125,37.988
95,127,5.0581943189218865,126,37.988
95,128,5.096182303420468,127,37.988
96,1,0.2864330801704442,0,286.433
96,2,0.3241886302452615,1,37.756
96,3,0.3619441803200788,2,37.756
96,4,0.3996997303948961,3,37.756
96,5,0.4374552804697134,4,37.756
96,6,0.47521083054453067,5,37.756
96,7,0.512966380619348,6,37.756
96,8,0.5507219306941653,7,37.756
96,9,0.5884774807689827,8,37.756
96,10,0.6262330308438,9,37.756
96,11,0.6639885809186173,10,37.756
96,12,0.7017441309934347,11,37.756
96,13,0.739499681068252,12,37.756
96,14,0.7772552311430694,13,37.756
96,15,0.8150107812178867,14,37.756
96,16,0.8527663312927041,15,37.756
96,17,0.8905218813675214,16,37.756
96,18,0.9282774314423388,17,37.756
96,19,0.9660329815171561,18,37.756
96,20,1.0037885315919735,19,37.756
96,21,1.0415440816667907,20,37.756
96,22,1.079299631741608,21,37.756
96,23,1.1170551818164252,22,37.756
96,24,1.1548107318912424,23,37.756
96,25,1.1925662819660596,24,37.756
96,26,1.2303218320408769,25,37.756
96,27,1.268077382115694,26,37.756
96,28,1.3058329321905113,27,37.756
96,29,1.3435884822653286,28,37.756
96,30,1.3813440323401458,29,37.756
96,31,1.419099582414963,30,37.756
96,32,1.4568551324897803,31,37.756
96,33,1.4946106825645975,32,37.756
96,34,1.5323662326394147,33,37.756
96,35,1.570121782714232,34,37.756
96,36,1.6078773327890492,35,37.756
96,37,1.6456328828638664,36,37.756
96,38,1.6833884329386837,37,37.756
96,39,1.721143983013501,38,37.756
96,40,1.7588995330883181,39,37.756
96,41,1.7966550831631354,40,37.756
96,42,1.8344106332379526,41,37.756
96,43,1.8721661833127698,42,37.756
96,44,1.909921733387587,43,37.756
96,45,1.9476772834624043,44,37.756
96,46,1.9854328335372216,45,37.756
96,47,2.023188383612039,46,37.756
96,48,2.0609439336868562,47,37.756
96,49,2.0986994837616737,48,37.756
96,50,2.1366317189519872,49,37.932
96,51,2.1745639541423007,50,37.932
96,52,2.2124961893326143,51,37.932
96,53,2.250428424522928,52,37.932
96,54,2.2883606597132413,53,37.932
96,55,2.326292894903555,54,37.932
96,56,2.3642251300938684,55,37.932
96,57,2.402157365284182,56,37.932
96,58,2.4400896004744954,57,37.932
96,59,2.478021835664809,58,37.932
96,60,2.5159540708551225,59,37.932
96,61,2.553886306045436,60,37.932
96,62,2.5918185412357495,61,37.932
96,63,2.629750776426063,62,37.932
96,64,2.6676830116163766,63,37.932
96,65,2.70561524680669,64,37.932
96,66,2.7435474819970036,65,37.932
96,67,2.781479717187317,66,37.932
96,68,2.8194119523776306,67,37.932
96,69,2.857344187567944,68,37.932
96,70,2.8952764227582577,69,37.932
96,71,2.933208657948571,70,37.932
96,72,2.9711408931388847,71,37.932
96,73,3.0090731283291983,72,37.932
96,74,3.047005363519512,73,37.932
96,75,3.0849375987098253,74,37.932
96,76,3.122869833900139,75,37.932
96,77,3.1608020690904524,76,37.932
96,78,3.198734304280766,77,37.932
96,79,3.2366665394710794,78,37.932
96,80,3.274598774661393,79,37.932
96,81,3.3125310098517065,80,37.932
96,82,3.35046324504202,81,37.932
96,83,3.3883954802323335,82,37.932
96,84,3.426327715422647,83,37.932
96,85,3.4642599506129605,84,37.932
96,86,3.502192185803274,85,37.932
96,87,3.5401244209935876,86,37.932
96,88,3.578056656183901,87,37.932
96,89,3.6159888913742146,88,37.932
96,90,3.653921126564528,89,37.932
96,91,3.6918533617548417,90,37.932
96,92,3.729785596945155,91,37.932
96,93,3.7677178321354687,92,37.932
96,94,3.8056500673257823,93,37.932
96,95,3.843582302516096,94,37.932
96,96,3.8815145377064093,95,37.932
96,97,3.919446772896723,96,37.932
96,98,3.9573790080870364,97,37.932
96,99,3.99531124327735,98,37.932
96,100,4.033243478467663,99,37.932
96,101,4.071175713657977,100,37.932
96,102,4.109107948848291,101,37.932
96,103,4.147040184038605,102,37.932
96,104,4.184972419228919,103,37.932
96,105,4.222904654419233,104,37.932
96,106,4.260836889609547,105,37.932
96,107,4.298769124799861,106,37.932
96,108,4.336701359990175,107,37.932
96,109,4.374633595180489,108,37.932
96,110,4.412565830370803,109,37.932
96,111,4.450498065561117,110,37.932
96,112,4.488430300751431,111,37.932
96,113,4.526362535941745,112,37.932
96,114,4.5643505204403265,113,37.988
96,115,4.602338504938908,114,37.988
96,116,4.64032648943749,115,37.988
96,117,4.678314473936071,116,37.988
96,118,4.716302458434653,117,37.988
96,119,4.754290442933234,118,37.988
96,120,4.792278427431816,119,37.988
96,121,4.830266411930397,120,37.988
96,122,4.868254396428979,121,37.988
96,123,4.90624238092756,122,37.988
96,124,4.944230365426142,123,37.988
96,125,4.9822183499247235,124,37.988
96,126,5.020206334423305,125,37.988
96,127,5.0581943189218865,126,37.988
96,128,5.096182303420468,127,37.988
97,1,0.2864330801704442,0,286.433
97,2,0.3241886302452615,1,37.756
97,3,0.3619441803200788,2,37.756
97,4,0.3996997303948961,3,37.756
97,5,0.4374552804697134,4,37.756
97,6,0.47521083054453067,5,37.756
97,7,0.512966380619348,6,37.756
97,8,0.5507219306941653,7,37.756
97,9,0.5884774807689827,8,37.756
97,10,0.6262330308438,9,37.756
97,11,0.6639885809186173,10,37.756
97,12,0.7017441309934347,11,37.756
97,13,0.739499681068252,12,37.756
97,14,0.7772552311430694,13,37.756
97,15,0.8150107812178867,14,37.756
97,16,0.8527663312927041,15,37.756
97,17,0.8905218813675214,16,37.756
97,18,0.9282774314423388,17,37.756
97,19,0.9660329815171561,18,37.756
97,20,1.0037885315919735,19,37.756
97,21,1.0415440816667907,20,37.756
97,22,1.079299631741608,21,37.756
97,23,1.1170551818164252,22,37.756
97,24,1.1548107318912424,23,37.756
97,25,1.1925662819660596,24,37.756
97,26,1.2303218320408769,25,37.756
97,27,1.268077382115694,26,37.756
97,28,1.3058329321905113,27,37.756
97,29,1.3435884822653286,28,37.756
97,30,1.3813440323401458,29,37.756
97,31,1.419099582414963,30,37.756
97,32,1.4568551324897803,31,37.756
97,33,1.4946106825645975,32,37.756
97,34,1.5323662326394147,33,37.756
97,35,1.570121782714232,34,37.756
97,36,1.6078773327890492,35,37.756
97,37,1.6456328828638664,36,37.756
97,38,1.6833884329386837,37,37.756
97,39,1.721143983013501,38,37.756
97,40,1.7588995330883181,39,37.756
97,41,1.7966550831631354,40,37.756
97,42,1.8344106332379526,41,37.756
97,43,1.8721661833127698,42,37.756
97,44,1.909921733387587,43,37.756
97,45,1.9476772834624043,44,37.756
97,46,1.9854328335372216,45,37.756
97,47,2.023188383612039,46,37.756
97,48,2.0609439336868562,47,37.756
97,49,2.0986994837616737,48,37.756
97,50,2.1366317189519872,49,37.932
97,51,2.1745639541423007,50,37.932
97,52,2.2124961893326143,51,37.932
97,53,2.250428424522928,52,37.932
97,54,2.2883606597132413,53,37.932
97,55,2.326292894903555,54,37.932
97,56,2.3642251300938684,55,37.932
97,57,2.402157365284182,56,37.932
97,58,2.4400896004744954,57,37.932
97,59,2.478021835664809,58,37.932
97,60,2.5159540708551225,59,37.932
97,61,2.553886306045436,60,37.932
97,62,2.5918185412357495,61,37.932
97,63,2.629750776426063,62,37.932
97,64,2.6676830116163766,63,37.932
97,65,2.70561524680669,64,37.932
97,66,2.7435474819970036,65,37.932
97,67,2.781479717187317,66,37.932
97,68,2.8194119523776306,67,37.932
97,69,2.857344187567944,68,37.932
97,70,2.8952764227582577,69,37.932
97,71,2.933208657948571,70,37.932
97,72,2.9711408931388847,71,37.932
97,73,3.0090731283291983,72,37.932
97,74,3.047005363519512,73,37.932
97,75,3.0849375987098253,74,37.932
97,76,3.122869833900139,75,37.932
97,77,3.1608020690904524,76,37.932
97,78,3.198734304280766,77,37.932
97,79,3.2366665394710794,78,37.932
97,80,3.274598774661393,79,37.932
97,81,3.3125310098517065,80,37.932
97,82,3.35046324504202,81,37.932
97,83,3.3883954802323335,82,37.932
97,84,3.426327715422647,83,37.932
97,85,3.4642599506129605,84,37.932
97,86,3.502192185803274,85,37.932
97,87,3.5401244209935876,86,37.932
97,88,3.578056656183901,87,37.932
97,89,3.6159888913742146,88,37.932
97,90,3.653921126564528,89,37.932
97,91,3.6918533617548417,90,37.932
97,92,3.729785596945155,91,37.932
97,93,3.7677178321354687,92,37.932
97,94,3.8056500673257823,93,37.932
97,95,3.843582302516096,94,37.932
97,96,3.8815145377064093,95,37.932
97,97,3.919446772896723,96,37.932
97,98,3.9573790080870364,97,37.932
97,99,3.99531124327735,98,37.932
97,100,4.033243478467663,99,37.932
97,101,4.071175713657977,100,37.932
97,102,4.109107948848291,101,37.932
97,103,4.147040184038605,102,37.932
97,104,4.184972419228919,103,37.932
97,105,4.222904654419233,104,37.932
97,106,4.260836889609547,105,37.932
97,107,4.298769124799861,106,37.932
97,108,4.336701359990175,107,37.932
97,109,4.374633595180489,108,37.932
97,110,4.412565830370803,109,37.932
97,111,4.450498065561117,110,37.932
97,112,4.488430300751431,111,37.932
97,113,4.526362535941745,112,37.932
97,114,4.5643505204403265,113,37.988
97,115,4.602338504938908,114,37.988
97,116,4.64032648943749,115,37.988
97,117,4.678314473936071,116,37.988
97,118,4.716302458434653,117,37.988
97,119,4.754290442933234,118,37.988
97,120,4.792278427431816,119,37.988
97,121,4.830266411930397,120,37.988
97,122,4.868254396428979,121,37.988
97,123,4.90624238092756,122,37.988
97,124,4.944230365426142,123,37.988
97,125,4.9822183499247235,124,37.988
97,126,5.020206334423305,125,37.988
97,127,5.0581943189218865,126,37.988
97,128,5.096182303420468,127,37.988
98,1,0.2864330801704442,0,286.433
98,2,0.3241886302452615,1,37.756
98,3,0.3619441803200788,2,37.756
98,4,0.3996997303948961,3,37.756
98,5,0.4374552804697134,4,37.756
98,6,0.47521083054453067,5,37.756
98,7,0.512966380619348,6,37.756
98,8,0.5507219306941653,7,37.756
98,9,0.5884774807689827,8,37.756
98,10,0.6262330308438,9,37.756
98,11,0.6639885809186173,10,37.756
98,12,0.7017441309934347,11,37.756
98,13,0.739499681068252,12,37.756
98,14,0.7772552311430694,13,37.756
98,15,0.8150107812178867,14,37.756
98,16,0.8527663312927041,15,37.756
98,17,0.8905218813675214,16,37.756
98,18,0.9282774314423388,17,37.756
98,19,0.9660329815171561,18,37.756
98,20,1.0037885315919735,19,37.756
98,21,1.0415440816667907,20,37.756
98,22,1.079299631741608,21,37.756
98,23,1.1170551818164252,22,37.756
98,24,1.1548107318912424,23,37.756
98,25,1.1925662819660596,24,37.756
98,26,1.2303218320408769,25,37.756
98,27,1.268077382115694,26,37.756
98,28,1.3058329321905113,27,37.756
98,29,1.3435884822653286,28,37.756
98,30,1.3813440323401458,29,37.756
98,31,1.419099582414963,30,37.756
98,32,1.4568551324897803,31,37.756
98,33,1.4946106825645975,32,37.756
98,34,1.5323662326394147,33,37.756
98,35,1.570121782714232,34,37.756
98,36,1.6078773327890492,35,37.756
98,37,1.6456328828638664,36,37.756
98,38,1.6833884329386837,37,37.756
98,39,1.721143983013501,38,37.756
98,40,1.7588995330883181,39,37.756
98,41,1.7966550831631354,40,37.756
98,42,1.8344106332379526,41,37.756
98,43,1.8721661833127698,42,37.756
98,44,1.909921733387587,43,37.756
98,45,1.9476772834624043,44,37.756
98,46,1.9854328335372216,45,37.756
98,47,2.023188383612039,46,37.756
98,48,2.0609439336868562,47,37.756
98,49,2.0986994837616737,48,37.756
98,50,2.1366317189519872,49,37.932
98,51,2.1745639541423007,50,37.932
98,52,2.2124961893326143,51,37.932
98,53,2.250428424522928,52,37.932
98,54,2.2883606597132413,53,37.932
98,55,2.326292894903555,54,37.932
98,56,2.3642251300938684,55,37.932
98,57,2.402157365284182,56,37.932
98,58,2.4400896004744954,57,37.932
98,59,2.478021835664809,58,37.932
98,60,2.5159540708551225,59,37.932
98,61,2.553886306045436,60,37.932
98,62,2.5918185412357495,61,37.932
98,63,2.629750776426063,62,37.932
98,64,2.6676830116163766,63,37.932
98,65,2.70561524680669,64,37.932
98,66,2.7435474819970036,65,37.932
98,67,2.781479717187317,66,37.932
98,68,2.8194119523776306,67,37.932
98,69,2.857344187567944,68,37.932
98,70,2.8952764227582577,69,37.932
98,71,2.933208657948571,70,37.932
98,72,2.9711408931388847,71,37.932
98,73,3.0090731283291983,72,37.932
98,74,3.047005363519512,73,37.932
98,75,3.0849375987098253,74,37.932
98,76,3.122869833900139,75,37.932
98,77,3.1608020690904524,76,37.932
98,78,3.198734304280766,77,37.932
98,79,3.2366665394710794,78,37.932
98,80,3.274598774661393,79,37.932
98,81,3.3125310098517065,80,37.932
98,82,3.35046324504202,81,37.932
98,83,3.3883954802323335,82,37.932
98,84,3.426327715422647,83,37.932
98,85,3.4642599506129605,84,37.932
98,86,3.502192185803274,85,37.932
98,87,3.5401244209935876,86,37.932
98,88,3.578056656183901,87,37.932
98,89,3.6159888913742146,88,37.932
98,90,3.653921126564528,89,37.932
98,91,3.6918533617548417,90,37.932
98,92,3.729785596945155,91,37.932
98,93,3.7677178321354687,92,37.932
98,94,3.8056500673257823,93,37.932
98,95,3.843582302516096,94,37.932
98,96,3.8815145377064093,95,37.932
98,97,3.919446772896723,96,37.932
98,98,3.9573790080870364,97,37.932
98,99,3.99531124327735,98,37.932
98,100,4.033243478467663,99,37.932
98,101,4.071175713657977,100,37.932
98,102,4.109107948848291,101,37.932
98,103,4.147040184038605,102,37.932
98,104,4.184972419228919,103,37.932
98,105,4.222904654419233,104,37.932
98,106,4.260836889609547,105,37.932
98,107,4.298769124799861,106,37.932
98,108,4.336701359990175,107,37.932
98,109,4.374633595180489,108,37.932
98,110,4.412565830370803,109,37.932
98,111,4.450498065561117,110,37.932
98,112,4.488430300751431,111,37.932
98,113,4.526362535941745,112,37.932
98,114,4.5643505204403265,113,37.988
98,115,4.602338504938908,114,37.988
98,116,4.64032648943749,115,37.988
98,117,4.678314473936071,116,37.988
98,118,4.716302458434653,117,37.988
98,119,4.754290442933234,118,37.988
98,120,4.792278427431816,119,37.988
98,121,4.830266411930397,120,37.988
98,122,4.868254396428979,121,37.988
98,123,4.90624238092756,122,37.988
98,124,4.944230365426142,123,37.988
98,125,4.9822183499247235,124,37.988
98,126,5.020206334423305,125,37.988
98,127,5.0581943189218865,126,37.988
98,128,5.096182303420468,127,37.988
99,1,0.2864330801704442,0,286.433
99,2,0.3241886302452615,1,37.756
99,3,0.3619441803200788,2,37.756
99,4,0.3996997303948961,3,37.756
99,5,0.4374552804697134,4,37.756
99,6,0.47521083054453067,5,37.756
99,7,0.512966380619348,6,37.756
99,8,0.5507219306941653,7,37.756
99,9,0.5884774807689827,8,37.756
99,10,0.6262330308438,9,37.756
99,11,0.6639885809186173,10,37.756
99,12,0.7017441309934347,11,37.756
99,13,0.739499681068252,12,37.756
99,14,0.7772552311430694,13,37.756
99,15,0.8150107812178867,14,37.756
99,16,0.8527663312927041,15,37.756
99,17,0.8905218813675214,16,37.756
99,18,0.9282774314423388,17,37.756
99,19,0.9660329815171561,18,37.756
99,20,1.0037885315919735,19,37.756
99,21,1.0415440816667907,20,37.756
99,22,1.079299631741608,21,37.756
99,23,1.1170551818164252,22,37.756
99,24,1.1548107318912424,23,37.756
99,25,1.1925662819660596,24,37.756
99,26,1.2303218320408769,25,37.756
99,27,1.268077382115694,26,37.756
99,28,1.3058329321905113,27,37.756
99,29,1.3435884822653286,28,37.756
99,30,1.3813440323401458,29,37.756
99,31,1.419099582414963,30,37.756
99,32,1.4568551324897803,31,37.756
99,33,1.4946106825645975,32,37.756
99,34,1.5323662326394147,33,37.756
99,35,1.570121782714232,34,37.756
99,36,1.6078773327890492,35,37.756
99,37,1.6456328828638664,36,37.756
99,38,1.6833884329386837,37,37.756
99,39,1.721143983013501,38,37.756
99,40,1.7588995330883181,39,37.756
99,41,1.7966550831631354,40,37.756
99,42,1.8344106332379526,41,37.756
99,43,1.8721661833127698,42,37.756
99,44,1.909921733387587,43,37.756
99,45,1.9476772834624043,44,37.756
99,46,1.9854328335372216,45,37.756
99,47,2.023188383612039,46,37.756
99,48,2.0609439336868562,47,37.756
99,49,2.0986994837616737,48,37.756
99,50,2.1366317189519872,49,37.932
99,51,2.1745639541423007,50,37.932
99,52,2.2124961893326143,51,37.932
99,53,2.250428424522928,52,37.932
99,54,2.2883606597132413,53,37.932
99,55,2.326292894903555,54,37.932
99,56,2.3642251300938684,55,37.932
99,57,2.402157365284182,56,37.932
99,58,2.4400896004744954,57,37.932
99,59,2.478021835664809,58,37.932
99,60,2.5159540708551225,59,37.932
99,61,2.553886306045436,60,37.932
99,62,2.5918185412357495,61,37.932
99,63,2.629750776426063,62,37.932
99,64,2.6676830116163766,63,37.932
99,65,2.70561524680669,64,37.932
99,66,2.7435474819970036,65,37.932
99,67,2.781479717187317,66,37.932
99,68,2.8194119523776306,67,37.932
99,69,2.857344187567944,68,37.932
99,70,2.8952764227582577,69,37.932
99,71,2.933208657948571,70,37.932
99,72,2.9711408931388847,71,37.932
99,73,3.0090731283291983,72,37.932
99,74,3.047005363519512,73,37.932
99,75,3.0849375987098253,74,37.932
99,76,3.122869833900139,75,37.932
99,77,3.1608020690904524,76,37.932
99,78,3.198734304280766,77,37.932
99,79,3.2366665394710794,78,37.932
99,80,3.274598774661393,79,37.932
99,81,3.3125310098517065,80,37.932
99,82,3.35046324504202,81,37.932
99,83,3.3883954802323335,82,37.932
99,84,3.426327715422647,83,37.932
99,85,3.4642599506129605,84,37.932
99,86,3.502192185803274,85,37.932
99,87,3.5401244209935876,86,37.932
99,88,3.578056656183901,87,37.932
99,89,3.6159888913742146,88,37.932
99,90,3.653921126564528,89,37.932
99,91,3.6918533617548417,90,37.932
99,92,3.729785596945155,91,37.932
99,93,3.7677178321354687,92,37.932
99,94,3.8056500673257823,93,37.932
99,95,3.843582302516096,94,37.932
99,96,3.8815145377064093,95,37.932
99,97,3.919446772896723,96,37.932
99,98,3.9573790080870364,97,37.932
99,99,3.99531124327735,98,37.932
99,100,4.033243478467663,99,37.932
99,101,4.071175713657977,100,37.932
99,102,4.109107948848291,101,37.932
99,103,4.147040184038605,102,37.932
99,104,4.184972419228919,103,37.932
99,105,4.222904654419233,104,37.932
99,106,4.260836889609547,105,37.932
99,107,4.298769124799861,106,37.932
99,108,4.336701359990175,107,37.932
99,109,4.374633595180489,108,37.932
99,110,4.412565830370803,109,37.932
99,111,4.450498065561117,110,37.932
99,112,4.488430300751431,111,37.932
99,113,4.526362535941745,112,37.932
99,114,4.5643505204403265,113,37.988
99,115,4.602338504938908,114,37.988
99,116,4.64032648943749,115,37.988
99,117,4.678314473936071,116,37.988
99,118,4.716302458434653,117,37.988
99,119,4.754290442933234,118,37.988
99,120,4.792278427431816,119,37.988
99,121,4.830266411930397,120,37.988
99,122,4.868254396428979,121,37.988
99,123,4.90624238092756,122,37.988
99,124,4.944230365426142,123,37.988
99,125,4.9822183499247235,124,37.988
99,126,5.020206334423305,125,37.988
99,127,5.0581943189218865,126,37.988
99,128,5.096182303420468,127,37.988
100,1,0.2864330801704442,0,286.433
100,2,0.3241886302452615,1,37.756
100,3,0.3619441803200788,2,37.756
100,4,0.3996997303948961,3,37.756
100,5,0.4374552804697134,4,37.756
100,6,0.47521083054453067,5,37.756
100,7,0.512966380619348,6,37.756
100,8,0.5507219306941653,7,37.756
100,9,0.5884774807689827,8,37.756
100,10,0.6262330308438,9,37.756
100,11,0.6639885809186173,10,37.756
100,12,0.7017441309934347,11,37.756
100,13,0.739499681068252,12,37.756
100,14,0.7772552311430694,13,37.756
100,15,0.8150107812178867,14,37.756
100,16,0.8527663312927041,15,37.756
100,17,0.8905218813675214,16,37.756
100,18,0.9282774314423388,17,37.756
100,19,0.9660329815171561,18,37.756
100,20,1.0037885315919735,19,37.756
100,21,1.0415440816667907,20,37.756
100,22,1.079299631741608,21,37.756
100,23,1.1170551818164252,22,37.756
100,24,1.1548107318912424,23,37.756
100,25,1.1925662819660596,24,37.756
100,26,1.2303218320408769,25,37.756
100,27,1.268077382115694,26,37.756
100,28,1.3058329321905113,27,37.756
100,29,1.3435884822653286,28,37.756
100,30,1.3813440323401458,29,37.756
100,31,1.419099582414963,30,37.756
100,32,1.4568551324897803,31,37.756
100,33,1.4946106825645975,32,37.756
100,34,1.5323662326394147,33,37.756
100,35,1.570121782714232,34,37.756
100,36,1.6078773327890492,35,37.756
100,37,1.6456328828638664,36,37.756
100,38,1.6833884329386837,37,37.756
100,39,1.721143983013501,38,37.756
100,40,1.7588995330883181,39,37.756
100,41,1.7966550831631354,40,37.756
100,42,1.8344106332379526,41,37.756
100,43,1.8721661833127698,42,37.756
100,44,1.909921733387587,43,37.756
100,45,1.9476772834624043,44,37.756
100,46,1.9854328335372216,45,37.756
100,47,2.023188383612039,46,37.756
100,48,2.0609439336868562,47,37.756
100,49,2.0986994837616737,48,37.756
100,50,2.1366317189519872,49,37.932
100,51,2.1745639541423007,50,37.932
100,52,2.2124961893326143,51,37.932
100,53,2.250428424522928,52,37.932
100,54,2.2883606597132413,53,37.932
100,55,2.326292894903555,54,37.932
100,56,2.3642251300938684,55,37.932
100,57,2.402157365284182,56,37.932
100,58,2.4400896004744954,57,37.932
100,59,2.478021835664809,58,37.932
100,60,2.5159540708551225,59,37.932
100,61,2.553886306045436,60,37.932
100,62,2.5918185412357495,61,37.932
100,63,2.629750776426063,62,37.932
100,64,2.6676830116163766,63,37.932
100,65,2.70561524680669,64,37.932
100,66,2.7435474819970036,65,37.932
100,67,2.781479717187317,66,37.932
100,68,2.8194119523776306,67,37.932
100,69,2.857344187567944,68,37.932
100,70,2.8952764227582577,69,37.932
100,71,2.933208657948571,70,37.932
100,72,2.9711408931388847,71,37.932
100,73,3.0090731283291983,72,37.932
100,74,3.047005363519512,73,37.932
100,75,3.0849375987098253,74,37.932
100,76,3.122869833900139,75,37.932
100,77,3.1608020690904524,76,37.932
100,78,3.198734304280766,77,37.932
100,79,3.2366665394710794,78,37.932
100,80,3.274598774661393,79,37.932
100,81,3.3125310098517065,80,37.932
100,82,3.35046324504202,81,37.932
100,83,3.3883954802323335,82,37.932
100,84,3.426327715422647,83,37.932
100,85,3.4642599506129605,84,37.932
100,86,3.502192185803274,85,37.932
100,87,3.5401244209935876,86,37.932
100,88,3.578056656183901,87,37.932
100,89,3.6159888913742146,88,37.932
100,90,3.653921126564528,89,37.932
100,91,3.6918533617548417,90,37.932
100,92,3.729785596945155,91,37.932
100,93,3.7677178321354687,92,37.932
100,94,3.8056500673257823,93,37.932
100,95,3.843582302516096,94,37.932
100,96,3.8815145377064093,95,37.932
100,97,3.919446772896723,96,37.932
100,98,3.9573790080870364,97,37.932
100,99,3.99531124327735,98,37.932
100,100,4.033243478467663,99,37.932
100,101,4.071175713657977,100,37.932
100,102,4.109107948848291,101,37.932
100,103,4.147040184038605,102,37.932
100,104,4.184972419228919,103,37.932
100,105,4.222904654419233,104,37.932
100,106,4.260836889609547,105,37.932
100,107,4.298769124799861,106,37.932
100,108,4.336701359990175,107,37.932
100,109,4.374633595180489,108,37.932
100,110,4.412565830370803,109,37.932
100,111,4.450498065561117,110,37.932
100,112,4.488430300751431,111,37.932
100,113,4.526362535941745,112,37.932
100,114,4.5643505204403265,113,37.988
100,115,4.602338504938908,114,37.988
100,116,4.64032648943749,115,37.988
100,117,4.678314473936071,116,37.988
100,118,4.716302458434653,117,37.988
100,119,4.754290442933234,118,37.988
100,120,4.792278427431816,119,37.988
100,121,4.830266411930397,120,37.988
100,122,4.868254396428979,121,37.988
100,123,4.90624238092756,122,37.988
100,124,4.944230365426142,123,37.988
100,125,4.9822183499247235,124,37.988
100,126,5.020206334423305,125,37.988
100,127,5.0581943189218865,126,37.988
100,128,5.096182303420468,127,37.988
101,1,0.2864330801704442,0,286.433
101,2,0.3241886302452615,1,37.756
101,3,0.3619441803200788,2,37.756
101,4,0.3996997303948961,3,37.756
101,5,0.4374552804697134,4,37.756
101,6,0.47521083054453067,5,37.756
101,7,0.512966380619348,6,37.756
101,8,0.5507219306941653,7,37.756
101,9,0.5884774807689827,8,37.756
101,10,0.6262330308438,9,37.756
101,11,0.6639885809186173,10,37.756
101,12,0.7017441309934347,11,37.756
101,13,0.739499681068252,12,37.756
101,14,0.7772552311430694,13,37.756
101,15,0.8150107812178867,14,37.756
101,16,0.8527663312927041,15,37.756
101,17,0.8905218813675214,16,37.756
101,18,0.9282774314423388,17,37.756
101,19,0.9660329815171561,18,37.756
101,20,1.0037885315919735,19,37.756
101,21,1.0415440816667907,20,37.756
101,22,1.079299631741608,21,37.756
101,23,1.1170551818164252,22,37.756
101,24,1.1548107318912424,23,37.756
101,25,1.1925662819660596,24,37.756
101,26,1.2303218320408769,25,37.756
101,27,1.268077382115694,26,37.756
101,28,1.3058329321905113,27,37.756
101,29,1.3435884822653286,28,37.756
101,30,1.3813440323401458,29,37.756
101,31,1.419099582414963,30,37.756
101,32,1.4568551324897803,31,37.756
101,33,1.4946106825645975,32,37.756
101,34,1.5323662326394147,33,37.756
101,35,1.570121782714232,34,37.756
101,36,1.6078773327890492,35,37.756
101,37,1.6456328828638664,36,37.756
101,38,1.6833884329386837,37,37.756
101,39,1.721143983013501,38,37.756
101,40,1.7588995330883181,39,37.756
101,41,1.7966550831631354,40,37.756
101,42,1.8344106332379526,41,37.756
101,43,1.8721661833127698,42,37.756
101,44,1.909921733387587,43,37.756
101,45,1.9476772834624043,44,37.756
101,46,1.9854328335372216,45,37.756
101,47,2.023188383612039,46,37.756
101,48,2.0609439336868562,47,37.756
101,49,2.0986994837616737,48,37.756
101,50,2.1366317189519872,49,37.932
101,51,2.1745639541423007,50,37.932
101,52,2.2124961893326143,51,37.932
101,53,2.250428424522928,52,37.932
101,54,2.2883606597132413,53,37.932
101,55,2.326292894903555,54,37.932
101,56,2.3642251300938684,55,37.932
101,57,2.402157365284182,56,37.932
101,58,2.4400896004744954,57,37.932
101,59,2.478021835664809,58,37.932
101,60,2.5159540708551225,59,37.932
101,61,2.553886306045436,60,37.932
101,62,2.5918185412357495,61,37.932
101,63,2.629750776426063,62,37.932
101,64,2.6676830116163766,63,37.932
101,65,2.70561524680669,64,37.932
101,66,2.7435474819970036,65,37.932
101,67,2.781479717187317,66,37.932
101,68,2.8194119523776306,67,37.932
101,69,2.857344187567944,68,37.932
101,70,2.8952764227582577,69,37.932
101,71,2.933208657948571,70,37.932
101,72,2.9711408931388847,71,37.932
101,73,3.0090731283291983,72,37.932
101,74,3.047005363519512,73,37.932
101,75,3.0849375987098253,74,37.932
101,76,3.122869833900139,75,37.932
101,77,3.1608020690904524,76,37.932
101,78,3.198734304280766,77,37.932
101,79,3.2366665394710794,78,37.932
101,80,3.274598774661393,79,37.932
101,81,3.3125310098517065,80,37.932
101,82,3.35046324504202,81,37.932
101,83,3.3883954802323335,82,37.932
101,84,3.426327715422647,83,37.932
101,85,3.4642599506129605,84,37.932
101,86,3.502192185803274,85,37.932
101,87,3.5401244209935876,86,37.932
101,88,3.578056656183901,87,37.932
101,89,3.6159888913742146,88,37.932
101,90,3.653921126564528,89,37.932
101,91,3.6918533617548417,90,37.932
101,92,3.729785596945155,91,37.932
101,93,3.7677178321354687,92,37.932
101,94,3.8056500673257823,93,37.932
101,95,3.843582302516096,94,37.932
101,96,3.8815145377064093,95,37.932
101,97,3.919446772896723,96,37.932
101,98,3.9573790080870364,97,37.932
101,99,3.99531124327735,98,37.932
101,100,4.033243478467663,99,37.932
101,101,4.071175713657977,100,37.932
101,102,4.109107948848291,101,37.932
101,103,4.147040184038605,102,37.932
101,104,4.184972419228919,103,37.932
101,105,4.222904654419233,104,37.932
101,106,4.260836889609547,105,37.932
101,107,4.298769124799861,106,37.932
101,108,4.336701359990175,107,37.932
101,109,4.374633595180489,108,37.932
101,110,4.412565830370803,109,37.932
101,111,4.450498065561117,110,37.932
101,112,4.488430300751431,111,37.932
101,113,4.526362535941745,112,37.932
101,114,4.5643505204403265,113,37.988
101,115,4.602338504938908,114,37.988
101,116,4.64032648943749,115,37.988
101,117,4.678314473936071,116,37.988
101,118,4.716302458434653,117,37.988
101,119,4.754290442933234,118,37.988
101,120,4.792278427431816,119,37.988
101,121,4.830266411930397,120,37.988
101,122,4.868254396428979,121,37.988
101,123,4.90624238092756,122,37.988
101,124,4.944230365426142,123,37.988
101,125,4.9822183499247235,124,37.988
101,126,5.020206334423305,125,37.988
101,127,5.0581943189218865,126,37.988
101,128,5.096182303420468,127,37.988
102,1,0.2864330801704442,0,286.433
102,2,0.3241886302452615,1,37.756
102,3,0.3619441803200788,2,37.756
102,4,0.3996997303948961,3,37.756
102,5,0.4374552804697134,4,37.756
102,6,0.47521083054453067,5,37.756
102,7,0.512966380619348,6,37.756
102,8,0.5507219306941653,7,37.756
102,9,0.5884774807689827,8,37.756
102,10,0.6262330308438,9,37.756
102,11,0.6639885809186173,10,37.756
102,12,0.7017441309934347,11,37.756
102,13,0.739499681068252,12,37.756
102,14,0.7772552311430694,13,37.756
102,15,0.8150107812178867,14,37.756
102,16,0.8527663312927041,15,37.756
102,17,0.8905218813675214,16,37.756
102,18,0.9282774314423388,17,37.756
102,19,0.9660329815171561,18,37.756
102,20,1.0037885315919735,19,37.756
102,21,1.0415440816667907,20,37.756
102,22,1.079299631741608,21,37.756
102,23,1.1170551818164252,22,37.756
102,24,1.1548107318912424,23,37.756
102,25,1.1925662819660596,24,37.756
102,26,1.2303218320408769,25,37.756
102,27,1.268077382115694,26,37.756
102,28,1.3058329321905113,27,37.756
102,29,1.3435884822653286,28,37.756
102,30,1.3813440323401458,29,37.756
102,31,1.419099582414963,30,37.756
102,32,1.4568551324897803,31,37.756
102,33,1.4946106825645975,32,37.756
102,34,1.5323662326394147,33,37.756
102,35,1.570121782714232,34,37.756
102,36,1.6078773327890492,35,37.756
102,37,1.6456328828638664,36,37.756
102,38,1.6833884329386837,37,37.756
102,39,1.721143983013501,38,37.756
102,40,1.7588995330883181,39,37.756
102,41,1.7966550831631354,40,37.756
102,42,1.8344106332379526,41,37.756
102,43,1.8721661833127698,42,37.756
102,44,1.909921733387587,43,37.756
102,45,1.9476772834624043,44,37.756
102,46,1.9854328335372216,45,37.756
102,47,2.023188383612039,46,37.756
102,48,2.0609439336868562,47,37.756
102,49,2.0986994837616737,48,37.756
102,50,2.1366317189519872,49,37.932
102,51,2.1745639541423007,50,37.932
102,52,2.2124961893326143,51,37.932
102,53,2.250428424522928,52,37.932
102,54,2.2883606597132413,53,37.932
102,55,2.326292894903555,54,37.932
102,56,2.3642251300938684,55,37.932
102,57,2.402157365284182,56,37.932
102,58,2.4400896004744954,57,37.932
102,59,2.478021835664809,58,37.932
102,60,2.5159540708551225,59,37.932
102,61,2.553886306045436,60,37.932
102,62,2.5918185412357495,61,37.932
102,63,2.629750776426063,62,37.932
102,64,2.6676830116163766,63,37.932
102,65,2.70561524680669,64,37.932
102,66,2.7435474819970036,65,37.932
102,67,2.781479717187317,66,37.932
102,68,2.8194119523776306,67,37.932
102,69,2.857344187567944,68,37.932
102,70,2.8952764227582577,69,37.932
102,71,2.933208657948571,70,37.932
102,72,2.9711408931388847,71,37.932
102,73,3.0090731283291983,72,37.932
102,74,3.047005363519512,73,37.932
102,75,3.0849375987098253,74,37.932
102,76,3.122869833900139,75,37.932
102,77,3.1608020690904524,76,37.932
102,78,3.198734304280766,77,37.932
102,79,3.2366665394710794,78,37.932
102,80,3.274598774661393,79,37.932
102,81,3.3125310098517065,80,37.932
102,82,3.35046324504202,81,37.932
102,83,3.3883954802323335,82,37.932
102,84,3.426327715422647,83,37.932
102,85,3.4642599506129605,84,37.932
102,86,3.502192185803274,85,37.932
102,87,3.5401244209935876,86,37.932
102,88,3.578056656183901,87,37.932
102,89,3.6159888913742146,88,37.932
102,90,3.653921126564528,89,37.932
102,91,3.6918533617548417,90,37.932
102,92,3.729785596945155,91,37.932
102,93,3.7677178321354687,92,37.932
102,94,3.8056500673257823,93,37.932
102,95,3.843582302516096,94,37.932
102,96,3.8815145377064093,95,37.932
102,97,3.919446772896723,96,37.932
102,98,3.9573790080870364,97,37.932
102,99,3.99531124327735,98,37.932
102,100,4.033243478467663,99,37.932
102,101,4.071175713657977,100,37.932
102,102,4.109107948848291,101,37.932
102,103,4.147040184038605,102,37.932
102,104,4.184972419228919,103,37.932
102,105,4.222904654419233,104,37.932
102,106,4.260836889609547,105,37.932
102,107,4.298769124799861,106,37.932
102,108,4.336701359990175,107,37.932
102,109,4.374633595180489,108,37.932
102,110,4.412565830370803,109,37.932
102,111,4.450498065561117,110,37.932
102,112,4.488430300751431,111,37.932
102,113,4.526362535941745,112,37.932
102,114,4.5643505204403265,113,37.988
102,115,4.602338504938908,114,37.988
102,116,4.64032648943749,115,37.988
102,117,4.678314473936071,116,37.988
102,118,4.716302458434653,117,37.988
102,119,4.754290442933234,118,37.988
102,120,4.792278427431816,119,37.988
102,121,4.830266411930397,120,37.988
102,122,4.868254396428979,121,37.988
102,123,4.90624238092756,122,37.988
102,124,4.944230365426142,123,37.988
102,125,4.9822183499247235,124,37.988
102,126,5.020206334423305,125,37.988
102,127,5.0581943189218865,126,37.988
102,128,5.096182303420468,127,37.988
103,1,0.2864330801704442,0,286.433
103,2,0.3241886302452615,1,37.756
103,3,0.3619441803200788,2,37.756
103,4,0.3996997303948961,3,37.756
103,5,0.4374552804697134,4,37.756
103,6,0.47521083054453067,5,37.756
103,7,0.512966380619348,6,37.756
103,8,0.5507219306941653,7,37.756
103,9,0.5884774807689827,8,37.756
103,10,0.6262330308438,9,37.756
103,11,0.6639885809186173,10,37.756
103,12,0.7017441309934347,11,37.756
103,13,0.739499681068252,12,37.756
103,14,0.7772552311430694,13,37.756
103,15,0.8150107812178867,14,37.756
103,16,0.8527663312927041,15,37.756
103,17,0.8905218813675214,16,37.756
103,18,0.9282774314423388,17,37.756
103,19,0.9660329815171561,18,37.756
103,20,1.0037885315919735,19,37.756
103,21,1.0415440816667907,20,37.756
103,22,1.079299631741608,21,37.756
103,23,1.1170551818164252,22,37.756
103,24,1.1548107318912424,23,37.756
103,25,1.1925662819660596,24,37.756
103,26,1.2303218320408769,25,37.756
103,27,1.268077382115694,26,37.756
103,28,1.3058329321905113,27,37.756
103,29,1.3435884822653286,28,37.756
103,30,1.3813440323401458,29,37.756
103,31,1.419099582414963,30,37.756
103,32,1.4568551324897803,31,37.756
103,33,1.4946106825645975,32,37.756
103,34,1.5323662326394147,33,37.756
103,35,1.570121782714232,34,37.756
103,36,1.6078773327890492,35,37.756
103,37,1.6456328828638664,36,37.756
103,38,1.6833884329386837,37,37.756
103,39,1.721143983013501,38,37.756
103,40,1.7588995330883181,39,37.756
103,41,1.7966550831631354,40,37.756
103,42,1.8344106332379526,41,37.756
103,43,1.8721661833127698,42,37.756
103,44,1.909921733387587,43,37.756
103,45,1.9476772834624043,44,37.756
103,46,1.9854328335372216,45,37.756
103,47,2.023188383612039,46,37.756
103,48,2.0609439336868562,47,37.756
103,49,2.0986994837616737,48,37.756
103,50,2.1366317189519872,49,37.932
103,51,2.1745639541423007,50,37.932
103,52,2.2124961893326143,51,37.932
103,53,2.250428424522928,52,37.932
103,54,2.2883606597132413,53,37.932
103,55,2.326292894903555,54,37.932
103,56,2.3642251300938684,55,37.932
103,57,2.402157365284182,56,37.932
103,58,2.4400896004744954,57,37.932
103,59,2.478021835664809,58,37.932
103,60,2.5159540708551225,59,37.932
103,61,2.553886306045436,60,37.932
103,62,2.5918185412357495,61,37.932
103,63,2.629750776426063,62,37.932
103,64,2.6676830116163766,63,37.932
103,65,2.70561524680669,64,37.932
103,66,2.7435474819970036,65,37.932
103,67,2.781479717187317,66,37.932
103,68,2.8194119523776306,67,37.932
103,69,2.857344187567944,68,37.932
103,70,2.8952764227582577,69,37.932
103,71,2.933208657948571,70,37.932
103,72,2.9711408931388847,71,37.932
103,73,3.0090731283291983,72,37.932
103,74,3.047005363519512,73,37.932
103,75,3.0849375987098253,74,37.932
103,76,3.122869833900139,75,37.932
103,77,3.1608020690904524,76,37.932
103,78,3.198734304280766,77,37.932
103,79,3.2366665394710794,78,37.932
103,80,3.274598774661393,79,37.932
103,81,3.3125310098517065,80,37.932
103,82,3.35046324504202,81,37.932
103,83,3.3883954802323335,82,37.932
103,84,3.426327715422647,83,37.932
103,85,3.4642599506129605,84,37.932
103,86,3.502192185803274,85,37.932
103,87,3.5401244209935876,86,37.932
103,88,3.578056656183901,87,37.932
103,89,3.6159888913742146,88,37.932
103,90,3.653921126564528,89,37.932
103,91,3.6918533617548417,90,37.932
103,92,3.729785596945155,91,37.932
103,93,3.7677178321354687,92,37.932
103,94,3.8056500673257823,93,37.932
103,95,3.843582302516096,94,37.932
103,96,3.8815145377064093,95,37.932
103,97,3.919446772896723,96,37.932
103,98,3.9573790080870364,97,37.932
103,99,3.99531124327735,98,37.932
103,100,4.033243478467663,99,37.932
103,101,4.071175713657977,100,37.932
103,102,4.109107948848291,101,37.932
103,103,4.147040184038605,102,37.932
103,104,4.184972419228919,103,37.932
103,105,4.222904654419233,104,37.932
103,106,4.260836889609547,105,37.932
103,107,4.298769124799861,106,37.932
103,108,4.336701359990175,107,37.932
103,109,4.374633595180489,108,37.932
103,110,4.412565830370803,109,37.932
103,111,4.450498065561117,110,37.932
103,112,4.488430300751431,111,37.932
103,113,4.526362535941745,112,37.932
103,114,4.5643505204403265,113,37.988
103,115,4.602338504938908,114,37.988
103,116,4.64032648943749,115,37.988
103,117,4.678314473936071,116,37.988
103,118,4.716302458434653,117,37.988
103,119,4.754290442933234,118,37.988
103,120,4.792278427431816,119,37.988
103,121,4.830266411930397,120,37.988
103,122,4.868254396428979,121,37.988
103,123,4.90624238092756,122,37.988
103,124,4.944230365426142,123,37.988
103,125,4.9822183499247235,124,37.988
103,126,5.020206334423305,125,37.988
103,127,5.0581943189218865,126,37.988
103,128,5.096182303420468,127,37.988
104,1,0.2864330801704442,0,286.433
104,2,0.3241886302452615,1,37.756
104,3,0.3619441803200788,2,37.756
104,4,0.3996997303948961,3,37.756
104,5,0.4374552804697134,4,37.756
104,6,0.47521083054453067,5,37.756
104,7,0.512966380619348,6,37.756
104,8,0.5507219306941653,7,37.756
104,9,0.5884774807689827,8,37.756
104,10,0.6262330308438,9,37.756
104,11,0.6639885809186173,10,37.756
104,12,0.7017441309934347,11,37.756
104,13,0.739499681068252,12,37.756
104,14,0.7772552311430694,13,37.756
104,15,0.8150107812178867,14,37.756
104,16,0.8527663312927041,15,37.756
104,17,0.8905218813675214,16,37.756
104,18,0.9282774314423388,17,37.756
104,19,0.9660329815171561,18,37.756
104,20,1.0037885315919735,19,37.756
104,21,1.0415440816667907,20,37.756
104,22,1.079299631741608,21,37.756
104,23,1.1170551818164252,22,37.756
104,24,1.1548107318912424,23,37.756
104,25,1.1925662819660596,24,37.756
104,26,1.2303218320408769,25,37.756
104,27,1.268077382115694,26,37.756
104,28,1.3058329321905113,27,37.756
104,29,1.3435884822653286,28,37.756
104,30,1.3813440323401458,29,37.756
104,31,1.419099582414963,30,37.756
104,32,1.4568551324897803,31,37.756
104,33,1.4946106825645975,32,37.756
104,34,1.5323662326394147,33,37.756
104,35,1.570121782714232,34,37.756
104,36,1.6078773327890492,35,37.756
104,37,1.6456328828638664,36,37.756
104,38,1.6833884329386837,37,37.756
104,39,1.721143983013501,38,37.756
104,40,1.7588995330883181,39,37.756
104,41,1.7966550831631354,40,37.756
104,42,1.8344106332379526,41,37.756
104,43,1.8721661833127698,42,37.756
104,44,1.909921733387587,43,37.756
104,45,1.9476772834624043,44,37.756
104,46,1.9854328335372216,45,37.756
104,47,2.023188383612039,46,37.756
104,48,2.0609439336868562,47,37.756
104,49,2.0986994837616737,48,37.756
104,50,2.1366317189519872,49,37.932
104,51,2.1745639541423007,50,37.932
104,52,2.2124961893326143,51,37.932
104,53,2.250428424522928,52,37.932
104,54,2.2883606597132413,53,37.932
104,55,2.326292894903555,54,37.932
104,56,2.3642251300938684,55,37.932
104,57,2.402157365284182,56,37.932
104,58,2.4400896004744954,57,37.932
104,59,2.478021835664809,58,37.932
104,60,2.5159540708551225,59,37.932
104,61,2.553886306045436,60,37.932
104,62,2.5918185412357495,61,37.932
104,63,2.629750776426063,62,37.932
104,64,2.6676830116163766,63,37.932
104,65,2.70561524680669,64,37.932
104,66,2.7435474819970036,65,37.932
104,67,2.781479717187317,66,37.932
104,68,2.8194119523776306,67,37.932
104,69,2.857344187567944,68,37.932
104,70,2.8952764227582577,69,37.932
104,71,2.933208657948571,70,37.932
104,72,2.9711408931388847,71,37.932
104,73,3.0090731283291983,72,37.932
104,74,3.047005363519512,73,37.932
104,75,3.0849375987098253,74,37.932
104,76,3.122869833900139,75,37.932
104,77,3.1608020690904524,76,37.932
104,78,3.198734304280766,77,37.932
104,79,3.2366665394710794,78,37.932
104,80,3.274598774661393,79,37.932
104,81,3.3125310098517065,80,37.932
104,82,3.35046324504202,81,37.932
104,83,3.3883954802323335,82,37.932
104,84,3.426327715422647,83,37.932
104,85,3.4642599506129605,84,37.932
104,86,3.502192185803274,85,37.932
104,87,3.5401244209935876,86,37.932
104,88,3.578056656183901,87,37.932
104,89,3.6159888913742146,88,37.932
104,90,3.653921126564528,89,37.932
104,91,3.6918533617548417,90,37.932
104,92,3.729785596945155,91,37.932
104,93,3.7677178321354687,92,37.932
104,94,3.8056500673257823,93,37.932
104,95,3.843582302516096,94,37.932
104,96,3.8815145377064093,95,37.932
104,97,3.919446772896723,96,37.932
104,98,3.9573790080870364,97,37.932
104,99,3.99531124327735,98,37.932
104,100,4.033243478467663,99,37.932
104,101,4.071175713657977,100,37.932
104,102,4.109107948848291,101,37.932
104,103,4.147040184038605,102,37.932
104,104,4.184972419228919,103,37.932
104,105,4.222904654419233,104,37.932
104,106,4.260836889609547,105,37.932
104,107,4.298769124799861,106,37.932
104,108,4.336701359990175,107,37.932
104,109,4.374633595180489,108,37.932
104,110,4.412565830370803,109,37.932
104,111,4.450498065561117,110,37.932
104,112,4.488430300751431,111,37.932
104,113,4.526362535941745,112,37.932
104,114,4.5643505204403265,113,37.988
104,115,4.602338504938908,114,37.988
104,116,4.64032648943749,115,37.988
104,117,4.678314473936071,116,37.988
104,118,4.716302458434653,117,37.988
104,119,4.754290442933234,118,37.988
104,120,4.792278427431816,119,37.988
104,121,4.830266411930397,120,37.988
104,122,4.868254396428979,121,37.988
104,123,4.90624238092756,122,37.988
104,124,4.944230365426142,123,37.988
104,125,4.9822183499247235,124,37.988
104,126,5.020206334423305,125,37.988
104,127,5.0581943189218865,126,37.988
104,128,5.096182303420468,127,37.988
105,1,0.2864330801704442,0,286.433
105,2,0.3241886302452615,1,37.756
105,3,0.3619441803200788,2,37.756
105,4,0.3996997303948961,3,37.756
105,5,0.4374552804697134,4,37.756
105,6,0.47521083054453067,5,37.756
105,7,0.512966380619348,6,37.756
105,8,0.5507219306941653,7,37.756
105,9,0.5884774807689827,8,37.756
105,10,0.6262330308438,9,37.756
105,11,0.6639885809186173,10,37.756
105,12,0.7017441309934347,11,37.756
105,13,0.739499681068252,12,37.756
105,14,0.7772552311430694,13,37.756
105,15,0.8150107812178867,14,37.756
105,16,0.8527663312927041,15,37.756
105,17,0.8905218813675214,16,37.756
105,18,0.9282774314423388,17,37.756
105,19,0.9660329815171561,18,37.756
105,20,1.0037885315919735,19,37.756
105,21,1.0415440816667907,20,37.756
105,22,1.079299631741608,21,37.756
105,23,1.1170551818164252,22,37.756
105,24,1.1548107318912424,23,37.756
105,25,1.1925662819660596,24,37.756
105,26,1.2303218320408769,25,37.756
105,27,1.268077382115694,26,37.756
105,28,1.3058329321905113,27,37.756
105,29,1.3435884822653286,28,37.756
105,30,1.3813440323401458,29,37.756
105,31,1.419099582414963,30,37.756
105,32,1.4568551324897803,31,37.756
105,33,1.4946106825645975,32,37.756
105,34,1.5323662326394147,33,37.756
105,35,1.570121782714232,34,37.756
105,36,1.6078773327890492,35,37.756
105,37,1.6456328828638664,36,37.756
105,38,1.6833884329386837,37,37.756
105,39,1.721143983013501,38,37.756
105,40,1.7588995330883181,39,37.756
105,41,1.7966550831631354,40,37.756
105,42,1.8344106332379526,41,37.756
105,43,1.8721661833127698,42,37.756
105,44,1.909921733387587,43,37.756
105,45,1.9476772834624043,44,37.756
105,46,1.9854328335372216,45,37.756
105,47,2.023188383612039,46,37.756
105,48,2.0609439336868562,47,37.756
105,49,2.0986994837616737,48,37.756
105,50,2.1366317189519872,49,37.932
105,51,2.1745639541423007,50,37.932
105,52,2.2124961893326143,51,37.932
105,53,2.250428424522928,52,37.932
105,54,2.2883606597132413,53,37.932
105,55,2.326292894903555,54,37.932
105,56,2.3642251300938684,55,37.932
105,57,2.402157365284182,56,37.932
105,58,2.4400896004744954,57,37.932
105,59,2.478021835664809,58,37.932
105,60,2.5159540708551225,59,37.932
105,61,2.553886306045436,60,37.932
105,62,2.5918185412357495,61,37.932
105,63,2.629750776426063,62,37.932
105,64,2.6676830116163766,63,37.932
105,65,2.70561524680669,64,37.932
105,66,2.7435474819970036,65,37.932
105,67,2.781479717187317,66,37.932
105,68,2.8194119523776306,67,37.932
105,69,2.857344187567944,68,37.932
105,70,2.8952764227582577,69,37.932
105,71,2.933208657948571,70,37.932
105,72,2.9711408931388847,71,37.932
105,73,3.0090731283291983,72,37.932
105,74,3.047005363519512,73,37.932
105,75,3.0849375987098253,74,37.932
105,76,3.122869833900139,75,37.932
105,77,3.1608020690904524,76,37.932
105,78,3.198734304280766,77,37.932
105,79,3.2366665394710794,78,37.932
105,80,3.274598774661393,79,37.932
105,81,3.3125310098517065,80,37.932
105,82,3.35046324504202,81,37.932
105,83,3.3883954802323335,82,37.932
105,84,3.426327715422647,83,37.932
105,85,3.4642599506129605,84,37.932
105,86,3.502192185803274,85,37.932
105,87,3.5401244209935876,86,37.932
105,88,3.578056656183901,87,37.932
105,89,3.6159888913742146,88,37.932
105,90,3.653921126564528,89,37.932
105,91,3.6918533617548417,90,37.932
105,92,3.729785596945155,91,37.932
105,93,3.7677178321354687,92,37.932
105,94,3.8056500673257823,93,37.932
105,95,3.843582302516096,94,37.932
105,96,3.8815145377064093,95,37.932
105,97,3.919446772896723,96,37.932
105,98,3.9573790080870364,97,37.932
105,99,3.99531124327735,98,37.932
105,100,4.033243478467663,99,37.932
105,101,4.071175713657977,100,37.932
105,102,4.109107948848291,101,37.932
105,103,4.147040184038605,102,37.932
105,104,4.184972419228919,103,37.932
105,105,4.222904654419233,104,37.932
105,106,4.260836889609547,105,37.932
105,107,4.298769124799861,106,37.932
105,108,4.336701359990175,107,37.932
105,109,4.374633595180489,108,37.932
105,110,4.412565830370803,109,37.932
105,111,4.450498065561117,110,37.932
105,112,4.488430300751431,111,37.932
105,113,4.526362535941745,112,37.932
105,114,4.5643505204403265,113,37.988
105,115,4.602338504938908,114,37.988
105,116,4.64032648943749,115,37.988
105,117,4.678314473936071,116,37.988
105,118,4.716302458434653,117,37.988
105,119,4.754290442933234,118,37.988
105,120,4.792278427431816,119,37.988
105,121,4.830266411930397,120,37.988
105,122,4.868254396428979,121,37.988
105,123,4.90624238092756,122,37.988
105,124,4.944230365426142,123,37.988
105,125,4.9822183499247235,124,37.988
105,126,5.020206334423305,125,37.988
105,127,5.0581943189218865,126,37.988
105,128,5.096182303420468,127,37.988
106,1,0.2864330801704442,0,286.433
106,2,0.3241886302452615,1,37.756
106,3,0.3619441803200788,2,37.756
106,4,0.3996997303948961,3,37.756
106,5,0.4374552804697134,4,37.756
106,6,0.47521083054453067,5,37.756
106,7,0.512966380619348,6,37.756
106,8,0.5507219306941653,7,37.756
106,9,0.5884774807689827,8,37.756
106,10,0.6262330308438,9,37.756
106,11,0.6639885809186173,10,37.756
106,12,0.7017441309934347,11,37.756
106,13,0.739499681068252,12,37.756
106,14,0.7772552311430694,13,37.756
106,15,0.8150107812178867,14,37.756
106,16,0.8527663312927041,15,37.756
106,17,0.8905218813675214,16,37.756
106,18,0.9282774314423388,17,37.756
106,19,0.9660329815171561,18,37.756
106,20,1.0037885315919735,19,37.756
106,21,1.0415440816667907,20,37.756
106,22,1.079299631741608,21,37.756
106,23,1.1170551818164252,22,37.756
106,24,1.1548107318912424,23,37.756
106,25,1.1925662819660596,24,37.756
106,26,1.2303218320408769,25,37.756
106,27,1.268077382115694,26,37.756
106,28,1.3058329321905113,27,37.756
106,29,1.3435884822653286,28,37.756
106,30,1.3813440323401458,29,37.756
106,31,1.419099582414963,30,37.756
106,32,1.4568551324897803,31,37.756
106,33,1.4946106825645975,32,37.756
106,34,1.5323662326394147,33,37.756
106,35,1.570121782714232,34,37.756
106,36,1.6078773327890492,35,37.756
106,37,1.6456328828638664,36,37.756
106,38,1.6833884329386837,37,37.756
106,39,1.721143983013501,38,37.756
106,40,1.7588995330883181,39,37.756
106,41,1.7966550831631354,40,37.756
106,42,1.8344106332379526,41,37.756
106,43,1.8721661833127698,42,37.756
106,44,1.909921733387587,43,37.756
106,45,1.9476772834624043,44,37.756
106,46,1.9854328335372216,45,37.756
106,47,2.023188383612039,46,37.756
106,48,2.0609439336868562,47,37.756
106,49,2.0986994837616737,48,37.756
106,50,2.1366317189519872,49,37.932
106,51,2.1745639541423007,50,37.932
106,52,2.2124961893326143,51,37.932
106,53,2.250428424522928,52,37.932
106,54,2.2883606597132413,53,37.932
106,55,2.326292894903555,54,37.932
106,56,2.3642251300938684,55,37.932
106,57,2.402157365284182,56,37.932
106,58,2.4400896004744954,57,37.932
106,59,2.478021835664809,58,37.932
106,60,2.5159540708551225,59,37.932
106,61,2.553886306045436,60,37.932
106,62,2.5918185412357495,61,37.932
106,63,2.629750776426063,62,37.932
106,64,2.6676830116163766,63,37.932
106,65,2.70561524680669,64,37.932
106,66,2.7435474819970036,65,37.932
106,67,2.781479717187317,66,37.932
106,68,2.8194119523776306,67,37.932
106,69,2.857344187567944,68,37.932
106,70,2.8952764227582577,69,37.932
106,71,2.933208657948571,70,37.932
106,72,2.9711408931388847,71,37.932
106,73,3.0090731283291983,72,37.932
106,74,3.047005363519512,73,37.932
106,75,3.0849375987098253,74,37.932
106,76,3.122869833900139,75,37.932
106,77,3.1608020690904524,76,37.932
106,78,3.198734304280766,77,37.932
106,79,3.2366665394710794,78,37.932
106,80,3.274598774661393,79,37.932
106,81,3.3125310098517065,80,37.932
106,82,3.35046324504202,81,37.932
106,83,3.3883954802323335,82,37.932
106,84,3.426327715422647,83,37.932
106,85,3.4642599506129605,84,37.932
106,86,3.502192185803274,85,37.932
106,87,3.5401244209935876,86,37.932
106,88,3.578056656183901,87,37.932
106,89,3.6159888913742146,88,37.932
106,90,3.653921126564528,89,37.932
106,91,3.6918533617548417,90,37.932
106,92,3.729785596945155,91,37.932
106,93,3.7677178321354687,92,37.932
106,94,3.8056500673257823,93,37.932
106,95,3.843582302516096,94,37.932
106,96,3.8815145377064093,95,37.932
106,97,3.919446772896723,96,37.932
106,98,3.9573790080870364,97,37.932
106,99,3.99531124327735,98,37.932
106,100,4.033243478467663,99,37.932
106,101,4.071175713657977,100,37.932
106,102,4.109107948848291,101,37.932
106,103,4.147040184038605,102,37.932
106,104,4.184972419228919,103,37.932
106,105,4.222904654419233,104,37.932
106,106,4.260836889609547,105,37.932
106,107,4.298769124799861,106,37.932
106,108,4.336701359990175,107,37.932
106,109,4.374633595180489,108,37.932
106,110,4.412565830370803,109,37.932
106,111,4.450498065561117,110,37.932
106,112,4.488430300751431,111,37.932
106,113,4.526362535941745,112,37.932
106,114,4.5643505204403265,113,37.988
106,115,4.602338504938908,114,37.988
106,116,4.64032648943749,115,37.988
106,117,4.678314473936071,116,37.988
106,118,4.716302458434653,117,37.988
106,119,4.754290442933234,118,37.988
106,120,4.792278427431816,119,37.988
106,121,4.830266411930397,120,37.988
106,122,4.868254396428979,121,37.988
106,123,4.90624238092756,122,37.988
106,124,4.944230365426142,123,37.988
106,125,4.9822183499247235,124,37.988
106,126,5.020206334423305,125,37.988
106,127,5.0581943189218865,126,37.988
106,128,5.096182303420468,127,37.988
107,1,0.2864330801704442,0,286.433
107,2,0.3241886302452615,1,37.756
107,3,0.3619441803200788,2,37.756
107,4,0.3996997303948961,3,37.756
107,5,0.4374552804697134,4,37.756
107,6,0.47521083054453067,5,37.756
107,7,0.512966380619348,6,37.756
107,8,0.5507219306941653,7,37.756
107,9,0.5884774807689827,8,37.756
107,10,0.6262330308438,9,37.756
107,11,0.6639885809186173,10,37.756
107,12,0.7017441309934347,11,37.756
107,13,0.739499681068252,12,37.756
107,14,0.7772552311430694,13,37.756
107,15,0.8150107812178867,14,37.756
107,16,0.8527663312927041,15,37.756
107,17,0.8905218813675214,16,37.756
107,18,0.9282774314423388,17,37.756
107,19,0.9660329815171561,18,37.756
107,20,1.0037885315919735,19,37.756
107,21,1.0415440816667907,20,37.756
107,22,1.079299631741608,21,37.756
107,23,1.1170551818164252,22,37.756
107,24,1.1548107318912424,23,37.756
107,25,1.1925662819660596,24,37.756
107,26,1.2303218320408769,25,37.756
107,27,1.268077382115694,26,37.756
107,28,1.3058329321905113,27,37.756
107,29,1.3435884822653286,28,37.756
107,30,1.3813440323401458,29,37.756
107,31,1.419099582414963,30,37.756
107,32,1.4568551324897803,31,37.756
107,33,1.4946106825645975,32,37.756
107,34,1.5323662326394147,33,37.756
107,35,1.570121782714232,34,37.756
107,36,1.6078773327890492,35,37.756
107,37,1.6456328828638664,36,37.756
107,38,1.6833884329386837,37,37.756
107,39,1.721143983013501,38,37.756
107,40,1.7588995330883181,39,37.756
107,41,1.7966550831631354,40,37.756
107,42,1.8344106332379526,41,37.756
107,43,1.8721661833127698,42,37.756
107,44,1.909921733387587,43,37.756
107,45,1.9476772834624043,44,37.756
107,46,1.9854328335372216,45,37.756
107,47,2.023188383612039,46,37.756
107,48,2.0609439336868562,47,37.756
107,49,2.0986994837616737,48,37.756
107,50,2.1366317189519872,49,37.932
107,51,2.1745639541423007,50,37.932
107,52,2.2124961893326143,51,37.932
107,53,2.250428424522928,52,37.932
107,54,2.2883606597132413,53,37.932
107,55,2.326292894903555,54,37.932
107,56,2.3642251300938684,55,37.932
107,57,2.402157365284182,56,37.932
107,58,2.4400896004744954,57,37.932
107,59,2.478021835664809,58,37.932
107,60,2.5159540708551225,59,37.932
107,61,2.553886306045436,60,37.932
107,62,2.5918185412357495,61,37.932
107,63,2.629750776426063,62,37.932
107,64,2.6676830116163766,63,37.932
107,65,2.70561524680669,64,37.932
107,66,2.7435474819970036,65,37.932
107,67,2.781479717187317,66,37.932
107,68,2.8194119523776306,67,37.932
107,69,2.857344187567944,68,37.932
107,70,2.8952764227582577,69,37.932
107,71,2.933208657948571,70,37.932
107,72,2.9711408931388847,71,37.932
107,73,3.0090731283291983,72,37.932
107,74,3.047005363519512,73,37.932
107,75,3.0849375987098253,74,37.932
107,76,3.122869833900139,75,37.932
107,77,3.1608020690904524,76,37.932
107,78,3.198734304280766,77,37.932
107,79,3.2366665394710794,78,37.932
107,80,3.274598774661393,79,37.932
107,81,3.3125310098517065,80,37.932
107,82,3.35046324504202,81,37.932
107,83,3.3883954802323335,82,37.932
107,84,3.426327715422647,83,37.932
107,85,3.4642599506129605,84,37.932
107,86,3.502192185803274,85,37.932
107,87,3.5401244209935876,86,37.932
107,88,3.578056656183901,87,37.932
107,89,3.6159888913742146,88,37.932
107,90,3.653921126564528,89,37.932
107,91,3.6918533617548417,90,37.932
107,92,3.729785596945155,91,37.932
107,93,3.7677178321354687,92,37.932
107,94,3.8056500673257823,93,37.932
107,95,3.843582302516096,94,37.932
107,96,3.8815145377064093,95,37.932
107,97,3.919446772896723,96,37.932
107,98,3.9573790080870364,97,37.932
107,99,3.99531124327735,98,37.932
107,100,4.033243478467663,99,37.932
107,101,4.071175713657977,100,37.932
107,102,4.109107948848291,101,37.932
107,103,4.147040184038605,102,37.932
107,104,4.184972419228919,103,37.932
107,105,4.222904654419233,104,37.932
107,106,4.260836889609547,105,37.932
107,107,4.298769124799861,106,37.932
107,108,4.336701359990175,107,37.932
107,109,4.374633595180489,108,37.932
107,110,4.412565830370803,109,37.932
107,111,4.450498065561117,110,37.932
107,112,4.488430300751431,111,37.932
107,113,4.526362535941745,112,37.932
107,114,4.5643505204403265,113,37.988
107,115,4.602338504938908,114,37.988
107,116,4.64032648943749,115,37.988
107,117,4.678314473936071,116,37.988
107,118,4.716302458434653,117,37.988
107,119,4.754290442933234,118,37.988
107,120,4.792278427431816,119,37.988
107,121,4.830266411930397,120,37.988
107,122,4.868254396428979,121,37.988
107,123,4.90624238092756,122,37.988
107,124,4.944230365426142,123,37.988
107,125,4.9822183499247235,124,37.988
107,126,5.020206334423305,125,37.988
107,127,5.0581943189218865,126,37.988
107,128,5.096182303420468,127,37.988
108,1,0.2864330801704442,0,286.433
108,2,0.3241886302452615,1,37.756
108,3,0.3619441803200788,2,37.756
108,4,0.3996997303948961,3,37.756
108,5,0.4374552804697134,4,37.756
108,6,0.47521083054453067,5,37.756
108,7,0.512966380619348,6,37.756
108,8,0.5507219306941653,7,37.756
108,9,0.5884774807689827,8,37.756
108,10,0.6262330308438,9,37.756
108,11,0.6639885809186173,10,37.756
108,12,0.7017441309934347,11,37.756
108,13,0.739499681068252,12,37.756
108,14,0.7772552311430694,13,37.756
108,15,0.8150107812178867,14,37.756
108,16,0.8527663312927041,15,37.756
108,17,0.8905218813675214,16,37.756
108,18,0.9282774314423388,17,37.756
108,19,0.9660329815171561,18,37.756
108,20,1.0037885315919735,19,37.756
108,21,1.0415440816667907,20,37.756
108,22,1.079299631741608,21,37.756
108,23,1.1170551818164252,22,37.756
108,24,1.1548107318912424,23,37.756
108,25,1.1925662819660596,24,37.756
108,26,1.2303218320408769,25,37.756
108,27,1.268077382115694,26,37.756
108,28,1.3058329321905113,27,37.756
108,29,1.3435884822653286,28,37.756
108,30,1.3813440323401458,29,37.756
108,31,1.419099582414963,30,37.756
108,32,1.4568551324897803,31,37.756
108,33,1.4946106825645975,32,37.756
108,34,1.5323662326394147,33,37.756
108,35,1.570121782714232,34,37.756
108,36,1.6078773327890492,35,37.756
108,37,1.6456328828638664,36,37.756
108,38,1.6833884329386837,37,37.756
108,39,1.721143983013501,38,37.756
108,40,1.7588995330883181,39,37.756
108,41,1.7966550831631354,40,37.756
108,42,1.8344106332379526,41,37.756
108,43,1.8721661833127698,42,37.756
108,44,1.909921733387587,43,37.756
108,45,1.9476772834624043,44,37.756
108,46,1.9854328335372216,45,37.756
108,47,2.023188383612039,46,37.756
108,48,2.0609439336868562,47,37.756
108,49,2.0986994837616737,48,37.756
108,50,2.1366317189519872,49,37.932
108,51,2.1745639541423007,50,37.932
108,52,2.2124961893326143,51,37.932
108,53,2.250428424522928,52,37.932
108,54,2.2883606597132413,53,37.932
108,55,2.326292894903555,54,37.932
108,56,2.3642251300938684,55,37.932
108,57,2.402157365284182,56,37.932
108,58,2.4400896004744954,57,37.932
108,59,2.478021835664809,58,37.932
108,60,2.5159540708551225,59,37.932
108,61,2.553886306045436,60,37.932
108,62,2.5918185412357495,61,37.932
108,63,2.629750776426063,62,37.932
108,64,2.6676830116163766,63,37.932
108,65,2.70561524680669,64,37.932
108,66,2.7435474819970036,65,37.932
108,67,2.781479717187317,66,37.932
108,68,2.8194119523776306,67,37.932
108,69,2.857344187567944,68,37.932
108,70,2.8952764227582577,69,37.932
108,71,2.933208657948571,70,37.932
108,72,2.9711408931388847,71,37.932
108,73,3.0090731283291983,72,37.932
108,74,3.047005363519512,73,37.932
108,75,3.0849375987098253,74,37.932
108,76,3.122869833900139,75,37.932
108,77,3.1608020690904524,76,37.932
108,78,3.198734304280766,77,37.932
108,79,3.2366665394710794,78,37.932
108,80,3.274598774661393,79,37.932
108,81,3.3125310098517065,80,37.932
108,82,3.35046324504202,81,37.932
108,83,3.3883954802323335,82,37.932
108,84,3.426327715422647,83,37.932
108,85,3.4642599506129605,84,37.932
108,86,3.502192185803274,85,37.932
108,87,3.5401244209935876,86,37.932
108,88,3.578056656183901,87,37.932
108,89,3.6159888913742146,88,37.932
108,90,3.653921126564528,89,37.932
108,91,3.6918533617548417,90,37.932
108,92,3.729785596945155,91,37.932
108,93,3.7677178321354687,92,37.932
108,94,3.8056500673257823,93,37.932
108,95,3.843582302516096,94,37.932
108,96,3.8815145377064093,95,37.932
108,97,3.919446772896723,96,37.932
108,98,3.9573790080870364,97,37.932
108,99,3.99531124327735,98,37.932
108,100,4.033243478467663,99,37.932
108,101,4.071175713657977,100,37.932
108,102,4.109107948848291,101,37.932
108,103,4.147040184038605,102,37.932
108,104,4.184972419228919,103,37.932
108,105,4.222904654419233,104,37.932
108,106,4.260836889609547,105,37.932
108,107,4.298769124799861,106,37.932
108,108,4.336701359990175,107,37.932
108,109,4.374633595180489,108,37.932
108,110,4.412565830370803,109,37.932
108,111,4.450498065561117,110,37.932
108,112,4.488430300751431,111,37.932
108,113,4.526362535941745,112,37.932
108,114,4.5643505204403265,113,37.988
108,115,4.602338504938908,114,37.988
108,116,4.64032648943749,115,37.988
108,117,4.678314473936071,116,37.988
108,118,4.716302458434653,117,37.988
108,119,4.754290442933234,118,37.988
108,120,4.792278427431816,119,37.988
108,121,4.830266411930397,120,37.988
108,122,4.868254396428979,121,37.988
108,123,4.90624238092756,122,37.988
108,124,4.944230365426142,123,37.988
108,125,4.9822183499247235,124,37.988
108,126,5.020206334423305,125,37.988
108,127,5.0581943189218865,126,37.988
108,128,5.096182303420468,127,37.988
109,1,0.2864330801704442,0,286.433
109,2,0.3241886302452615,1,37.756
109,3,0.3619441803200788,2,37.756
109,4,0.3996997303948961,3,37.756
109,5,0.4374552804697134,4,37.756
109,6,0.47521083054453067,5,37.756
109,7,0.512966380619348,6,37.756
109,8,0.5507219306941653,7,37.756
109,9,0.5884774807689827,8,37.756
109,10,0.6262330308438,9,37.756
109,11,0.6639885809186173,10,37.756
109,12,0.7017441309934347,11,37.756
109,13,0.739499681068252,12,37.756
109,14,0.7772552311430694,13,37.756
109,15,0.8150107812178867,14,37.756
109,16,0.8527663312927041,15,37.756
109,17,0.8905218813675214,16,37.756
109,18,0.9282774314423388,17,37.756
109,19,0.9660329815171561,18,37.756
109,20,1.0037885315919735,19,37.756
109,21,1.0415440816667907,20,37.756
109,22,1.079299631741608,21,37.756
109,23,1.1170551818164252,22,37.756
109,24,1.1548107318912424,23,37.756
109,25,1.1925662819660596,24,37.756
109,26,1.2303218320408769,25,37.756
109,27,1.268077382115694,26,37.756
109,28,1.3058329321905113,27,37.756
109,29,1.3435884822653286,28,37.756
109,30,1.3813440323401458,29,37.756
109,31,1.419099582414963,30,37.756
109,32,1.4568551324897803,31,37.756
109,33,1.4946106825645975,32,37.756
109,34,1.5323662326394147,33,37.756
109,35,1.570121782714232,34,37.756
109,36,1.6078773327890492,35,37.756
109,37,1.6456328828638664,36,37.756
109,38,1.6833884329386837,37,37.756
109,39,1.721143983013501,38,37.756
109,40,1.7588995330883181,39,37.756
109,41,1.7966550831631354,40,37.756
109,42,1.8344106332379526,41,37.756
109,43,1.8721661833127698,42,37.756
109,44,1.909921733387587,43,37.756
109,45,1.9476772834624043,44,37.756
109,46,1.9854328335372216,45,37.756
109,47,2.023188383612039,46,37.756
109,48,2.0609439336868562,47,37.756
109,49,2.0986994837616737,48,37.756
109,50,2.1366317189519872,49,37.932
109,51,2.1745639541423007,50,37.932
109,52,2.2124961893326143,51,37.932
109,53,2.250428424522928,52,37.932
109,54,2.2883606597132413,53,37.932
109,55,2.326292894903555,54,37.932
109,56,2.3642251300938684,55,37.932
109,57,2.402157365284182,56,37.932
109,58,2.4400896004744954,57,37.932
109,59,2.478021835664809,58,37.932
109,60,2.5159540708551225,59,37.932
109,61,2.553886306045436,60,37.932
109,62,2.5918185412357495,61,37.932
109,63,2.629750776426063,62,37.932
109,64,2.6676830116163766,63,37.932
109,65,2.70561524680669,64,37.932
109,66,2.7435474819970036,65,37.932
109,67,2.781479717187317,66,37.932
109,68,2.8194119523776306,67,37.932
109,69,2.857344187567944,68,37.932
109,70,2.8952764227582577,69,37.932
109,71,2.933208657948571,70,37.932
109,72,2.9711408931388847,71,37.932
109,73,3.0090731283291983,72,37.932
109,74,3.047005363519512,73,37.932
109,75,3.0849375987098253,74,37.932
109,76,3.122869833900139,75,37.932
109,77,3.1608020690904524,76,37.932
109,78,3.198734304280766,77,37.932
109,79,3.2366665394710794,78,37.932
109,80,3.274598774661393,79,37.932
109,81,3.3125310098517065,80,37.932
109,82,3.35046324504202,81,37.932
109,83,3.3883954802323335,82,37.932
109,84,3.426327715422647,83,37.932
109,85,3.4642599506129605,84,37.932
109,86,3.502192185803274,85,37.932
109,87,3.5401244209935876,86,37.932
109,88,3.578056656183901,87,37.932
109,89,3.6159888913742146,88,37.932
109,90,3.653921126564528,89,37.932
109,91,3.6918533617548417,90,37.932
109,92,3.729785596945155,91,37.932
109,93,3.7677178321354687,92,37.932
109,94,3.8056500673257823,93,37.932
109,95,3.843582302516096,94,37.932
109,96,3.8815145377064093,95,37.932
109,97,3.919446772896723,96,37.932
109,98,3.9573790080870364,97,37.932
109,99,3.99531124327735,98,37.932
109,100,4.033243478467663,99,37.932
109,101,4.071175713657977,100,37.932
109,102,4.109107948848291,101,37.932
109,103,4.147040184038605,102,37.932
109,104,4.184972419228919,103,37.932
109,105,4.222904654419233,104,37.932
109,106,4.260836889609547,105,37.932
109,107,4.298769124799861,106,37.932
109,108,4.336701359990175,107,37.932
109,109,4.374633595180489,108,37.932
109,110,4.412565830370803,109,37.932
109,111,4.450498065561117,110,37.932
109,112,4.488430300751431,111,37.932
109,113,4.526362535941745,112,37.932
109,114,4.5643505204403265,113,37.988
109,115,4.602338504938908,114,37.988
109,116,4.64032648943749,115,37.988
109,117,4.678314473936071,116,37.988
109,118,4.716302458434653,117,37.988
109,119,4.754290442933234,118,37.988
109,120,4.792278427431816,119,37.988
109,121,4.830266411930397,120,37.988
109,122,4.868254396428979,121,37.988
109,123,4.90624238092756,122,37.988
109,124,4.944230365426142,123,37.988
109,125,4.9822183499247235,124,37.988
109,126,5.020206334423305,125,37.988
109,127,5.0581943189218865,126,37.988
109,128,5.096182303420468,127,37.988
110,1,0.2864330801704442,0,286.433
110,2,0.3241886302452615,1,37.756
110,3,0.3619441803200788,2,37.756
110,4,0.3996997303948961,3,37.756
110,5,0.4374552804697134,4,37.756
110,6,0.47521083054453067,5,37.756
110,7,0.512966380619348,6,37.756
110,8,0.5507219306941653,7,37.756
110,9,0.5884774807689827,8,37.756
110,10,0.6262330308438,9,37.756
110,11,0.6639885809186173,10,37.756
110,12,0.7017441309934347,11,37.756
110,13,0.739499681068252,12,37.756
110,14,0.7772552311430694,13,37.756
110,15,0.8150107812178867,14,37.756
110,16,0.8527663312927041,15,37.756
110,17,0.8905218813675214,16,37.756
110,18,0.9282774314423388,17,37.756
110,19,0.9660329815171561,18,37.756
110,20,1.0037885315919735,19,37.756
110,21,1.0415440816667907,20,37.756
110,22,1.079299631741608,21,37.756
110,23,1.1170551818164252,22,37.756
110,24,1.1548107318912424,23,37.756
110,25,1.1925662819660596,24,37.756
110,26,1.2303218320408769,25,37.756
110,27,1.268077382115694,26,37.756
110,28,1.3058329321905113,27,37.756
110,29,1.3435884822653286,28,37.756
110,30,1.3813440323401458,29,37.756
110,31,1.419099582414963,30,37.756
110,32,1.4568551324897803,31,37.756
110,33,1.4946106825645975,32,37.756
110,34,1.5323662326394147,33,37.756
110,35,1.570121782714232,34,37.756
110,36,1.6078773327890492,35,37.756
110,37,1.6456328828638664,36,37.756
110,38,1.6833884329386837,37,37.756
110,39,1.721143983013501,38,37.756
110,40,1.7588995330883181,39,37.756
110,41,1.7966550831631354,40,37.756
110,42,1.8344106332379526,41,37.756
110,43,1.8721661833127698,42,37.756
110,44,1.909921733387587,43,37.756
110,45,1.9476772834624043,44,37.756
110,46,1.9854328335372216,45,37.756
110,47,2.023188383612039,46,37.756
110,48,2.0609439336868562,47,37.756
110,49,2.0986994837616737,48,37.756
110,50,2.1366317189519872,49,37.932
110,51,2.1745639541423007,50,37.932
110,52,2.2124961893326143,51,37.932
110,53,2.250428424522928,52,37.932
110,54,2.2883606597132413,53,37.932
110,55,2.326292894903555,54,37.932
110,56,2.3642251300938684,55,37.932
110,57,2.402157365284182,56,37.932
110,58,2.4400896004744954,57,37.932
110,59,2.478021835664809,58,37.932
110,60,2.5159540708551225,59,37.932
110,61,2.553886306045436,60,37.932
110,62,2.5918185412357495,61,37.932
110,63,2.629750776426063,62,37.932
110,64,2.6676830116163766,63,37.932
110,65,2.70561524680669,64,37.932
110,66,2.7435474819970036,65,37.932
110,67,2.781479717187317,66,37.932
110,68,2.8194119523776306,67,37.932
110,69,2.857344187567944,68,37.932
110,70,2.8952764227582577,69,37.932
110,71,2.933208657948571,70,37.932
110,72,2.9711408931388847,71,37.932
110,73,3.0090731283291983,72,37.932
110,74,3.047005363519512,73,37.932
110,75,3.0849375987098253,74,37.932
110,76,3.122869833900139,75,37.932
110,77,3.1608020690904524,76,37.932
110,78,3.198734304280766,77,37.932
110,79,3.2366665394710794,78,37.932
110,80,3.274598774661393,79,37.932
110,81,3.3125310098517065,80,37.932
110,82,3.35046324504202,81,37.932
110,83,3.3883954802323335,82,37.932
110,84,3.426327715422647,83,37.932
110,85,3.4642599506129605,84,37.932
110,86,3.502192185803274,85,37.932
110,87,3.5401244209935876,86,37.932
110,88,3.578056656183901,87,37.932
110,89,3.6159888913742146,88,37.932
110,90,3.653921126564528,89,37.932
110,91,3.6918533617548417,90,37.932
110,92,3.729785596945155,91,37.932
110,93,3.7677178321354687,92,37.932
110,94,3.8056500673257823,93,37.932
110,95,3.843582302516096,94,37.932
110,96,3.8815145377064093,95,37.932
110,97,3.919446772896723,96,37.932
110,98,3.9573790080870364,97,37.932
110,99,3.99531124327735,98,37.932
110,100,4.033243478467663,99,37.932
110,101,4.071175713657977,100,37.932
110,102,4.109107948848291,101,37.932
110,103,4.147040184038605,102,37.932
110,104,4.184972419228919,103,37.932
110,105,4.222904654419233,104,37.932
110,106,4.260836889609547,105,37.932
110,107,4.298769124799861,106,37.932
110,108,4.336701359990175,107,37.932
110,109,4.374633595180489,108,37.932
110,110,4.412565830370803,109,37.932
110,111,4.450498065561117,110,37.932
110,112,4.488430300751431,111,37.932
110,113,4.526362535941745,112,37.932
110,114,4.5643505204403265,113,37.988
110,115,4.602338504938908,114,37.988
110,116,4.64032648943749,115,37.988
110,117,4.678314473936071,116,37.988
110,118,4.716302458434653,117,37.988
110,119,4.754290442933234,118,37.988
110,120,4.792278427431816,119,37.988
110,121,4.830266411930397,120,37.988
110,122,4.868254396428979,121,37.988
110,123,4.90624238092756,122,37.988
110,124,4.944230365426142,123,37.988
110,125,4.9822183499247235,124,37.988
110,126,5.020206334423305,125,37.988
110,127,5.0581943189218865,126,37.988
110,128,5.096182303420468,127,37.988
111,1,0.2864330801704442,0,286.433
111,2,0.3241886302452615,1,37.756
111,3,0.3619441803200788,2,37.756
111,4,0.3996997303948961,3,37.756
111,5,0.4374552804697134,4,37.756
111,6,0.47521083054453067,5,37.756
111,7,0.512966380619348,6,37.756
111,8,0.5507219306941653,7,37.756
111,9,0.5884774807689827,8,37.756
111,10,0.6262330308438,9,37.756
111,11,0.6639885809186173,10,37.756
111,12,0.7017441309934347,11,37.756
111,13,0.739499681068252,12,37.756
111,14,0.7772552311430694,13,37.756
111,15,0.8150107812178867,14,37.756
111,16,0.8527663312927041,15,37.756
111,17,0.8905218813675214,16,37.756
111,18,0.9282774314423388,17,37.756
111,19,0.9660329815171561,18,37.756
111,20,1.0037885315919735,19,37.756
111,21,1.0415440816667907,20,37.756
111,22,1.079299631741608,21,37.756
111,23,1.1170551818164252,22,37.756
111,24,1.1548107318912424,23,37.756
111,25,1.1925662819660596,24,37.756
111,26,1.2303218320408769,25,37.756
111,27,1.268077382115694,26,37.756
111,28,1.3058329321905113,27,37.756
111,29,1.3435884822653286,28,37.756
111,30,1.3813440323401458,29,37.756
111,31,1.419099582414963,30,37.756
111,32,1.4568551324897803,31,37.756
111,33,1.4946106825645975,32,37.756
111,34,1.5323662326394147,33,37.756
111,35,1.570121782714232,34,37.756
111,36,1.6078773327890492,35,37.756
111,37,1.6456328828638664,36,37.756
111,38,1.6833884329386837,37,37.756
111,39,1.721143983013501,38,37.756
111,40,1.7588995330883181,39,37.756
111,41,1.7966550831631354,40,37.756
111,42,1.8344106332379526,41,37.756
111,43,1.8721661833127698,42,37.756
111,44,1.909921733387587,43,37.756
111,45,1.9476772834624043,44,37.756
111,46,1.9854328335372216,45,37.756
111,47,2.023188383612039,46,37.756
111,48,2.0609439336868562,47,37.756
111,49,2.0986994837616737,48,37.756
111,50,2.1366317189519872,49,37.932
111,51,2.1745639541423007,50,37.932
111,52,2.2124961893326143,51,37.932
111,53,2.250428424522928,52,37.932
111,54,2.2883606597132413,53,37.932
111,55,2.326292894903555,54,37.932
111,56,2.3642251300938684,55,37.932
111,57,2.402157365284182,56,37.932
111,58,2.4400896004744954,57,37.932
111,59,2.478021835664809,58,37.932
111,60,2.5159540708551225,59,37.932
111,61,2.553886306045436,60,37.932
111,62,2.5918185412357495,61,37.932
111,63,2.629750776426063,62,37.932
111,64,2.6676830116163766,63,37.932
111,65,2.70561524680669,64,37.932
111,66,2.7435474819970036,65,37.932
111,67,2.781479717187317,66,37.932
111,68,2.8194119523776306,67,37.932
111,69,2.857344187567944,68,37.932
111,70,2.8952764227582577,69,37.932
111,71,2.933208657948571,70,37.932
111,72,2.9711408931388847,71,37.932
111,73,3.0090731283291983,72,37.932
111,74,3.047005363519512,73,37.932
111,75,3.0849375987098253,74,37.932
111,76,3.122869833900139,75,37.932
111,77,3.1608020690904524,76,37.932
111,78,3.198734304280766,77,37.932
111,79,3.2366665394710794,78,37.932
111,80,3.274598774661393,79,37.932
111,81,3.3125310098517065,80,37.932
111,82,3.35046324504202,81,37.932
111,83,3.3883954802323335,82,37.932
111,84,3.426327715422647,83,37.932
111,85,3.4642599506129605,84,37.932
111,86,3.502192185803274,85,37.932
111,87,3.5401244209935876,86,37.932
111,88,3.578056656183901,87,37.932
111,89,3.6159888913742146,88,37.932
111,90,3.653921126564528,89,37.932
111,91,3.6918533617548417,90,37.932
111,92,3.729785596945155,91,37.932
111,93,3.7677178321354687,92,37.932
111,94,3.8056500673257823,93,37.932
111,95,3.843582302516096,94,37.932
111,96,3.8815145377064093,95,37.932
111,97,3.919446772896723,96,37.932
111,98,3.9573790080870364,97,37.932
111,99,3.99531124327735,98,37.932
111,100,4.033243478467663,99,37.932
111,101,4.071175713657977,100,37.932
111,102,4.109107948848291,101,37.932
111,103,4.147040184038605,102,37.932
111,104,4.184972419228919,103,37.932
111,105,4.222904654419233,104,37.932
111,106,4.260836889609547,105,37.932
111,107,4.298769124799861,106,37.932
111,108,4.336701359990175,107,37.932
111,109,4.374633595180489,108,37.932
111,110,4.412565830370803,109,37.932
111,111,4.450498065561117,110,37.932
111,112,4.488430300751431,111,37.932
111,113,4.526362535941745,112,37.932
111,114,4.5643505204403265,113,37.988
111,115,4.602338504938908,114,37.988
111,116,4.64032648943749,115,37.988
111,117,4.678314473936071,116,37.988
111,118,4.716302458434653,117,37.988
111,119,4.754290442933234,118,37.988
111,120,4.792278427431816,119,37.988
111,121,4.830266411930397,120,37.988
111,122,4.868254396428979,121,37.988
111,123,4.90624238092756,122,37.988
111,124,4.944230365426142,123,37.988
111,125,4.9822183499247235,124,37.988
111,126,5.020206334423305,125,37.988
111,127,5.0581943189218865,126,37.988
111,128,5.096182303420468,127,37.988
112,1,0.2864330801704442,0,286.433
112,2,0.3241886302452615,1,37.756
112,3,0.3619441803200788,2,37.756
112,4,0.3996997303948961,3,37.756
112,5,0.4374552804697134,4,37.756
112,6,0.47521083054453067,5,37.756
112,7,0.512966380619348,6,37.756
112,8,0.5507219306941653,7,37.756
112,9,0.5884774807689827,8,37.756
112,10,0.6262330308438,9,37.756
112,11,0.6639885809186173,10,37.756
112,12,0.7017441309934347,11,37.756
112,13,0.739499681068252,12,37.756
112,14,0.7772552311430694,13,37.756
112,15,0.8150107812178867,14,37.756
112,16,0.8527663312927041,15,37.756
112,17,0.8905218813675214,16,37.756
112,18,0.9282774314423388,17,37.756
112,19,0.9660329815171561,18,37.756
112,20,1.0037885315919735,19,37.756
112,21,1.0415440816667907,20,37.756
112,22,1.079299631741608,21,37.756
112,23,1.1170551818164252,22,37.756
112,24,1.1548107318912424,23,37.756
112,25,1.1925662819660596,24,37.756
112,26,1.2303218320408769,25,37.756
112,27,1.268077382115694,26,37.756
112,28,1.3058329321905113,27,37.756
112,29,1.3435884822653286,28,37.756
112,30,1.3813440323401458,29,37.756
112,31,1.419099582414963,30,37.756
112,32,1.4568551324897803,31,37.756
112,33,1.4946106825645975,32,37.756
112,34,1.5323662326394147,33,37.756
112,35,1.570121782714232,34,37.756
112,36,1.6078773327890492,35,37.756
112,37,1.6456328828638664,36,37.756
112,38,1.6833884329386837,37,37.756
112,39,1.721143983013501,38,37.756
112,40,1.7588995330883181,39,37.756
112,41,1.7966550831631354,40,37.756
112,42,1.8344106332379526,41,37.756
112,43,1.8721661833127698,42,37.756
112,44,1.909921733387587,43,37.756
112,45,1.9476772834624043,44,37.756
112,46,1.9854328335372216,45,37.756
112,47,2.023188383612039,46,37.756
112,48,2.0609439336868562,47,37.756
112,49,2.0986994837616737,48,37.756
112,50,2.1366317189519872,49,37.932
112,51,2.1745639541423007,50,37.932
112,52,2.2124961893326143,51,37.932
112,53,2.250428424522928,52,37.932
112,54,2.2883606597132413,53,37.932
112,55,2.326292894903555,54,37.932
112,56,2.3642251300938684,55,37.932
112,57,2.402157365284182,56,37.932
112,58,2.4400896004744954,57,37.932
112,59,2.478021835664809,58,37.932
112,60,2.5159540708551225,59,37.932
112,61,2.553886306045436,60,37.932
112,62,2.5918185412357495,61,37.932
112,63,2.629750776426063,62,37.932
112,64,2.6676830116163766,63,37.932
112,65,2.70561524680669,64,37.932
112,66,2.7435474819970036,65,37.932
112,67,2.781479717187317,66,37.932
112,68,2.8194119523776306,67,37.932
112,69,2.857344187567944,68,37.932
112,70,2.8952764227582577,69,37.932
112,71,2.933208657948571,70,37.932
112,72,2.9711408931388847,71,37.932
112,73,3.0090731283291983,72,37.932
112,74,3.047005363519512,73,37.932
112,75,3.0849375987098253,74,37.932
112,76,3.122869833900139,75,37.932
112,77,3.1608020690904524,76,37.932
112,78,3.198734304280766,77,37.932
112,79,3.2366665394710794,78,37.932
112,80,3.274598774661393,79,37.932
112,81,3.3125310098517065,80,37.932
112,82,3.35046324504202,81,37.932
112,83,3.3883954802323335,82,37.932
112,84,3.426327715422647,83,37.932
112,85,3.4642599506129605,84,37.932
112,86,3.502192185803274,85,37.932
112,87,3.5401244209935876,86,37.932
112,88,3.578056656183901,87,37.932
112,89,3.6159888913742146,88,37.932
112,90,3.653921126564528,89,37.932
112,91,3.6918533617548417,90,37.932
112,92,3.729785596945155,91,37.932
112,93,3.7677178321354687,92,37.932
112,94,3.8056500673257823,93,37.932
112,95,3.843582302516096,94,37.932
112,96,3.8815145377064093,95,37.932
112,97,3.919446772896723,96,37.932
112,98,3.9573790080870364,97,37.932
112,99,3.99531124327735,98,37.932
112,100,4.033243478467663,99,37.932
112,101,4.071175713657977,100,37.932
112,102,4.109107948848291,101,37.932
112,103,4.147040184038605,102,37.932
112,104,4.184972419228919,103,37.932
112,105,4.222904654419233,104,37.932
112,106,4.260836889609547,105,37.932
112,107,4.298769124799861,106,37.932
112,108,4.336701359990175,107,37.932
112,109,4.374633595180489,108,37.932
112,110,4.412565830370803,109,37.932
112,111,4.450498065561117,110,37.932
112,112,4.488430300751431,111,37.932
112,113,4.526362535941745,112,37.932
112,114,4.5643505204403265,113,37.988
112,115,4.602338504938908,114,37.988
112,116,4.64032648943749,115,37.988
112,117,4.678314473936071,116,37.988
112,118,4.716302458434653,117,37.988
112,119,4.754290442933234,118,37.988
112,120,4.792278427431816,119,37.988
112,121,4.830266411930397,120,37.988
112,122,4.868254396428979,121,37.988
112,123,4.90624238092756,122,37.988
112,124,4.944230365426142,123,37.988
112,125,4.9822183499247235,124,37.988
112,126,5.020206334423305,125,37.988
112,127,5.0581943189218865,126,37.988
112,128,5.096182303420468,127,37.988
113,1,0.2864330801704442,0,286.433
113,2,0.3241886302452615,1,37.756
113,3,0.3619441803200788,2,37.756
113,4,0.3996997303948961,3,37.756
113,5,0.4374552804697134,4,37.756
113,6,0.47521083054453067,5,37.756
113,7,0.512966380619348,6,37.756
113,8,0.5507219306941653,7,37.756
113,9,0.5884774807689827,8,37.756
113,10,0.6262330308438,9,37.756
113,11,0.6639885809186173,10,37.756
113,12,0.7017441309934347,11,37.756
113,13,0.739499681068252,12,37.756
113,14,0.7772552311430694,13,37.756
113,15,0.8150107812178867,14,37.756
113,16,0.8527663312927041,15,37.756
113,17,0.8905218813675214,16,37.756
113,18,0.9282774314423388,17,37.756
113,19,0.9660329815171561,18,37.756
113,20,1.0037885315919735,19,37.756
113,21,1.0415440816667907,20,37.756
113,22,1.079299631741608,21,37.756
113,23,1.1170551818164252,22,37.756
113,24,1.1548107318912424,23,37.756
113,25,1.1925662819660596,24,37.756
113,26,1.2303218320408769,25,37.756
113,27,1.268077382115694,26,37.756
113,28,1.3058329321905113,27,37.756
113,29,1.3435884822653286,28,37.756
113,30,1.3813440323401458,29,37.756
113,31,1.419099582414963,30,37.756
113,32,1.4568551324897803,31,37.756
113,33,1.4946106825645975,32,37.756
113,34,1.5323662326394147,33,37.756
113,35,1.570121782714232,34,37.756
113,36,1.6078773327890492,35,37.756
113,37,1.6456328828638664,36,37.756
113,38,1.6833884329386837,37,37.756
113,39,1.721143983013501,38,37.756
113,40,1.7588995330883181,39,37.756
113,41,1.7966550831631354,40,37.756
113,42,1.8344106332379526,41,37.756
113,43,1.8721661833127698,42,37.756
113,44,1.909921733387587,43,37.756
113,45,1.9476772834624043,44,37.756
113,46,1.9854328335372216,45,37.756
113,47,2.023188383612039,46,37.756
113,48,2.0609439336868562,47,37.756
113,49,2.0986994837616737,48,37.756
113,50,2.1366317189519872,49,37.932
113,51,2.1745639541423007,50,37.932
113,52,2.2124961893326143,51,37.932
113,53,2.250428424522928,52,37.932
113,54,2.2883606597132413,53,37.932
113,55,2.326292894903555,54,37.932
113,56,2.3642251300938684,55,37.932
113,57,2.402157365284182,56,37.932
113,58,2.4400896004744954,57,37.932
113,59,2.478021835664809,58,37.932
113,60,2.5159540708551225,59,37.932
113,61,2.553886306045436,60,37.932
113,62,2.5918185412357495,61,37.932
113,63,2.629750776426063,62,37.932
113,64,2.6676830116163766,63,37.932
113,65,2.70561524680669,64,37.932
113,66,2.7435474819970036,65,37.932
113,67,2.781479717187317,66,37.932
113,68,2.8194119523776306,67,37.932
113,69,2.857344187567944,68,37.932
113,70,2.8952764227582577,69,37.932
113,71,2.933208657948571,70,37.932
113,72,2.9711408931388847,71,37.932
113,73,3.0090731283291983,72,37.932
113,74,3.047005363519512,73,37.932
113,75,3.0849375987098253,74,37.932
113,76,3.122869833900139,75,37.932
113,77,3.1608020690904524,76,37.932
113,78,3.198734304280766,77,37.932
113,79,3.2366665394710794,78,37.932
113,80,3.274598774661393,79,37.932
113,81,3.3125310098517065,80,37.932
113,82,3.35046324504202,81,37.932
113,83,3.3883954802323335,82,37.932
113,84,3.426327715422647,83,37.932
113,85,3.4642599506129605,84,37.932
113,86,3.502192185803274,85,37.932
113,87,3.5401244209935876,86,37.932
113,88,3.578056656183901,87,37.932
113,89,3.6159888913742146,88,37.932
113,90,3.653921126564528,89,37.932
113,91,3.6918533617548417,90,37.932
113,92,3.729785596945155,91,37.932
113,93,3.7677178321354687,92,37.932
113,94,3.8056500673257823,93,37.932
113,95,3.843582302516096,94,37.932
113,96,3.8815145377064093,95,37.932
113,97,3.919446772896723,96,37.932
113,98,3.9573790080870364,97,37.932
113,99,3.99531124327735,98,37.932
113,100,4.033243478467663,99,37.932
113,101,4.071175713657977,100,37.932
113,102,4.109107948848291,101,37.932
113,103,4.147040184038605,102,37.932
113,104,4.184972419228919,103,37.932
113,105,4.222904654419233,104,37.932
113,106,4.260836889609547,105,37.932
113,107,4.298769124799861,106,37.932
113,108,4.336701359990175,107,37.932
113,109,4.374633595180489,108,37.932
113,110,4.412565830370803,109,37.932
113,111,4.450498065561117,110,37.932
113,112,4.488430300751431,111,37.932
113,113,4.526362535941745,112,37.932
113,114,4.5643505204403265,113,37.988
113,115,4.602338504938908,114,37.988
113,116,4.64032648943749,115,37.988
113,117,4.678314473936071,116,37.988
113,118,4.716302458434653,117,37.988
113,119,4.754290442933234,118,37.988
113,120,4.792278427431816,119,37.988
113,121,4.830266411930397,120,37.988
113,122,4.868254396428979,121,37.988
113,123,4.90624238092756,122,37.988
113,124,4.944230365426142,123,37.988
113,125,4.9822183499247235,124,37.988
113,126,5.020206334423305,125,37.988
113,127,5.0581943189218865,126,37.988
113,128,5.096182303420468,127,37.988
114,1,0.2864330801704442,0,286.433
114,2,0.3241886302452615,1,37.756
114,3,0.3619441803200788,2,37.756
114,4,0.3996997303948961,3,37.756
114,5,0.4374552804697134,4,37.756
114,6,0.47521083054453067,5,37.756
114,7,0.512966380619348,6,37.756
114,8,0.5507219306941653,7,37.756
114,9,0.5884774807689827,8,37.756
114,10,0.6262330308438,9,37.756
114,11,0.6639885809186173,10,37.756
114,12,0.7017441309934347,11,37.756
114,13,0.739499681068252,12,37.756
114,14,0.7772552311430694,13,37.756
114,15,0.8150107812178867,14,37.756
114,16,0.8527663312927041,15,37.756
114,17,0.8905218813675214,16,37.756
114,18,0.9282774314423388,17,37.756
114,19,0.9660329815171561,18,37.756
114,20,1.0037885315919735,19,37.756
114,21,1.0415440816667907,20,37.756
114,22,1.079299631741608,21,37.756
114,23,1.1170551818164252,22,37.756
114,24,1.1548107318912424,23,37.756
114,25,1.1925662819660596,24,37.756
114,26,1.2303218320408769,25,37.756
114,27,1.268077382115694,26,37.756
114,28,1.3058329321905113,27,37.756
114,29,1.3435884822653286,28,37.756
114,30,1.3813440323401458,29,37.756
114,31,1.419099582414963,30,37.756
114,32,1.4568551324897803,31,37.756
114,33,1.4946106825645975,32,37.756
114,34,1.5323662326394147,33,37.756
114,35,1.570121782714232,34,37.756
114,36,1.6078773327890492,35,37.756
114,37,1.6456328828638664,36,37.756
114,38,1.6833884329386837,37,37.756
114,39,1.721143983013501,38,37.756
114,40,1.7588995330883181,39,37.756
114,41,1.7966550831631354,40,37.756
114,42,1.8344106332379526,41,37.756
114,43,1.8721661833127698,42,37.756
114,44,1.909921733387587,43,37.756
114,45,1.9476772834624043,44,37.756
114,46,1.9854328335372216,45,37.756
114,47,2.023188383612039,46,37.756
114,48,2.0609439336868562,47,37.756
114,49,2.0986994837616737,48,37.756
114,50,2.1366317189519872,49,37.932
114,51,2.1745639541423007,50,37.932
114,52,2.2124961893326143,51,37.932
114,53,2.250428424522928,52,37.932
114,54,2.2883606597132413,53,37.932
114,55,2.326292894903555,54,37.932
114,56,2.3642251300938684,55,37.932
114,57,2.402157365284182,56,37.932
114,58,2.4400896004744954,57,37.932
114,59,2.478021835664809,58,37.932
114,60,2.5159540708551225,59,37.932
114,61,2.553886306045436,60,37.932
114,62,2.5918185412357495,61,37.932
114,63,2.629750776426063,62,37.932
114,64,2.6676830116163766,63,37.932
114,65,2.70561524680669,64,37.932
114,66,2.7435474819970036,65,37.932
114,67,2.781479717187317,66,37.932
114,68,2.8194119523776306,67,37.932
114,69,2.857344187567944,68,37.932
114,70,2.8952764227582577,69,37.932
114,71,2.933208657948571,70,37.932
114,72,2.9711408931388847,71,37.932
114,73,3.0090731283291983,72,37.932
114,74,3.047005363519512,73,37.932
114,75,3.0849375987098253,74,37.932
114,76,3.122869833900139,75,37.932
114,77,3.1608020690904524,76,37.932
114,78,3.198734304280766,77,37.932
114,79,3.2366665394710794,78,37.932
114,80,3.274598774661393,79,37.932
114,81,3.3125310098517065,80,37.932
114,82,3.35046324504202,81,37.932
114,83,3.3883954802323335,82,37.932
114,84,3.426327715422647,83,37.932
114,85,3.4642599506129605,84,37.932
114,86,3.502192185803274,85,37.932
114,87,3.5401244209935876,86,37.932
114,88,3.578056656183901,87,37.932
114,89,3.6159888913742146,88,37.932
114,90,3.653921126564528,89,37.932
114,91,3.6918533617548417,90,37.932
114,92,3.729785596945155,91,37.932
114,93,3.7677178321354687,92,37.932
114,94,3.8056500673257823,93,37.932
114,95,3.843582302516096,94,37.932
114,96,3.8815145377064093,95,37.932
114,97,3.919446772896723,96,37.932
114,98,3.9573790080870364,97,37.932
114,99,3.99531124327735,98,37.932
114,100,4.033243478467663,99,37.932
114,101,4.071175713657977,100,37.932
114,102,4.109107948848291,101,37.932
114,103,4.147040184038605,102,37.932
114,104,4.184972419228919,103,37.932
114,105,4.222904654419233,104,37.932
114,106,4.260836889609547,105,37.932
114,107,4.298769124799861,106,37.932
114,108,4.336701359990175,107,37.932
114,109,4.374633595180489,108,37.932
114,110,4.412565830370803,109,37.932
114,111,4.450498065561117,110,37.932
114,112,4.488430300751431,111,37.932
114,113,4.526362535941745,112,37.932
114,114,4.5643505204403265,113,37.988
114,115,4.602338504938908,114,37.988
114,116,4.64032648943749,115,37.988
114,117,4.678314473936071,116,37.988
114,118,4.716302458434653,117,37.988
114,119,4.754290442933234,118,37.988
114,120,4.792278427431816,119,37.988
114,121,4.830266411930397,120,37.988
114,122,4.868254396428979,121,37.988
114,123,4.90624238092756,122,37.988
114,124,4.944230365426142,123,37.988
114,125,4.9822183499247235,124,37.988
114,126,5.020206334423305,125,37.988
114,127,5.0581943189218865,126,37.988
114,128,5.096182303420468,127,37.988
115,1,0.2864330801704442,0,286.433
115,2,0.3241886302452615,1,37.756
115,3,0.3619441803200788,2,37.756
115,4,0.3996997303948961,3,37.756
115,5,0.4374552804697134,4,37.756
115,6,0.47521083054453067,5,37.756
115,7,0.512966380619348,6,37.756
115,8,0.5507219306941653,7,37.756
115,9,0.5884774807689827,8,37.756
115,10,0.6262330308438,9,37.756
115,11,0.6639885809186173,10,37.756
115,12,0.7017441309934347,11,37.756
115,13,0.739499681068252,12,37.756
115,14,0.7772552311430694,13,37.756
115,15,0.8150107812178867,14,37.756
115,16,0.8527663312927041,15,37.756
115,17,0.8905218813675214,16,37.756
115,18,0.9282774314423388,17,37.756
115,19,0.9660329815171561,18,37.756
115,20,1.0037885315919735,19,37.756
115,21,1.0415440816667907,20,37.756
115,22,1.079299631741608,21,37.756
115,23,1.1170551818164252,22,37.756
115,24,1.1548107318912424,23,37.756
115,25,1.1925662819660596,24,37.756
115,26,1.2303218320408769,25,37.756
115,27,1.268077382115694,26,37.756
115,28,1.3058329321905113,27,37.756
115,29,1.3435884822653286,28,37.756
115,30,1.3813440323401458,29,37.756
115,31,1.419099582414963,30,37.756
115,32,1.4568551324897803,31,37.756
115,33,1.4946106825645975,32,37.756
115,34,1.5323662326394147,33,37.756
115,35,1.570121782714232,34,37.756
115,36,1.6078773327890492,35,37.756
115,37,1.6456328828638664,36,37.756
115,38,1.6833884329386837,37,37.756
115,39,1.721143983013501,38,37.756
115,40,1.7588995330883181,39,37.756
115,41,1.7966550831631354,40,37.756
115,42,1.8344106332379526,41,37.756
115,43,1.8721661833127698,42,37.756
115,44,1.909921733387587,43,37.756
115,45,1.9476772834624043,44,37.756
115,46,1.9854328335372216,45,37.756
115,47,2.023188383612039,46,37.756
115,48,2.0609439336868562,47,37.756
115,49,2.0986994837616737,48,37.756
115,50,2.1366317189519872,49,37.932
115,51,2.1745639541423007,50,37.932
115,52,2.2124961893326143,51,37.932
115,53,2.250428424522928,52,37.932
115,54,2.2883606597132413,53,37.932
115,55,2.326292894903555,54,37.932
115,56,2.3642251300938684,55,37.932
115,57,2.402157365284182,56,37.932
115,58,2.4400896004744954,57,37.932
115,59,2.478021835664809,58,37.932
115,60,2.5159540708551225,59,37.932
115,61,2.553886306045436,60,37.932
115,62,2.5918185412357495,61,37.932
115,63,2.629750776426063,62,37.932
115,64,2.6676830116163766,63,37.932
115,65,2.70561524680669,64,37.932
115,66,2.7435474819970036,65,37.932
115,67,2.781479717187317,66,37.932
115,68,2.8194119523776306,67,37.932
115,69,2.857344187567944,68,37.932
115,70,2.8952764227582577,69,37.932
115,71,2.933208657948571,70,37.932
115,72,2.9711408931388847,71,37.932
115,73,3.0090731283291983,72,37.932
115,74,3.047005363519512,73,37.932
115,75,3.0849375987098253,74,37.932
115,76,3.122869833900139,75,37.932
115,77,3.1608020690904524,76,37.932
115,78,3.198734304280766,77,37.932
115,79,3.2366665394710794,78,37.932
115,80,3.274598774661393,79,37.932
115,81,3.3125310098517065,80,37.932
115,82,3.35046324504202,81,37.932
115,83,3.3883954802323335,82,37.932
115,84,3.426327715422647,83,37.932
115,85,3.4642599506129605,84,37.932
115,86,3.502192185803274,85,37.932
115,87,3.5401244209935876,86,37.932
115,88,3.578056656183901,87,37.932
115,89,3.6159888913742146,88,37.932
115,90,3.653921126564528,89,37.932
115,91,3.6918533617548417,90,37.932
115,92,3.729785596945155,91,37.932
115,93,3.7677178321354687,92,37.932
115,94,3.8056500673257823,93,37.932
115,95,3.843582302516096,94,37.932
115,96,3.8815145377064093,95,37.932
115,97,3.919446772896723,96,37.932
115,98,3.9573790080870364,97,37.932
115,99,3.99531124327735,98,37.932
115,100,4.033243478467663,99,37.932
115,101,4.071175713657977,100,37.932
115,102,4.109107948848291,101,37.932
115,103,4.147040184038605,102,37.932
115,104,4.184972419228919,103,37.932
115,105,4.222904654419233,104,37.932
115,106,4.260836889609547,105,37.932
115,107,4.298769124799861,106,37.932
115,108,4.336701359990175,107,37.932
115,109,4.374633595180489,108,37.932
115,110,4.412565830370803,109,37.932
115,111,4.450498065561117,110,37.932
115,112,4.488430300751431,111,37.932
115,113,4.526362535941745,112,37.932
115,114,4.5643505204403265,113,37.988
115,115,4.602338504938908,114,37.988
115,116,4.64032648943749,115,37.988
115,117,4.678314473936071,116,37.988
115,118,4.716302458434653,117,37.988
115,119,4.754290442933234,118,37.988
115,120,4.792278427431816,119,37.988
115,121,4.830266411930397,120,37.988
115,122,4.868254396428979,121,37.988
115,123,4.90624238092756,122,37.988
115,124,4.944230365426142,123,37.988
115,125,4.9822183499247235,124,37.988
115,126,5.020206334423305,125,37.988
115,127,5.0581943189218865,126,37.988
115,128,5.096182303420468,127,37.988
116,1,0.2864330801704442,0,286.433
116,2,0.3241886302452615,1,37.756
116,3,0.3619441803200788,2,37.756
116,4,0.3996997303948961,3,37.756
116,5,0.4374552804697134,4,37.756
116,6,0.47521083054453067,5,37.756
116,7,0.512966380619348,6,37.756
116,8,0.5507219306941653,7,37.756
116,9,0.5884774807689827,8,37.756
116,10,0.6262330308438,9,37.756
116,11,0.6639885809186173,10,37.756
116,12,0.7017441309934347,11,37.756
116,13,0.739499681068252,12,37.756
116,14,0.7772552311430694,13,37.756
116,15,0.8150107812178867,14,37.756
116,16,0.8527663312927041,15,37.756
116,17,0.8905218813675214,16,37.756
116,18,0.9282774314423388,17,37.756
116,19,0.9660329815171561,18,37.756
116,20,1.0037885315919735,19,37.756
116,21,1.0415440816667907,20,37.756
116,22,1.079299631741608,21,37.756
116,23,1.1170551818164252,22,37.756
116,24,1.1548107318912424,23,37.756
116,25,1.1925662819660596,24,37.756
116,26,1.2303218320408769,25,37.756
116,27,1.268077382115694,26,37.756
116,28,1.3058329321905113,27,37.756
116,29,1.3435884822653286,28,37.756
116,30,1.3813440323401458,29,37.756
116,31,1.419099582414963,30,37.756
116,32,1.4568551324897803,31,37.756
116,33,1.4946106825645975,32,37.756
116,34,1.5323662326394147,33,37.756
116,35,1.570121782714232,34,37.756
116,36,1.6078773327890492,35,37.756
116,37,1.6456328828638664,36,37.756
116,38,1.6833884329386837,37,37.756
116,39,1.721143983013501,38,37.756
116,40,1.7588995330883181,39,37.756
116,41,1.7966550831631354,40,37.756
116,42,1.8344106332379526,41,37.756
116,43,1.8721661833127698,42,37.756
116,44,1.909921733387587,43,37.756
116,45,1.9476772834624043,44,37.756
116,46,1.9854328335372216,45,37.756
116,47,2.023188383612039,46,37.756
116,48,2.0609439336868562,47,37.756
116,49,2.0986994837616737,48,37.756
116,50,2.1366317189519872,49,37.932
116,51,2.1745639541423007,50,37.932
116,52,2.2124961893326143,51,37.932
116,53,2.250428424522928,52,37.932
116,54,2.2883606597132413,53,37.932
116,55,2.326292894903555,54,37.932
116,56,2.3642251300938684,55,37.932
116,57,2.402157365284182,56,37.932
116,58,2.4400896004744954,57,37.932
116,59,2.478021835664809,58,37.932
116,60,2.5159540708551225,59,37.932
116,61,2.553886306045436,60,37.932
116,62,2.5918185412357495,61,37.932
116,63,2.629750776426063,62,37.932
116,64,2.6676830116163766,63,37.932
116,65,2.70561524680669,64,37.932
116,66,2.7435474819970036,65,37.932
116,67,2.781479717187317,66,37.932
116,68,2.8194119523776306,67,37.932
116,69,2.857344187567944,68,37.932
116,70,2.8952764227582577,69,37.932
116,71,2.933208657948571,70,37.932
116,72,2.9711408931388847,71,37.932
116,73,3.0090731283291983,72,37.932
116,74,3.047005363519512,73,37.932
116,75,3.0849375987098253,74,37.932
116,76,3.122869833900139,75,37.932
116,77,3.1608020690904524,76,37.932
116,78,3.198734304280766,77,37.932
116,79,3.2366665394710794,78,37.932
116,80,3.274598774661393,79,37.932
116,81,3.3125310098517065,80,37.932
116,82,3.35046324504202,81,37.932
116,83,3.3883954802323335,82,37.932
116,84,3.426327715422647,83,37.932
116,85,3.4642599506129605,84,37.932
116,86,3.502192185803274,85,37.932
116,87,3.5401244209935876,86,37.932
116,88,3.578056656183901,87,37.932
116,89,3.6159888913742146,88,37.932
116,90,3.653921126564528,89,37.932
116,91,3.6918533617548417,90,37.932
116,92,3.729785596945155,91,37.932
116,93,3.7677178321354687,92,37.932
116,94,3.8056500673257823,93,37.932
116,95,3.843582302516096,94,37.932
116,96,3.8815145377064093,95,37.932
116,97,3.919446772896723,96,37.932
116,98,3.9573790080870364,97,37.932
116,99,3.99531124327735,98,37.932
116,100,4.033243478467663,99,37.932
116,101,4.071175713657977,100,37.932
116,102,4.109107948848291,101,37.932
116,103,4.147040184038605,102,37.932
116,104,4.184972419228919,103,37.932
116,105,4.222904654419233,104,37.932
116,106,4.260836889609547,105,37.932
116,107,4.298769124799861,106,37.932
116,108,4.336701359990175,107,37.932
116,109,4.374633595180489,108,37.932
116,110,4.412565830370803,109,37.932
116,111,4.450498065561117,110,37.932
116,112,4.488430300751431,111,37.932
116,113,4.526362535941745,112,37.932
116,114,4.5643505204403265,113,37.988
116,115,4.602338504938908,114,37.988
116,116,4.64032648943749,115,37.988
116,117,4.678314473936071,116,37.988
116,118,4.716302458434653,117,37.988
116,119,4.754290442933234,118,37.988
116,120,4.792278427431816,119,37.988
116,121,4.830266411930397,120,37.988
116,122,4.868254396428979,121,37.988
116,123,4.90624238092756,122,37.988
116,124,4.944230365426142,123,37.988
116,125,4.9822183499247235,124,37.988
116,126,5.020206334423305,125,37.988
116,127,5.0581943189218865,126,37.988
116,128,5.096182303420468,127,37.988
117,1,0.2864330801704442,0,286.433
117,2,0.3241886302452615,1,37.756
117,3,0.3619441803200788,2,37.756
117,4,0.3996997303948961,3,37.756
117,5,0.4374552804697134,4,37.756
117,6,0.47521083054453067,5,37.756
117,7,0.512966380619348,6,37.756
117,8,0.5507219306941653,7,37.756
117,9,0.5884774807689827,8,37.756
117,10,0.6262330308438,9,37.756
117,11,0.6639885809186173,10,37.756
117,12,0.7017441309934347,11,37.756
117,13,0.739499681068252,12,37.756
117,14,0.7772552311430694,13,37.756
117,15,0.8150107812178867,14,37.756
117,16,0.8527663312927041,15,37.756
117,17,0.8905218813675214,16,37.756
117,18,0.9282774314423388,17,37.756
117,19,0.9660329815171561,18,37.756
117,20,1.0037885315919735,19,37.756
117,21,1.0415440816667907,20,37.756
117,22,1.079299631741608,21,37.756
117,23,1.1170551818164252,22,37.756
117,24,1.1548107318912424,23,37.756
117,25,1.1925662819660596,24,37.756
117,26,1.2303218320408769,25,37.756
117,27,1.268077382115694,26,37.756
117,28,1.3058329321905113,27,37.756
117,29,1.3435884822653286,28,37.756
117,30,1.3813440323401458,29,37.756
117,31,1.419099582414963,30,37.756
117,32,1.4568551324897803,31,37.756
117,33,1.4946106825645975,32,37.756
117,34,1.5323662326394147,33,37.756
117,35,1.570121782714232,34,37.756
117,36,1.6078773327890492,35,37.756
117,37,1.6456328828638664,36,37.756
117,38,1.6833884329386837,37,37.756
117,39,1.721143983013501,38,37.756
117,40,1.7588995330883181,39,37.756
117,41,1.7966550831631354,40,37.756
117,42,1.8344106332379526,41,37.756
117,43,1.8721661833127698,42,37.756
117,44,1.909921733387587,43,37.756
117,45,1.9476772834624043,44,37.756
117,46,1.9854328335372216,45,37.756
117,47,2.023188383612039,46,37.756
117,48,2.0609439336868562,47,37.756
117,49,2.0986994837616737,48,37.756
117,50,2.1366317189519872,49,37.932
117,51,2.1745639541423007,50,37.932
117,52,2.2124961893326143,51,37.932
117,53,2.250428424522928,52,37.932
117,54,2.2883606597132413,53,37.932
117,55,2.326292894903555,54,37.932
117,56,2.3642251300938684,55,37.932
117,57,2.402157365284182,56,37.932
117,58,2.4400896004744954,57,37.932
117,59,2.478021835664809,58,37.932
117,60,2.5159540708551225,59,37.932
117,61,2.553886306045436,60,37.932
117,62,2.5918185412357495,61,37.932
117,63,2.629750776426063,62,37.932
117,64,2.6676830116163766,63,37.932
117,65,2.70561524680669,64,37.932
117,66,2.7435474819970036,65,37.932
117,67,2.781479717187317,66,37.932
117,68,2.8194119523776306,67,37.932
117,69,2.857344187567944,68,37.932
117,70,2.8952764227582577,69,37.932
117,71,2.933208657948571,70,37.932
117,72,2.9711408931388847,71,37.932
117,73,3.0090731283291983,72,37.932
117,74,3.047005363519512,73,37.932
117,75,3.0849375987098253,74,37.932
117,76,3.122869833900139,75,37.932
117,77,3.1608020690904524,76,37.932
117,78,3.198734304280766,77,37.932
117,79,3.2366665394710794,78,37.932
117,80,3.274598774661393,79,37.932
117,81,3.3125310098517065,80,37.932
117,82,3.35046324504202,81,37.932
117,83,3.3883954802323335,82,37.932
117,84,3.426327715422647,83,37.932
117,85,3.4642599506129605,84,37.932
117,86,3.502192185803274,85,37.932
117,87,3.5401244209935876,86,37.932
117,88,3.578056656183901,87,37.932
117,89,3.6159888913742146,88,37.932
117,90,3.653921126564528,89,37.932
117,91,3.6918533617548417,90,37.932
117,92,3.729785596945155,91,37.932
117,93,3.7677178321354687,92,37.932
117,94,3.8056500673257823,93,37.932
117,95,3.843582302516096,94,37.932
117,96,3.8815145377064093,95,37.932
117,97,3.919446772896723,96,37.932
117,98,3.9573790080870364,97,37.932
117,99,3.99531124327735,98,37.932
117,100,4.033243478467663,99,37.932
117,101,4.071175713657977,100,37.932
117,102,4.109107948848291,101,37.932
117,103,4.147040184038605,102,37.932
117,104,4.184972419228919,103,37.932
117,105,4.222904654419233,104,37.932
117,106,4.260836889609547,105,37.932
117,107,4.298769124799861,106,37.932
117,108,4.336701359990175,107,37.932
117,109,4.374633595180489,108,37.932
117,110,4.412565830370803,109,37.932
117,111,4.450498065561117,110,37.932
117,112,4.488430300751431,111,37.932
117,113,4.526362535941745,112,37.932
117,114,4.5643505204403265,113,37.988
117,115,4.602338504938908,114,37.988
117,116,4.64032648943749,115,37.988
117,117,4.678314473936071,116,37.988
117,118,4.716302458434653,117,37.988
117,119,4.754290442933234,118,37.988
117,120,4.792278427431816,119,37.988
117,121,4.830266411930397,120,37.988
117,122,4.868254396428979,121,37.988
117,123,4.90624238092756,122,37.988
117,124,4.944230365426142,123,37.988
117,125,4.9822183499247235,124,37.988
117,126,5.020206334423305,125,37.988
117,127,5.0581943189218865,126,37.988
117,128,5.096182303420468,127,37.988
118,1,0.2864330801704442,0,286.433
118,2,0.3241886302452615,1,37.756
118,3,0.3619441803200788,2,37.756
118,4,0.3996997303948961,3,37.756
118,5,0.4374552804697134,4,37.756
118,6,0.47521083054453067,5,37.756
118,7,0.512966380619348,6,37.756
118,8,0.5507219306941653,7,37.756
118,9,0.5884774807689827,8,37.756
118,10,0.6262330308438,9,37.756
118,11,0.6639885809186173,10,37.756
118,12,0.7017441309934347,11,37.756
118,13,0.739499681068252,12,37.756
118,14,0.7772552311430694,13,37.756
118,15,0.8150107812178867,14,37.756
118,16,0.8527663312927041,15,37.756
118,17,0.8905218813675214,16,37.756
118,18,0.9282774314423388,17,37.756
118,19,0.9660329815171561,18,37.756
118,20,1.0037885315919735,19,37.756
118,21,1.0415440816667907,20,37.756
118,22,1.079299631741608,21,37.756
118,23,1.1170551818164252,22,37.756
118,24,1.1548107318912424,23,37.756
118,25,1.1925662819660596,24,37.756
118,26,1.2303218320408769,25,37.756
118,27,1.268077382115694,26,37.756
118,28,1.3058329321905113,27,37.756
118,29,1.3435884822653286,28,37.756
118,30,1.3813440323401458,29,37.756
118,31,1.419099582414963,30,37.756
118,32,1.4568551324897803,31,37.756
118,33,1.4946106825645975,32,37.756
118,34,1.5323662326394147,33,37.756
118,35,1.570121782714232,34,37.756
118,36,1.6078773327890492,35,37.756
118,37,1.6456328828638664,36,37.756
118,38,1.6833884329386837,37,37.756
118,39,1.721143983013501,38,37.756
118,40,1.7588995330883181,39,37.756
118,41,1.7966550831631354,40,37.756
118,42,1.8344106332379526,41,37.756
118,43,1.8721661833127698,42,37.756
118,44,1.909921733387587,43,37.756
118,45,1.9476772834624043,44,37.756
118,46,1.9854328335372216,45,37.756
118,47,2.023188383612039,46,37.756
118,48,2.0609439336868562,47,37.756
118,49,2.0986994837616737,48,37.756
118,50,2.1366317189519872,49,37.932
118,51,2.1745639541423007,50,37.932
118,52,2.2124961893326143,51,37.932
118,53,2.250428424522928,52,37.932
118,54,2.2883606597132413,53,37.932
118,55,2.326292894903555,54,37.932
118,56,2.3642251300938684,55,37.932
118,57,2.402157365284182,56,37.932
118,58,2.4400896004744954,57,37.932
118,59,2.478021835664809,58,37.932
118,60,2.5159540708551225,59,37.932
118,61,2.553886306045436,60,37.932
118,62,2.5918185412357495,61,37.932
118,63,2.629750776426063,62,37.932
118,64,2.6676830116163766,63,37.932
118,65,2.70561524680669,64,37.932
118,66,2.7435474819970036,65,37.932
118,67,2.781479717187317,66,37.932
118,68,2.8194119523776306,67,37.932
118,69,2.857344187567944,68,37.932
118,70,2.8952764227582577,69,37.932
118,71,2.933208657948571,70,37.932
118,72,2.9711408931388847,71,37.932
118,73,3.0090731283291983,72,37.932
118,74,3.047005363519512,73,37.932
118,75,3.0849375987098253,74,37.932
118,76,3.122869833900139,75,37.932
118,77,3.1608020690904524,76,37.932
118,78,3.198734304280766,77,37.932
118,79,3.2366665394710794,78,37.932
118,80,3.274598774661393,79,37.932
118,81,3.3125310098517065,80,37.932
118,82,3.35046324504202,81,37.932
118,83,3.3883954802323335,82,37.932
118,84,3.426327715422647,83,37.932
118,85,3.4642599506129605,84,37.932
118,86,3.502192185803274,85,37.932
118,87,3.5401244209935876,86,37.932
118,88,3.578056656183901,87,37.932
118,89,3.6159888913742146,88,37.932
118,90,3.653921126564528,89,37.932
118,91,3.6918533617548417,90,37.932
118,92,3.729785596945155,91,37.932
118,93,3.7677178321354687,92,37.932
118,94,3.8056500673257823,93,37.932
118,95,3.843582302516096,94,37.932
118,96,3.8815145377064093,95,37.932
118,97,3.919446772896723,96,37.932
118,98,3.9573790080870364,97,37.932
118,99,3.99531124327735,98,37.932
118,100,4.033243478467663,99,37.932
118,101,4.071175713657977,100,37.932
118,102,4.109107948848291,101,37.932
118,103,4.147040184038605,102,37.932
118,104,4.184972419228919,103,37.932
118,105,4.222904654419233,104,37.932
118,106,4.260836889609547,105,37.932
118,107,4.298769124799861,106,37.932
118,108,4.336701359990175,107,37.932
118,109,4.374633595180489,108,37.932
118,110,4.412565830370803,109,37.932
118,111,4.450498065561117,110,37.932
118,112,4.488430300751431,111,37.932
118,113,4.526362535941745,112,37.932
118,114,4.5643505204403265,113,37.988
118,115,4.602338504938908,114,37.988
118,116,4.64032648943749,115,37.988
118,117,4.678314473936071,116,37.988
118,118,4.716302458434653,117,37.988
118,119,4.754290442933234,118,37.988
118,120,4.792278427431816,119,37.988
118,121,4.830266411930397,120,37.988
118,122,4.868254396428979,121,37.988
118,123,4.90624238092756,122,37.988
118,124,4.944230365426142,123,37.988
118,125,4.9822183499247235,124,37.988
118,126,5.020206334423305,125,37.988
118,127,5.0581943189218865,126,37.988
118,128,5.096182303420468,127,37.988
119,1,0.2864330801704442,0,286.433
119,2,0.3241886302452615,1,37.756
119,3,0.3619441803200788,2,37.756
119,4,0.3996997303948961,3,37.756
119,5,0.4374552804697134,4,37.756
119,6,0.47521083054453067,5,37.756
119,7,0.512966380619348,6,37.756
119,8,0.5507219306941653,7,37.756
119,9,0.5884774807689827,8,37.756
119,10,0.6262330308438,9,37.756
119,11,0.6639885809186173,10,37.756
119,12,0.7017441309934347,11,37.756
119,13,0.739499681068252,12,37.756
119,14,0.7772552311430694,13,37.756
119,15,0.8150107812178867,14,37.756
119,16,0.8527663312927041,15,37.756
119,17,0.8905218813675214,16,37.756
119,18,0.9282774314423388,17,37.756
119,19,0.9660329815171561,18,37.756
119,20,1.0037885315919735,19,37.756
119,21,1.0415440816667907,20,37.756
119,22,1.079299631741608,21,37.756
119,23,1.1170551818164252,22,37.756
119,24,1.1548107318912424,23,37.756
119,25,1.1925662819660596,24,37.756
119,26,1.2303218320408769,25,37.756
119,27,1.268077382115694,26,37.756
119,28,1.3058329321905113,27,37.756
119,29,1.3435884822653286,28,37.756
119,30,1.3813440323401458,29,37.756
119,31,1.419099582414963,30,37.756
119,32,1.4568551324897803,31,37.756
119,33,1.4946106825645975,32,37.756
119,34,1.5323662326394147,33,37.756
119,35,1.570121782714232,34,37.756
119,36,1.6078773327890492,35,37.756
119,37,1.6456328828638664,36,37.756
119,38,1.6833884329386837,37,37.756
119,39,1.721143983013501,38,37.756
119,40,1.7588995330883181,39,37.756
119,41,1.7966550831631354,40,37.756
119,42,1.8344106332379526,41,37.756
119,43,1.8721661833127698,42,37.756
119,44,1.909921733387587,43,37.756
119,45,1.9476772834624043,44,37.756
119,46,1.9854328335372216,45,37.756
119,47,2.023188383612039,46,37.756
119,48,2.0609439336868562,47,37.756
119,49,2.0986994837616737,48,37.756
119,50,2.1366317189519872,49,37.932
119,51,2.1745639541423007,50,37.932
119,52,2.2124961893326143,51,37.932
119,53,2.250428424522928,52,37.932
119,54,2.2883606597132413,53,37.932
119,55,2.326292894903555,54,37.932
119,56,2.3642251300938684,55,37.932
119,57,2.402157365284182,56,37.932
119,58,2.4400896004744954,57,37.932
119,59,2.478021835664809,58,37.932
119,60,2.5159540708551225,59,37.932
119,61,2.553886306045436,60,37.932
119,62,2.5918185412357495,61,37.932
119,63,2.629750776426063,62,37.932
119,64,2.6676830116163766,63,37.932
119,65,2.70561524680669,64,37.932
119,66,2.7435474819970036,65,37.932
119,67,2.781479717187317,66,37.932
119,68,2.8194119523776306,67,37.932
119,69,2.857344187567944,68,37.932
119,70,2.8952764227582577,69,37.932
119,71,2.933208657948571,70,37.932
119,72,2.9711408931388847,71,37.932
119,73,3.0090731283291983,72,37.932
119,74,3.047005363519512,73,37.932
119,75,3.0849375987098253,74,37.932
119,76,3.122869833900139,75,37.932
119,77,3.1608020690904524,76,37.932
119,78,3.198734304280766,77,37.932
119,79,3.2366665394710794,78,37.932
119,80,3.274598774661393,79,37.932
119,81,3.3125310098517065,80,37.932
119,82,3.35046324504202,81,37.932
119,83,3.3883954802323335,82,37.932
119,84,3.426327715422647,83,37.932
119,85,3.4642599506129605,84,37.932
119,86,3.502192185803274,85,37.932
119,87,3.5401244209935876,86,37.932
119,88,3.578056656183901,87,37.932
119,89,3.6159888913742146,88,37.932
119,90,3.653921126564528,89,37.932
119,91,3.6918533617548417,90,37.932
119,92,3.729785596945155,91,37.932
119,93,3.7677178321354687,92,37.932
119,94,3.8056500673257823,93,37.932
119,95,3.843582302516096,94,37.932
119,96,3.8815145377064093,95,37.932
119,97,3.919446772896723,96,37.932
119,98,3.9573790080870364,97,37.932
119,99,3.99531124327735,98,37.932
119,100,4.033243478467663,99,37.932
119,101,4.071175713657977,100,37.932
119,102,4.109107948848291,101,37.932
119,103,4.147040184038605,102,37.932
119,104,4.184972419228919,103,37.932
119,105,4.222904654419233,104,37.932
119,106,4.260836889609547,105,37.932
119,107,4.298769124799861,106,37.932
119,108,4.336701359990175,107,37.932
119,109,4.374633595180489,108,37.932
119,110,4.412565830370803,109,37.932
119,111,4.450498065561117,110,37.932
119,112,4.488430300751431,111,37.932
119,113,4.526362535941745,112,37.932
119,114,4.5643505204403265,113,37.988
119,115,4.602338504938908,114,37.988
119,116,4.64032648943749,115,37.988
119,117,4.678314473936071,116,37.988
119,118,4.716302458434653,117,37.988
119,119,4.754290442933234,118,37.988
119,120,4.792278427431816,119,37.988
119,121,4.830266411930397,120,37.988
119,122,4.868254396428979,121,37.988
119,123,4.90624238092756,122,37.988
119,124,4.944230365426142,123,37.988
119,125,4.9822183499247235,124,37.988
119,126,5.020206334423305,125,37.988
119,127,5.0581943189218865,126,37.988
119,128,5.096182303420468,127,37.988
120,1,0.2864330801704442,0,286.433
120,2,0.3241886302452615,1,37.756
120,3,0.3619441803200788,2,37.756
120,4,0.3996997303948961,3,37.756
120,5,0.4374552804697134,4,37.756
120,6,0.47521083054453067,5,37.756
120,7,0.512966380619348,6,37.756
120,8,0.5507219306941653,7,37.756
120,9,0.5884774807689827,8,37.756
120,10,0.6262330308438,9,37.756
120,11,0.6639885809186173,10,37.756
120,12,0.7017441309934347,11,37.756
120,13,0.739499681068252,12,37.756
120,14,0.7772552311430694,13,37.756
120,15,0.8150107812178867,14,37.756
120,16,0.8527663312927041,15,37.756
120,17,0.8905218813675214,16,37.756
120,18,0.9282774314423388,17,37.756
120,19,0.9660329815171561,18,37.756
120,20,1.0037885315919735,19,37.756
120,21,1.0415440816667907,20,37.756
120,22,1.079299631741608,21,37.756
120,23,1.1170551818164252,22,37.756
120,24,1.1548107318912424,23,37.756
120,25,1.1925662819660596,24,37.756
120,26,1.2303218320408769,25,37.756
120,27,1.268077382115694,26,37.756
120,28,1.3058329321905113,27,37.756
120,29,1.3435884822653286,28,37.756
120,30,1.3813440323401458,29,37.756
120,31,1.419099582414963,30,37.756
120,32,1.4568551324897803,31,37.756
120,33,1.4946106825645975,32,37.756
120,34,1.5323662326394147,33,37.756
120,35,1.570121782714232,34,37.756
120,36,1.6078773327890492,35,37.756
120,37,1.6456328828638664,36,37.756
120,38,1.6833884329386837,37,37.756
120,39,1.721143983013501,38,37.756
120,40,1.7588995330883181,39,37.756
120,41,1.7966550831631354,40,37.756
120,42,1.8344106332379526,41,37.756
120,43,1.8721661833127698,42,37.756
120,44,1.909921733387587,43,37.756
120,45,1.9476772834624043,44,37.756
120,46,1.9854328335372216,45,37.756
120,47,2.023188383612039,46,37.756
120,48,2.0609439336868562,47,37.756
120,49,2.0986994837616737,48,37.756
120,50,2.1366317189519872,49,37.932
120,51,2.1745639541423007,50,37.932
120,52,2.2124961893326143,51,37.932
120,53,2.250428424522928,52,37.932
120,54,2.2883606597132413,53,37.932
120,55,2.326292894903555,54,37.932
120,56,2.3642251300938684,55,37.932
120,57,2.402157365284182,56,37.932
120,58,2.4400896004744954,57,37.932
120,59,2.478021835664809,58,37.932
120,60,2.5159540708551225,59,37.932
120,61,2.553886306045436,60,37.932
120,62,2.5918185412357495,61,37.932
120,63,2.629750776426063,62,37.932
120,64,2.6676830116163766,63,37.932
120,65,2.70561524680669,64,37.932
120,66,2.7435474819970036,65,37.932
120,67,2.781479717187317,66,37.932
120,68,2.8194119523776306,67,37.932
120,69,2.857344187567944,68,37.932
120,70,2.8952764227582577,69,37.932
120,71,2.933208657948571,70,37.932
120,72,2.9711408931388847,71,37.932
120,73,3.0090731283291983,72,37.932
120,74,3.047005363519512,73,37.932
120,75,3.0849375987098253,74,37.932
120,76,3.122869833900139,75,37.932
120,77,3.1608020690904524,76,37.932
120,78,3.198734304280766,77,37.932
120,79,3.2366665394710794,78,37.932
120,80,3.274598774661393,79,37.932
120,81,3.3125310098517065,80,37.932
120,82,3.35046324504202,81,37.932
120,83,3.3883954802323335,82,37.932
120,84,3.426327715422647,83,37.932
120,85,3.4642599506129605,84,37.932
120,86,3.502192185803274,85,37.932
120,87,3.5401244209935876,86,37.932
120,88,3.578056656183901,87,37.932
120,89,3.6159888913742146,88,37.932
120,90,3.653921126564528,89,37.932
120,91,3.6918533617548417,90,37.932
120,92,3.729785596945155,91,37.932
120,93,3.7677178321354687,92,37.932
120,94,3.8056500673257823,93,37.932
120,95,3.843582302516096,94,37.932
120,96,3.8815145377064093,95,37.932
120,97,3.919446772896723,96,37.932
120,98,3.9573790080870364,97,37.932
120,99,3.99531124327735,98,37.932
120,100,4.033243478467663,99,37.932
120,101,4.071175713657977,100,37.932
120,102,4.109107948848291,101,37.932
120,103,4.147040184038605,102,37.932
120,104,4.184972419228919,103,37.932
120,105,4.222904654419233,104,37.932
120,106,4.260836889609547,105,37.932
120,107,4.298769124799861,106,37.932
120,108,4.336701359990175,107,37.932
120,109,4.374633595180489,108,37.932
120,110,4.412565830370803,109,37.932
120,111,4.450498065561117,110,37.932
120,112,4.488430300751431,111,37.932
120,113,4.526362535941745,112,37.932
120,114,4.5643505204403265,113,37.988
120,115,4.602338504938908,114,37.988
120,116,4.64032648943749,115,37.988
120,117,4.678314473936071,116,37.988
120,118,4.716302458434653,117,37.988
120,119,4.754290442933234,118,37.988
120,120,4.792278427431816,119,37.988
120,121,4.830266411930397,120,37.988
120,122,4.868254396428979,121,37.988
120,123,4.90624238092756,122,37.988
120,124,4.944230365426142,123,37.988
120,125,4.9822183499247235,124,37.988
120,126,5.020206334423305,125,37.988
120,127,5.0581943189218865,126,37.988
120,128,5.096182303420468,127,37.988
121,1,0.2864330801704442,0,286.433
121,2,0.3241886302452615,1,37.756
121,3,0.3619441803200788,2,37.756
121,4,0.3996997303948961,3,37.756
121,5,0.4374552804697134,4,37.756
121,6,0.47521083054453067,5,37.756
121,7,0.512966380619348,6,37.756
121,8,0.5507219306941653,7,37.756
121,9,0.5884774807689827,8,37.756
121,10,0.6262330308438,9,37.756
121,11,0.6639885809186173,10,37.756
121,12,0.7017441309934347,11,37.756
121,13,0.739499681068252,12,37.756
121,14,0.7772552311430694,13,37.756
121,15,0.8150107812178867,14,37.756
121,16,0.8527663312927041,15,37.756
121,17,0.8905218813675214,16,37.756
121,18,0.9282774314423388,17,37.756
121,19,0.9660329815171561,18,37.756
121,20,1.0037885315919735,19,37.756
121,21,1.0415440816667907,20,37.756
121,22,1.079299631741608,21,37.756
121,23,1.1170551818164252,22,37.756
121,24,1.1548107318912424,23,37.756
121,25,1.1925662819660596,24,37.756
121,26,1.2303218320408769,25,37.756
121,27,1.268077382115694,26,37.756
121,28,1.3058329321905113,27,37.756
121,29,1.3435884822653286,28,37.756
121,30,1.3813440323401458,29,37.756
121,31,1.419099582414963,30,37.756
121,32,1.4568551324897803,31,37.756
121,33,1.4946106825645975,32,37.756
121,34,1.5323662326394147,33,37.756
121,35,1.570121782714232,34,37.756
121,36,1.6078773327890492,35,37.756
121,37,1.6456328828638664,36,37.756
121,38,1.6833884329386837,37,37.756
121,39,1.721143983013501,38,37.756
121,40,1.7588995330883181,39,37.756
121,41,1.7966550831631354,40,37.756
121,42,1.8344106332379526,41,37.756
121,43,1.8721661833127698,42,37.756
121,44,1.909921733387587,43,37.756
121,45,1.9476772834624043,44,37.756
121,46,1.9854328335372216,45,37.756
121,47,2.023188383612039,46,37.756
121,48,2.0609439336868562,47,37.756
121,49,2.0986994837616737,48,37.756
121,50,2.1366317189519872,49,37.932
121,51,2.1745639541423007,50,37.932
121,52,2.2124961893326143,51,37.932
121,53,2.250428424522928,52,37.932
121,54,2.2883606597132413,53,37.932
121,55,2.326292894903555,54,37.932
121,56,2.3642251300938684,55,37.932
121,57,2.402157365284182,56,37.932
121,58,2.4400896004744954,57,37.932
121,59,2.478021835664809,58,37.932
121,60,2.5159540708551225,59,37.932
121,61,2.553886306045436,60,37.932
121,62,2.5918185412357495,61,37.932
121,63,2.629750776426063,62,37.932
121,64,2.6676830116163766,63,37.932
121,65,2.70561524680669,64,37.932
121,66,2.7435474819970036,65,37.932
121,67,2.781479717187317,66,37.932
121,68,2.8194119523776306,67,37.932
121,69,2.857344187567944,68,37.932
121,70,2.8952764227582577,69,37.932
121,71,2.933208657948571,70,37.932
121,72,2.9711408931388847,71,37.932
121,73,3.0090731283291983,72,37.932
121,74,3.047005363519512,73,37.932
121,75,3.0849375987098253,74,37.932
121,76,3.122869833900139,75,37.932
121,77,3.1608020690904524,76,37.932
121,78,3.198734304280766,77,37.932
121,79,3.2366665394710794,78,37.932
121,80,3.274598774661393,79,37.932
121,81,3.3125310098517065,80,37.932
121,82,3.35046324504202,81,37.932
121,83,3.3883954802323335,82,37.932
121,84,3.426327715422647,83,37.932
121,85,3.4642599506129605,84,37.932
121,86,3.502192185803274,85,37.932
121,87,3.5401244209935876,86,37.932
121,88,3.578056656183901,87,37.932
121,89,3.6159888913742146,88,37.932
121,90,3.653921126564528,89,37.932
121,91,3.6918533617548417,90,37.932
121,92,3.729785596945155,91,37.932
121,93,3.7677178321354687,92,37.932
121,94,3.8056500673257823,93,37.932
121,95,3.843582302516096,94,37.932
121,96,3.8815145377064093,95,37.932
121,97,3.919446772896723,96,37.932
121,98,3.9573790080870364,97,37.932
121,99,3.99531124327735,98,37.932
121,100,4.033243478467663,99,37.932
121,101,4.071175713657977,100,37.932
121,102,4.109107948848291,101,37.932
121,103,4.147040184038605,102,37.932
121,104,4.184972419228919,103,37.932
121,105,4.222904654419233,104,37.932
121,106,4.260836889609547,105,37.932
121,107,4.298769124799861,106,37.932
121,108,4.336701359990175,107,37.932
121,109,4.374633595180489,108,37.932
121,110,4.412565830370803,109,37.932
121,111,4.450498065561117,110,37.932
121,112,4.488430300751431,111,37.932
121,113,4.526362535941745,112,37.932
121,114,4.5643505204403265,113,37.988
121,115,4.602338504938908,114,37.988
121,116,4.64032648943749,115,37.988
121,117,4.678314473936071,116,37.988
121,118,4.716302458434653,117,37.988
121,119,4.754290442933234,118,37.988
121,120,4.792278427431816,119,37.988
121,121,4.830266411930397,120,37.988
121,122,4.868254396428979,121,37.988
121,123,4.90624238092756,122,37.988
121,124,4.944230365426142,123,37.988
121,125,4.9822183499247235,124,37.988
121,126,5.020206334423305,125,37.988
121,127,5.0581943189218865,126,37.988
121,128,5.096182303420468,127,37.988
122,1,0.2864330801704442,0,286.433
122,2,0.3241886302452615,1,37.756
122,3,0.3619441803200788,2,37.756
122,4,0.3996997303948961,3,37.756
122,5,0.4374552804697134,4,37.756
122,6,0.47521083054453067,5,37.756
122,7,0.512966380619348,6,37.756
122,8,0.5507219306941653,7,37.756
122,9,0.5884774807689827,8,37.756
122,10,0.6262330308438,9,37.756
122,11,0.6639885809186173,10,37.756
122,12,0.7017441309934347,11,37.756
122,13,0.739499681068252,12,37.756
122,14,0.7772552311430694,13,37.756
122,15,0.8150107812178867,14,37.756
122,16,0.8527663312927041,15,37.756
122,17,0.8905218813675214,16,37.756
122,18,0.9282774314423388,17,37.756
122,19,0.9660329815171561,18,37.756
122,20,1.0037885315919735,19,37.756
122,21,1.0415440816667907,20,37.756
122,22,1.079299631741608,21,37.756
122,23,1.1170551818164252,22,37.756
122,24,1.1548107318912424,23,37.756
122,25,1.1925662819660596,24,37.756
122,26,1.2303218320408769,25,37.756
122,27,1.268077382115694,26,37.756
122,28,1.3058329321905113,27,37.756
122,29,1.3435884822653286,28,37.756
122,30,1.3813440323401458,29,37.756
122,31,1.419099582414963,30,37.756
122,32,1.4568551324897803,31,37.756
122,33,1.4946106825645975,32,37.756
122,34,1.5323662326394147,33,37.756
122,35,1.570121782714232,34,37.756
122,36,1.6078773327890492,35,37.756
122,37,1.6456328828638664,36,37.756
122,38,1.6833884329386837,37,37.756
122,39,1.721143983013501,38,37.756
122,40,1.7588995330883181,39,37.756
122,41,1.7966550831631354,40,37.756
122,42,1.8344106332379526,41,37.756
122,43,1.8721661833127698,42,37.756
122,44,1.909921733387587,43,37.756
122,45,1.9476772834624043,44,37.756
122,46,1.9854328335372216,45,37.756
122,47,2.023188383612039,46,37.756
122,48,2.0609439336868562,47,37.756
122,49,2.0986994837616737,48,37.756
122,50,2.1366317189519872,49,37.932
122,51,2.1745639541423007,50,37.932
122,52,2.2124961893326143,51,37.932
122,53,2.250428424522928,52,37.932
122,54,2.2883606597132413,53,37.932
122,55,2.326292894903555,54,37.932
122,56,2.3642251300938684,55,37.932
122,57,2.402157365284182,56,37.932
122,58,2.4400896004744954,57,37.932
122,59,2.478021835664809,58,37.932
122,60,2.5159540708551225,59,37.932
122,61,2.553886306045436,60,37.932
122,62,2.5918185412357495,61,37.932
122,63,2.629750776426063,62,37.932
122,64,2.6676830116163766,63,37.932
122,65,2.70561524680669,64,37.932
122,66,2.7435474819970036,65,37.932
122,67,2.781479717187317,66,37.932
122,68,2.8194119523776306,67,37.932
122,69,2.857344187567944,68,37.932
122,70,2.8952764227582577,69,37.932
122,71,2.933208657948571,70,37.932
122,72,2.9711408931388847,71,37.932
122,73,3.0090731283291983,72,37.932
122,74,3.047005363519512,73,37.932
122,75,3.0849375987098253,74,37.932
122,76,3.122869833900139,75,37.932
122,77,3.1608020690904524,76,37.932
122,78,3.198734304280766,77,37.932
122,79,3.2366665394710794,78,37.932
122,80,3.274598774661393,79,37.932
122,81,3.3125310098517065,80,37.932
122,82,3.35046324504202,81,37.932
122,83,3.3883954802323335,82,37.932
122,84,3.426327715422647,83,37.932
122,85,3.4642599506129605,84,37.932
122,86,3.502192185803274,85,37.932
122,87,3.5401244209935876,86,37.932
122,88,3.578056656183901,87,37.932
122,89,3.6159888913742146,88,37.932
122,90,3.653921126564528,89,37.932
122,91,3.6918533617548417,90,37.932
122,92,3.729785596945155,91,37.932
122,93,3.7677178321354687,92,37.932
122,94,3.8056500673257823,93,37.932
122,95,3.843582302516096,94,37.932
122,96,3.8815145377064093,95,37.932
122,97,3.919446772896723,96,37.932
122,98,3.9573790080870364,97,37.932
122,99,3.99531124327735,98,37.932
122,100,4.033243478467663,99,37.932
122,101,4.071175713657977,100,37.932
122,102,4.109107948848291,101,37.932
122,103,4.147040184038605,102,37.932
122,104,4.184972419228919,103,37.932
122,105,4.222904654419233,104,37.932
122,106,4.260836889609547,105,37.932
122,107,4.298769124799861,106,37.932
122,108,4.336701359990175,107,37.932
122,109,4.374633595180489,108,37.932
122,110,4.412565830370803,109,37.932
122,111,4.450498065561117,110,37.932
122,112,4.488430300751431,111,37.932
122,113,4.526362535941745,112,37.932
122,114,4.5643505204403265,113,37.988
122,115,4.602338504938908,114,37.988
122,116,4.64032648943749,115,37.988
122,117,4.678314473936071,116,37.988
122,118,4.716302458434653,117,37.988
122,119,4.754290442933234,118,37.988
122,120,4.792278427431816,119,37.988
122,121,4.830266411930397,120,37.988
122,122,4.868254396428979,121,37.988
122,123,4.90624238092756,122,37.988
122,124,4.944230365426142,123,37.988
122,125,4.9822183499247235,124,37.988
122,126,5.020206334423305,125,37.988
122,127,5.0581943189218865,126,37.988
122,128,5.096182303420468,127,37.988
123,1,0.2864330801704442,0,286.433
123,2,0.3241886302452615,1,37.756
123,3,0.3619441803200788,2,37.756
123,4,0.3996997303948961,3,37.756
123,5,0.4374552804697134,4,37.756
123,6,0.47521083054453067,5,37.756
123,7,0.512966380619348,6,37.756
123,8,0.5507219306941653,7,37.756
123,9,0.5884774807689827,8,37.756
123,10,0.6262330308438,9,37.756
123,11,0.6639885809186173,10,37.756
123,12,0.7017441309934347,11,37.756
123,13,0.739499681068252,12,37.756
123,14,0.7772552311430694,13,37.756
123,15,0.8150107812178867,14,37.756
123,16,0.8527663312927041,15,37.756
123,17,0.8905218813675214,16,37.756
123,18,0.9282774314423388,17,37.756
123,19,0.9660329815171561,18,37.756
123,20,1.0037885315919735,19,37.756
123,21,1.0415440816667907,20,37.756
123,22,1.079299631741608,21,37.756
123,23,1.1170551818164252,22,37.756
123,24,1.1548107318912424,23,37.756
123,25,1.1925662819660596,24,37.756
123,26,1.2303218320408769,25,37.756
123,27,1.268077382115694,26,37.756
123,28,1.3058329321905113,27,37.756
123,29,1.3435884822653286,28,37.756
123,30,1.3813440323401458,29,37.756
123,31,1.419099582414963,30,37.756
123,32,1.4568551324897803,31,37.756
123,33,1.4946106825645975,32,37.756
123,34,1.5323662326394147,33,37.756
123,35,1.570121782714232,34,37.756
123,36,1.6078773327890492,35,37.756
123,37,1.6456328828638664,36,37.756
123,38,1.6833884329386837,37,37.756
123,39,1.721143983013501,38,37.756
123,40,1.7588995330883181,39,37.756
123,41,1.7966550831631354,40,37.756
123,42,1.8344106332379526,41,37.756
123,43,1.8721661833127698,42,37.756
123,44,1.909921733387587,43,37.756
123,45,1.9476772834624043,44,37.756
123,46,1.9854328335372216,45,37.756
123,47,2.023188383612039,46,37.756
123,48,2.0609439336868562,47,37.756
123,49,2.0986994837616737,48,37.756
123,50,2.1366317189519872,49,37.932
123,51,2.1745639541423007,50,37.932
123,52,2.2124961893326143,51,37.932
123,53,2.250428424522928,52,37.932
123,54,2.2883606597132413,53,37.932
123,55,2.326292894903555,54,37.932
123,56,2.3642251300938684,55,37.932
123,57,2.402157365284182,56,37.932
123,58,2.4400896004744954,57,37.932
123,59,2.478021835664809,58,37.932
123,60,2.5159540708551225,59,37.932
123,61,2.553886306045436,60,37.932
123,62,2.5918185412357495,61,37.932
123,63,2.629750776426063,62,37.932
123,64,2.6676830116163766,63,37.932
123,65,2.70561524680669,64,37.932
123,66,2.7435474819970036,65,37.932
123,67,2.781479717187317,66,37.932
123,68,2.8194119523776306,67,37.932
123,69,2.857344187567944,68,37.932
123,70,2.8952764227582577,69,37.932
123,71,2.933208657948571,70,37.932
123,72,2.9711408931388847,71,37.932
123,73,3.0090731283291983,72,37.932
123,74,3.047005363519512,73,37.932
123,75,3.0849375987098253,74,37.932
123,76,3.122869833900139,75,37.932
123,77,3.1608020690904524,76,37.932
123,78,3.198734304280766,77,37.932
123,79,3.2366665394710794,78,37.932
123,80,3.274598774661393,79,37.932
123,81,3.3125310098517065,80,37.932
123,82,3.35046324504202,81,37.932
123,83,3.3883954802323335,82,37.932
123,84,3.426327715422647,83,37.932
123,85,3.4642599506129605,84,37.932
123,86,3.502192185803274,85,37.932
123,87,3.5401244209935876,86,37.932
123,88,3.578056656183901,87,37.932
123,89,3.6159888913742146,88,37.932
123,90,3.653921126564528,89,37.932
123,91,3.6918533617548417,90,37.932
123,92,3.729785596945155,91,37.932
123,93,3.7677178321354687,92,37.932
123,94,3.8056500673257823,93,37.932
123,95,3.843582302516096,94,37.932
123,96,3.8815145377064093,95,37.932
123,97,3.919446772896723,96,37.932
123,98,3.9573790080870364,97,37.932
123,99,3.99531124327735,98,37.932
123,100,4.033243478467663,99,37.932
123,101,4.071175713657977,100,37.932
123,102,4.109107948848291,101,37.932
123,103,4.147040184038605,102,37.932
123,104,4.184972419228919,103,37.932
123,105,4.222904654419233,104,37.932
123,106,4.260836889609547,105,37.932
123,107,4.298769124799861,106,37.932
123,108,4.336701359990175,107,37.932
123,109,4.374633595180489,108,37.932
123,110,4.412565830370803,109,37.932
123,111,4.450498065561117,110,37.932
123,112,4.488430300751431,111,37.932
123,113,4.526362535941745,112,37.932
123,114,4.5643505204403265,113,37.988
123,115,4.602338504938908,114,37.988
123,116,4.64032648943749,115,37.988
123,117,4.678314473936071,116,37.988
123,118,4.716302458434653,117,37.988
123,119,4.754290442933234,118,37.988
123,120,4.792278427431816,119,37.988
123,121,4.830266411930397,120,37.988
123,122,4.868254396428979,121,37.988
123,123,4.90624238092756,122,37.988
123,124,4.944230365426142,123,37.988
123,125,4.9822183499247235,124,37.988
123,126,5.020206334423305,125,37.988
123,127,5.0581943189218865,126,37.988
123,128,5.096182303420468,127,37.988
124,1,0.2864330801704442,0,286.433
124,2,0.3241886302452615,1,37.756
124,3,0.3619441803200788,2,37.756
124,4,0.3996997303948961,3,37.756
124,5,0.4374552804697134,4,37.756
124,6,0.47521083054453067,5,37.756
124,7,0.512966380619348,6,37.756
124,8,0.5507219306941653,7,37.756
124,9,0.5884774807689827,8,37.756
124,10,0.6262330308438,9,37.756
124,11,0.6639885809186173,10,37.756
124,12,0.7017441309934347,11,37.756
124,13,0.739499681068252,12,37.756
124,14,0.7772552311430694,13,37.756
124,15,0.8150107812178867,14,37.756
124,16,0.8527663312927041,15,37.756
124,17,0.8905218813675214,16,37.756
124,18,0.9282774314423388,17,37.756
124,19,0.9660329815171561,18,37.756
124,20,1.0037885315919735,19,37.756
124,21,1.0415440816667907,20,37.756
124,22,1.079299631741608,21,37.756
124,23,1.1170551818164252,22,37.756
124,24,1.1548107318912424,23,37.756
124,25,1.1925662819660596,24,37.756
124,26,1.2303218320408769,25,37.756
124,27,1.268077382115694,26,37.756
124,28,1.3058329321905113,27,37.756
124,29,1.3435884822653286,28,37.756
124,30,1.3813440323401458,29,37.756
124,31,1.419099582414963,30,37.756
124,32,1.4568551324897803,31,37.756
124,33,1.4946106825645975,32,37.756
124,34,1.5323662326394147,33,37.756
124,35,1.570121782714232,34,37.756
124,36,1.6078773327890492,35,37.756
124,37,1.6456328828638664,36,37.756
124,38,1.6833884329386837,37,37.756
124,39,1.721143983013501,38,37.756
124,40,1.7588995330883181,39,37.756
124,41,1.7966550831631354,40,37.756
124,42,1.8344106332379526,41,37.756
124,43,1.8721661833127698,42,37.756
124,44,1.909921733387587,43,37.756
124,45,1.9476772834624043,44,37.756
124,46,1.9854328335372216,45,37.756
124,47,2.023188383612039,46,37.756
124,48,2.0609439336868562,47,37.756
124,49,2.0986994837616737,48,37.756
124,50,2.1366317189519872,49,37.932
124,51,2.1745639541423007,50,37.932
124,52,2.2124961893326143,51,37.932
124,53,2.250428424522928,52,37.932
124,54,2.2883606597132413,53,37.932
124,55,2.326292894903555,54,37.932
124,56,2.3642251300938684,55,37.932
124,57,2.402157365284182,56,37.932
124,58,2.4400896004744954,57,37.932
124,59,2.478021835664809,58,37.932
124,60,2.5159540708551225,59,37.932
124,61,2.553886306045436,60,37.932
124,62,2.5918185412357495,61,37.932
124,63,2.629750776426063,62,37.932
124,64,2.6676830116163766,63,37.932
124,65,2.70561524680669,64,37.932
124,66,2.7435474819970036,65,37.932
124,67,2.781479717187317,66,37.932
124,68,2.8194119523776306,67,37.932
124,69,2.857344187567944,68,37.932
124,70,2.8952764227582577,69,37.932
124,71,2.933208657948571,70,37.932
124,72,2.9711408931388847,71,37.932
124,73,3.0090731283291983,72,37.932
124,74,3.047005363519512,73,37.932
124,75,3.0849375987098253,74,37.932
124,76,3.122869833900139,75,37.932
124,77,3.1608020690904524,76,37.932
124,78,3.198734304280766,77,37.932
124,79,3.2366665394710794,78,37.932
124,80,3.274598774661393,79,37.932
124,81,3.3125310098517065,80,37.932
124,82,3.35046324504202,81,37.932
124,83,3.3883954802323335,82,37.932
124,84,3.426327715422647,83,37.932
124,85,3.4642599506129605,84,37.932
124,86,3.502192185803274,85,37.932
124,87,3.5401244209935876,86,37.932
124,88,3.578056656183901,87,37.932
124,89,3.6159888913742146,88,37.932
124,90,3.653921126564528,89,37.932
124,91,3.6918533617548417,90,37.932
124,92,3.729785596945155,91,37.932
124,93,3.7677178321354687,92,37.932
124,94,3.8056500673257823,93,37.932
124,95,3.843582302516096,94,37.932
124,96,3.8815145377064093,95,37.932
124,97,3.919446772896723,96,37.932
124,98,3.9573790080870364,97,37.932
124,99,3.99531124327735,98,37.932
124,100,4.033243478467663,99,37.932
124,101,4.071175713657977,100,37.932
124,102,4.109107948848291,101,37.932
124,103,4.147040184038605,102,37.932
124,104,4.184972419228919,103,37.932
124,105,4.222904654419233,104,37.932
124,106,4.260836889609547,105,37.932
124,107,4.298769124799861,106,37.932
124,108,4.336701359990175,107,37.932
124,109,4.374633595180489,108,37.932
124,110,4.412565830370803,109,37.932
124,111,4.450498065561117,110,37.932
124,112,4.488430300751431,111,37.932
124,113,4.526362535941745,112,37.932
124,114,4.5643505204403265,113,37.988
124,115,4.602338504938908,114,37.988
124,116,4.64032648943749,115,37.988
124,117,4.678314473936071,116,37.988
124,118,4.716302458434653,117,37.988
124,119,4.754290442933234,118,37.988
124,120,4.792278427431816,119,37.988
124,121,4.830266411930397,120,37.988
124,122,4.868254396428979,121,37.988
124,123,4.90624238092756,122,37.988
124,124,4.944230365426142,123,37.988
124,125,4.9822183499247235,124,37.988
124,126,5.020206334423305,125,37.988
124,127,5.0581943189218865,126,37.988
124,128,5.096182303420468,127,37.988
125,1,0.2864330801704442,0,286.433
125,2,0.3241886302452615,1,37.756
125,3,0.3619441803200788,2,37.756
125,4,0.3996997303948961,3,37.756
125,5,0.4374552804697134,4,37.756
125,6,0.47521083054453067,5,37.756
125,7,0.512966380619348,6,37.756
125,8,0.5507219306941653,7,37.756
125,9,0.5884774807689827,8,37.756
125,10,0.6262330308438,9,37.756
125,11,0.6639885809186173,10,37.756
125,12,0.7017441309934347,11,37.756
125,13,0.739499681068252,12,37.756
125,14,0.7772552311430694,13,37.756
125,15,0.8150107812178867,14,37.756
125,16,0.8527663312927041,15,37.756
125,17,0.8905218813675214,16,37.756
125,18,0.9282774314423388,17,37.756
125,19,0.9660329815171561,18,37.756
125,20,1.0037885315919735,19,37.756
125,21,1.0415440816667907,20,37.756
125,22,1.079299631741608,21,37.756
125,23,1.1170551818164252,22,37.756
125,24,1.1548107318912424,23,37.756
125,25,1.1925662819660596,24,37.756
125,26,1.2303218320408769,25,37.756
125,27,1.268077382115694,26,37.756
125,28,1.3058329321905113,27,37.756
125,29,1.3435884822653286,28,37.756
125,30,1.3813440323401458,29,37.756
125,31,1.419099582414963,30,37.756
125,32,1.4568551324897803,31,37.756
125,33,1.4946106825645975,32,37.756
125,34,1.5323662326394147,33,37.756
125,35,1.570121782714232,34,37.756
125,36,1.6078773327890492,35,37.756
125,37,1.6456328828638664,36,37.756
125,38,1.6833884329386837,37,37.756
125,39,1.721143983013501,38,37.756
125,40,1.7588995330883181,39,37.756
125,41,1.7966550831631354,40,37.756
125,42,1.8344106332379526,41,37.756
125,43,1.8721661833127698,42,37.756
125,44,1.909921733387587,43,37.756
125,45,1.9476772834624043,44,37.756
125,46,1.9854328335372216,45,37.756
125,47,2.023188383612039,46,37.756
125,48,2.0609439336868562,47,37.756
125,49,2.0986994837616737,48,37.756
125,50,2.1366317189519872,49,37.932
125,51,2.1745639541423007,50,37.932
125,52,2.2124961893326143,51,37.932
125,53,2.250428424522928,52,37.932
125,54,2.2883606597132413,53,37.932
125,55,2.326292894903555,54,37.932
125,56,2.3642251300938684,55,37.932
125,57,2.402157365284182,56,37.932
125,58,2.4400896004744954,57,37.932
125,59,2.478021835664809,58,37.932
125,60,2.5159540708551225,59,37.932
125,61,2.553886306045436,60,37.932
125,62,2.5918185412357495,61,37.932
125,63,2.629750776426063,62,37.932
125,64,2.6676830116163766,63,37.932
125,65,2.70561524680669,64,37.932
125,66,2.7435474819970036,65,37.932
125,67,2.781479717187317,66,37.932
125,68,2.8194119523776306,67,37.932
125,69,2.857344187567944,68,37.932
125,70,2.8952764227582577,69,37.932
125,71,2.933208657948571,70,37.932
125,72,2.9711408931388847,71,37.932
125,73,3.0090731283291983,72,37.932
125,74,3.047005363519512,73,37.932
125,75,3.0849375987098253,74,37.932
125,76,3.122869833900139,75,37.932
125,77,3.1608020690904524,76,37.932
125,78,3.198734304280766,77,37.932
125,79,3.2366665394710794,78,37.932
125,80,3.274598774661393,79,37.932
125,81,3.3125310098517065,80,37.932
125,82,3.35046324504202,81,37.932
125,83,3.3883954802323335,82,37.932
125,84,3.426327715422647,83,37.932
125,85,3.4642599506129605,84,37.932
125,86,3.502192185803274,85,37.932
125,87,3.5401244209935876,86,37.932
125,88,3.578056656183901,87,37.932
125,89,3.6159888913742146,88,37.932
125,90,3.653921126564528,89,37.932
125,91,3.6918533617548417,90,37.932
125,92,3.729785596945155,91,37.932
125,93,3.7677178321354687,92,37.932
125,94,3.8056500673257823,93,37.932
125,95,3.843582302516096,94,37.932
125,96,3.8815145377064093,95,37.932
125,97,3.919446772896723,96,37.932
125,98,3.9573790080870364,97,37.932
125,99,3.99531124327735,98,37.932
125,100,4.033243478467663,99,37.932
125,101,4.071175713657977,100,37.932
125,102,4.109107948848291,101,37.932
125,103,4.147040184038605,102,37.932
125,104,4.184972419228919,103,37.932
125,105,4.222904654419233,104,37.932
125,106,4.260836889609547,105,37.932
125,107,4.298769124799861,106,37.932
125,108,4.336701359990175,107,37.932
125,109,4.374633595180489,108,37.932
125,110,4.412565830370803,109,37.932
125,111,4.450498065561117,110,37.932
125,112,4.488430300751431,111,37.932
125,113,4.526362535941745,112,37.932
125,114,4.5643505204403265,113,37.988
125,115,4.602338504938908,114,37.988
125,116,4.64032648943749,115,37.988
125,117,4.678314473936071,116,37.988
125,118,4.716302458434653,117,37.988
125,119,4.754290442933234,118,37.988
125,120,4.792278427431816,119,37.988
125,121,4.830266411930397,120,37.988
125,122,4.868254396428979,121,37.988
125,123,4.90624238092756,122,37.988
125,124,4.944230365426142,123,37.988
125,125,4.9822183499247235,124,37.988
125,126,5.020206334423305,125,37.988
125,127,5.0581943189218865,126,37.988
125,128,5.096182303420468,127,37.988
126,1,0.2864330801704442,0,286.433
126,2,0.3241886302452615,1,37.756
126,3,0.3619441803200788,2,37.756
126,4,0.3996997303948961,3,37.756
126,5,0.4374552804697134,4,37.756
126,6,0.47521083054453067,5,37.756
126,7,0.512966380619348,6,37.756
126,8,0.5507219306941653,7,37.756
126,9,0.5884774807689827,8,37.756
126,10,0.6262330308438,9,37.756
126,11,0.6639885809186173,10,37.756
126,12,0.7017441309934347,11,37.756
126,13,0.739499681068252,12,37.756
126,14,0.7772552311430694,13,37.756
126,15,0.8150107812178867,14,37.756
126,16,0.8527663312927041,15,37.756
126,17,0.8905218813675214,16,37.756
126,18,0.9282774314423388,17,37.756
126,19,0.9660329815171561,18,37.756
126,20,1.0037885315919735,19,37.756
126,21,1.0415440816667907,20,37.756
126,22,1.079299631741608,21,37.756
126,23,1.1170551818164252,22,37.756
126,24,1.1548107318912424,23,37.756
126,25,1.1925662819660596,24,37.756
126,26,1.2303218320408769,25,37.756
126,27,1.268077382115694,26,37.756
126,28,1.3058329321905113,27,37.756
126,29,1.3435884822653286,28,37.756
126,30,1.3813440323401458,29,37.756
126,31,1.419099582414963,30,37.756
126,32,1.4568551324897803,31,37.756
126,33,1.4946106825645975,32,37.756
126,34,1.5323662326394147,33,37.756
126,35,1.570121782714232,34,37.756
126,36,1.6078773327890492,35,37.756
126,37,1.6456328828638664,36,37.756
126,38,1.6833884329386837,37,37.756
126,39,1.721143983013501,38,37.756
126,40,1.7588995330883181,39,37.756
126,41,1.7966550831631354,40,37.756
126,42,1.8344106332379526,41,37.756
126,43,1.8721661833127698,42,37.756
126,44,1.909921733387587,43,37.756
126,45,1.9476772834624043,44,37.756
126,46,1.9854328335372216,45,37.756
126,47,2.023188383612039,46,37.756
126,48,2.0609439336868562,47,37.756
126,49,2.0986994837616737,48,37.756
126,50,2.1366317189519872,49,37.932
126,51,2.1745639541423007,50,37.932
126,52,2.2124961893326143,51,37.932
126,53,2.250428424522928,52,37.932
126,54,2.2883606597132413,53,37.932
126,55,2.326292894903555,54,37.932
126,56,2.3642251300938684,55,37.932
126,57,2.402157365284182,56,37.932
126,58,2.4400896004744954,57,37.932
126,59,2.478021835664809,58,37.932
126,60,2.5159540708551225,59,37.932
126,61,2.553886306045436,60,37.932
126,62,2.5918185412357495,61,37.932
126,63,2.629750776426063,62,37.932
126,64,2.6676830116163766,63,37.932
126,65,2.70561524680669,64,37.932
126,66,2.7435474819970036,65,37.932
126,67,2.781479717187317,66,37.932
126,68,2.8194119523776306,67,37.932
126,69,2.857344187567944,68,37.932
126,70,2.8952764227582577,69,37.932
126,71,2.933208657948571,70,37.932
126,72,2.9711408931388847,71,37.932
126,73,3.0090731283291983,72,37.932
126,74,3.047005363519512,73,37.932
126,75,3.0849375987098253,74,37.932
126,76,3.122869833900139,75,37.932
126,77,3.1608020690904524,76,37.932
126,78,3.198734304280766,77,37.932
126,79,3.2366665394710794,78,37.932
126,80,3.274598774661393,79,37.932
126,81,3.3125310098517065,80,37.932
126,82,3.35046324504202,81,37.932
126,83,3.3883954802323335,82,37.932
126,84,3.426327715422647,83,37.932
126,85,3.4642599506129605,84,37.932
126,86,3.502192185803274,85,37.932
126,87,3.5401244209935876,86,37.932
126,88,3.578056656183901,87,37.932
126,89,3.6159888913742146,88,37.932
126,90,3.653921126564528,89,37.932
126,91,3.6918533617548417,90,37.932
126,92,3.729785596945155,91,37.932
126,93,3.7677178321354687,92,37.932
126,94,3.8056500673257823,93,37.932
126,95,3.843582302516096,94,37.932
126,96,3.8815145377064093,95,37.932
126,97,3.919446772896723,96,37.932
126,98,3.9573790080870364,97,37.932
126,99,3.99531124327735,98,37.932
126,100,4.033243478467663,99,37.932
126,101,4.071175713657977,100,37.932
126,102,4.109107948848291,101,37.932
126,103,4.147040184038605,102,37.932
126,104,4.184972419228919,103,37.932
126,105,4.222904654419233,104,37.932
126,106,4.260836889609547,105,37.932
126,107,4.298769124799861,106,37.932
126,108,4.336701359990175,107,37.932
126,109,4.374633595180489,108,37.932
126,110,4.412565830370803,109,37.932
126,111,4.450498065561117,110,37.932
126,112,4.488430300751431,111,37.932
126,113,4.526362535941745,112,37.932
126,114,4.5643505204403265,113,37.988
126,115,4.602338504938908,114,37.988
126,116,4.64032648943749,115,37.988
126,117,4.678314473936071,116,37.988
126,118,4.716302458434653,117,37.988
126,119,4.754290442933234,118,37.988
126,120,4.792278427431816,119,37.988
126,121,4.830266411930397,120,37.988
126,122,4.868254396428979,121,37.988
126,123,4.90624238092756,122,37.988
126,124,4.944230365426142,123,37.988
126,125,4.9822183499247235,124,37.988
126,126,5.020206334423305,125,37.988
126,127,5.0581943189218865,126,37.988
126,128,5.096182303420468,127,37.988
127,1,0.2864330801704442,0,286.433
127,2,0.3241886302452615,1,37.756
127,3,0.3619441803200788,2,37.756
127,4,0.3996997303948961,3,37.756
127,5,0.4374552804697134,4,37.756
127,6,0.47521083054453067,5,37.756
127,7,0.512966380619348,6,37.756
127,8,0.5507219306941653,7,37.756
127,9,0.5884774807689827,8,37.756
127,10,0.6262330308438,9,37.756
127,11,0.6639885809186173,10,37.756
127,12,0.7017441309934347,11,37.756
127,13,0.739499681068252,12,37.756
127,14,0.7772552311430694,13,37.756
127,15,0.8150107812178867,14,37.756
127,16,0.8527663312927041,15,37.756
127,17,0.8905218813675214,16,37.756
127,18,0.9282774314423388,17,37.756
127,19,0.9660329815171561,18,37.756
127,20,1.0037885315919735,19,37.756
127,21,1.0415440816667907,20,37.756
127,22,1.079299631741608,21,37.756
127,23,1.1170551818164252,22,37.756
127,24,1.1548107318912424,23,37.756
127,25,1.1925662819660596,24,37.756
127,26,1.2303218320408769,25,37.756
127,27,1.268077382115694,26,37.756
127,28,1.3058329321905113,27,37.756
127,29,1.3435884822653286,28,37.756
127,30,1.3813440323401458,29,37.756
127,31,1.419099582414963,30,37.756
127,32,1.4568551324897803,31,37.756
127,33,1.4946106825645975,32,37.756
127,34,1.5323662326394147,33,37.756
127,35,1.570121782714232,34,37.756
127,36,1.6078773327890492,35,37.756
127,37,1.6456328828638664,36,37.756
127,38,1.6833884329386837,37,37.756
127,39,1.721143983013501,38,37.756
127,40,1.7588995330883181,39,37.756
127,41,1.7966550831631354,40,37.756
127,42,1.8344106332379526,41,37.756
127,43,1.8721661833127698,42,37.756
127,44,1.909921733387587,43,37.756
127,45,1.9476772834624043,44,37.756
127,46,1.9854328335372216,45,37.756
127,47,2.023188383612039,46,37.756
127,48,2.0609439336868562,47,37.756
127,49,2.0986994837616737,48,37.756
127,50,2.1366317189519872,49,37.932
127,51,2.1745639541423007,50,37.932
127,52,2.2124961893326143,51,37.932
127,53,2.250428424522928,52,37.932
127,54,2.2883606597132413,53,37.932
127,55,2.326292894903555,54,37.932
127,56,2.3642251300938684,55,37.932
127,57,2.402157365284182,56,37.932
127,58,2.4400896004744954,57,37.932
127,59,2.478021835664809,58,37.932
127,60,2.5159540708551225,59,37.932
127,61,2.553886306045436,60,37.932
127,62,2.5918185412357495,61,37.932
127,63,2.629750776426063,62,37.932
127,64,2.6676830116163766,63,37.932
127,65,2.70561524680669,64,37.932
127,66,2.7435474819970036,65,37.932
127,67,2.781479717187317,66,37.932
127,68,2.8194119523776306,67,37.932
127,69,2.857344187567944,68,37.932
127,70,2.8952764227582577,69,37.932
127,71,2.933208657948571,70,37.932
127,72,2.9711408931388847,71,37.932
127,73,3.0090731283291983,72,37.932
127,74,3.047005363519512,73,37.932
127,75,3.0849375987098253,74,37.932
127,76,3.122869833900139,75,37.932
127,77,3.1608020690904524,76,37.932
127,78,3.198734304280766,77,37.932
127,79,3.2366665394710794,78,37.932
127,80,3.274598774661393,79,37.932
127,81,3.3125310098517065,80,37.932
127,82,3.35046324504202,81,37.932
127,83,3.3883954802323335,82,37.932
127,84,3.426327715422647,83,37.932
127,85,3.4642599506129605,84,37.932
127,86,3.502192185803274,85,37.932
127,87,3.5401244209935876,86,37.932
127,88,3.578056656183901,87,37.932
127,89,3.6159888913742146,88,37.932
127,90,3.653921126564528,89,37.932
127,91,3.6918533617548417,90,37.932
127,92,3.729785596945155,91,37.932
127,93,3.7677178321354687,92,37.932
127,94,3.8056500673257823,93,37.932
127,95,3.843582302516096,94,37.932
127,96,3.8815145377064093,95,37.932
127,97,3.919446772896723,96,37.932
127,98,3.9573790080870364,97,37.932
127,99,3.99531124327735,98,37.932
127,100,4.033243478467663,99,37.932
127,101,4.071175713657977,100,37.932
127,102,4.109107948848291,101,37.932
127,103,4.147040184038605,102,37.932
127,104,4.184972419228919,103,37.932
127,105,4.222904654419233,104,37.932
127,106,4.260836889609547,105,37.932
127,107,4.298769124799861,106,37.932
127,108,4.336701359990175,107,37.932
127,109,4.374633595180489,108,37.932
127,110,4.412565830370803,109,37.932
127,111,4.450498065561117,110,37.932
127,112,4.488430300751431,111,37.932
127,113,4.526362535941745,112,37.932
127,114,4.5643505204403265,113,37.988
127,115,4.602338504938908,114,37.988
127,116,4.64032648943749,115,37.988
127,117,4.678314473936071,116,37.988
127,118,4.716302458434653,117,37.988
127,119,4.754290442933234,118,37.988
127,120,4.792278427431816,119,37.988
127,121,4.830266411930397,120,37.988
127,122,4.868254396428979,121,37.988
127,123,4.90624238092756,122,37.988
127,124,4.944230365426142,123,37.988
127,125,4.9822183499247235,124,37.988
127,126,5.020206334423305,125,37.988
127,127,5.0581943189218865,126,37.988
127,128,5.096182303420468,127,37.988
128,1,0.2864330801704442,0,286.433
128,2,0.3241886302452615,1,37.756
128,3,0.3619441803200788,2,37.756
128,4,0.3996997303948961,3,37.756
128,5,0.4374552804697134,4,37.756
128,6,0.47521083054453067,5,37.756
128,7,0.512966380619348,6,37.756
128,8,0.5507219306941653,7,37.756
128,9,0.5884774807689827,8,37.756
128,10,0.6262330308438,9,37.756
128,11,0.6639885809186173,10,37.756
128,12,0.7017441309934347,11,37.756
128,13,0.739499681068252,12,37.756
128,14,0.7772552311430694,13,37.756
128,15,0.8150107812178867,14,37.756
128,16,0.8527663312927041,15,37.756
128,17,0.8905218813675214,16,37.756
128,18,0.9282774314423388,17,37.756
128,19,0.9660329815171561,18,37.756
128,20,1.0037885315919735,19,37.756
128,21,1.0415440816667907,20,37.756
128,22,1.079299631741608,21,37.756
128,23,1.1170551818164252,22,37.756
128,24,1.1548107318912424,23,37.756
128,25,1.1925662819660596,24,37.756
128,26,1.2303218320408769,25,37.756
128,27,1.268077382115694,26,37.756
128,28,1.3058329321905113,27,37.756
128,29,1.3435884822653286,28,37.756
128,30,1.3813440323401458,29,37.756
128,31,1.419099582414963,30,37.756
128,32,1.4568551324897803,31,37.756
128,33,1.4946106825645975,32,37.756
128,34,1.5323662326394147,33,37.756
128,35,1.570121782714232,34,37.756
128,36,1.6078773327890492,35,37.756
128,37,1.6456328828638664,36,37.756
128,38,1.6833884329386837,37,37.756
128,39,1.721143983013501,38,37.756
128,40,1.7588995330883181,39,37.756
128,41,1.7966550831631354,40,37.756
128,42,1.8344106332379526,41,37.756
128,43,1.8721661833127698,42,37.756
128,44,1.909921733387587,43,37.756
128,45,1.9476772834624043,44,37.756
128,46,1.9854328335372216,45,37.756
128,47,2.023188383612039,46,37.756
128,48,2.0609439336868562,47,37.756
128,49,2.0986994837616737,48,37.756
128,50,2.1366317189519872,49,37.932
128,51,2.1745639541423007,50,37.932
128,52,2.2124961893326143,51,37.932
128,53,2.250428424522928,52,37.932
128,54,2.2883606597132413,53,37.932
128,55,2.326292894903555,54,37.932
128,56,2.3642251300938684,55,37.932
128,57,2.402157365284182,56,37.932
128,58,2.4400896004744954,57,37.932
128,59,2.478021835664809,58,37.932
128,60,2.5159540708551225,59,37.932
128,61,2.553886306045436,60,37.932
128,62,2.5918185412357495,61,37.932
128,63,2.629750776426063,62,37.932
128,64,2.6676830116163766,63,37.932
128,65,2.70561524680669,64,37.932
128,66,2.7435474819970036,65,37.932
128,67,2.781479717187317,66,37.932
128,68,2.8194119523776306,67,37.932
128,69,2.857344187567944,68,37.932
128,70,2.8952764227582577,69,37.932
128,71,2.933208657948571,70,37.932
128,72,2.9711408931388847,71,37.932
128,73,3.0090731283291983,72,37.932
128,74,3.047005363519512,73,37.932
128,75,3.0849375987098253,74,37.932
128,76,3.122869833900139,75,37.932
128,77,3.1608020690904524,76,37.932
128,78,3.198734304280766,77,37.932
128,79,3.2366665394710794,78,37.932
128,80,3.274598774661393,79,37.932
128,81,3.3125310098517065,80,37.932
128,82,3.35046324504202,81,37.932
128,83,3.3883954802323335,82,37.932
128,84,3.426327715422647,83,37.932
128,85,3.4642599506129605,84,37.932
128,86,3.502192185803274,85,37.932
128,87,3.5401244209935876,86,37.932
128,88,3.578056656183901,87,37.932
128,89,3.6159888913742146,88,37.932
128,90,3.653921126564528,89,37.932
128,91,3.6918533617548417,90,37.932
128,92,3.729785596945155,91,37.932
128,93,3.7677178321354687,92,37.932
128,94,3.8056500673257823,93,37.932
128,95,3.843582302516096,94,37.932
128,96,3.8815145377064093,95,37.932
128,97,3.919446772896723,96,37.932
128,98,3.9573790080870364,97,37.932
128,99,3.99531124327735,98,37.932
128,100,4.033243478467663,99,37.932
128,101,4.071175713657977,100,37.932
128,102,4.109107948848291,101,37.932
128,103,4.147040184038605,102,37.932
128,104,4.184972419228919,103,37.932
128,105,4.222904654419233,104,37.932
128,106,4.260836889609547,105,37.932
128,107,4.298769124799861,106,37.932
128,108,4.336701359990175,107,37.932
128,109,4.374633595180489,108,37.932
128,110,4.412565830370803,109,37.932
128,111,4.450498065561117,110,37.932
128,112,4.488430300751431,111,37.932
128,113,4.526362535941745,112,37.932
128,114,4.5643505204403265,113,37.988
128,115,4.602338504938908,114,37.988
128,116,4.64032648943749,115,37.988
128,117,4.678314473936071,116,37.988
128,118,4.716302458434653,117,37.988
128,119,4.754290442933234,118,37.988
128,120,4.792278427431816,119,37.988
128,121,4.830266411930397,120,37.988
128,122,4.868254396428979,121,37.988
128,123,4.90624238092756,122,37.988
128,124,4.944230365426142,123,37.988
128,125,4.9822183499247235,124,37.988
128,126,5.020206334423305,125,37.988
128,127,5.0581943189218865,126,37.988
128,128,5.096182303420468,127,37.988
129,1,0.2864330801704442,0,286.433
129,2,0.3241886302452615,1,37.756
129,3,0.3619441803200788,2,37.756
129,4,0.3996997303948961,3,37.756
129,5,0.4374552804697134,4,37.756
129,6,0.47521083054453067,5,37.756
129,7,0.512966380619348,6,37.756
129,8,0.5507219306941653,7,37.756
129,9,0.5884774807689827,8,37.756
129,10,0.6262330308438,9,37.756
129,11,0.6639885809186173,10,37.756
129,12,0.7017441309934347,11,37.756
129,13,0.739499681068252,12,37.756
129,14,0.7772552311430694,13,37.756
129,15,0.8150107812178867,14,37.756
129,16,0.8527663312927041,15,37.756
129,17,0.8905218813675214,16,37.756
129,18,0.9282774314423388,17,37.756
129,19,0.9660329815171561,18,37.756
129,20,1.0037885315919735,19,37.756
129,21,1.0415440816667907,20,37.756
129,22,1.079299631741608,21,37.756
129,23,1.1170551818164252,22,37.756
129,24,1.1548107318912424,23,37.756
129,25,1.1925662819660596,24,37.756
129,26,1.2303218320408769,25,37.756
129,27,1.268077382115694,26,37.756
129,28,1.3058329321905113,27,37.756
129,29,1.3435884822653286,28,37.756
129,30,1.3813440323401458,29,37.756
129,31,1.419099582414963,30,37.756
129,32,1.4568551324897803,31,37.756
129,33,1.4946106825645975,32,37.756
129,34,1.5323662326394147,33,37.756
129,35,1.570121782714232,34,37.756
129,36,1.6078773327890492,35,37.756
129,37,1.6456328828638664,36,37.756
129,38,1.6833884329386837,37,37.756
129,39,1.721143983013501,38,37.756
129,40,1.7588995330883181,39,37.756
129,41,1.7966550831631354,40,37.756
129,42,1.8344106332379526,41,37.756
129,43,1.8721661833127698,42,37.756
129,44,1.909921733387587,43,37.756
129,45,1.9476772834624043,44,37.756
129,46,1.9854328335372216,45,37.756
129,47,2.023188383612039,46,37.756
129,48,2.0609439336868562,47,37.756
129,49,2.0986994837616737,48,37.756
129,50,2.1366317189519872,49,37.932
129,51,2.1745639541423007,50,37.932
129,52,2.2124961893326143,51,37.932
129,53,2.250428424522928,52,37.932
129,54,2.2883606597132413,53,37.932
129,55,2.326292894903555,54,37.932
129,56,2.3642251300938684,55,37.932
129,57,2.402157365284182,56,37.932
129,58,2.4400896004744954,57,37.932
129,59,2.478021835664809,58,37.932
129,60,2.5159540708551225,59,37.932
129,61,2.553886306045436,60,37.932
129,62,2.5918185412357495,61,37.932
129,63,2.629750776426063,62,37.932
129,64,2.6676830116163766,63,37.932
129,65,2.70561524680669,64,37.932
129,66,2.7435474819970036,65,37.932
129,67,2.781479717187317,66,37.932
129,68,2.8194119523776306,67,37.932
129,69,2.857344187567944,68,37.932
129,70,2.8952764227582577,69,37.932
129,71,2.933208657948571,70,37.932
129,72,2.9711408931388847,71,37.932
129,73,3.0090731283291983,72,37.932
129,74,3.047005363519512,73,37.932
129,75,3.0849375987098253,74,37.932
129,76,3.122869833900139,75,37.932
129,77,3.1608020690904524,76,37.932
129,78,3.198734304280766,77,37.932
129,79,3.2366665394710794,78,37.932
129,80,3.274598774661393,79,37.932
129,81,3.3125310098517065,80,37.932
129,82,3.35046324504202,81,37.932
129,83,3.3883954802323335,82,37.932
129,84,3.426327715422647,83,37.932
129,85,3.4642599506129605,84,37.932
129,86,3.502192185803274,85,37.932
129,87,3.5401244209935876,86,37.932
129,88,3.578056656183901,87,37.932
129,89,3.6159888913742146,88,37.932
129,90,3.653921126564528,89,37.932
129,91,3.6918533617548417,90,37.932
129,92,3.729785596945155,91,37.932
129,93,3.7677178321354687,92,37.932
129,94,3.8056500673257823,93,37.932
129,95,3.843582302516096,94,37.932
129,96,3.8815145377064093,95,37.932
129,97,3.919446772896723,96,37.932
129,98,3.9573790080870364,97,37.932
129,99,3.99531124327735,98,37.932
129,100,4.033243478467663,99,37.932
129,101,4.071175713657977,100,37.932
129,102,4.109107948848291,101,37.932
129,103,4.147040184038605,102,37.932
129,104,4.184972419228919,103,37.932
129,105,4.222904654419233,104,37.932
129,106,4.260836889609547,105,37.932
129,107,4.298769124799861,106,37.932
129,108,4.336701359990175,107,37.932
129,109,4.374633595180489,108,37.932
129,110,4.412565830370803,109,37.932
129,111,4.450498065561117,110,37.932
129,112,4.488430300751431,111,37.932
129,113,4.526362535941745,112,37.932
129,114,4.5643505204403265,113,37.988
129,115,4.602338504938908,114,37.988
129,116,4.64032648943749,115,37.988
129,117,4.678314473936071,116,37.988
129,118,4.716302458434653,117,37.988
129,119,4.754290442933234,118,37.988
129,120,4.792278427431816,119,37.988
129,121,4.830266411930397,120,37.988
129,122,4.868254396428979,121,37.988
129,123,4.90624238092756,122,37.988
129,124,4.944230365426142,123,37.988
129,125,4.9822183499247235,124,37.988
129,126,5.020206334423305,125,37.988
129,127,5.0581943189218865,126,37.988
129,128,5.096182303420468,127,37.988
130,1,0.2864330801704442,0,286.433
130,2,0.3241886302452615,1,37.756
130,3,0.3619441803200788,2,37.756
130,4,0.3996997303948961,3,37.756
130,5,0.4374552804697134,4,37.756
130,6,0.47521083054453067,5,37.756
130,7,0.512966380619348,6,37.756
130,8,0.5507219306941653,7,37.756
130,9,0.5884774807689827,8,37.756
130,10,0.6262330308438,9,37.756
130,11,0.6639885809186173,10,37.756
130,12,0.7017441309934347,11,37.756
130,13,0.739499681068252,12,37.756
130,14,0.7772552311430694,13,37.756
130,15,0.8150107812178867,14,37.756
130,16,0.8527663312927041,15,37.756
130,17,0.8905218813675214,16,37.756
130,18,0.9282774314423388,17,37.756
130,19,0.9660329815171561,18,37.756
130,20,1.0037885315919735,19,37.756
130,21,1.0415440816667907,20,37.756
130,22,1.079299631741608,21,37.756
130,23,1.1170551818164252,22,37.756
130,24,1.1548107318912424,23,37.756
130,25,1.1925662819660596,24,37.756
130,26,1.2303218320408769,25,37.756
130,27,1.268077382115694,26,37.756
130,28,1.3058329321905113,27,37.756
130,29,1.3435884822653286,28,37.756
130,30,1.3813440323401458,29,37.756
130,31,1.419099582414963,30,37.756
130,32,1.4568551324897803,31,37.756
130,33,1.4946106825645975,32,37.756
130,34,1.5323662326394147,33,37.756
130,35,1.570121782714232,34,37.756
130,36,1.6078773327890492,35,37.756
130,37,1.6456328828638664,36,37.756
130,38,1.6833884329386837,37,37.756
130,39,1.721143983013501,38,37.756
130,40,1.7588995330883181,39,37.756
130,41,1.7966550831631354,40,37.756
130,42,1.8344106332379526,41,37.756
130,43,1.8721661833127698,42,37.756
130,44,1.909921733387587,43,37.756
130,45,1.9476772834624043,44,37.756
130,46,1.9854328335372216,45,37.756
130,47,2.023188383612039,46,37.756
130,48,2.0609439336868562,47,37.756
130,49,2.0986994837616737,48,37.756
130,50,2.1366317189519872,49,37.932
130,51,2.1745639541423007,50,37.932
130,52,2.2124961893326143,51,37.932
130,53,2.250428424522928,52,37.932
130,54,2.2883606597132413,53,37.932
130,55,2.326292894903555,54,37.932
130,56,2.3642251300938684,55,37.932
130,57,2.402157365284182,56,37.932
130,58,2.4400896004744954,57,37.932
130,59,2.478021835664809,58,37.932
130,60,2.5159540708551225,59,37.932
130,61,2.553886306045436,60,37.932
130,62,2.5918185412357495,61,37.932
130,63,2.629750776426063,62,37.932
130,64,2.6676830116163766,63,37.932
130,65,2.70561524680669,64,37.932
130,66,2.7435474819970036,65,37.932
130,67,2.781479717187317,66,37.932
130,68,2.8194119523776306,67,37.932
130,69,2.857344187567944,68,37.932
130,70,2.8952764227582577,69,37.932
130,71,2.933208657948571,70,37.932
130,72,2.9711408931388847,71,37.932
130,73,3.0090731283291983,72,37.932
130,74,3.047005363519512,73,37.932
130,75,3.0849375987098253,74,37.932
130,76,3.122869833900139,75,37.932
130,77,3.1608020690904524,76,37.932
130,78,3.198734304280766,77,37.932
130,79,3.2366665394710794,78,37.932
130,80,3.274598774661393,79,37.932
130,81,3.3125310098517065,80,37.932
130,82,3.35046324504202,81,37.932
130,83,3.3883954802323335,82,37.932
130,84,3.426327715422647,83,37.932
130,85,3.4642599506129605,84,37.932
130,86,3.502192185803274,85,37.932
130,87,3.5401244209935876,86,37.932
130,88,3.578056656183901,87,37.932
130,89,3.6159888913742146,88,37.932
130,90,3.653921126564528,89,37.932
130,91,3.6918533617548417,90,37.932
130,92,3.729785596945155,91,37.932
130,93,3.7677178321354687,92,37.932
130,94,3.8056500673257823,93,37.932
130,95,3.843582302516096,94,37.932
130,96,3.8815145377064093,95,37.932
130,97,3.919446772896723,96,37.932
130,98,3.9573790080870364,97,37.932
130,99,3.99531124327735,98,37.932
130,100,4.033243478467663,99,37.932
130,101,4.071175713657977,100,37.932
130,102,4.109107948848291,101,37.932
130,103,4.147040184038605,102,37.932
130,104,4.184972419228919,103,37.932
130,105,4.222904654419233,104,37.932
130,106,4.260836889609547,105,37.932
130,107,4.298769124799861,106,37.932
130,108,4.336701359990175,107,37.932
130,109,4.374633595180489,108,37.932
130,110,4.412565830370803,109,37.932
130,111,4.450498065561117,110,37.932
130,112,4.488430300751431,111,37.932
130,113,4.526362535941745,112,37.932
130,114,4.5643505204403265,113,37.988
130,115,4.602338504938908,114,37.988
130,116,4.64032648943749,115,37.988
130,117,4.678314473936071,116,37.988
130,118,4.716302458434653,117,37.988
130,119,4.754290442933234,118,37.988
130,120,4.792278427431816,119,37.988
130,121,4.830266411930397,120,37.988
130,122,4.868254396428979,121,37.988
130,123,4.90624238092756,122,37.988
130,124,4.944230365426142,123,37.988
130,125,4.9822183499247235,124,37.988
130,126,5.020206334423305,125,37.988
130,127,5.0581943189218865,126,37.988
130,128,5.096182303420468,127,37.988
131,1,0.2864330801704442,0,286.433
131,2,0.3241886302452615,1,37.756
131,3,0.3619441803200788,2,37.756
131,4,0.3996997303948961,3,37.756
131,5,0.4374552804697134,4,37.756
131,6,0.47521083054453067,5,37.756
131,7,0.512966380619348,6,37.756
131,8,0.5507219306941653,7,37.756
131,9,0.5884774807689827,8,37.756
131,10,0.6262330308438,9,37.756
131,11,0.6639885809186173,10,37.756
131,12,0.7017441309934347,11,37.756
131,13,0.739499681068252,12,37.756
131,14,0.7772552311430694,13,37.756
131,15,0.8150107812178867,14,37.756
131,16,0.8527663312927041,15,37.756
131,17,0.8905218813675214,16,37.756
131,18,0.9282774314423388,17,37.756
131,19,0.9660329815171561,18,37.756
131,20,1.0037885315919735,19,37.756
131,21,1.0415440816667907,20,37.756
131,22,1.079299631741608,21,37.756
131,23,1.1170551818164252,22,37.756
131,24,1.1548107318912424,23,37.756
131,25,1.1925662819660596,24,37.756
131,26,1.2303218320408769,25,37.756
131,27,1.268077382115694,26,37.756
131,28,1.3058329321905113,27,37.756
131,29,1.3435884822653286,28,37.756
131,30,1.3813440323401458,29,37.756
131,31,1.419099582414963,30,37.756
131,32,1.4568551324897803,31,37.756
131,33,1.4946106825645975,32,37.756
131,34,1.5323662326394147,33,37.756
131,35,1.570121782714232,34,37.756
131,36,1.6078773327890492,35,37.756
131,37,1.6456328828638664,36,37.756
131,38,1.6833884329386837,37,37.756
131,39,1.721143983013501,38,37.756
131,40,1.7588995330883181,39,37.756
131,41,1.7966550831631354,40,37.756
131,42,1.8344106332379526,41,37.756
131,43,1.8721661833127698,42,37.756
131,44,1.909921733387587,43,37.756
131,45,1.9476772834624043,44,37.756
131,46,1.9854328335372216,45,37.756
131,47,2.023188383612039,46,37.756
131,48,2.0609439336868562,47,37.756
131,49,2.0986994837616737,48,37.756
131,50,2.1366317189519872,49,37.932
131,51,2.1745639541423007,50,37.932
131,52,2.2124961893326143,51,37.932
131,53,2.250428424522928,52,37.932
131,54,2.2883606597132413,53,37.932
131,55,2.326292894903555,54,37.932
131,56,2.3642251300938684,55,37.932
131,57,2.402157365284182,56,37.932
131,58,2.4400896004744954,57,37.932
131,59,2.478021835664809,58,37.932
131,60,2.5159540708551225,59,37.932
131,61,2.553886306045436,60,37.932
131,62,2.5918185412357495,61,37.932
131,63,2.629750776426063,62,37.932
131,64,2.6676830116163766,63,37.932
131,65,2.70561524680669,64,37.932
131,66,2.7435474819970036,65,37.932
131,67,2.781479717187317,66,37.932
131,68,2.8194119523776306,67,37.932
131,69,2.857344187567944,68,37.932
131,70,2.8952764227582577,69,37.932
131,71,2.933208657948571,70,37.932
131,72,2.9711408931388847,71,37.932
131,73,3.0090731283291983,72,37.932
131,74,3.047005363519512,73,37.932
131,75,3.0849375987098253,74,37.932
131,76,3.122869833900139,75,37.932
131,77,3.1608020690904524,76,37.932
131,78,3.198734304280766,77,37.932
131,79,3.2366665394710794,78,37.932
131,80,3.274598774661393,79,37.932
131,81,3.3125310098517065,80,37.932
131,82,3.35046324504202,81,37.932
131,83,3.3883954802323335,82,37.932
131,84,3.426327715422647,83,37.932
131,85,3.4642599506129605,84,37.932
131,86,3.502192185803274,85,37.932
131,87,3.5401244209935876,86,37.932
131,88,3.578056656183901,87,37.932
131,89,3.6159888913742146,88,37.932
131,90,3.653921126564528,89,37.932
131,91,3.6918533617548417,90,37.932
131,92,3.729785596945155,91,37.932
131,93,3.7677178321354687,92,37.932
131,94,3.8056500673257823,93,37.932
131,95,3.843582302516096,94,37.932
131,96,3.8815145377064093,95,37.932
131,97,3.919446772896723,96,37.932
131,98,3.9573790080870364,97,37.932
131,99,3.99531124327735,98,37.932
131,100,4.033243478467663,99,37.932
131,101,4.071175713657977,100,37.932
131,102,4.109107948848291,101,37.932
131,103,4.147040184038605,102,37.932
131,104,4.184972419228919,103,37.932
131,105,4.222904654419233,104,37.932
131,106,4.260836889609547,105,37.932
131,107,4.298769124799861,106,37.932
131,108,4.336701359990175,107,37.932
131,109,4.374633595180489,108,37.932
131,110,4.412565830370803,109,37.932
131,111,4.450498065561117,110,37.932
131,112,4.488430300751431,111,37.932
131,113,4.526362535941745,112,37.932
131,114,4.5643505204403265,113,37.988
131,115,4.602338504938908,114,37.988
131,116,4.64032648943749,115,37.988
131,117,4.678314473936071,116,37.988
131,118,4.716302458434653,117,37.988
131,119,4.754290442933234,118,37.988
131,120,4.792278427431816,119,37.988
131,121,4.830266411930397,120,37.988
131,122,4.868254396428979,121,37.988
131,123,4.90624238092756,122,37.988
131,124,4.944230365426142,123,37.988
131,125,4.9822183499247235,124,37.988
131,126,5.020206334423305,125,37.988
131,127,5.0581943189218865,126,37.988
131,128,5.096182303420468,127,37.988
132,1,0.2864330801704442,0,286.433
132,2,0.3241886302452615,1,37.756
132,3,0.3619441803200788,2,37.756
132,4,0.3996997303948961,3,37.756
132,5,0.4374552804697134,4,37.756
132,6,0.47521083054453067,5,37.756
132,7,0.512966380619348,6,37.756
132,8,0.5507219306941653,7,37.756
132,9,0.5884774807689827,8,37.756
132,10,0.6262330308438,9,37.756
132,11,0.6639885809186173,10,37.756
132,12,0.7017441309934347,11,37.756
132,13,0.739499681068252,12,37.756
132,14,0.7772552311430694,13,37.756
132,15,0.8150107812178867,14,37.756
132,16,0.8527663312927041,15,37.756
132,17,0.8905218813675214,16,37.756
132,18,0.9282774314423388,17,37.756
132,19,0.9660329815171561,18,37.756
132,20,1.0037885315919735,19,37.756
132,21,1.0415440816667907,20,37.756
132,22,1.079299631741608,21,37.756
132,23,1.1170551818164252,22,37.756
132,24,1.1548107318912424,23,37.756
132,25,1.1925662819660596,24,37.756
132,26,1.2303218320408769,25,37.756
132,27,1.268077382115694,26,37.756
132,28,1.3058329321905113,27,37.756
132,29,1.3435884822653286,28,37.756
132,30,1.3813440323401458,29,37.756
132,31,1.419099582414963,30,37.756
132,32,1.4568551324897803,31,37.756
132,33,1.4946106825645975,32,37.756
132,34,1.5323662326394147,33,37.756
132,35,1.570121782714232,34,37.756
132,36,1.6078773327890492,35,37.756
132,37,1.6456328828638664,36,37.756
132,38,1.6833884329386837,37,37.756
132,39,1.721143983013501,38,37.756
132,40,1.7588995330883181,39,37.756
132,41,1.7966550831631354,40,37.756
132,42,1.8344106332379526,41,37.756
132,43,1.8721661833127698,42,37.756
132,44,1.909921733387587,43,37.756
132,45,1.9476772834624043,44,37.756
132,46,1.9854328335372216,45,37.756
132,47,2.023188383612039,46,37.756
132,48,2.0609439336868562,47,37.756
132,49,2.0986994837616737,48,37.756
132,50,2.1366317189519872,49,37.932
132,51,2.1745639541423007,50,37.932
132,52,2.2124961893326143,51,37.932
132,53,2.250428424522928,52,37.932
132,54,2.2883606597132413,53,37.932
132,55,2.326292894903555,54,37.932
132,56,2.3642251300938684,55,37.932
132,57,2.402157365284182,56,37.932
132,58,2.4400896004744954,57,37.932
132,59,2.478021835664809,58,37.932
132,60,2.5159540708551225,59,37.932
132,61,2.553886306045436,60,37.932
132,62,2.5918185412357495,61,37.932
132,63,2.629750776426063,62,37.932
132,64,2.6676830116163766,63,37.932
132,65,2.70561524680669,64,37.932
132,66,2.7435474819970036,65,37.932
132,67,2.781479717187317,66,37.932
132,68,2.8194119523776306,67,37.932
132,69,2.857344187567944,68,37.932
132,70,2.8952764227582577,69,37.932
132,71,2.933208657948571,70,37.932
132,72,2.9711408931388847,71,37.932
132,73,3.0090731283291983,72,37.932
132,74,3.047005363519512,73,37.932
132,75,3.0849375987098253,74,37.932
132,76,3.122869833900139,75,37.932
132,77,3.1608020690904524,76,37.932
132,78,3.198734304280766,77,37.932
132,79,3.2366665394710794,78,37.932
132,80,3.274598774661393,79,37.932
132,81,3.3125310098517065,80,37.932
132,82,3.35046324504202,81,37.932
132,83,3.3883954802323335,82,37.932
132,84,3.426327715422647,83,37.932
132,85,3.4642599506129605,84,37.932
132,86,3.502192185803274,85,37.932
132,87,3.5401244209935876,86,37.932
132,88,3.578056656183901,87,37.932
132,89,3.6159888913742146,88,37.932
132,90,3.653921126564528,89,37.932
132,91,3.6918533617548417,90,37.932
132,92,3.729785596945155,91,37.932
132,93,3.7677178321354687,92,37.932
132,94,3.8056500673257823,93,37.932
132,95,3.843582302516096,94,37.932
132,96,3.8815145377064093,95,37.932
132,97,3.919446772896723,96,37.932
132,98,3.9573790080870364,97,37.932
132,99,3.99531124327735,98,37.932
132,100,4.033243478467663,99,37.932
132,101,4.071175713657977,100,37.932
132,102,4.109107948848291,101,37.932
132,103,4.147040184038605,102,37.932
132,104,4.184972419228919,103,37.932
132,105,4.222904654419233,104,37.932
132,106,4.260836889609547,105,37.932
132,107,4.298769124799861,106,37.932
132,108,4.336701359990175,107,37.932
132,109,4.374633595180489,108,37.932
132,110,4.412565830370803,109,37.932
132,111,4.450498065561117,110,37.932
132,112,4.488430300751431,111,37.932
132,113,4.526362535941745,112,37.932
132,114,4.5643505204403265,113,37.988
132,115,4.602338504938908,114,37.988
132,116,4.64032648943749,115,37.988
132,117,4.678314473936071,116,37.988
132,118,4.716302458434653,117,37.988
132,119,4.754290442933234,118,37.988
132,120,4.792278427431816,119,37.988
132,121,4.830266411930397,120,37.988
132,122,4.868254396428979,121,37.988
132,123,4.90624238092756,122,37.988
132,124,4.944230365426142,123,37.988
132,125,4.9822183499247235,124,37.988
132,126,5.020206334423305,125,37.988
132,127,5.0581943189218865,126,37.988
132,128,5.096182303420468,127,37.988
133,1,0.2864330801704442,0,286.433
133,2,0.3241886302452615,1,37.756
133,3,0.3619441803200788,2,37.756
133,4,0.3996997303948961,3,37.756
133,5,0.4374552804697134,4,37.756
133,6,0.47521083054453067,5,37.756
133,7,0.512966380619348,6,37.756
133,8,0.5507219306941653,7,37.756
133,9,0.5884774807689827,8,37.756
133,10,0.6262330308438,9,37.756
133,11,0.6639885809186173,10,37.756
133,12,0.7017441309934347,11,37.756
133,13,0.739499681068252,12,37.756
133,14,0.7772552311430694,13,37.756
133,15,0.8150107812178867,14,37.756
133,16,0.8527663312927041,15,37.756
133,17,0.8905218813675214,16,37.756
133,18,0.9282774314423388,17,37.756
133,19,0.9660329815171561,18,37.756
133,20,1.0037885315919735,19,37.756
133,21,1.0415440816667907,20,37.756
133,22,1.079299631741608,21,37.756
133,23,1.1170551818164252,22,37.756
133,24,1.1548107318912424,23,37.756
133,25,1.1925662819660596,24,37.756
133,26,1.2303218320408769,25,37.756
133,27,1.268077382115694,26,37.756
133,28,1.3058329321905113,27,37.756
133,29,1.3435884822653286,28,37.756
133,30,1.3813440323401458,29,37.756
133,31,1.419099582414963,30,37.756
133,32,1.4568551324897803,31,37.756
133,33,1.4946106825645975,32,37.756
133,34,1.5323662326394147,33,37.756
133,35,1.570121782714232,34,37.756
133,36,1.6078773327890492,35,37.756
133,37,1.6456328828638664,36,37.756
133,38,1.6833884329386837,37,37.756
133,39,1.721143983013501,38,37.756
133,40,1.7588995330883181,39,37.756
133,41,1.7966550831631354,40,37.756
133,42,1.8344106332379526,41,37.756
133,43,1.8721661833127698,42,37.756
133,44,1.909921733387587,43,37.756
133,45,1.9476772834624043,44,37.756
133,46,1.9854328335372216,45,37.756
133,47,2.023188383612039,46,37.756
133,48,2.0609439336868562,47,37.756
133,49,2.0986994837616737,48,37.756
133,50,2.1366317189519872,49,37.932
133,51,2.1745639541423007,50,37.932
133,52,2.2124961893326143,51,37.932
133,53,2.250428424522928,52,37.932
133,54,2.2883606597132413,53,37.932
133,55,2.326292894903555,54,37.932
133,56,2.3642251300938684,55,37.932
133,57,2.402157365284182,56,37.932
133,58,2.4400896004744954,57,37.932
133,59,2.478021835664809,58,37.932
133,60,2.5159540708551225,59,37.932
133,61,2.553886306045436,60,37.932
133,62,2.5918185412357495,61,37.932
133,63,2.629750776426063,62,37.932
133,64,2.6676830116163766,63,37.932
133,65,2.70561524680669,64,37.932
133,66,2.7435474819970036,65,37.932
133,67,2.781479717187317,66,37.932
133,68,2.8194119523776306,67,37.932
133,69,2.857344187567944,68,37.932
133,70,2.8952764227582577,69,37.932
133,71,2.933208657948571,70,37.932
133,72,2.9711408931388847,71,37.932
133,73,3.0090731283291983,72,37.932
133,74,3.047005363519512,73,37.932
133,75,3.0849375987098253,74,37.932
133,76,3.122869833900139,75,37.932
133,77,3.1608020690904524,76,37.932
133,78,3.198734304280766,77,37.932
133,79,3.2366665394710794,78,37.932
133,80,3.274598774661393,79,37.932
133,81,3.3125310098517065,80,37.932
133,82,3.35046324504202,81,37.932
133,83,3.3883954802323335,82,37.932
133,84,3.426327715422647,83,37.932
133,85,3.4642599506129605,84,37.932
133,86,3.502192185803274,85,37.932
133,87,3.5401244209935876,86,37.932
133,88,3.578056656183901,87,37.932
133,89,3.6159888913742146,88,37.932
133,90,3.653921126564528,89,37.932
133,91,3.6918533617548417,90,37.932
133,92,3.729785596945155,91,37.932
133,93,3.7677178321354687,92,37.932
133,94,3.8056500673257823,93,37.932
133,95,3.843582302516096,94,37.932
133,96,3.8815145377064093,95,37.932
133,97,3.919446772896723,96,37.932
133,98,3.9573790080870364,97,37.932
133,99,3.99531124327735,98,37.932
133,100,4.033243478467663,99,37.932
133,101,4.071175713657977,100,37.932
133,102,4.109107948848291,101,37.932
133,103,4.147040184038605,102,37.932
133,104,4.184972419228919,103,37.932
133,105,4.222904654419233,104,37.932
133,106,4.260836889609547,105,37.932
133,107,4.298769124799861,106,37.932
133,108,4.336701359990175,107,37.932
133,109,4.374633595180489,108,37.932
133,110,4.412565830370803,109,37.932
133,111,4.450498065561117,110,37.932
133,112,4.488430300751431,111,37.932
133,113,4.526362535941745,112,37.932
133,114,4.5643505204403265,113,37.988
133,115,4.602338504938908,114,37.988
133,116,4.64032648943749,115,37.988
133,117,4.678314473936071,116,37.988
133,118,4.716302458434653,117,37.988
133,119,4.754290442933234,118,37.988
133,120,4.792278427431816,119,37.988
133,121,4.830266411930397,120,37.988
133,122,4.868254396428979,121,37.988
133,123,4.90624238092756,122,37.988
133,124,4.944230365426142,123,37.988
133,125,4.9822183499247235,124,37.988
133,126,5.020206334423305,125,37.988
133,127,5.0581943189218865,126,37.988
133,128,5.096182303420468,127,37.988
134,1,0.2864330801704442,0,286.433
134,2,0.3241886302452615,1,37.756
134,3,0.3619441803200788,2,37.756
134,4,0.3996997303948961,3,37.756
134,5,0.4374552804697134,4,37.756
134,6,0.47521083054453067,5,37.756
134,7,0.512966380619348,6,37.756
134,8,0.5507219306941653,7,37.756
134,9,0.5884774807689827,8,37.756
134,10,0.6262330308438,9,37.756
134,11,0.6639885809186173,10,37.756
134,12,0.7017441309934347,11,37.756
134,13,0.739499681068252,12,37.756
134,14,0.7772552311430694,13,37.756
134,15,0.8150107812178867,14,37.756
134,16,0.8527663312927041,15,37.756
134,17,0.8905218813675214,16,37.756
134,18,0.9282774314423388,17,37.756
134,19,0.9660329815171561,18,37.756
134,20,1.0037885315919735,19,37.756
134,21,1.0415440816667907,20,37.756
134,22,1.079299631741608,21,37.756
134,23,1.1170551818164252,22,37.756
134,24,1.1548107318912424,23,37.756
134,25,1.1925662819660596,24,37.756
134,26,1.2303218320408769,25,37.756
134,27,1.268077382115694,26,37.756
134,28,1.3058329321905113,27,37.756
134,29,1.3435884822653286,28,37.756
134,30,1.3813440323401458,29,37.756
134,31,1.419099582414963,30,37.756
134,32,1.4568551324897803,31,37.756
134,33,1.4946106825645975,32,37.756
134,34,1.5323662326394147,33,37.756
134,35,1.570121782714232,34,37.756
134,36,1.6078773327890492,35,37.756
134,37,1.6456328828638664,36,37.756
134,38,1.6833884329386837,37,37.756
134,39,1.721143983013501,38,37.756
134,40,1.7588995330883181,39,37.756
134,41,1.7966550831631354,40,37.756
134,42,1.8344106332379526,41,37.756
134,43,1.8721661833127698,42,37.756
134,44,1.909921733387587,43,37.756
134,45,1.9476772834624043,44,37.756
134,46,1.9854328335372216,45,37.756
134,47,2.023188383612039,46,37.756
134,48,2.0609439336868562,47,37.756
134,49,2.0986994837616737,48,37.756
134,50,2.1366317189519872,49,37.932
134,51,2.1745639541423007,50,37.932
134,52,2.2124961893326143,51,37.932
134,53,2.250428424522928,52,37.932
134,54,2.2883606597132413,53,37.932
134,55,2.326292894903555,54,37.932
134,56,2.3642251300938684,55,37.932
134,57,2.402157365284182,56,37.932
134,58,2.4400896004744954,57,37.932
134,59,2.478021835664809,58,37.932
134,60,2.5159540708551225,59,37.932
134,61,2.553886306045436,60,37.932
134,62,2.5918185412357495,61,37.932
134,63,2.629750776426063,62,37.932
134,64,2.6676830116163766,63,37.932
134,65,2.70561524680669,64,37.932
134,66,2.7435474819970036,65,37.932
134,67,2.781479717187317,66,37.932
134,68,2.8194119523776306,67,37.932
134,69,2.857344187567944,68,37.932
134,70,2.8952764227582577,69,37.932
134,71,2.933208657948571,70,37.932
134,72,2.9711408931388847,71,37.932
134,73,3.0090731283291983,72,37.932
134,74,3.047005363519512,73,37.932
134,75,3.0849375987098253,74,37.932
134,76,3.122869833900139,75,37.932
134,77,3.1608020690904524,76,37.932
134,78,3.198734304280766,77,37.932
134,79,3.2366665394710794,78,37.932
134,80,3.274598774661393,79,37.932
134,81,3.3125310098517065,80,37.932
134,82,3.35046324504202,81,37.932
134,83,3.3883954802323335,82,37.932
134,84,3.426327715422647,83,37.932
134,85,3.4642599506129605,84,37.932
134,86,3.502192185803274,85,37.932
134,87,3.5401244209935876,86,37.932
134,88,3.578056656183901,87,37.932
134,89,3.6159888913742146,88,37.932
134,90,3.653921126564528,89,37.932
134,91,3.6918533617548417,90,37.932
134,92,3.729785596945155,91,37.932
134,93,3.7677178321354687,92,37.932
134,94,3.8056500673257823,93,37.932
134,95,3.843582302516096,94,37.932
134,96,3.8815145377064093,95,37.932
134,97,3.919446772896723,96,37.932
134,98,3.9573790080870364,97,37.932
134,99,3.99531124327735,98,37.932
134,100,4.033243478467663,99,37.932
134,101,4.071175713657977,100,37.932
134,102,4.109107948848291,101,37.932
134,103,4.147040184038605,102,37.932
134,104,4.184972419228919,103,37.932
134,105,4.222904654419233,104,37.932
134,106,4.260836889609547,105,37.932
134,107,4.298769124799861,106,37.932
134,108,4.336701359990175,107,37.932
134,109,4.374633595180489,108,37.932
134,110,4.412565830370803,109,37.932
134,111,4.450498065561117,110,37.932
134,112,4.488430300751431,111,37.932
134,113,4.526362535941745,112,37.932
134,114,4.5643505204403265,113,37.988
134,115,4.602338504938908,114,37.988
134,116,4.64032648943749,115,37.988
134,117,4.678314473936071,116,37.988
134,118,4.716302458434653,117,37.988
134,119,4.754290442933234,118,37.988
134,120,4.792278427431816,119,37.988
134,121,4.830266411930397,120,37.988
134,122,4.868254396428979,121,37.988
134,123,4.90624238092756,122,37.988
134,124,4.944230365426142,123,37.988
134,125,4.9822183499247235,124,37.988
134,126,5.020206334423305,125,37.988
134,127,5.0581943189218865,126,37.988
134,128,5.096182303420468,127,37.988
135,1,0.2864330801704442,0,286.433
135,2,0.3241886302452615,1,37.756
135,3,0.3619441803200788,2,37.756
135,4,0.3996997303948961,3,37.756
135,5,0.4374552804697134,4,37.756
135,6,0.47521083054453067,5,37.756
135,7,0.512966380619348,6,37.756
135,8,0.5507219306941653,7,37.756
135,9,0.5884774807689827,8,37.756
135,10,0.6262330308438,9,37.756
135,11,0.6639885809186173,10,37.756
135,12,0.7017441309934347,11,37.756
135,13,0.739499681068252,12,37.756
135,14,0.7772552311430694,13,37.756
135,15,0.8150107812178867,14,37.756
135,16,0.8527663312927041,15,37.756
135,17,0.8905218813675214,16,37.756
135,18,0.9282774314423388,17,37.756
135,19,0.9660329815171561,18,37.756
135,20,1.0037885315919735,19,37.756
135,21,1.0415440816667907,20,37.756
135,22,1.079299631741608,21,37.756
135,23,1.1170551818164252,22,37.756
135,24,1.1548107318912424,23,37.756
135,25,1.1925662819660596,24,37.756
135,26,1.2303218320408769,25,37.756
135,27,1.268077382115694,26,37.756
135,28,1.3058329321905113,27,37.756
135,29,1.3435884822653286,28,37.756
135,30,1.3813440323401458,29,37.756
135,31,1.419099582414963,30,37.756
135,32,1.4568551324897803,31,37.756
135,33,1.4946106825645975,32,37.756
135,34,1.5323662326394147,33,37.756
135,35,1.570121782714232,34,37.756
135,36,1.6078773327890492,35,37.756
135,37,1.6456328828638664,36,37.756
135,38,1.6833884329386837,37,37.756
135,39,1.721143983013501,38,37.756
135,40,1.7588995330883181,39,37.756
135,41,1.7966550831631354,40,37.756
135,42,1.8344106332379526,41,37.756
135,43,1.8721661833127698,42,37.756
135,44,1.909921733387587,43,37.756
135,45,1.9476772834624043,44,37.756
135,46,1.9854328335372216,45,37.756
135,47,2.023188383612039,46,37.756
135,48,2.0609439336868562,47,37.756
135,49,2.0986994837616737,48,37.756
135,50,2.1366317189519872,49,37.932
135,51,2.1745639541423007,50,37.932
135,52,2.2124961893326143,51,37.932
135,53,2.250428424522928,52,37.932
135,54,2.2883606597132413,53,37.932
135,55,2.326292894903555,54,37.932
135,56,2.3642251300938684,55,37.932
135,57,2.402157365284182,56,37.932
135,58,2.4400896004744954,57,37.932
135,59,2.478021835664809,58,37.932
135,60,2.5159540708551225,59,37.932
135,61,2.553886306045436,60,37.932
135,62,2.5918185412357495,61,37.932
135,63,2.629750776426063,62,37.932
135,64,2.6676830116163766,63,37.932
135,65,2.70561524680669,64,37.932
135,66,2.7435474819970036,65,37.932
135,67,2.781479717187317,66,37.932
135,68,2.8194119523776306,67,37.932
135,69,2.857344187567944,68,37.932
135,70,2.8952764227582577,69,37.932
135,71,2.933208657948571,70,37.932
135,72,2.9711408931388847,71,37.932
135,73,3.0090731283291983,72,37.932
135,74,3.047005363519512,73,37.932
135,75,3.0849375987098253,74,37.932
135,76,3.122869833900139,75,37.932
135,77,3.1608020690904524,76,37.932
135,78,3.198734304280766,77,37.932
135,79,3.2366665394710794,78,37.932
135,80,3.274598774661393,79,37.932
135,81,3.3125310098517065,80,37.932
135,82,3.35046324504202,81,37.932
135,83,3.3883954802323335,82,37.932
135,84,3.426327715422647,83,37.932
135,85,3.4642599506129605,84,37.932
135,86,3.502192185803274,85,37.932
135,87,3.5401244209935876,86,37.932
135,88,3.578056656183901,87,37.932
135,89,3.6159888913742146,88,37.932
135,90,3.653921126564528,89,37.932
135,91,3.6918533617548417,90,37.932
135,92,3.729785596945155,91,37.932
135,93,3.7677178321354687,92,37.932
135,94,3.8056500673257823,93,37.932
135,95,3.843582302516096,94,37.932
135,96,3.8815145377064093,95,37.932
135,97,3.919446772896723,96,37.932
135,98,3.9573790080870364,97,37.932
135,99,3.99531124327735,98,37.932
135,100,4.033243478467663,99,37.932
135,101,4.071175713657977,100,37.932
135,102,4.109107948848291,101,37.932
135,103,4.147040184038605,102,37.932
135,104,4.184972419228919,103,37.932
135,105,4.222904654419233,104,37.932
135,106,4.260836889609547,105,37.932
135,107,4.298769124799861,106,37.932
135,108,4.336701359990175,107,37.932
135,109,4.374633595180489,108,37.932
135,110,4.412565830370803,109,37.932
135,111,4.450498065561117,110,37.932
135,112,4.488430300751431,111,37.932
135,113,4.526362535941745,112,37.932
135,114,4.5643505204403265,113,37.988
135,115,4.602338504938908,114,37.988
135,116,4.64032648943749,115,37.988
135,117,4.678314473936071,116,37.988
135,118,4.716302458434653,117,37.988
135,119,4.754290442933234,118,37.988
135,120,4.792278427431816,119,37.988
135,121,4.830266411930397,120,37.988
135,122,4.868254396428979,121,37.988
135,123,4.90624238092756,122,37.988
135,124,4.944230365426142,123,37.988
135,125,4.9822183499247235,124,37.988
135,126,5.020206334423305,125,37.988
135,127,5.0581943189218865,126,37.988
135,128,5.096182303420468,127,37.988
136,1,0.2864330801704442,0,286.433
136,2,0.3241886302452615,1,37.756
136,3,0.3619441803200788,2,37.756
136,4,0.3996997303948961,3,37.756
136,5,0.4374552804697134,4,37.756
136,6,0.47521083054453067,5,37.756
136,7,0.512966380619348,6,37.756
136,8,0.5507219306941653,7,37.756
136,9,0.5884774807689827,8,37.756
136,10,0.6262330308438,9,37.756
136,11,0.6639885809186173,10,37.756
136,12,0.7017441309934347,11,37.756
136,13,0.739499681068252,12,37.756
136,14,0.7772552311430694,13,37.756
136,15,0.8150107812178867,14,37.756
136,16,0.8527663312927041,15,37.756
136,17,0.8905218813675214,16,37.756
136,18,0.9282774314423388,17,37.756
136,19,0.9660329815171561,18,37.756
136,20,1.0037885315919735,19,37.756
136,21,1.0415440816667907,20,37.756
136,22,1.079299631741608,21,37.756
136,23,1.1170551818164252,22,37.756
136,24,1.1548107318912424,23,37.756
136,25,1.1925662819660596,24,37.756
136,26,1.2303218320408769,25,37.756
136,27,1.268077382115694,26,37.756
136,28,1.3058329321905113,27,37.756
136,29,1.3435884822653286,28,37.756
136,30,1.3813440323401458,29,37.756
136,31,1.419099582414963,30,37.756
136,32,1.4568551324897803,31,37.756
136,33,1.4946106825645975,32,37.756
136,34,1.5323662326394147,33,37.756
136,35,1.570121782714232,34,37.756
136,36,1.6078773327890492,35,37.756
136,37,1.6456328828638664,36,37.756
136,38,1.6833884329386837,37,37.756
136,39,1.721143983013501,38,37.756
136,40,1.7588995330883181,39,37.756
136,41,1.7966550831631354,40,37.756
136,42,1.8344106332379526,41,37.756
136,43,1.8721661833127698,42,37.756
136,44,1.909921733387587,43,37.756
136,45,1.9476772834624043,44,37.756
136,46,1.9854328335372216,45,37.756
136,47,2.023188383612039,46,37.756
136,48,2.0609439336868562,47,37.756
136,49,2.0986994837616737,48,37.756
136,50,2.1366317189519872,49,37.932
136,51,2.1745639541423007,50,37.932
136,52,2.2124961893326143,51,37.932
136,53,2.250428424522928,52,37.932
136,54,2.2883606597132413,53,37.932
136,55,2.326292894903555,54,37.932
136,56,2.3642251300938684,55,37.932
136,57,2.402157365284182,56,37.932
136,58,2.4400896004744954,57,37.932
136,59,2.478021835664809,58,37.932
136,60,2.5159540708551225,59,37.932
136,61,2.553886306045436,60,37.932
136,62,2.5918185412357495,61,37.932
136,63,2.629750776426063,62,37.932
136,64,2.6676830116163766,63,37.932
136,65,2.70561524680669,64,37.932
136,66,2.7435474819970036,65,37.932
136,67,2.781479717187317,66,37.932
136,68,2.8194119523776306,67,37.932
136,69,2.857344187567944,68,37.932
136,70,2.8952764227582577,69,37.932
136,71,2.933208657948571,70,37.932
136,72,2.9711408931388847,71,37.932
136,73,3.0090731283291983,72,37.932
136,74,3.047005363519512,73,37.932
136,75,3.0849375987098253,74,37.932
136,76,3.122869833900139,75,37.932
136,77,3.1608020690904524,76,37.932
136,78,3.198734304280766,77,37.932
136,79,3.2366665394710794,78,37.932
136,80,3.274598774661393,79,37.932
136,81,3.3125310098517065,80,37.932
136,82,3.35046324504202,81,37.932
136,83,3.3883954802323335,82,37.932
136,84,3.426327715422647,83,37.932
136,85,3.4642599506129605,84,37.932
136,86,3.502192185803274,85,37.932
136,87,3.5401244209935876,86,37.932
136,88,3.578056656183901,87,37.932
136,89,3.6159888913742146,88,37.932
136,90,3.653921126564528,89,37.932
136,91,3.6918533617548417,90,37.932
136,92,3.729785596945155,91,37.932
136,93,3.7677178321354687,92,37.932
136,94,3.8056500673257823,93,37.932
136,95,3.843582302516096,94,37.932
136,96,3.8815145377064093,95,37.932
136,97,3.919446772896723,96,37.932
136,98,3.9573790080870364,97,37.932
136,99,3.99531124327735,98,37.932
136,100,4.033243478467663,99,37.932
136,101,4.071175713657977,100,37.932
136,102,4.109107948848291,101,37.932
136,103,4.147040184038605,102,37.932
136,104,4.184972419228919,103,37.932
136,105,4.222904654419233,104,37.932
136,106,4.260836889609547,105,37.932
136,107,4.298769124799861,106,37.932
136,108,4.336701359990175,107,37.932
136,109,4.374633595180489,108,37.932
136,110,4.412565830370803,109,37.932
136,111,4.450498065561117,110,37.932
136,112,4.488430300751431,111,37.932
136,113,4.526362535941745,112,37.932
136,114,4.5643505204403265,113,37.988
136,115,4.602338504938908,114,37.988
136,116,4.64032648943749,115,37.988
136,117,4.678314473936071,116,37.988
136,118,4.716302458434653,117,37.988
136,119,4.754290442933234,118,37.988
136,120,4.792278427431816,119,37.988
136,121,4.830266411930397,120,37.988
136,122,4.868254396428979,121,37.988
136,123,4.90624238092756,122,37.988
136,124,4.944230365426142,123,37.988
136,125,4.9822183499247235,124,37.988
136,126,5.020206334423305,125,37.988
136,127,5.0581943189218865,126,37.988
136,128,5.096182303420468,127,37.988
137,1,0.2864330801704442,0,286.433
137,2,0.3241886302452615,1,37.756
137,3,0.3619441803200788,2,37.756
137,4,0.3996997303948961,3,37.756
137,5,0.4374552804697134,4,37.756
137,6,0.47521083054453067,5,37.756
137,7,0.512966380619348,6,37.756
137,8,0.5507219306941653,7,37.756
137,9,0.5884774807689827,8,37.756
137,10,0.6262330308438,9,37.756
137,11,0.6639885809186173,10,37.756
137,12,0.7017441309934347,11,37.756
137,13,0.739499681068252,12,37.756
137,14,0.7772552311430694,13,37.756
137,15,0.8150107812178867,14,37.756
137,16,0.8527663312927041,15,37.756
137,17,0.8905218813675214,16,37.756
137,18,0.9282774314423388,17,37.756
137,19,0.9660329815171561,18,37.756
137,20,1.0037885315919735,19,37.756
137,21,1.0415440816667907,20,37.756
137,22,1.079299631741608,21,37.756
137,23,1.1170551818164252,22,37.756
137,24,1.1548107318912424,23,37.756
137,25,1.1925662819660596,24,37.756
137,26,1.2303218320408769,25,37.756
137,27,1.268077382115694,26,37.756
137,28,1.3058329321905113,27,37.756
137,29,1.3435884822653286,28,37.756
137,30,1.3813440323401458,29,37.756
137,31,1.419099582414963,30,37.756
137,32,1.4568551324897803,31,37.756
137,33,1.4946106825645975,32,37.756
137,34,1.5323662326394147,33,37.756
137,35,1.570121782714232,34,37.756
137,36,1.6078773327890492,35,37.756
137,37,1.6456328828638664,36,37.756
137,38,1.6833884329386837,37,37.756
137,39,1.721143983013501,38,37.756
137,40,1.7588995330883181,39,37.756
137,41,1.7966550831631354,40,37.756
137,42,1.8344106332379526,41,37.756
137,43,1.8721661833127698,42,37.756
137,44,1.909921733387587,43,37.756
137,45,1.9476772834624043,44,37.756
137,46,1.9854328335372216,45,37.756
137,47,2.023188383612039,46,37.756
137,48,2.0609439336868562,47,37.756
137,49,2.0986994837616737,48,37.756
137,50,2.1366317189519872,49,37.932
137,51,2.1745639541423007,50,37.932
137,52,2.2124961893326143,51,37.932
137,53,2.250428424522928,52,37.932
137,54,2.2883606597132413,53,37.932
137,55,2.326292894903555,54,37.932
137,56,2.3642251300938684,55,37.932
137,57,2.402157365284182,56,37.932
137,58,2.4400896004744954,57,37.932
137,59,2.478021835664809,58,37.932
137,60,2.5159540708551225,59,37.932
137,61,2.553886306045436,60,37.932
137,62,2.5918185412357495,61,37.932
137,63,2.629750776426063,62,37.932
137,64,2.6676830116163766,63,37.932
137,65,2.70561524680669,64,37.932
137,66,2.7435474819970036,65,37.932
137,67,2.781479717187317,66,37.932
137,68,2.8194119523776306,67,37.932
137,69,2.857344187567944,68,37.932
137,70,2.8952764227582577,69,37.932
137,71,2.933208657948571,70,37.932
137,72,2.9711408931388847,71,37.932
137,73,3.0090731283291983,72,37.932
137,74,3.047005363519512,73,37.932
137,75,3.0849375987098253,74,37.932
137,76,3.122869833900139,75,37.932
137,77,3.1608020690904524,76,37.932
137,78,3.198734304280766,77,37.932
137,79,3.2366665394710794,78,37.932
137,80,3.274598774661393,79,37.932
137,81,3.3125310098517065,80,37.932
137,82,3.35046324504202,81,37.932
137,83,3.3883954802323335,82,37.932
137,84,3.426327715422647,83,37.932
137,85,3.4642599506129605,84,37.932
137,86,3.502192185803274,85,37.932
137,87,3.5401244209935876,86,37.932
137,88,3.578056656183901,87,37.932
137,89,3.6159888913742146,88,37.932
137,90,3.653921126564528,89,37.932
137,91,3.6918533617548417,90,37.932
137,92,3.729785596945155,91,37.932
137,93,3.7677178321354687,92,37.932
137,94,3.8056500673257823,93,37.932
137,95,3.843582302516096,94,37.932
137,96,3.8815145377064093,95,37.932
137,97,3.919446772896723,96,37.932
137,98,3.9573790080870364,97,37.932
137,99,3.99531124327735,98,37.932
137,100,4.033243478467663,99,37.932
137,101,4.071175713657977,100,37.932
137,102,4.109107948848291,101,37.932
137,103,4.147040184038605,102,37.932
137,104,4.184972419228919,103,37.932
137,105,4.222904654419233,104,37.932
137,106,4.260836889609547,105,37.932
137,107,4.298769124799861,106,37.932
137,108,4.336701359990175,107,37.932
137,109,4.374633595180489,108,37.932
137,110,4.412565830370803,109,37.932
137,111,4.450498065561117,110,37.932
137,112,4.488430300751431,111,37.932
137,113,4.526362535941745,112,37.932
137,114,4.5643505204403265,113,37.988
137,115,4.602338504938908,114,37.988
137,116,4.64032648943749,115,37.988
137,117,4.678314473936071,116,37.988
137,118,4.716302458434653,117,37.988
137,119,4.754290442933234,118,37.988
137,120,4.792278427431816,119,37.988
137,121,4.830266411930397,120,37.988
137,122,4.868254396428979,121,37.988
137,123,4.90624238092756,122,37.988
137,124,4.944230365426142,123,37.988
137,125,4.9822183499247235,124,37.988
137,126,5.020206334423305,125,37.988
137,127,5.0581943189218865,126,37.988
137,128,5.096182303420468,127,37.988
138,1,0.2864330801704442,0,286.433
138,2,0.3241886302452615,1,37.756
138,3,0.3619441803200788,2,37.756
138,4,0.3996997303948961,3,37.756
138,5,0.4374552804697134,4,37.756
138,6,0.47521083054453067,5,37.756
138,7,0.512966380619348,6,37.756
138,8,0.5507219306941653,7,37.756
138,9,0.5884774807689827,8,37.756
138,10,0.6262330308438,9,37.756
138,11,0.6639885809186173,10,37.756
138,12,0.7017441309934347,11,37.756
138,13,0.739499681068252,12,37.756
138,14,0.7772552311430694,13,37.756
138,15,0.8150107812178867,14,37.756
138,16,0.8527663312927041,15,37.756
138,17,0.8905218813675214,16,37.756
138,18,0.9282774314423388,17,37.756
138,19,0.9660329815171561,18,37.756
138,20,1.0037885315919735,19,37.756
138,21,1.0415440816667907,20,37.756
138,22,1.079299631741608,21,37.756
138,23,1.1170551818164252,22,37.756
138,24,1.1548107318912424,23,37.756
138,25,1.1925662819660596,24,37.756
138,26,1.2303218320408769,25,37.756
138,27,1.268077382115694,26,37.756
138,28,1.3058329321905113,27,37.756
138,29,1.3435884822653286,28,37.756
138,30,1.3813440323401458,29,37.756
138,31,1.419099582414963,30,37.756
138,32,1.4568551324897803,31,37.756
138,33,1.4946106825645975,32,37.756
138,34,1.5323662326394147,33,37.756
138,35,1.570121782714232,34,37.756
138,36,1.6078773327890492,35,37.756
138,37,1.6456328828638664,36,37.756
138,38,1.6833884329386837,37,37.756
138,39,1.721143983013501,38,37.756
138,40,1.7588995330883181,39,37.756
138,41,1.7966550831631354,40,37.756
138,42,1.8344106332379526,41,37.756
138,43,1.8721661833127698,42,37.756
138,44,1.909921733387587,43,37.756
138,45,1.9476772834624043,44,37.756
138,46,1.9854328335372216,45,37.756
138,47,2.023188383612039,46,37.756
138,48,2.0609439336868562,47,37.756
138,49,2.0986994837616737,48,37.756
138,50,2.1366317189519872,49,37.932
138,51,2.1745639541423007,50,37.932
138,52,2.2124961893326143,51,37.932
138,53,2.250428424522928,52,37.932
138,54,2.2883606597132413,53,37.932
138,55,2.326292894903555,54,37.932
138,56,2.3642251300938684,55,37.932
138,57,2.402157365284182,56,37.932
138,58,2.4400896004744954,57,37.932
138,59,2.478021835664809,58,37.932
138,60,2.5159540708551225,59,37.932
138,61,2.553886306045436,60,37.932
138,62,2.5918185412357495,61,37.932
138,63,2.629750776426063,62,37.932
138,64,2.6676830116163766,63,37.932
138,65,2.70561524680669,64,37.932
138,66,2.7435474819970036,65,37.932
138,67,2.781479717187317,66,37.932
138,68,2.8194119523776306,67,37.932
138,69,2.857344187567944,68,37.932
138,70,2.8952764227582577,69,37.932
138,71,2.933208657948571,70,37.932
138,72,2.9711408931388847,71,37.932
138,73,3.0090731283291983,72,37.932
138,74,3.047005363519512,73,37.932
138,75,3.0849375987098253,74,37.932
138,76,3.122869833900139,75,37.932
138,77,3.1608020690904524,76,37.932
138,78,3.198734304280766,77,37.932
138,79,3.2366665394710794,78,37.932
138,80,3.274598774661393,79,37.932
138,81,3.3125310098517065,80,37.932
138,82,3.35046324504202,81,37.932
138,83,3.3883954802323335,82,37.932
138,84,3.426327715422647,83,37.932
138,85,3.4642599506129605,84,37.932
138,86,3.502192185803274,85,37.932
138,87,3.5401244209935876,86,37.932
138,88,3.578056656183901,87,37.932
138,89,3.6159888913742146,88,37.932
138,90,3.653921126564528,89,37.932
138,91,3.6918533617548417,90,37.932
138,92,3.729785596945155,91,37.932
138,93,3.7677178321354687,92,37.932
138,94,3.8056500673257823,93,37.932
138,95,3.843582302516096,94,37.932
138,96,3.8815145377064093,95,37.932
138,97,3.919446772896723,96,37.932
138,98,3.9573790080870364,97,37.932
138,99,3.99531124327735,98,37.932
138,100,4.033243478467663,99,37.932
138,101,4.071175713657977,100,37.932
138,102,4.109107948848291,101,37.932
138,103,4.147040184038605,102,37.932
138,104,4.184972419228919,103,37.932
138,105,4.222904654419233,104,37.932
138,106,4.260836889609547,105,37.932
138,107,4.298769124799861,106,37.932
138,108,4.336701359990175,107,37.932
138,109,4.374633595180489,108,37.932
138,110,4.412565830370803,109,37.932
138,111,4.450498065561117,110,37.932
138,112,4.488430300751431,111,37.932
138,113,4.526362535941745,112,37.932
138,114,4.5643505204403265,113,37.988
138,115,4.602338504938908,114,37.988
138,116,4.64032648943749,115,37.988
138,117,4.678314473936071,116,37.988
138,118,4.716302458434653,117,37.988
138,119,4.754290442933234,118,37.988
138,120,4.792278427431816,119,37.988
138,121,4.830266411930397,120,37.988
138,122,4.868254396428979,121,37.988
138,123,4.90624238092756,122,37.988
138,124,4.944230365426142,123,37.988
138,125,4.9822183499247235,124,37.988
138,126,5.020206334423305,125,37.988
138,127,5.0581943189218865,126,37.988
138,128,5.096182303420468,127,37.988
139,1,0.2864330801704442,0,286.433
139,2,0.3241886302452615,1,37.756
139,3,0.3619441803200788,2,37.756
139,4,0.3996997303948961,3,37.756
139,5,0.4374552804697134,4,37.756
139,6,0.47521083054453067,5,37.756
139,7,0.512966380619348,6,37.756
139,8,0.5507219306941653,7,37.756
139,9,0.5884774807689827,8,37.756
139,10,0.6262330308438,9,37.756
139,11,0.6639885809186173,10,37.756
139,12,0.7017441309934347,11,37.756
139,13,0.739499681068252,12,37.756
139,14,0.7772552311430694,13,37.756
139,15,0.8150107812178867,14,37.756
139,16,0.8527663312927041,15,37.756
139,17,0.8905218813675214,16,37.756
139,18,0.9282774314423388,17,37.756
139,19,0.9660329815171561,18,37.756
139,20,1.0037885315919735,19,37.756
139,21,1.0415440816667907,20,37.756
139,22,1.079299631741608,21,37.756
139,23,1.1170551818164252,22,37.756
139,24,1.1548107318912424,23,37.756
139,25,1.1925662819660596,24,37.756
139,26,1.2303218320408769,25,37.756
139,27,1.268077382115694,26,37.756
139,28,1.3058329321905113,27,37.756
139,29,1.3435884822653286,28,37.756
139,30,1.3813440323401458,29,37.756
139,31,1.419099582414963,30,37.756
139,32,1.4568551324897803,31,37.756
139,33,1.4946106825645975,32,37.756
139,34,1.5323662326394147,33,37.756
139,35,1.570121782714232,34,37.756
139,36,1.6078773327890492,35,37.756
139,37,1.6456328828638664,36,37.756
139,38,1.6833884329386837,37,37.756
139,39,1.721143983013501,38,37.756
139,40,1.7588995330883181,39,37.756
139,41,1.7966550831631354,40,37.756
139,42,1.8344106332379526,41,37.756
139,43,1.8721661833127698,42,37.756
139,44,1.909921733387587,43,37.756
139,45,1.9476772834624043,44,37.756
139,46,1.9854328335372216,45,37.756
139,47,2.023188383612039,46,37.756
139,48,2.0609439336868562,47,37.756
139,49,2.0986994837616737,48,37.756
139,50,2.1366317189519872,49,37.932
139,51,2.1745639541423007,50,37.932
139,52,2.2124961893326143,51,37.932
139,53,2.250428424522928,52,37.932
139,54,2.2883606597132413,53,37.932
139,55,2.326292894903555,54,37.932
139,56,2.3642251300938684,55,37.932
139,57,2.402157365284182,56,37.932
139,58,2.4400896004744954,57,37.932
139,59,2.478021835664809,58,37.932
139,60,2.5159540708551225,59,37.932
139,61,2.553886306045436,60,37.932
139,62,2.5918185412357495,61,37.932
139,63,2.629750776426063,62,37.932
139,64,2.6676830116163766,63,37.932
139,65,2.70561524680669,64,37.932
139,66,2.7435474819970036,65,37.932
139,67,2.781479717187317,66,37.932
139,68,2.8194119523776306,67,37.932
139,69,2.857344187567944,68,37.932
139,70,2.8952764227582577,69,37.932
139,71,2.933208657948571,70,37.932
139,72,2.9711408931388847,71,37.932
139,73,3.0090731283291983,72,37.932
139,74,3.047005363519512,73,37.932
139,75,3.0849375987098253,74,37.932
139,76,3.122869833900139,75,37.932
139,77,3.1608020690904524,76,37.932
139,78,3.198734304280766,77,37.932
139,79,3.2366665394710794,78,37.932
139,80,3.274598774661393,79,37.932
139,81,3.3125310098517065,80,37.932
139,82,3.35046324504202,81,37.932
139,83,3.3883954802323335,82,37.932
139,84,3.426327715422647,83,37.932
139,85,3.4642599506129605,84,37.932
139,86,3.502192185803274,85,37.932
139,87,3.5401244209935876,86,37.932
139,88,3.578056656183901,87,37.932
139,89,3.6159888913742146,88,37.932
139,90,3.653921126564528,89,37.932
139,91,3.6918533617548417,90,37.932
139,92,3.729785596945155,91,37.932
139,93,3.7677178321354687,92,37.932
139,94,3.8056500673257823,93,37.932
139,95,3.843582302516096,94,37.932
139,96,3.8815145377064093,95,37.932
139,97,3.919446772896723,96,37.932
139,98,3.9573790080870364,97,37.932
139,99,3.99531124327735,98,37.932
139,100,4.033243478467663,99,37.932
139,101,4.071175713657977,100,37.932
139,102,4.109107948848291,101,37.932
139,103,4.147040184038605,102,37.932
139,104,4.184972419228919,103,37.932
139,105,4.222904654419233,104,37.932
139,106,4.260836889609547,105,37.932
139,107,4.298769124799861,106,37.932
139,108,4.336701359990175,107,37.932
139,109,4.374633595180489,108,37.932
139,110,4.412565830370803,109,37.932
139,111,4.450498065561117,110,37.932
139,112,4.488430300751431,111,37.932
139,113,4.526362535941745,112,37.932
139,114,4.5643505204403265,113,37.988
139,115,4.602338504938908,114,37.988
139,116,4.64032648943749,115,37.988
139,117,4.678314473936071,116,37.988
139,118,4.716302458434653,117,37.988
139,119,4.754290442933234,118,37.988
139,120,4.792278427431816,119,37.988
139,121,4.830266411930397,120,37.988
139,122,4.868254396428979,121,37.988
139,123,4.90624238092756,122,37.988
139,124,4.944230365426142,123,37.988
139,125,4.9822183499247235,124,37.988
139,126,5.020206334423305,125,37.988
139,127,5.0581943189218865,126,37.988
139,128,5.096182303420468,127,37.988
140,1,0.2864330801704442,0,286.433
140,2,0.3241886302452615,1,37.756
140,3,0.3619441803200788,2,37.756
140,4,0.3996997303948961,3,37.756
140,5,0.4374552804697134,4,37.756
140,6,0.47521083054453067,5,37.756
140,7,0.512966380619348,6,37.756
140,8,0.5507219306941653,7,37.756
140,9,0.5884774807689827,8,37.756
140,10,0.6262330308438,9,37.756
140,11,0.6639885809186173,10,37.756
140,12,0.7017441309934347,11,37.756
140,13,0.739499681068252,12,37.756
140,14,0.7772552311430694,13,37.756
140,15,0.8150107812178867,14,37.756
140,16,0.8527663312927041,15,37.756
140,17,0.8905218813675214,16,37.756
140,18,0.9282774314423388,17,37.756
140,19,0.9660329815171561,18,37.756
140,20,1.0037885315919735,19,37.756
140,21,1.0415440816667907,20,37.756
140,22,1.079299631741608,21,37.756
140,23,1.1170551818164252,22,37.756
140,24,1.1548107318912424,23,37.756
140,25,1.1925662819660596,24,37.756
140,26,1.2303218320408769,25,37.756
140,27,1.268077382115694,26,37.756
140,28,1.3058329321905113,27,37.756
140,29,1.3435884822653286,28,37.756
140,30,1.3813440323401458,29,37.756
140,31,1.419099582414963,30,37.756
140,32,1.4568551324897803,31,37.756
140,33,1.4946106825645975,32,37.756
140,34,1.5323662326394147,33,37.756
140,35,1.570121782714232,34,37.756
140,36,1.6078773327890492,35,37.756
140,37,1.6456328828638664,36,37.756
140,38,1.6833884329386837,37,37.756
140,39,1.721143983013501,38,37.756
140,40,1.7588995330883181,39,37.756
140,41,1.7966550831631354,40,37.756
140,42,1.8344106332379526,41,37.756
140,43,1.8721661833127698,42,37.756
140,44,1.909921733387587,43,37.756
140,45,1.9476772834624043,44,37.756
140,46,1.9854328335372216,45,37.756
140,47,2.023188383612039,46,37.756
140,48,2.0609439336868562,47,37.756
140,49,2.0986994837616737,48,37.756
140,50,2.1366317189519872,49,37.932
140,51,2.1745639541423007,50,37.932
140,52,2.2124961893326143,51,37.932
140,53,2.250428424522928,52,37.932
140,54,2.2883606597132413,53,37.932
140,55,2.326292894903555,54,37.932
140,56,2.3642251300938684,55,37.932
140,57,2.402157365284182,56,37.932
140,58,2.4400896004744954,57,37.932
140,59,2.478021835664809,58,37.932
140,60,2.5159540708551225,59,37.932
140,61,2.553886306045436,60,37.932
140,62,2.5918185412357495,61,37.932
140,63,2.629750776426063,62,37.932
140,64,2.6676830116163766,63,37.932
140,65,2.70561524680669,64,37.932
140,66,2.7435474819970036,65,37.932
140,67,2.781479717187317,66,37.932
140,68,2.8194119523776306,67,37.932
140,69,2.857344187567944,68,37.932
140,70,2.8952764227582577,69,37.932
140,71,2.933208657948571,70,37.932
140,72,2.9711408931388847,71,37.932
140,73,3.0090731283291983,72,37.932
140,74,3.047005363519512,73,37.932
140,75,3.0849375987098253,74,37.932
140,76,3.122869833900139,75,37.932
140,77,3.1608020690904524,76,37.932
140,78,3.198734304280766,77,37.932
140,79,3.2366665394710794,78,37.932
140,80,3.274598774661393,79,37.932
140,81,3.3125310098517065,80,37.932
140,82,3.35046324504202,81,37.932
140,83,3.3883954802323335,82,37.932
140,84,3.426327715422647,83,37.932
140,85,3.4642599506129605,84,37.932
140,86,3.502192185803274,85,37.932
140,87,3.5401244209935876,86,37.932
140,88,3.578056656183901,87,37.932
140,89,3.6159888913742146,88,37.932
140,90,3.653921126564528,89,37.932
140,91,3.6918533617548417,90,37.932
140,92,3.729785596945155,91,37.932
140,93,3.7677178321354687,92,37.932
140,94,3.8056500673257823,93,37.932
140,95,3.843582302516096,94,37.932
140,96,3.8815145377064093,95,37.932
140,97,3.919446772896723,96,37.932
140,98,3.9573790080870364,97,37.932
140,99,3.99531124327735,98,37.932
140,100,4.033243478467663,99,37.932
140,101,4.071175713657977,100,37.932
140,102,4.109107948848291,101,37.932
140,103,4.147040184038605,102,37.932
140,104,4.184972419228919,103,37.932
140,105,4.222904654419233,104,37.932
140,106,4.260836889609547,105,37.932
140,107,4.298769124799861,106,37.932
140,108,4.336701359990175,107,37.932
140,109,4.374633595180489,108,37.932
140,110,4.412565830370803,109,37.932
140,111,4.450498065561117,110,37.932
140,112,4.488430300751431,111,37.932
140,113,4.526362535941745,112,37.932
140,114,4.5643505204403265,113,37.988
140,115,4.602338504938908,114,37.988
140,116,4.64032648943749,115,37.988
140,117,4.678314473936071,116,37.988
140,118,4.716302458434653,117,37.988
140,119,4.754290442933234,118,37.988
140,120,4.792278427431816,119,37.988
140,121,4.830266411930397,120,37.988
140,122,4.868254396428979,121,37.988
140,123,4.90624238092756,122,37.988
140,124,4.944230365426142,123,37.988
140,125,4.9822183499247235,124,37.988
140,126,5.020206334423305,125,37.988
140,127,5.0581943189218865,126,37.988
140,128,5.096182303420468,127,37.988
141,1,0.2864330801704442,0,286.433
141,2,0.3241886302452615,1,37.756
141,3,0.3619441803200788,2,37.756
141,4,0.3996997303948961,3,37.756
141,5,0.4374552804697134,4,37.756
141,6,0.47521083054453067,5,37.756
141,7,0.512966380619348,6,37.756
141,8,0.5507219306941653,7,37.756
141,9,0.5884774807689827,8,37.756
141,10,0.6262330308438,9,37.756
141,11,0.6639885809186173,10,37.756
141,12,0.7017441309934347,11,37.756
141,13,0.739499681068252,12,37.756
141,14,0.7772552311430694,13,37.756
141,15,0.8150107812178867,14,37.756
141,16,0.8527663312927041,15,37.756
141,17,0.8905218813675214,16,37.756
141,18,0.9282774314423388,17,37.756
141,19,0.9660329815171561,18,37.756
141,20,1.0037885315919735,19,37.756
141,21,1.0415440816667907,20,37.756
141,22,1.079299631741608,21,37.756
141,23,1.1170551818164252,22,37.756
141,24,1.1548107318912424,23,37.756
141,25,1.1925662819660596,24,37.756
141,26,1.2303218320408769,25,37.756
141,27,1.268077382115694,26,37.756
141,28,1.3058329321905113,27,37.756
141,29,1.3435884822653286,28,37.756
141,30,1.3813440323401458,29,37.756
141,31,1.419099582414963,30,37.756
141,32,1.4568551324897803,31,37.756
141,33,1.4946106825645975,32,37.756
141,34,1.5323662326394147,33,37.756
141,35,1.570121782714232,34,37.756
141,36,1.6078773327890492,35,37.756
141,37,1.6456328828638664,36,37.756
141,38,1.6833884329386837,37,37.756
141,39,1.721143983013501,38,37.756
141,40,1.7588995330883181,39,37.756
141,41,1.7966550831631354,40,37.756
141,42,1.8344106332379526,41,37.756
141,43,1.8721661833127698,42,37.756
141,44,1.909921733387587,43,37.756
141,45,1.9476772834624043,44,37.756
141,46,1.9854328335372216,45,37.756
141,47,2.023188383612039,46,37.756
141,48,2.0609439336868562,47,37.756
141,49,2.0986994837616737,48,37.756
141,50,2.1366317189519872,49,37.932
141,51,2.1745639541423007,50,37.932
141,52,2.2124961893326143,51,37.932
141,53,2.250428424522928,52,37.932
141,54,2.2883606597132413,53,37.932
141,55,2.326292894903555,54,37.932
141,56,2.3642251300938684,55,37.932
141,57,2.402157365284182,56,37.932
141,58,2.4400896004744954,57,37.932
141,59,2.478021835664809,58,37.932
141,60,2.5159540708551225,59,37.932
141,61,2.553886306045436,60,37.932
141,62,2.5918185412357495,61,37.932
141,63,2.629750776426063,62,37.932
141,64,2.6676830116163766,63,37.932
141,65,2.70561524680669,64,37.932
141,66,2.7435474819970036,65,37.932
141,67,2.781479717187317,66,37.932
141,68,2.8194119523776306,67,37.932
141,69,2.857344187567944,68,37.932
141,70,2.8952764227582577,69,37.932
141,71,2.933208657948571,70,37.932
141,72,2.9711408931388847,71,37.932
141,73,3.0090731283291983,72,37.932
141,74,3.047005363519512,73,37.932
141,75,3.0849375987098253,74,37.932
141,76,3.122869833900139,75,37.932
141,77,3.1608020690904524,76,37.932
141,78,3.198734304280766,77,37.932
141,79,3.2366665394710794,78,37.932
141,80,3.274598774661393,79,37.932
141,81,3.3125310098517065,80,37.932
141,82,3.35046324504202,81,37.932
141,83,3.3883954802323335,82,37.932
141,84,3.426327715422647,83,37.932
141,85,3.4642599506129605,84,37.932
141,86,3.502192185803274,85,37.932
141,87,3.5401244209935876,86,37.932
141,88,3.578056656183901,87,37.932
141,89,3.6159888913742146,88,37.932
141,90,3.653921126564528,89,37.932
141,91,3.6918533617548417,90,37.932
141,92,3.729785596945155,91,37.932
141,93,3.7677178321354687,92,37.932
141,94,3.8056500673257823,93,37.932
141,95,3.843582302516096,94,37.932
141,96,3.8815145377064093,95,37.932
141,97,3.919446772896723,96,37.932
141,98,3.9573790080870364,97,37.932
141,99,3.99531124327735,98,37.932
141,100,4.033243478467663,99,37.932
141,101,4.071175713657977,100,37.932
141,102,4.109107948848291,101,37.932
141,103,4.147040184038605,102,37.932
141,104,4.184972419228919,103,37.932
141,105,4.222904654419233,104,37.932
141,106,4.260836889609547,105,37.932
141,107,4.298769124799861,106,37.932
141,108,4.336701359990175,107,37.932
141,109,4.374633595180489,108,37.932
141,110,4.412565830370803,109,37.932
141,111,4.450498065561117,110,37.932
141,112,4.488430300751431,111,37.932
141,113,4.526362535941745,112,37.932
141,114,4.5643505204403265,113,37.988
141,115,4.602338504938908,114,37.988
141,116,4.64032648943749,115,37.988
141,117,4.678314473936071,116,37.988
141,118,4.716302458434653,117,37.988
141,119,4.754290442933234,118,37.988
141,120,4.792278427431816,119,37.988
141,121,4.830266411930397,120,37.988
141,122,4.868254396428979,121,37.988
141,123,4.90624238092756,122,37.988
141,124,4.944230365426142,123,37.988
141,125,4.9822183499247235,124,37.988
141,126,5.020206334423305,125,37.988
141,127,5.0581943189218865,126,37.988
141,128,5.096182303420468,127,37.988
142,1,0.2864330801704442,0,286.433
142,2,0.3241886302452615,1,37.756
142,3,0.3619441803200788,2,37.756
142,4,0.3996997303948961,3,37.756
142,5,0.4374552804697134,4,37.756
142,6,0.47521083054453067,5,37.756
142,7,0.512966380619348,6,37.756
142,8,0.5507219306941653,7,37.756
142,9,0.5884774807689827,8,37.756
142,10,0.6262330308438,9,37.756
142,11,0.6639885809186173,10,37.756
142,12,0.7017441309934347,11,37.756
142,13,0.739499681068252,12,37.756
142,14,0.7772552311430694,13,37.756
142,15,0.8150107812178867,14,37.756
142,16,0.8527663312927041,15,37.756
142,17,0.8905218813675214,16,37.756
142,18,0.9282774314423388,17,37.756
142,19,0.9660329815171561,18,37.756
142,20,1.0037885315919735,19,37.756
142,21,1.0415440816667907,20,37.756
142,22,1.079299631741608,21,37.756
142,23,1.1170551818164252,22,37.756
142,24,1.1548107318912424,23,37.756
142,25,1.1925662819660596,24,37.756
142,26,1.2303218320408769,25,37.756
142,27,1.268077382115694,26,37.756
142,28,1.3058329321905113,27,37.756
142,29,1.3435884822653286,28,37.756
142,30,1.3813440323401458,29,37.756
142,31,1.419099582414963,30,37.756
142,32,1.4568551324897803,31,37.756
142,33,1.4946106825645975,32,37.756
142,34,1.5323662326394147,33,37.756
142,35,1.570121782714232,34,37.756
142,36,1.6078773327890492,35,37.756
142,37,1.6456328828638664,36,37.756
142,38,1.6833884329386837,37,37.756
142,39,1.721143983013501,38,37.756
142,40,1.7588995330883181,39,37.756
142,41,1.7966550831631354,40,37.756
142,42,1.8344106332379526,41,37.756
142,43,1.8721661833127698,42,37.756
142,44,1.909921733387587,43,37.756
142,45,1.9476772834624043,44,37.756
142,46,1.9854328335372216,45,37.756
142,47,2.023188383612039,46,37.756
142,48,2.0609439336868562,47,37.756
142,49,2.0986994837616737,48,37.756
142,50,2.1366317189519872,49,37.932
142,51,2.1745639541423007,50,37.932
142,52,2.2124961893326143,51,37.932
142,53,2.250428424522928,52,37.932
142,54,2.2883606597132413,53,37.932
142,55,2.326292894903555,54,37.932
142,56,2.3642251300938684,55,37.932
142,57,2.402157365284182,56,37.932
142,58,2.4400896004744954,57,37.932
142,59,2.478021835664809,58,37.932
142,60,2.5159540708551225,59,37.932
142,61,2.553886306045436,60,37.932
142,62,2.5918185412357495,61,37.932
142,63,2.629750776426063,62,37.932
142,64,2.6676830116163766,63,37.932
142,65,2.70561524680669,64,37.932
142,66,2.7435474819970036,65,37.932
142,67,2.781479717187317,66,37.932
142,68,2.8194119523776306,67,37.932
142,69,2.857344187567944,68,37.932
142,70,2.8952764227582577,69,37.932
142,71,2.933208657948571,70,37.932
142,72,2.9711408931388847,71,37.932
142,73,3.0090731283291983,72,37.932
142,74,3.047005363519512,73,37.932
142,75,3.0849375987098253,74,37.932
142,76,3.122869833900139,75,37.932
142,77,3.1608020690904524,76,37.932
142,78,3.198734304280766,77,37.932
142,79,3.2366665394710794,78,37.932
142,80,3.274598774661393,79,37.932
142,81,3.3125310098517065,80,37.932
142,82,3.35046324504202,81,37.932
142,83,3.3883954802323335,82,37.932
142,84,3.426327715422647,83,37.932
142,85,3.4642599506129605,84,37.932
142,86,3.502192185803274,85,37.932
142,87,3.5401244209935876,86,37.932
142,88,3.578056656183901,87,37.932
142,89,3.6159888913742146,88,37.932
142,90,3.653921126564528,89,37.932
142,91,3.6918533617548417,90,37.932
142,92,3.729785596945155,91,37.932
142,93,3.7677178321354687,92,37.932
142,94,3.8056500673257823,93,37.932
142,95,3.843582302516096,94,37.932
142,96,3.8815145377064093,95,37.932
142,97,3.919446772896723,96,37.932
142,98,3.9573790080870364,97,37.932
142,99,3.99531124327735,98,37.932
142,100,4.033243478467663,99,37.932
142,101,4.071175713657977,100,37.932
142,102,4.109107948848291,101,37.932
142,103,4.147040184038605,102,37.932
142,104,4.184972419228919,103,37.932
142,105,4.222904654419233,104,37.932
142,106,4.260836889609547,105,37.932
142,107,4.298769124799861,106,37.932
142,108,4.336701359990175,107,37.932
142,109,4.374633595180489,108,37.932
142,110,4.412565830370803,109,37.932
142,111,4.450498065561117,110,37.932
142,112,4.488430300751431,111,37.932
142,113,4.526362535941745,112,37.932
142,114,4.5643505204403265,113,37.988
142,115,4.602338504938908,114,37.988
142,116,4.64032648943749,115,37.988
142,117,4.678314473936071,116,37.988
142,118,4.716302458434653,117,37.988
142,119,4.754290442933234,118,37.988
142,120,4.792278427431816,119,37.988
142,121,4.830266411930397,120,37.988
142,122,4.868254396428979,121,37.988
142,123,4.90624238092756,122,37.988
142,124,4.944230365426142,123,37.988
142,125,4.9822183499247235,124,37.988
142,126,5.020206334423305,125,37.988
142,127,5.0581943189218865,126,37.988
142,128,5.096182303420468,127,37.988
143,1,0.2864330801704442,0,286.433
143,2,0.3241886302452615,1,37.756
143,3,0.3619441803200788,2,37.756
143,4,0.3996997303948961,3,37.756
143,5,0.4374552804697134,4,37.756
143,6,0.47521083054453067,5,37.756
143,7,0.512966380619348,6,37.756
143,8,0.5507219306941653,7,37.756
143,9,0.5884774807689827,8,37.756
143,10,0.6262330308438,9,37.756
143,11,0.6639885809186173,10,37.756
143,12,0.7017441309934347,11,37.756
143,13,0.739499681068252,12,37.756
143,14,0.7772552311430694,13,37.756
143,15,0.8150107812178867,14,37.756
143,16,0.8527663312927041,15,37.756
143,17,0.8905218813675214,16,37.756
143,18,0.9282774314423388,17,37.756
143,19,0.9660329815171561,18,37.756
143,20,1.0037885315919735,19,37.756
143,21,1.0415440816667907,20,37.756
143,22,1.079299631741608,21,37.756
143,23,1.1170551818164252,22,37.756
143,24,1.1548107318912424,23,37.756
143,25,1.1925662819660596,24,37.756
143,26,1.2303218320408769,25,37.756
143,27,1.268077382115694,26,37.756
143,28,1.3058329321905113,27,37.756
143,29,1.3435884822653286,28,37.756
143,30,1.3813440323401458,29,37.756
143,31,1.419099582414963,30,37.756
143,32,1.4568551324897803,31,37.756
143,33,1.4946106825645975,32,37.756
143,34,1.5323662326394147,33,37.756
143,35,1.570121782714232,34,37.756
143,36,1.6078773327890492,35,37.756
143,37,1.6456328828638664,36,37.756
143,38,1.6833884329386837,37,37.756
143,39,1.721143983013501,38,37.756
143,40,1.7588995330883181,39,37.756
143,41,1.7966550831631354,40,37.756
143,42,1.8344106332379526,41,37.756
143,43,1.8721661833127698,42,37.756
143,44,1.909921733387587,43,37.756
143,45,1.9476772834624043,44,37.756
143,46,1.9854328335372216,45,37.756
143,47,2.023188383612039,46,37.756
143,48,2.0609439336868562,47,37.756
143,49,2.0986994837616737,48,37.756
143,50,2.1366317189519872,49,37.932
143,51,2.1745639541423007,50,37.932
143,52,2.2124961893326143,51,37.932
143,53,2.250428424522928,52,37.932
143,54,2.2883606597132413,53,37.932
143,55,2.326292894903555,54,37.932
143,56,2.3642251300938684,55,37.932
143,57,2.402157365284182,56,37.932
143,58,2.4400896004744954,57,37.932
143,59,2.478021835664809,58,37.932
143,60,2.5159540708551225,59,37.932
143,61,2.553886306045436,60,37.932
143,62,2.5918185412357495,61,37.932
143,63,2.629750776426063,62,37.932
143,64,2.6676830116163766,63,37.932
143,65,2.70561524680669,64,37.932
143,66,2.7435474819970036,65,37.932
143,67,2.781479717187317,66,37.932
143,68,2.8194119523776306,67,37.932
143,69,2.857344187567944,68,37.932
143,70,2.8952764227582577,69,37.932
143,71,2.933208657948571,70,37.932
143,72,2.9711408931388847,71,37.932
143,73,3.0090731283291983,72,37.932
143,74,3.047005363519512,73,37.932
143,75,3.0849375987098253,74,37.932
143,76,3.122869833900139,75,37.932
143,77,3.1608020690904524,76,37.932
143,78,3.198734304280766,77,37.932
143,79,3.2366665394710794,78,37.932
143,80,3.274598774661393,79,37.932
143,81,3.3125310098517065,80,37.932
143,82,3.35046324504202,81,37.932
143,83,3.3883954802323335,82,37.932
143,84,3.426327715422647,83,37.932
143,85,3.4642599506129605,84,37.932
143,86,3.502192185803274,85,37.932
143,87,3.5401244209935876,86,37.932
143,88,3.578056656183901,87,37.932
143,89,3.6159888913742146,88,37.932
143,90,3.653921126564528,89,37.932
143,91,3.6918533617548417,90,37.932
143,92,3.729785596945155,91,37.932
143,93,3.7677178321354687,92,37.932
143,94,3.8056500673257823,93,37.932
143,95,3.843582302516096,94,37.932
143,96,3.8815145377064093,95,37.932
143,97,3.919446772896723,96,37.932
143,98,3.9573790080870364,97,37.932
143,99,3.99531124327735,98,37.932
143,100,4.033243478467663,99,37.932
143,101,4.071175713657977,100,37.932
143,102,4.109107948848291,101,37.932
143,103,4.147040184038605,102,37.932
143,104,4.184972419228919,103,37.932
143,105,4.222904654419233,104,37.932
143,106,4.260836889609547,105,37.932
143,107,4.298769124799861,106,37.932
143,108,4.336701359990175,107,37.932
143,109,4.374633595180489,108,37.932
143,110,4.412565830370803,109,37.932
143,111,4.450498065561117,110,37.932
143,112,4.488430300751431,111,37.932
143,113,4.526362535941745,112,37.932
143,114,4.5643505204403265,113,37.988
143,115,4.602338504938908,114,37.988
143,116,4.64032648943749,115,37.988
143,117,4.678314473936071,116,37.988
143,118,4.716302458434653,117,37.988
143,119,4.754290442933234,118,37.988
143,120,4.792278427431816,119,37.988
143,121,4.830266411930397,120,37.988
143,122,4.868254396428979,121,37.988
143,123,4.90624238092756,122,37.988
143,124,4.944230365426142,123,37.988
143,125,4.9822183499247235,124,37.988
143,126,5.020206334423305,125,37.988
143,127,5.0581943189218865,126,37.988
143,128,5.096182303420468,127,37.988
144,1,0.2864330801704442,0,286.433
144,2,0.3241886302452615,1,37.756
144,3,0.3619441803200788,2,37.756
144,4,0.3996997303948961,3,37.756
144,5,0.4374552804697134,4,37.756
144,6,0.47521083054453067,5,37.756
144,7,0.512966380619348,6,37.756
144,8,0.5507219306941653,7,37.756
144,9,0.5884774807689827,8,37.756
144,10,0.6262330308438,9,37.756
144,11,0.6639885809186173,10,37.756
144,12,0.7017441309934347,11,37.756
144,13,0.739499681068252,12,37.756
144,14,0.7772552311430694,13,37.756
144,15,0.8150107812178867,14,37.756
144,16,0.8527663312927041,15,37.756
144,17,0.8905218813675214,16,37.756
144,18,0.9282774314423388,17,37.756
144,19,0.9660329815171561,18,37.756
144,20,1.0037885315919735,19,37.756
144,21,1.0415440816667907,20,37.756
144,22,1.079299631741608,21,37.756
144,23,1.1170551818164252,22,37.756
144,24,1.1548107318912424,23,37.756
144,25,1.1925662819660596,24,37.756
144,26,1.2303218320408769,25,37.756
144,27,1.268077382115694,26,37.756
144,28,1.3058329321905113,27,37.756
144,29,1.3435884822653286,28,37.756
144,30,1.3813440323401458,29,37.756
144,31,1.419099582414963,30,37.756
144,32,1.4568551324897803,31,37.756
144,33,1.4946106825645975,32,37.756
144,34,1.5323662326394147,33,37.756
144,35,1.570121782714232,34,37.756
144,36,1.6078773327890492,35,37.756
144,37,1.6456328828638664,36,37.756
144,38,1.6833884329386837,37,37.756
144,39,1.721143983013501,38,37.756
144,40,1.7588995330883181,39,37.756
144,41,1.7966550831631354,40,37.756
144,42,1.8344106332379526,41,37.756
144,43,1.8721661833127698,42,37.756
144,44,1.909921733387587,43,37.756
144,45,1.9476772834624043,44,37.756
144,46,1.9854328335372216,45,37.756
144,47,2.023188383612039,46,37.756
144,48,2.0609439336868562,47,37.756
144,49,2.0986994837616737,48,37.756
144,50,2.1366317189519872,49,37.932
144,51,2.1745639541423007,50,37.932
144,52,2.2124961893326143,51,37.932
144,53,2.250428424522928,52,37.932
144,54,2.2883606597132413,53,37.932
144,55,2.326292894903555,54,37.932
144,56,2.3642251300938684,55,37.932
144,57,2.402157365284182,56,37.932
144,58,2.4400896004744954,57,37.932
144,59,2.478021835664809,58,37.932
144,60,2.5159540708551225,59,37.932
144,61,2.553886306045436,60,37.932
144,62,2.5918185412357495,61,37.932
144,63,2.629750776426063,62,37.932
144,64,2.6676830116163766,63,37.932
144,65,2.70561524680669,64,37.932
144,66,2.7435474819970036,65,37.932
144,67,2.781479717187317,66,37.932
144,68,2.8194119523776306,67,37.932
144,69,2.857344187567944,68,37.932
144,70,2.8952764227582577,69,37.932
144,71,2.933208657948571,70,37.932
144,72,2.9711408931388847,71,37.932
144,73,3.0090731283291983,72,37.932
144,74,3.047005363519512,73,37.932
144,75,3.0849375987098253,74,37.932
144,76,3.122869833900139,75,37.932
144,77,3.1608020690904524,76,37.932
144,78,3.198734304280766,77,37.932
144,79,3.2366665394710794,78,37.932
144,80,3.274598774661393,79,37.932
144,81,3.3125310098517065,80,37.932
144,82,3.35046324504202,81,37.932
144,83,3.3883954802323335,82,37.932
144,84,3.426327715422647,83,37.932
144,85,3.4642599506129605,84,37.932
144,86,3.502192185803274,85,37.932
144,87,3.5401244209935876,86,37.932
144,88,3.578056656183901,87,37.932
144,89,3.6159888913742146,88,37.932
144,90,3.653921126564528,89,37.932
144,91,3.6918533617548417,90,37.932
144,92,3.729785596945155,91,37.932
144,93,3.7677178321354687,92,37.932
144,94,3.8056500673257823,93,37.932
144,95,3.843582302516096,94,37.932
144,96,3.8815145377064093,95,37.932
144,97,3.919446772896723,96,37.932
144,98,3.9573790080870364,97,37.932
144,99,3.99531124327735,98,37.932
144,100,4.033243478467663,99,37.932
144,101,4.071175713657977,100,37.932
144,102,4.109107948848291,101,37.932
144,103,4.147040184038605,102,37.932
144,104,4.184972419228919,103,37.932
144,105,4.222904654419233,104,37.932
144,106,4.260836889609547,105,37.932
144,107,4.298769124799861,106,37.932
144,108,4.336701359990175,107,37.932
144,109,4.374633595180489,108,37.932
144,110,4.412565830370803,109,37.932
144,111,4.450498065561117,110,37.932
144,112,4.488430300751431,111,37.932
144,113,4.526362535941745,112,37.932
144,114,4.5643505204403265,113,37.988
144,115,4.602338504938908,114,37.988
144,116,4.64032648943749,115,37.988
144,117,4.678314473936071,116,37.988
144,118,4.716302458434653,117,37.988
144,119,4.754290442933234,118,37.988
144,120,4.792278427431816,119,37.988
144,121,4.830266411930397,120,37.988
144,122,4.868254396428979,121,37.988
144,123,4.90624238092756,122,37.988
144,124,4.944230365426142,123,37.988
144,125,4.9822183499247235,124,37.988
144,126,5.020206334423305,125,37.988
144,127,5.0581943189218865,126,37.988
144,128,5.096182303420468,127,37.988
145,1,0.2864330801704442,0,286.433
145,2,0.3241886302452615,1,37.756
145,3,0.3619441803200788,2,37.756
145,4,0.3996997303948961,3,37.756
145,5,0.4374552804697134,4,37.756
145,6,0.47521083054453067,5,37.756
145,7,0.512966380619348,6,37.756
145,8,0.5507219306941653,7,37.756
145,9,0.5884774807689827,8,37.756
145,10,0.6262330308438,9,37.756
145,11,0.6639885809186173,10,37.756
145,12,0.7017441309934347,11,37.756
145,13,0.739499681068252,12,37.756
145,14,0.7772552311430694,13,37.756
145,15,0.8150107812178867,14,37.756
145,16,0.8527663312927041,15,37.756
145,17,0.8905218813675214,16,37.756
145,18,0.9282774314423388,17,37.756
145,19,0.9660329815171561,18,37.756
145,20,1.0037885315919735,19,37.756
145,21,1.0415440816667907,20,37.756
145,22,1.079299631741608,21,37.756
145,23,1.1170551818164252,22,37.756
145,24,1.1548107318912424,23,37.756
145,25,1.1925662819660596,24,37.756
145,26,1.2303218320408769,25,37.756
145,27,1.268077382115694,26,37.756
145,28,1.3058329321905113,27,37.756
145,29,1.3435884822653286,28,37.756
145,30,1.3813440323401458,29,37.756
145,31,1.419099582414963,30,37.756
145,32,1.4568551324897803,31,37.756
145,33,1.4946106825645975,32,37.756
145,34,1.5323662326394147,33,37.756
145,35,1.570121782714232,34,37.756
145,36,1.6078773327890492,35,37.756
145,37,1.6456328828638664,36,37.756
145,38,1.6833884329386837,37,37.756
145,39,1.721143983013501,38,37.756
145,40,1.7588995330883181,39,37.756
145,41,1.7966550831631354,40,37.756
145,42,1.8344106332379526,41,37.756
145,43,1.8721661833127698,42,37.756
145,44,1.909921733387587,43,37.756
145,45,1.9476772834624043,44,37.756
145,46,1.9854328335372216,45,37.756
145,47,2.023188383612039,46,37.756
145,48,2.0609439336868562,47,37.756
145,49,2.0986994837616737,48,37.756
145,50,2.1366317189519872,49,37.932
145,51,2.1745639541423007,50,37.932
145,52,2.2124961893326143,51,37.932
145,53,2.250428424522928,52,37.932
145,54,2.2883606597132413,53,37.932
145,55,2.326292894903555,54,37.932
145,56,2.3642251300938684,55,37.932
145,57,2.402157365284182,56,37.932
145,58,2.4400896004744954,57,37.932
145,59,2.478021835664809,58,37.932
145,60,2.5159540708551225,59,37.932
145,61,2.553886306045436,60,37.932
145,62,2.5918185412357495,61,37.932
145,63,2.629750776426063,62,37.932
145,64,2.6676830116163766,63,37.932
145,65,2.70561524680669,64,37.932
145,66,2.7435474819970036,65,37.932
145,67,2.781479717187317,66,37.932
145,68,2.8194119523776306,67,37.932
145,69,2.857344187567944,68,37.932
145,70,2.8952764227582577,69,37.932
145,71,2.933208657948571,70,37.932
145,72,2.9711408931388847,71,37.932
145,73,3.0090731283291983,72,37.932
145,74,3.047005363519512,73,37.932
145,75,3.0849375987098253,74,37.932
145,76,3.122869833900139,75,37.932
145,77,3.1608020690904524,76,37.932
145,78,3.198734304280766,77,37.932
145,79,3.2366665394710794,78,37.932
145,80,3.274598774661393,79,37.932
145,81,3.3125310098517065,80,37.932
145,82,3.35046324504202,81,37.932
145,83,3.3883954802323335,82,37.932
145,84,3.426327715422647,83,37.932
145,85,3.4642599506129605,84,37.932
145,86,3.502192185803274,85,37.932
145,87,3.5401244209935876,86,37.932
145,88,3.578056656183901,87,37.932
145,89,3.6159888913742146,88,37.932
145,90,3.653921126564528,89,37.932
145,91,3.6918533617548417,90,37.932
145,92,3.729785596945155,91,37.932
145,93,3.7677178321354687,92,37.932
145,94,3.8056500673257823,93,37.932
145,95,3.843582302516096,94,37.932
145,96,3.8815145377064093,95,37.932
145,97,3.919446772896723,96,37.932
145,98,3.9573790080870364,97,37.932
145,99,3.99531124327735,98,37.932
145,100,4.033243478467663,99,37.932
145,101,4.071175713657977,100,37.932
145,102,4.109107948848291,101,37.932
145,103,4.147040184038605,102,37.932
145,104,4.184972419228919,103,37.932
145,105,4.222904654419233,104,37.932
145,106,4.260836889609547,105,37.932
145,107,4.298769124799861,106,37.932
145,108,4.336701359990175,107,37.932
145,109,4.374633595180489,108,37.932
145,110,4.412565830370803,109,37.932
145,111,4.450498065561117,110,37.932
145,112,4.488430300751431,111,37.932
145,113,4.526362535941745,112,37.932
145,114,4.5643505204403265,113,37.988
145,115,4.602338504938908,114,37.988
145,116,4.64032648943749,115,37.988
145,117,4.678314473936071,116,37.988
145,118,4.716302458434653,117,37.988
145,119,4.754290442933234,118,37.988
145,120,4.792278427431816,119,37.988
145,121,4.830266411930397,120,37.988
145,122,4.868254396428979,121,37.988
145,123,4.90624238092756,122,37.988
145,124,4.944230365426142,123,37.988
145,125,4.9822183499247235,124,37.988
145,126,5.020206334423305,125,37.988
145,127,5.0581943189218865,126,37.988
145,128,5.096182303420468,127,37.988
146,1,0.2864330801704442,0,286.433
146,2,0.3241886302452615,1,37.756
146,3,0.3619441803200788,2,37.756
146,4,0.3996997303948961,3,37.756
146,5,0.4374552804697134,4,37.756
146,6,0.47521083054453067,5,37.756
146,7,0.512966380619348,6,37.756
146,8,0.5507219306941653,7,37.756
146,9,0.5884774807689827,8,37.756
146,10,0.6262330308438,9,37.756
146,11,0.6639885809186173,10,37.756
146,12,0.7017441309934347,11,37.756
146,13,0.739499681068252,12,37.756
146,14,0.7772552311430694,13,37.756
146,15,0.8150107812178867,14,37.756
146,16,0.8527663312927041,15,37.756
146,17,0.8905218813675214,16,37.756
146,18,0.9282774314423388,17,37.756
146,19,0.9660329815171561,18,37.756
146,20,1.0037885315919735,19,37.756
146,21,1.0415440816667907,20,37.756
146,22,1.079299631741608,21,37.756
146,23,1.1170551818164252,22,37.756
146,24,1.1548107318912424,23,37.756
146,25,1.1925662819660596,24,37.756
146,26,1.2303218320408769,25,37.756
146,27,1.268077382115694,26,37.756
146,28,1.3058329321905113,27,37.756
146,29,1.3435884822653286,28,37.756
146,30,1.3813440323401458,29,37.756
146,31,1.419099582414963,30,37.756
146,32,1.4568551324897803,31,37.756
146,33,1.4946106825645975,32,37.756
146,34,1.5323662326394147,33,37.756
146,35,1.570121782714232,34,37.756
146,36,1.6078773327890492,35,37.756
146,37,1.6456328828638664,36,37.756
146,38,1.6833884329386837,37,37.756
146,39,1.721143983013501,38,37.756
146,40,1.7588995330883181,39,37.756
146,41,1.7966550831631354,40,37.756
146,42,1.8344106332379526,41,37.756
146,43,1.8721661833127698,42,37.756
146,44,1.909921733387587,43,37.756
146,45,1.9476772834624043,44,37.756
146,46,1.9854328335372216,45,37.756
146,47,2.023188383612039,46,37.756
146,48,2.0609439336868562,47,37.756
146,49,2.0986994837616737,48,37.756
146,50,2.1366317189519872,49,37.932
146,51,2.1745639541423007,50,37.932
146,52,2.2124961893326143,51,37.932
146,53,2.250428424522928,52,37.932
146,54,2.2883606597132413,53,37.932
146,55,2.326292894903555,54,37.932
146,56,2.3642251300938684,55,37.932
146,57,2.402157365284182,56,37.932
146,58,2.4400896004744954,57,37.932
146,59,2.478021835664809,58,37.932
146,60,2.5159540708551225,59,37.932
146,61,2.553886306045436,60,37.932
146,62,2.5918185412357495,61,37.932
146,63,2.629750776426063,62,37.932
146,64,2.6676830116163766,63,37.932
146,65,2.70561524680669,64,37.932
146,66,2.7435474819970036,65,37.932
146,67,2.781479717187317,66,37.932
146,68,2.8194119523776306,67,37.932
146,69,2.857344187567944,68,37.932
146,70,2.8952764227582577,69,37.932
146,71,2.933208657948571,70,37.932
146,72,2.9711408931388847,71,37.932
146,73,3.0090731283291983,72,37.932
146,74,3.047005363519512,73,37.932
146,75,3.0849375987098253,74,37.932
146,76,3.122869833900139,75,37.932
146,77,3.1608020690904524,76,37.932
146,78,3.198734304280766,77,37.932
146,79,3.2366665394710794,78,37.932
146,80,3.274598774661393,79,37.932
146,81,3.3125310098517065,80,37.932
146,82,3.35046324504202,81,37.932
146,83,3.3883954802323335,82,37.932
146,84,3.426327715422647,83,37.932
146,85,3.4642599506129605,84,37.932
146,86,3.502192185803274,85,37.932
146,87,3.5401244209935876,86,37.932
146,88,3.578056656183901,87,37.932
146,89,3.6159888913742146,88,37.932
146,90,3.653921126564528,89,37.932
146,91,3.6918533617548417,90,37.932
146,92,3.729785596945155,91,37.932
146,93,3.7677178321354687,92,37.932
146,94,3.8056500673257823,93,37.932
146,95,3.843582302516096,94,37.932
146,96,3.8815145377064093,95,37.932
146,97,3.919446772896723,96,37.932
146,98,3.9573790080870364,97,37.932
146,99,3.99531124327735,98,37.932
146,100,4.033243478467663,99,37.932
146,101,4.071175713657977,100,37.932
146,102,4.109107948848291,101,37.932
146,103,4.147040184038605,102,37.932
146,104,4.184972419228919,103,37.932
146,105,4.222904654419233,104,37.932
146,106,4.260836889609547,105,37.932
146,107,4.298769124799861,106,37.932
146,108,4.336701359990175,107,37.932
146,109,4.374633595180489,108,37.932
146,110,4.412565830370803,109,37.932
146,111,4.450498065561117,110,37.932
146,112,4.488430300751431,111,37.932
146,113,4.526362535941745,112,37.932
146,114,4.5643505204403265,113,37.988
146,115,4.602338504938908,114,37.988
146,116,4.64032648943749,115,37.988
146,117,4.678314473936071,116,37.988
146,118,4.716302458434653,117,37.988
146,119,4.754290442933234,118,37.988
146,120,4.792278427431816,119,37.988
146,121,4.830266411930397,120,37.988
146,122,4.868254396428979,121,37.988
146,123,4.90624238092756,122,37.988
146,124,4.944230365426142,123,37.988
146,125,4.9822183499247235,124,37.988
146,126,5.020206334423305,125,37.988
146,127,5.0581943189218865,126,37.988
146,128,5.096182303420468,127,37.988
147,1,0.2864330801704442,0,286.433
147,2,0.3241886302452615,1,37.756
147,3,0.3619441803200788,2,37.756
147,4,0.3996997303948961,3,37.756
147,5,0.4374552804697134,4,37.756
147,6,0.47521083054453067,5,37.756
147,7,0.512966380619348,6,37.756
147,8,0.5507219306941653,7,37.756
147,9,0.5884774807689827,8,37.756
147,10,0.6262330308438,9,37.756
147,11,0.6639885809186173,10,37.756
147,12,0.7017441309934347,11,37.756
147,13,0.739499681068252,12,37.756
147,14,0.7772552311430694,13,37.756
147,15,0.8150107812178867,14,37.756
147,16,0.8527663312927041,15,37.756
147,17,0.8905218813675214,16,37.756
147,18,0.9282774314423388,17,37.756
147,19,0.9660329815171561,18,37.756
147,20,1.0037885315919735,19,37.756
147,21,1.0415440816667907,20,37.756
147,22,1.079299631741608,21,37.756
147,23,1.1170551818164252,22,37.756
147,24,1.1548107318912424,23,37.756
147,25,1.1925662819660596,24,37.756
147,26,1.2303218320408769,25,37.756
147,27,1.268077382115694,26,37.756
147,28,1.3058329321905113,27,37.756
147,29,1.3435884822653286,28,37.756
147,30,1.3813440323401458,29,37.756
147,31,1.419099582414963,30,37.756
147,32,1.4568551324897803,31,37.756
147,33,1.4946106825645975,32,37.756
147,34,1.5323662326394147,33,37.756
147,35,1.570121782714232,34,37.756
147,36,1.6078773327890492,35,37.756
147,37,1.6456328828638664,36,37.756
147,38,1.6833884329386837,37,37.756
147,39,1.721143983013501,38,37.756
147,40,1.7588995330883181,39,37.756
147,41,1.7966550831631354,40,37.756
147,42,1.8344106332379526,41,37.756
147,43,1.8721661833127698,42,37.756
147,44,1.909921733387587,43,37.756
147,45,1.9476772834624043,44,37.756
147,46,1.9854328335372216,45,37.756
147,47,2.023188383612039,46,37.756
147,48,2.0609439336868562,47,37.756
147,49,2.0986994837616737,48,37.756
147,50,2.1366317189519872,49,37.932
147,51,2.1745639541423007,50,37.932
147,52,2.2124961893326143,51,37.932
147,53,2.250428424522928,52,37.932
147,54,2.2883606597132413,53,37.932
147,55,2.326292894903555,54,37.932
147,56,2.3642251300938684,55,37.932
147,57,2.402157365284182,56,37.932
147,58,2.4400896004744954,57,37.932
147,59,2.478021835664809,58,37.932
147,60,2.5159540708551225,59,37.932
147,61,2.553886306045436,60,37.932
147,62,2.5918185412357495,61,37.932
147,63,2.629750776426063,62,37.932
147,64,2.6676830116163766,63,37.932
147,65,2.70561524680669,64,37.932
147,66,2.7435474819970036,65,37.932
147,67,2.781479717187317,66,37.932
147,68,2.8194119523776306,67,37.932
147,69,2.857344187567944,68,37.932
147,70,2.8952764227582577,69,37.932
147,71,2.933208657948571,70,37.932
147,72,2.9711408931388847,71,37.932
147,73,3.0090731283291983,72,37.932
147,74,3.047005363519512,73,37.932
147,75,3.0849375987098253,74,37.932
147,76,3.122869833900139,75,37.932
147,77,3.1608020690904524,76,37.932
147,78,3.198734304280766,77,37.932
147,79,3.2366665394710794,78,37.932
147,80,3.274598774661393,79,37.932
147,81,3.3125310098517065,80,37.932
147,82,3.35046324504202,81,37.932
147,83,3.3883954802323335,82,37.932
147,84,3.426327715422647,83,37.932
147,85,3.4642599506129605,84,37.932
147,86,3.502192185803274,85,37.932
147,87,3.5401244209935876,86,37.932
147,88,3.578056656183901,87,37.932
147,89,3.6159888913742146,88,37.932
147,90,3.653921126564528,89,37.932
147,91,3.6918533617548417,90,37.932
147,92,3.729785596945155,91,37.932
147,93,3.7677178321354687,92,37.932
147,94,3.8056500673257823,93,37.932
147,95,3.843582302516096,94,37.932
147,96,3.8815145377064093,95,37.932
147,97,3.919446772896723,96,37.932
147,98,3.9573790080870364,97,37.932
147,99,3.99531124327735,98,37.932
147,100,4.033243478467663,99,37.932
147,101,4.071175713657977,100,37.932
147,102,4.109107948848291,101,37.932
147,103,4.147040184038605,102,37.932
147,104,4.184972419228919,103,37.932
147,105,4.222904654419233,104,37.932
147,106,4.260836889609547,105,37.932
147,107,4.298769124799861,106,37.932
147,108,4.336701359990175,107,37.932
147,109,4.374633595180489,108,37.932
147,110,4.412565830370803,109,37.932
147,111,4.450498065561117,110,37.932
147,112,4.488430300751431,111,37.932
147,113,4.526362535941745,112,37.932
147,114,4.5643505204403265,113,37.988
147,115,4.602338504938908,114,37.988
147,116,4.64032648943749,115,37.988
147,117,4.678314473936071,116,37.988
147,118,4.716302458434653,117,37.988
147,119,4.754290442933234,118,37.988
147,120,4.792278427431816,119,37.988
147,121,4.830266411930397,120,37.988
147,122,4.868254396428979,121,37.988
147,123,4.90624238092756,122,37.988
147,124,4.944230365426142,123,37.988
147,125,4.9822183499247235,124,37.988
147,126,5.020206334423305,125,37.988
147,127,5.0581943189218865,126,37.988
147,128,5.096182303420468,127,37.988
148,1,0.2864330801704442,0,286.433
148,2,0.3241886302452615,1,37.756
148,3,0.3619441803200788,2,37.756
148,4,0.3996997303948961,3,37.756
148,5,0.4374552804697134,4,37.756
148,6,0.47521083054453067,5,37.756
148,7,0.512966380619348,6,37.756
148,8,0.5507219306941653,7,37.756
148,9,0.5884774807689827,8,37.756
148,10,0.6262330308438,9,37.756
148,11,0.6639885809186173,10,37.756
148,12,0.7017441309934347,11,37.756
148,13,0.739499681068252,12,37.756
148,14,0.7772552311430694,13,37.756
148,15,0.8150107812178867,14,37.756
148,16,0.8527663312927041,15,37.756
148,17,0.8905218813675214,16,37.756
148,18,0.9282774314423388,17,37.756
148,19,0.9660329815171561,18,37.756
148,20,1.0037885315919735,19,37.756
148,21,1.0415440816667907,20,37.756
148,22,1.079299631741608,21,37.756
148,23,1.1170551818164252,22,37.756
148,24,1.1548107318912424,23,37.756
148,25,1.1925662819660596,24,37.756
148,26,1.2303218320408769,25,37.756
148,27,1.268077382115694,26,37.756
148,28,1.3058329321905113,27,37.756
148,29,1.3435884822653286,28,37.756
148,30,1.3813440323401458,29,37.756
148,31,1.419099582414963,30,37.756
148,32,1.4568551324897803,31,37.756
148,33,1.4946106825645975,32,37.756
148,34,1.5323662326394147,33,37.756
148,35,1.570121782714232,34,37.756
148,36,1.6078773327890492,35,37.756
148,37,1.6456328828638664,36,37.756
148,38,1.6833884329386837,37,37.756
148,39,1.721143983013501,38,37.756
148,40,1.7588995330883181,39,37.756
148,41,1.7966550831631354,40,37.756
148,42,1.8344106332379526,41,37.756
148,43,1.8721661833127698,42,37.756
148,44,1.909921733387587,43,37.756
148,45,1.9476772834624043,44,37.756
148,46,1.9854328335372216,45,37.756
148,47,2.023188383612039,46,37.756
148,48,2.0609439336868562,47,37.756
148,49,2.0986994837616737,48,37.756
148,50,2.1366317189519872,49,37.932
148,51,2.1745639541423007,50,37.932
148,52,2.2124961893326143,51,37.932
148,53,2.250428424522928,52,37.932
148,54,2.2883606597132413,53,37.932
148,55,2.326292894903555,54,37.932
148,56,2.3642251300938684,55,37.932
148,57,2.402157365284182,56,37.932
148,58,2.4400896004744954,57,37.932
148,59,2.478021835664809,58,37.932
148,60,2.5159540708551225,59,37.932
148,61,2.553886306045436,60,37.932
148,62,2.5918185412357495,61,37.932
148,63,2.629750776426063,62,37.932
148,64,2.6676830116163766,63,37.932
148,65,2.70561524680669,64,37.932
148,66,2.7435474819970036,65,37.932
148,67,2.781479717187317,66,37.932
148,68,2.8194119523776306,67,37.932
148,69,2.857344187567944,68,37.932
148,70,2.8952764227582577,69,37.932
148,71,2.933208657948571,70,37.932
148,72,2.9711408931388847,71,37.932
148,73,3.0090731283291983,72,37.932
148,74,3.047005363519512,73,37.932
148,75,3.0849375987098253,74,37.932
148,76,3.122869833900139,75,37.932
148,77,3.1608020690904524,76,37.932
148,78,3.198734304280766,77,37.932
148,79,3.2366665394710794,78,37.932
148,80,3.274598774661393,79,37.932
148,81,3.3125310098517065,80,37.932
148,82,3.35046324504202,81,37.932
148,83,3.3883954802323335,82,37.932
148,84,3.426327715422647,83,37.932
148,85,3.4642599506129605,84,37.932
148,86,3.502192185803274,85,37.932
148,87,3.5401244209935876,86,37.932
148,88,3.578056656183901,87,37.932
148,89,3.6159888913742146,88,37.932
148,90,3.653921126564528,89,37.932
148,91,3.6918533617548417,90,37.932
148,92,3.729785596945155,91,37.932
148,93,3.7677178321354687,92,37.932
148,94,3.8056500673257823,93,37.932
148,95,3.843582302516096,94,37.932
148,96,3.8815145377064093,95,37.932
148,97,3.919446772896723,96,37.932
148,98,3.9573790080870364,97,37.932
148,99,3.99531124327735,98,37.932
148,100,4.033243478467663,99,37.932
148,101,4.071175713657977,100,37.932
148,102,4.109107948848291,101,37.932
148,103,4.147040184038605,102,37.932
148,104,4.184972419228919,103,37.932
148,105,4.222904654419233,104,37.932
148,106,4.260836889609547,105,37.932
148,107,4.298769124799861,106,37.932
148,108,4.336701359990175,107,37.932
148,109,4.374633595180489,108,37.932
148,110,4.412565830370803,109,37.932
148,111,4.450498065561117,110,37.932
148,112,4.488430300751431,111,37.932
148,113,4.526362535941745,112,37.932
148,114,4.5643505204403265,113,37.988
148,115,4.602338504938908,114,37.988
148,116,4.64032648943749,115,37.988
148,117,4.678314473936071,116,37.988
148,118,4.716302458434653,117,37.988
148,119,4.754290442933234,118,37.988
148,120,4.792278427431816,119,37.988
148,121,4.830266411930397,120,37.988
148,122,4.868254396428979,121,37.988
148,123,4.90624238092756,122,37.988
148,124,4.944230365426142,123,37.988
148,125,4.9822183499247235,124,37.988
148,126,5.020206334423305,125,37.988
148,127,5.0581943189218865,126,37.988
148,128,5.096182303420468,127,37.988
149,1,0.2864330801704442,0,286.433
149,2,0.3241886302452615,1,37.756
149,3,0.3619441803200788,2,37.756
149,4,0.3996997303948961,3,37.756
149,5,0.4374552804697134,4,37.756
149,6,0.47521083054453067,5,37.756
149,7,0.512966380619348,6,37.756
149,8,0.5507219306941653,7,37.756
149,9,0.5884774807689827,8,37.756
149,10,0.6262330308438,9,37.756
149,11,0.6639885809186173,10,37.756
149,12,0.7017441309934347,11,37.756
149,13,0.739499681068252,12,37.756
149,14,0.7772552311430694,13,37.756
149,15,0.8150107812178867,14,37.756
149,16,0.8527663312927041,15,37.756
149,17,0.8905218813675214,16,37.756
149,18,0.9282774314423388,17,37.756
149,19,0.9660329815171561,18,37.756
149,20,1.0037885315919735,19,37.756
149,21,1.0415440816667907,20,37.756
149,22,1.079299631741608,21,37.756
149,23,1.1170551818164252,22,37.756
149,24,1.1548107318912424,23,37.756
149,25,1.1925662819660596,24,37.756
149,26,1.2303218320408769,25,37.756
149,27,1.268077382115694,26,37.756
149,28,1.3058329321905113,27,37.756
149,29,1.3435884822653286,28,37.756
149,30,1.3813440323401458,29,37.756
149,31,1.419099582414963,30,37.756
149,32,1.4568551324897803,31,37.756
149,33,1.4946106825645975,32,37.756
149,34,1.5323662326394147,33,37.756
149,35,1.570121782714232,34,37.756
149,36,1.6078773327890492,35,37.756
149,37,1.6456328828638664,36,37.756
149,38,1.6833884329386837,37,37.756
149,39,1.721143983013501,38,37.756
149,40,1.7588995330883181,39,37.756
149,41,1.7966550831631354,40,37.756
149,42,1.8344106332379526,41,37.756
149,43,1.8721661833127698,42,37.756
149,44,1.909921733387587,43,37.756
149,45,1.9476772834624043,44,37.756
149,46,1.9854328335372216,45,37.756
149,47,2.023188383612039,46,37.756
149,48,2.0609439336868562,47,37.756
149,49,2.0986994837616737,48,37.756
149,50,2.1366317189519872,49,37.932
149,51,2.1745639541423007,50,37.932
149,52,2.2124961893326143,51,37.932
149,53,2.250428424522928,52,37.932
149,54,2.2883606597132413,53,37.932
149,55,2.326292894903555,54,37.932
149,56,2.3642251300938684,55,37.932
149,57,2.402157365284182,56,37.932
149,58,2.4400896004744954,57,37.932
149,59,2.478021835664809,58,37.932
149,60,2.5159540708551225,59,37.932
149,61,2.553886306045436,60,37.932
149,62,2.5918185412357495,61,37.932
149,63,2.629750776426063,62,37.932
149,64,2.6676830116163766,63,37.932
149,65,2.70561524680669,64,37.932
149,66,2.7435474819970036,65,37.932
149,67,2.781479717187317,66,37.932
149,68,2.8194119523776306,67,37.932
149,69,2.857344187567944,68,37.932
149,70,2.8952764227582577,69,37.932
149,71,2.933208657948571,70,37.932
149,72,2.9711408931388847,71,37.932
149,73,3.0090731283291983,72,37.932
149,74,3.047005363519512,73,37.932
149,75,3.0849375987098253,74,37.932
149,76,3.122869833900139,75,37.932
149,77,3.1608020690904524,76,37.932
149,78,3.198734304280766,77,37.932
149,79,3.2366665394710794,78,37.932
149,80,3.274598774661393,79,37.932
149,81,3.3125310098517065,80,37.932
149,82,3.35046324504202,81,37.932
149,83,3.3883954802323335,82,37.932
149,84,3.426327715422647,83,37.932
149,85,3.4642599506129605,84,37.932
149,86,3.502192185803274,85,37.932
149,87,3.5401244209935876,86,37.932
149,88,3.578056656183901,87,37.932
149,89,3.6159888913742146,88,37.932
149,90,3.653921126564528,89,37.932
149,91,3.6918533617548417,90,37.932
149,92,3.729785596945155,91,37.932
149,93,3.7677178321354687,92,37.932
149,94,3.8056500673257823,93,37.932
149,95,3.843582302516096,94,37.932
149,96,3.8815145377064093,95,37.932
149,97,3.919446772896723,96,37.932
149,98,3.9573790080870364,97,37.932
149,99,3.99531124327735,98,37.932
149,100,4.033243478467663,99,37.932
149,101,4.071175713657977,100,37.932
149,102,4.109107948848291,101,37.932
149,103,4.147040184038605,102,37.932
149,104,4.184972419228919,103,37.932
149,105,4.222904654419233,104,37.932
149,106,4.260836889609547,105,37.932
149,107,4.298769124799861,106,37.932
149,108,4.336701359990175,107,37.932
149,109,4.374633595180489,108,37.932
149,110,4.412565830370803,109,37.932
149,111,4.450498065561117,110,37.932
149,112,4.488430300751431,111,37.932
149,113,4.526362535941745,112,37.932
149,114,4.5643505204403265,113,37.988
149,115,4.602338504938908,114,37.988
149,116,4.64032648943749,115,37.988
149,117,4.678314473936071,116,37.988
149,118,4.716302458434653,117,37.988
149,119,4.754290442933234,118,37.988
149,120,4.792278427431816,119,37.988
149,121,4.830266411930397,120,37.988
149,122,4.868254396428979,121,37.988
149,123,4.90624238092756,122,37.988
149,124,4.944230365426142,123,37.988
149,125,4.9822183499247235,124,37.988
149,126,5.020206334423305,125,37.988
149,127,5.0581943189218865,126,37.988
149,128,5.096182303420468,127,37.988
150,1,0.2864330801704442,0,286.433
150,2,0.3241886302452615,1,37.756
150,3,0.3619441803200788,2,37.756
150,4,0.3996997303948961,3,37.756
150,5,0.4374552804697134,4,37.756
150,6,0.47521083054453067,5,37.756
150,7,0.512966380619348,6,37.756
150,8,0.5507219306941653,7,37.756
150,9,0.5884774807689827,8,37.756
150,10,0.6262330308438,9,37.756
150,11,0.6639885809186173,10,37.756
150,12,0.7017441309934347,11,37.756
150,13,0.739499681068252,12,37.756
150,14,0.7772552311430694,13,37.756
150,15,0.8150107812178867,14,37.756
150,16,0.8527663312927041,15,37.756
150,17,0.8905218813675214,16,37.756
150,18,0.9282774314423388,17,37.756
150,19,0.9660329815171561,18,37.756
150,20,1.0037885315919735,19,37.756
150,21,1.0415440816667907,20,37.756
150,22,1.079299631741608,21,37.756
150,23,1.1170551818164252,22,37.756
150,24,1.1548107318912424,23,37.756
150,25,1.1925662819660596,24,37.756
150,26,1.2303218320408769,25,37.756
150,27,1.268077382115694,26,37.756
150,28,1.3058329321905113,27,37.756
150,29,1.3435884822653286,28,37.756
150,30,1.3813440323401458,29,37.756
150,31,1.419099582414963,30,37.756
150,32,1.4568551324897803,31,37.756
150,33,1.4946106825645975,32,37.756
150,34,1.5323662326394147,33,37.756
150,35,1.570121782714232,34,37.756
150,36,1.6078773327890492,35,37.756
150,37,1.6456328828638664,36,37.756
150,38,1.6833884329386837,37,37.756
150,39,1.721143983013501,38,37.756
150,40,1.7588995330883181,39,37.756
150,41,1.7966550831631354,40,37.756
150,42,1.8344106332379526,41,37.756
150,43,1.8721661833127698,42,37.756
150,44,1.909921733387587,43,37.756
150,45,1.9476772834624043,44,37.756
150,46,1.9854328335372216,45,37.756
150,47,2.023188383612039,46,37.756
150,48,2.0609439336868562,47,37.756
150,49,2.0986994837616737,48,37.756
150,50,2.1366317189519872,49,37.932
150,51,2.1745639541423007,50,37.932
150,52,2.2124961893326143,51,37.932
150,53,2.250428424522928,52,37.932
150,54,2.2883606597132413,53,37.932
150,55,2.326292894903555,54,37.932
150,56,2.3642251300938684,55,37.932
150,57,2.402157365284182,56,37.932
150,58,2.4400896004744954,57,37.932
150,59,2.478021835664809,58,37.932
150,60,2.5159540708551225,59,37.932
150,61,2.553886306045436,60,37.932
150,62,2.5918185412357495,61,37.932
150,63,2.629750776426063,62,37.932
150,64,2.6676830116163766,63,37.932
150,65,2.70561524680669,64,37.932
150,66,2.7435474819970036,65,37.932
150,67,2.781479717187317,66,37.932
150,68,2.8194119523776306,67,37.932
150,69,2.857344187567944,68,37.932
150,70,2.8952764227582577,69,37.932
150,71,2.933208657948571,70,37.932
150,72,2.9711408931388847,71,37.932
150,73,3.0090731283291983,72,37.932
150,74,3.047005363519512,73,37.932
150,75,3.0849375987098253,74,37.932
150,76,3.122869833900139,75,37.932
150,77,3.1608020690904524,76,37.932
150,78,3.198734304280766,77,37.932
150,79,3.2366665394710794,78,37.932
150,80,3.274598774661393,79,37.932
150,81,3.3125310098517065,80,37.932
150,82,3.35046324504202,81,37.932
150,83,3.3883954802323335,82,37.932
150,84,3.426327715422647,83,37.932
150,85,3.4642599506129605,84,37.932
150,86,3.502192185803274,85,37.932
150,87,3.5401244209935876,86,37.932
150,88,3.578056656183901,87,37.932
150,89,3.6159888913742146,88,37.932
150,90,3.653921126564528,89,37.932
150,91,3.6918533617548417,90,37.932
150,92,3.729785596945155,91,37.932
150,93,3.7677178321354687,92,37.932
150,94,3.8056500673257823,93,37.932
150,95,3.843582302516096,94,37.932
150,96,3.8815145377064093,95,37.932
150,97,3.919446772896723,96,37.932
150,98,3.9573790080870364,97,37.932
150,99,3.99531124327735,98,37.932
150,100,4.033243478467663,99,37.932
150,101,4.071175713657977,100,37.932
150,102,4.109107948848291,101,37.932
150,103,4.147040184038605,102,37.932
150,104,4.184972419228919,103,37.932
150,105,4.222904654419233,104,37.932
150,106,4.260836889609547,105,37.932
150,107,4.298769124799861,106,37.932
150,108,4.336701359990175,107,37.932
150,109,4.374633595180489,108,37.932
150,110,4.412565830370803,109,37.932
150,111,4.450498065561117,110,37.932
150,112,4.488430300751431,111,37.932
150,113,4.526362535941745,112,37.932
150,114,4.5643505204403265,113,37.988
150,115,4.602338504938908,114,37.988
150,116,4.64032648943749,115,37.988
150,117,4.678314473936071,116,37.988
150,118,4.716302458434653,117,37.988
150,119,4.754290442933234,118,37.988
150,120,4.792278427431816,119,37.988
150,121,4.830266411930397,120,37.988
150,122,4.868254396428979,121,37.988
150,123,4.90624238092756,122,37.988
150,124,4.944230365426142,123,37.988
150,125,4.9822183499247235,124,37.988
150,126,5.020206334423305,125,37.988
150,127,5.0581943189218865,126,37.988
150,128,5.096182303420468,127,37.988
151,1,0.2864330801704442,0,286.433
151,2,0.3241886302452615,1,37.756
151,3,0.3619441803200788,2,37.756
151,4,0.3996997303948961,3,37.756
151,5,0.4374552804697134,4,37.756
151,6,0.47521083054453067,5,37.756
151,7,0.512966380619348,6,37.756
151,8,0.5507219306941653,7,37.756
151,9,0.5884774807689827,8,37.756
151,10,0.6262330308438,9,37.756
151,11,0.6639885809186173,10,37.756
151,12,0.7017441309934347,11,37.756
151,13,0.739499681068252,12,37.756
151,14,0.7772552311430694,13,37.756
151,15,0.8150107812178867,14,37.756
151,16,0.8527663312927041,15,37.756
151,17,0.8905218813675214,16,37.756
151,18,0.9282774314423388,17,37.756
151,19,0.9660329815171561,18,37.756
151,20,1.0037885315919735,19,37.756
151,21,1.0415440816667907,20,37.756
151,22,1.079299631741608,21,37.756
151,23,1.1170551818164252,22,37.756
151,24,1.1548107318912424,23,37.756
151,25,1.1925662819660596,24,37.756
151,26,1.2303218320408769,25,37.756
151,27,1.268077382115694,26,37.756
151,28,1.3058329321905113,27,37.756
151,29,1.3435884822653286,28,37.756
151,30,1.3813440323401458,29,37.756
151,31,1.419099582414963,30,37.756
151,32,1.4568551324897803,31,37.756
151,33,1.4946106825645975,32,37.756
151,34,1.5323662326394147,33,37.756
151,35,1.570121782714232,34,37.756
151,36,1.6078773327890492,35,37.756
151,37,1.6456328828638664,36,37.756
151,38,1.6833884329386837,37,37.756
151,39,1.721143983013501,38,37.756
151,40,1.7588995330883181,39,37.756
151,41,1.7966550831631354,40,37.756
151,42,1.8344106332379526,41,37.756
151,43,1.8721661833127698,42,37.756
151,44,1.909921733387587,43,37.756
151,45,1.9476772834624043,44,37.756
151,46,1.9854328335372216,45,37.756
151,47,2.023188383612039,46,37.756
151,48,2.0609439336868562,47,37.756
151,49,2.0986994837616737,48,37.756
151,50,2.1366317189519872,49,37.932
151,51,2.1745639541423007,50,37.932
151,52,2.2124961893326143,51,37.932
151,53,2.250428424522928,52,37.932
151,54,2.2883606597132413,53,37.932
151,55,2.326292894903555,54,37.932
151,56,2.3642251300938684,55,37.932
151,57,2.402157365284182,56,37.932
151,58,2.4400896004744954,57,37.932
151,59,2.478021835664809,58,37.932
151,60,2.5159540708551225,59,37.932
151,61,2.553886306045436,60,37.932
151,62,2.5918185412357495,61,37.932
151,63,2.629750776426063,62,37.932
151,64,2.6676830116163766,63,37.932
151,65,2.70561524680669,64,37.932
151,66,2.7435474819970036,65,37.932
151,67,2.781479717187317,66,37.932
151,68,2.8194119523776306,67,37.932
151,69,2.857344187567944,68,37.932
151,70,2.8952764227582577,69,37.932
151,71,2.933208657948571,70,37.932
151,72,2.9711408931388847,71,37.932
151,73,3.0090731283291983,72,37.932
151,74,3.047005363519512,73,37.932
151,75,3.0849375987098253,74,37.932
151,76,3.122869833900139,75,37.932
151,77,3.1608020690904524,76,37.932
151,78,3.198734304280766,77,37.932
151,79,3.2366665394710794,78,37.932
151,80,3.274598774661393,79,37.932
151,81,3.3125310098517065,80,37.932
151,82,3.35046324504202,81,37.932
151,83,3.3883954802323335,82,37.932
151,84,3.426327715422647,83,37.932
151,85,3.4642599506129605,84,37.932
151,86,3.502192185803274,85,37.932
151,87,3.5401244209935876,86,37.932
151,88,3.578056656183901,87,37.932
151,89,3.6159888913742146,88,37.932
151,90,3.653921126564528,89,37.932
151,91,3.6918533617548417,90,37.932
151,92,3.729785596945155,91,37.932
151,93,3.7677178321354687,92,37.932
151,94,3.8056500673257823,93,37.932
151,95,3.843582302516096,94,37.932
151,96,3.8815145377064093,95,37.932
151,97,3.919446772896723,96,37.932
151,98,3.9573790080870364,97,37.932
151,99,3.99531124327735,98,37.932
151,100,4.033243478467663,99,37.932
151,101,4.071175713657977,100,37.932
151,102,4.109107948848291,101,37.932
151,103,4.147040184038605,102,37.932
151,104,4.184972419228919,103,37.932
151,105,4.222904654419233,104,37.932
151,106,4.260836889609547,105,37.932
151,107,4.298769124799861,106,37.932
151,108,4.336701359990175,107,37.932
151,109,4.374633595180489,108,37.932
151,110,4.412565830370803,109,37.932
151,111,4.450498065561117,110,37.932
151,112,4.488430300751431,111,37.932
151,113,4.526362535941745,112,37.932
151,114,4.5643505204403265,113,37.988
151,115,4.602338504938908,114,37.988
151,116,4.64032648943749,115,37.988
151,117,4.678314473936071,116,37.988
151,118,4.716302458434653,117,37.988
151,119,4.754290442933234,118,37.988
151,120,4.792278427431816,119,37.988
151,121,4.830266411930397,120,37.988
151,122,4.868254396428979,121,37.988
151,123,4.90624238092756,122,37.988
151,124,4.944230365426142,123,37.988
151,125,4.9822183499247235,124,37.988
151,126,5.020206334423305,125,37.988
151,127,5.0581943189218865,126,37.988
151,128,5.096182303420468,127,37.988
152,1,0.2864330801704442,0,286.433
152,2,0.3241886302452615,1,37.756
152,3,0.3619441803200788,2,37.756
152,4,0.3996997303948961,3,37.756
152,5,0.4374552804697134,4,37.756
152,6,0.47521083054453067,5,37.756
152,7,0.512966380619348,6,37.756
152,8,0.5507219306941653,7,37.756
152,9,0.5884774807689827,8,37.756
152,10,0.6262330308438,9,37.756
152,11,0.6639885809186173,10,37.756
152,12,0.7017441309934347,11,37.756
152,13,0.739499681068252,12,37.756
152,14,0.7772552311430694,13,37.756
152,15,0.8150107812178867,14,37.756
152,16,0.8527663312927041,15,37.756
152,17,0.8905218813675214,16,37.756
152,18,0.9282774314423388,17,37.756
152,19,0.9660329815171561,18,37.756
152,20,1.0037885315919735,19,37.756
152,21,1.0415440816667907,20,37.756
152,22,1.079299631741608,21,37.756
152,23,1.1170551818164252,22,37.756
152,24,1.1548107318912424,23,37.756
152,25,1.1925662819660596,24,37.756
152,26,1.2303218320408769,25,37.756
152,27,1.268077382115694,26,37.756
152,28,1.3058329321905113,27,37.756
152,29,1.3435884822653286,28,37.756
152,30,1.3813440323401458,29,37.756
152,31,1.419099582414963,30,37.756
152,32,1.4568551324897803,31,37.756
152,33,1.4946106825645975,32,37.756
152,34,1.5323662326394147,33,37.756
152,35,1.570121782714232,34,37.756
152,36,1.6078773327890492,35,37.756
152,37,1.6456328828638664,36,37.756
152,38,1.6833884329386837,37,37.756
152,39,1.721143983013501,38,37.756
152,40,1.7588995330883181,39,37.756
152,41,1.7966550831631354,40,37.756
152,42,1.8344106332379526,41,37.756
152,43,1.8721661833127698,42,37.756
152,44,1.909921733387587,43,37.756
152,45,1.9476772834624043,44,37.756
152,46,1.9854328335372216,45,37.756
152,47,2.023188383612039,46,37.756
152,48,2.0609439336868562,47,37.756
152,49,2.0986994837616737,48,37.756
152,50,2.1366317189519872,49,37.932
152,51,2.1745639541423007,50,37.932
152,52,2.2124961893326143,51,37.932
152,53,2.250428424522928,52,37.932
152,54,2.2883606597132413,53,37.932
152,55,2.326292894903555,54,37.932
152,56,2.3642251300938684,55,37.932
152,57,2.402157365284182,56,37.932
152,58,2.4400896004744954,57,37.932
152,59,2.478021835664809,58,37.932
152,60,2.5159540708551225,59,37.932
152,61,2.553886306045436,60,37.932
152,62,2.5918185412357495,61,37.932
152,63,2.629750776426063,62,37.932
152,64,2.6676830116163766,63,37.932
152,65,2.70561524680669,64,37.932
152,66,2.7435474819970036,65,37.932
152,67,2.781479717187317,66,37.932
152,68,2.8194119523776306,67,37.932
152,69,2.857344187567944,68,37.932
152,70,2.8952764227582577,69,37.932
152,71,2.933208657948571,70,37.932
152,72,2.9711408931388847,71,37.932
152,73,3.0090731283291983,72,37.932
152,74,3.047005363519512,73,37.932
152,75,3.0849375987098253,74,37.932
152,76,3.122869833900139,75,37.932
152,77,3.1608020690904524,76,37.932
152,78,3.198734304280766,77,37.932
152,79,3.2366665394710794,78,37.932
152,80,3.274598774661393,79,37.932
152,81,3.3125310098517065,80,37.932
152,82,3.35046324504202,81,37.932
152,83,3.3883954802323335,82,37.932
152,84,3.426327715422647,83,37.932
152,85,3.4642599506129605,84,37.932
152,86,3.502192185803274,85,37.932
152,87,3.5401244209935876,86,37.932
152,88,3.578056656183901,87,37.932
152,89,3.6159888913742146,88,37.932
152,90,3.653921126564528,89,37.932
152,91,3.6918533617548417,90,37.932
152,92,3.729785596945155,91,37.932
152,93,3.7677178321354687,92,37.932
152,94,3.8056500673257823,93,37.932
152,95,3.843582302516096,94,37.932
152,96,3.8815145377064093,95,37.932
152,97,3.919446772896723,96,37.932
152,98,3.9573790080870364,97,37.932
152,99,3.99531124327735,98,37.932
152,100,4.033243478467663,99,37.932
152,101,4.071175713657977,100,37.932
152,102,4.109107948848291,101,37.932
152,103,4.147040184038605,102,37.932
152,104,4.184972419228919,103,37.932
152,105,4.222904654419233,104,37.932
152,106,4.260836889609547,105,37.932
152,107,4.298769124799861,106,37.932
152,108,4.336701359990175,107,37.932
152,109,4.374633595180489,108,37.932
152,110,4.412565830370803,109,37.932
152,111,4.450498065561117,110,37.932
152,112,4.488430300751431,111,37.932
152,113,4.526362535941745,112,37.932
152,114,4.5643505204403265,113,37.988
152,115,4.602338504938908,114,37.988
152,116,4.64032648943749,115,37.988
152,117,4.678314473936071,116,37.988
152,118,4.716302458434653,117,37.988
152,119,4.754290442933234,118,37.988
152,120,4.792278427431816,119,37.988
152,121,4.830266411930397,120,37.988
152,122,4.868254396428979,121,37.988
152,123,4.90624238092756,122,37.988
152,124,4.944230365426142,123,37.988
152,125,4.9822183499247235,124,37.988
152,126,5.020206334423305,125,37.988
152,127,5.0581943189218865,126,37.988
152,128,5.096182303420468,127,37.988
153,1,0.2864330801704442,0,286.433
153,2,0.3241886302452615,1,37.756
153,3,0.3619441803200788,2,37.756
153,4,0.3996997303948961,3,37.756
153,5,0.4374552804697134,4,37.756
153,6,0.47521083054453067,5,37.756
153,7,0.512966380619348,6,37.756
153,8,0.5507219306941653,7,37.756
153,9,0.5884774807689827,8,37.756
153,10,0.6262330308438,9,37.756
153,11,0.6639885809186173,10,37.756
153,12,0.7017441309934347,11,37.756
153,13,0.739499681068252,12,37.756
153,14,0.7772552311430694,13,37.756
153,15,0.8150107812178867,14,37.756
153,16,0.8527663312927041,15,37.756
153,17,0.8905218813675214,16,37.756
153,18,0.9282774314423388,17,37.756
153,19,0.9660329815171561,18,37.756
153,20,1.0037885315919735,19,37.756
153,21,1.0415440816667907,20,37.756
153,22,1.079299631741608,21,37.756
153,23,1.1170551818164252,22,37.756
153,24,1.1548107318912424,23,37.756
153,25,1.1925662819660596,24,37.756
153,26,1.2303218320408769,25,37.756
153,27,1.268077382115694,26,37.756
153,28,1.3058329321905113,27,37.756
153,29,1.3435884822653286,28,37.756
153,30,1.3813440323401458,29,37.756
153,31,1.419099582414963,30,37.756
153,32,1.4568551324897803,31,37.756
153,33,1.4946106825645975,32,37.756
153,34,1.5323662326394147,33,37.756
153,35,1.570121782714232,34,37.756
153,36,1.6078773327890492,35,37.756
153,37,1.6456328828638664,36,37.756
153,38,1.6833884329386837,37,37.756
153,39,1.721143983013501,38,37.756
153,40,1.7588995330883181,39,37.756
153,41,1.7966550831631354,40,37.756
153,42,1.8344106332379526,41,37.756
153,43,1.8721661833127698,42,37.756
153,44,1.909921733387587,43,37.756
153,45,1.9476772834624043,44,37.756
153,46,1.9854328335372216,45,37.756
153,47,2.023188383612039,46,37.756
153,48,2.0609439336868562,47,37.756
153,49,2.0986994837616737,48,37.756
153,50,2.1366317189519872,49,37.932
153,51,2.1745639541423007,50,37.932
153,52,2.2124961893326143,51,37.932
153,53,2.250428424522928,52,37.932
153,54,2.2883606597132413,53,37.932
153,55,2.326292894903555,54,37.932
153,56,2.3642251300938684,55,37.932
153,57,2.402157365284182,56,37.932
153,58,2.4400896004744954,57,37.932
153,59,2.478021835664809,58,37.932
153,60,2.5159540708551225,59,37.932
153,61,2.553886306045436,60,37.932
153,62,2.5918185412357495,61,37.932
153,63,2.629750776426063,62,37.932
153,64,2.6676830116163766,63,37.932
153,65,2.70561524680669,64,37.932
153,66,2.7435474819970036,65,37.932
153,67,2.781479717187317,66,37.932
153,68,2.8194119523776306,67,37.932
153,69,2.857344187567944,68,37.932
153,70,2.8952764227582577,69,37.932
153,71,2.933208657948571,70,37.932
153,72,2.9711408931388847,71,37.932
153,73,3.0090731283291983,72,37.932
153,74,3.047005363519512,73,37.932
153,75,3.0849375987098253,74,37.932
153,76,3.122869833900139,75,37.932
153,77,3.1608020690904524,76,37.932
153,78,3.198734304280766,77,37.932
153,79,3.2366665394710794,78,37.932
153,80,3.274598774661393,79,37.932
153,81,3.3125310098517065,80,37.932
153,82,3.35046324504202,81,37.932
153,83,3.3883954802323335,82,37.932
153,84,3.426327715422647,83,37.932
153,85,3.4642599506129605,84,37.932
153,86,3.502192185803274,85,37.932
153,87,3.5401244209935876,86,37.932
153,88,3.578056656183901,87,37.932
153,89,3.6159888913742146,88,37.932
153,90,3.653921126564528,89,37.932
153,91,3.6918533617548417,90,37.932
153,92,3.729785596945155,91,37.932
153,93,3.7677178321354687,92,37.932
153,94,3.8056500673257823,93,37.932
153,95,3.843582302516096,94,37.932
153,96,3.8815145377064093,95,37.932
153,97,3.919446772896723,96,37.932
153,98,3.9573790080870364,97,37.932
153,99,3.99531124327735,98,37.932
153,100,4.033243478467663,99,37.932
153,101,4.071175713657977,100,37.932
153,102,4.109107948848291,101,37.932
153,103,4.147040184038605,102,37.932
153,104,4.184972419228919,103,37.932
153,105,4.222904654419233,104,37.932
153,106,4.260836889609547,105,37.932
153,107,4.298769124799861,106,37.932
153,108,4.336701359990175,107,37.932
153,109,4.374633595180489,108,37.932
153,110,4.412565830370803,109,37.932
153,111,4.450498065561117,110,37.932
153,112,4.488430300751431,111,37.932
153,113,4.526362535941745,112,37.932
153,114,4.5643505204403265,113,37.988
153,115,4.602338504938908,114,37.988
153,116,4.64032648943749,115,37.988
153,117,4.678314473936071,116,37.988
153,118,4.716302458434653,117,37.988
153,119,4.754290442933234,118,37.988
153,120,4.792278427431816,119,37.988
153,121,4.830266411930397,120,37.988
153,122,4.868254396428979,121,37.988
153,123,4.90624238092756,122,37.988
153,124,4.944230365426142,123,37.988
153,125,4.9822183499247235,124,37.988
153,126,5.020206334423305,125,37.988
153,127,5.0581943189218865,126,37.988
153,128,5.096182303420468,127,37.988
154,1,0.2864330801704442,0,286.433
154,2,0.3241886302452615,1,37.756
154,3,0.3619441803200788,2,37.756
154,4,0.3996997303948961,3,37.756
154,5,0.4374552804697134,4,37.756
154,6,0.47521083054453067,5,37.756
154,7,0.512966380619348,6,37.756
154,8,0.5507219306941653,7,37.756
154,9,0.5884774807689827,8,37.756
154,10,0.6262330308438,9,37.756
154,11,0.6639885809186173,10,37.756
154,12,0.7017441309934347,11,37.756
154,13,0.739499681068252,12,37.756
154,14,0.7772552311430694,13,37.756
154,15,0.8150107812178867,14,37.756
154,16,0.8527663312927041,15,37.756
154,17,0.8905218813675214,16,37.756
154,18,0.9282774314423388,17,37.756
154,19,0.9660329815171561,18,37.756
154,20,1.0037885315919735,19,37.756
154,21,1.0415440816667907,20,37.756
154,22,1.079299631741608,21,37.756
154,23,1.1170551818164252,22,37.756
154,24,1.1548107318912424,23,37.756
154,25,1.1925662819660596,24,37.756
154,26,1.2303218320408769,25,37.756
154,27,1.268077382115694,26,37.756
154,28,1.3058329321905113,27,37.756
154,29,1.3435884822653286,28,37.756
154,30,1.3813440323401458,29,37.756
154,31,1.419099582414963,30,37.756
154,32,1.4568551324897803,31,37.756
154,33,1.4946106825645975,32,37.756
154,34,1.5323662326394147,33,37.756
154,35,1.570121782714232,34,37.756
154,36,1.6078773327890492,35,37.756
154,37,1.6456328828638664,36,37.756
154,38,1.6833884329386837,37,37.756
154,39,1.721143983013501,38,37.756
154,40,1.7588995330883181,39,37.756
154,41,1.7966550831631354,40,37.756
154,42,1.8344106332379526,41,37.756
154,43,1.8721661833127698,42,37.756
154,44,1.909921733387587,43,37.756
154,45,1.9476772834624043,44,37.756
154,46,1.9854328335372216,45,37.756
154,47,2.023188383612039,46,37.756
154,48,2.0609439336868562,47,37.756
154,49,2.0986994837616737,48,37.756
154,50,2.1366317189519872,49,37.932
154,51,2.1745639541423007,50,37.932
154,52,2.2124961893326143,51,37.932
154,53,2.250428424522928,52,37.932
154,54,2.2883606597132413,53,37.932
154,55,2.326292894903555,54,37.932
154,56,2.3642251300938684,55,37.932
154,57,2.402157365284182,56,37.932
154,58,2.4400896004744954,57,37.932
154,59,2.478021835664809,58,37.932
154,60,2.5159540708551225,59,37.932
154,61,2.553886306045436,60,37.932
154,62,2.5918185412357495,61,37.932
154,63,2.629750776426063,62,37.932
154,64,2.6676830116163766,63,37.932
154,65,2.70561524680669,64,37.932
154,66,2.7435474819970036,65,37.932
154,67,2.781479717187317,66,37.932
154,68,2.8194119523776306,67,37.932
154,69,2.857344187567944,68,37.932
154,70,2.8952764227582577,69,37.932
154,71,2.933208657948571,70,37.932
154,72,2.9711408931388847,71,37.932
154,73,3.0090731283291983,72,37.932
154,74,3.047005363519512,73,37.932
154,75,3.0849375987098253,74,37.932
154,76,3.122869833900139,75,37.932
154,77,3.1608020690904524,76,37.932
154,78,3.198734304280766,77,37.932
154,79,3.2366665394710794,78,37.932
154,80,3.274598774661393,79,37.932
154,81,3.3125310098517065,80,37.932
154,82,3.35046324504202,81,37.932
154,83,3.3883954802323335,82,37.932
154,84,3.426327715422647,83,37.932
154,85,3.4642599506129605,84,37.932
154,86,3.502192185803274,85,37.932
154,87,3.5401244209935876,86,37.932
154,88,3.578056656183901,87,37.932
154,89,3.6159888913742146,88,37.932
154,90,3.653921126564528,89,37.932
154,91,3.6918533617548417,90,37.932
154,92,3.729785596945155,91,37.932
154,93,3.7677178321354687,92,37.932
154,94,3.8056500673257823,93,37.932
154,95,3.843582302516096,94,37.932
154,96,3.8815145377064093,95,37.932
154,97,3.919446772896723,96,37.932
154,98,3.9573790080870364,97,37.932
154,99,3.99531124327735,98,37.932
154,100,4.033243478467663,99,37.932
154,101,4.071175713657977,100,37.932
154,102,4.109107948848291,101,37.932
154,103,4.147040184038605,102,37.932
154,104,4.184972419228919,103,37.932
154,105,4.222904654419233,104,37.932
154,106,4.260836889609547,105,37.932
154,107,4.298769124799861,106,37.932
154,108,4.336701359990175,107,37.932
154,109,4.374633595180489,108,37.932
154,110,4.412565830370803,109,37.932
154,111,4.450498065561117,110,37.932
154,112,4.488430300751431,111,37.932
154,113,4.526362535941745,112,37.932
154,114,4.5643505204403265,113,37.988
154,115,4.602338504938908,114,37.988
154,116,4.64032648943749,115,37.988
154,117,4.678314473936071,116,37.988
154,118,4.716302458434653,117,37.988
154,119,4.754290442933234,118,37.988
154,120,4.792278427431816,119,37.988
154,121,4.830266411930397,120,37.988
154,122,4.868254396428979,121,37.988
154,123,4.90624238092756,122,37.988
154,124,4.944230365426142,123,37.988
154,125,4.9822183499247235,124,37.988
154,126,5.020206334423305,125,37.988
154,127,5.0581943189218865,126,37.988
154,128,5.096182303420468,127,37.988
155,1,0.2864330801704442,0,286.433
155,2,0.3241886302452615,1,37.756
155,3,0.3619441803200788,2,37.756
155,4,0.3996997303948961,3,37.756
155,5,0.4374552804697134,4,37.756
155,6,0.47521083054453067,5,37.756
155,7,0.512966380619348,6,37.756
155,8,0.5507219306941653,7,37.756
155,9,0.5884774807689827,8,37.756
155,10,0.6262330308438,9,37.756
155,11,0.6639885809186173,10,37.756
155,12,0.7017441309934347,11,37.756
155,13,0.739499681068252,12,37.756
155,14,0.7772552311430694,13,37.756
155,15,0.8150107812178867,14,37.756
155,16,0.8527663312927041,15,37.756
155,17,0.8905218813675214,16,37.756
155,18,0.9282774314423388,17,37.756
155,19,0.9660329815171561,18,37.756
155,20,1.0037885315919735,19,37.756
155,21,1.0415440816667907,20,37.756
155,22,1.079299631741608,21,37.756
155,23,1.1170551818164252,22,37.756
155,24,1.1548107318912424,23,37.756
155,25,1.1925662819660596,24,37.756
155,26,1.2303218320408769,25,37.756
155,27,1.268077382115694,26,37.756
155,28,1.3058329321905113,27,37.756
155,29,1.3435884822653286,28,37.756
155,30,1.3813440323401458,29,37.756
155,31,1.419099582414963,30,37.756
155,32,1.4568551324897803,31,37.756
155,33,1.4946106825645975,32,37.756
155,34,1.5323662326394147,33,37.756
155,35,1.570121782714232,34,37.756
155,36,1.6078773327890492,35,37.756
155,37,1.6456328828638664,36,37.756
155,38,1.6833884329386837,37,37.756
155,39,1.721143983013501,38,37.756
155,40,1.7588995330883181,39,37.756
155,41,1.7966550831631354,40,37.756
155,42,1.8344106332379526,41,37.756
155,43,1.8721661833127698,42,37.756
155,44,1.909921733387587,43,37.756
155,45,1.9476772834624043,44,37.756
155,46,1.9854328335372216,45,37.756
155,47,2.023188383612039,46,37.756
155,48,2.0609439336868562,47,37.756
155,49,2.0986994837616737,48,37.756
155,50,2.1366317189519872,49,37.932
155,51,2.1745639541423007,50,37.932
155,52,2.2124961893326143,51,37.932
155,53,2.250428424522928,52,37.932
155,54,2.2883606597132413,53,37.932
155,55,2.326292894903555,54,37.932
155,56,2.3642251300938684,55,37.932
155,57,2.402157365284182,56,37.932
155,58,2.4400896004744954,57,37.932
155,59,2.478021835664809,58,37.932
155,60,2.5159540708551225,59,37.932
155,61,2.553886306045436,60,37.932
155,62,2.5918185412357495,61,37.932
155,63,2.629750776426063,62,37.932
155,64,2.6676830116163766,63,37.932
155,65,2.70561524680669,64,37.932
155,66,2.7435474819970036,65,37.932
155,67,2.781479717187317,66,37.932
155,68,2.8194119523776306,67,37.932
155,69,2.857344187567944,68,37.932
155,70,2.8952764227582577,69,37.932
155,71,2.933208657948571,70,37.932
155,72,2.9711408931388847,71,37.932
155,73,3.0090731283291983,72,37.932
155,74,3.047005363519512,73,37.932
155,75,3.0849375987098253,74,37.932
155,76,3.122869833900139,75,37.932
155,77,3.1608020690904524,76,37.932
155,78,3.198734304280766,77,37.932
155,79,3.2366665394710794,78,37.932
155,80,3.274598774661393,79,37.932
155,81,3.3125310098517065,80,37.932
155,82,3.35046324504202,81,37.932
155,83,3.3883954802323335,82,37.932
155,84,3.426327715422647,83,37.932
155,85,3.4642599506129605,84,37.932
155,86,3.502192185803274,85,37.932
155,87,3.5401244209935876,86,37.932
155,88,3.578056656183901,87,37.932
155,89,3.6159888913742146,88,37.932
155,90,3.653921126564528,89,37.932
155,91,3.6918533617548417,90,37.932
155,92,3.729785596945155,91,37.932
155,93,3.7677178321354687,92,37.932
155,94,3.8056500673257823,93,37.932
155,95,3.843582302516096,94,37.932
155,96,3.8815145377064093,95,37.932
155,97,3.919446772896723,96,37.932
155,98,3.9573790080870364,97,37.932
155,99,3.99531124327735,98,37.932
155,100,4.033243478467663,99,37.932
155,101,4.071175713657977,100,37.932
155,102,4.109107948848291,101,37.932
155,103,4.147040184038605,102,37.932
155,104,4.184972419228919,103,37.932
155,105,4.222904654419233,104,37.932
155,106,4.260836889609547,105,37.932
155,107,4.298769124799861,106,37.932
155,108,4.336701359990175,107,37.932
155,109,4.374633595180489,108,37.932
155,110,4.412565830370803,109,37.932
155,111,4.450498065561117,110,37.932
155,112,4.488430300751431,111,37.932
155,113,4.526362535941745,112,37.932
155,114,4.5643505204403265,113,37.988
155,115,4.602338504938908,114,37.988
155,116,4.64032648943749,115,37.988
155,117,4.678314473936071,116,37.988
155,118,4.716302458434653,117,37.988
155,119,4.754290442933234,118,37.988
155,120,4.792278427431816,119,37.988
155,121,4.830266411930397,120,37.988
155,122,4.868254396428979,121,37.988
155,123,4.90624238092756,122,37.988
155,124,4.944230365426142,123,37.988
155,125,4.9822183499247235,124,37.988
155,126,5.020206334423305,125,37.988
155,127,5.0581943189218865,126,37.988
155,128,5.096182303420468,127,37.988
156,1,0.2864330801704442,0,286.433
156,2,0.3241886302452615,1,37.756
156,3,0.3619441803200788,2,37.756
156,4,0.3996997303948961,3,37.756
156,5,0.4374552804697134,4,37.756
156,6,0.47521083054453067,5,37.756
156,7,0.512966380619348,6,37.756
156,8,0.5507219306941653,7,37.756
156,9,0.5884774807689827,8,37.756
156,10,0.6262330308438,9,37.756
156,11,0.6639885809186173,10,37.756
156,12,0.7017441309934347,11,37.756
156,13,0.739499681068252,12,37.756
156,14,0.7772552311430694,13,37.756
156,15,0.8150107812178867,14,37.756
156,16,0.8527663312927041,15,37.756
156,17,0.8905218813675214,16,37.756
156,18,0.9282774314423388,17,37.756
156,19,0.9660329815171561,18,37.756
156,20,1.0037885315919735,19,37.756
156,21,1.0415440816667907,20,37.756
156,22,1.079299631741608,21,37.756
156,23,1.1170551818164252,22,37.756
156,24,1.1548107318912424,23,37.756
156,25,1.1925662819660596,24,37.756
156,26,1.2303218320408769,25,37.756
156,27,1.268077382115694,26,37.756
156,28,1.3058329321905113,27,37.756
156,29,1.3435884822653286,28,37.756
156,30,1.3813440323401458,29,37.756
156,31,1.419099582414963,30,37.756
156,32,1.4568551324897803,31,37.756
156,33,1.4946106825645975,32,37.756
156,34,1.5323662326394147,33,37.756
156,35,1.570121782714232,34,37.756
156,36,1.6078773327890492,35,37.756
156,37,1.6456328828638664,36,37.756
156,38,1.6833884329386837,37,37.756
156,39,1.721143983013501,38,37.756
156,40,1.7588995330883181,39,37.756
156,41,1.7966550831631354,40,37.756
156,42,1.8344106332379526,41,37.756
156,43,1.8721661833127698,42,37.756
156,44,1.909921733387587,43,37.756
156,45,1.9476772834624043,44,37.756
156,46,1.9854328335372216,45,37.756
156,47,2.023188383612039,46,37.756
156,48,2.0609439336868562,47,37.756
156,49,2.0986994837616737,48,37.756
156,50,2.1366317189519872,49,37.932
156,51,2.1745639541423007,50,37.932
156,52,2.2124961893326143,51,37.932
156,53,2.250428424522928,52,37.932
156,54,2.2883606597132413,53,37.932
156,55,2.326292894903555,54,37.932
156,56,2.3642251300938684,55,37.932
156,57,2.402157365284182,56,37.932
156,58,2.4400896004744954,57,37.932
156,59,2.478021835664809,58,37.932
156,60,2.5159540708551225,59,37.932
156,61,2.553886306045436,60,37.932
156,62,2.5918185412357495,61,37.932
156,63,2.629750776426063,62,37.932
156,64,2.6676830116163766,63,37.932
156,65,2.70561524680669,64,37.932
156,66,2.7435474819970036,65,37.932
156,67,2.781479717187317,66,37.932
156,68,2.8194119523776306,67,37.932
156,69,2.857344187567944,68,37.932
156,70,2.8952764227582577,69,37.932
156,71,2.933208657948571,70,37.932
156,72,2.9711408931388847,71,37.932
156,73,3.0090731283291983,72,37.932
156,74,3.047005363519512,73,37.932
156,75,3.0849375987098253,74,37.932
156,76,3.122869833900139,75,37.932
156,77,3.1608020690904524,76,37.932
156,78,3.198734304280766,77,37.932
156,79,3.2366665394710794,78,37.932
156,80,3.274598774661393,79,37.932
156,81,3.3125310098517065,80,37.932
156,82,3.35046324504202,81,37.932
156,83,3.3883954802323335,82,37.932
156,84,3.426327715422647,83,37.932
156,85,3.4642599506129605,84,37.932
156,86,3.502192185803274,85,37.932
156,87,3.5401244209935876,86,37.932
156,88,3.578056656183901,87,37.932
156,89,3.6159888913742146,88,37.932
156,90,3.653921126564528,89,37.932
156,91,3.6918533617548417,90,37.932
156,92,3.729785596945155,91,37.932
156,93,3.7677178321354687,92,37.932
156,94,3.8056500673257823,93,37.932
156,95,3.843582302516096,94,37.932
156,96,3.8815145377064093,95,37.932
156,97,3.919446772896723,96,37.932
156,98,3.9573790080870364,97,37.932
156,99,3.99531124327735,98,37.932
156,100,4.033243478467663,99,37.932
156,101,4.071175713657977,100,37.932
156,102,4.109107948848291,101,37.932
156,103,4.147040184038605,102,37.932
156,104,4.184972419228919,103,37.932
156,105,4.222904654419233,104,37.932
156,106,4.260836889609547,105,37.932
156,107,4.298769124799861,106,37.932
156,108,4.336701359990175,107,37.932
156,109,4.374633595180489,108,37.932
156,110,4.412565830370803,109,37.932
156,111,4.450498065561117,110,37.932
156,112,4.488430300751431,111,37.932
156,113,4.526362535941745,112,37.932
156,114,4.5643505204403265,113,37.988
156,115,4.602338504938908,114,37.988
156,116,4.64032648943749,115,37.988
156,117,4.678314473936071,116,37.988
156,118,4.716302458434653,117,37.988
156,119,4.754290442933234,118,37.988
156,120,4.792278427431816,119,37.988
156,121,4.830266411930397,120,37.988
156,122,4.868254396428979,121,37.988
156,123,4.90624238092756,122,37.988
156,124,4.944230365426142,123,37.988
156,125,4.9822183499247235,124,37.988
156,126,5.020206334423305,125,37.988
156,127,5.0581943189218865,126,37.988
156,128,5.096182303420468,127,37.988
157,1,0.2864330801704442,0,286.433
157,2,0.3241886302452615,1,37.756
157,3,0.3619441803200788,2,37.756
157,4,0.3996997303948961,3,37.756
157,5,0.4374552804697134,4,37.756
157,6,0.47521083054453067,5,37.756
157,7,0.512966380619348,6,37.756
157,8,0.5507219306941653,7,37.756
157,9,0.5884774807689827,8,37.756
157,10,0.6262330308438,9,37.756
157,11,0.6639885809186173,10,37.756
157,12,0.7017441309934347,11,37.756
157,13,0.739499681068252,12,37.756
157,14,0.7772552311430694,13,37.756
157,15,0.8150107812178867,14,37.756
157,16,0.8527663312927041,15,37.756
157,17,0.8905218813675214,16,37.756
157,18,0.9282774314423388,17,37.756
157,19,0.9660329815171561,18,37.756
157,20,1.0037885315919735,19,37.756
157,21,1.0415440816667907,20,37.756
157,22,1.079299631741608,21,37.756
157,23,1.1170551818164252,22,37.756
157,24,1.1548107318912424,23,37.756
157,25,1.1925662819660596,24,37.756
157,26,1.2303218320408769,25,37.756
157,27,1.268077382115694,26,37.756
157,28,1.3058329321905113,27,37.756
157,29,1.3435884822653286,28,37.756
157,30,1.3813440323401458,29,37.756
157,31,1.419099582414963,30,37.756
157,32,1.4568551324897803,31,37.756
157,33,1.4946106825645975,32,37.756
157,34,1.5323662326394147,33,37.756
157,35,1.570121782714232,34,37.756
157,36,1.6078773327890492,35,37.756
157,37,1.6456328828638664,36,37.756
157,38,1.6833884329386837,37,37.756
157,39,1.721143983013501,38,37.756
157,40,1.7588995330883181,39,37.756
157,41,1.7966550831631354,40,37.756
157,42,1.8344106332379526,41,37.756
157,43,1.8721661833127698,42,37.756
157,44,1.909921733387587,43,37.756
157,45,1.9476772834624043,44,37.756
157,46,1.9854328335372216,45,37.756
157,47,2.023188383612039,46,37.756
157,48,2.0609439336868562,47,37.756
157,49,2.0986994837616737,48,37.756
157,50,2.1366317189519872,49,37.932
157,51,2.1745639541423007,50,37.932
157,52,2.2124961893326143,51,37.932
157,53,2.250428424522928,52,37.932
157,54,2.2883606597132413,53,37.932
157,55,2.326292894903555,54,37.932
157,56,2.3642251300938684,55,37.932
157,57,2.402157365284182,56,37.932
157,58,2.4400896004744954,57,37.932
157,59,2.478021835664809,58,37.932
157,60,2.5159540708551225,59,37.932
157,61,2.553886306045436,60,37.932
157,62,2.5918185412357495,61,37.932
157,63,2.629750776426063,62,37.932
157,64,2.6676830116163766,63,37.932
157,65,2.70561524680669,64,37.932
157,66,2.7435474819970036,65,37.932
157,67,2.781479717187317,66,37.932
157,68,2.8194119523776306,67,37.932
157,69,2.857344187567944,68,37.932
157,70,2.8952764227582577,69,37.932
157,71,2.933208657948571,70,37.932
157,72,2.9711408931388847,71,37.932
157,73,3.0090731283291983,72,37.932
157,74,3.047005363519512,73,37.932
157,75,3.0849375987098253,74,37.932
157,76,3.122869833900139,75,37.932
157,77,3.1608020690904524,76,37.932
157,78,3.198734304280766,77,37.932
157,79,3.2366665394710794,78,37.932
157,80,3.274598774661393,79,37.932
157,81,3.3125310098517065,80,37.932
157,82,3.35046324504202,81,37.932
157,83,3.3883954802323335,82,37.932
157,84,3.426327715422647,83,37.932
157,85,3.4642599506129605,84,37.932
157,86,3.502192185803274,85,37.932
157,87,3.5401244209935876,86,37.932
157,88,3.578056656183901,87,37.932
157,89,3.6159888913742146,88,37.932
157,90,3.653921126564528,89,37.932
157,91,3.6918533617548417,90,37.932
157,92,3.729785596945155,91,37.932
157,93,3.7677178321354687,92,37.932
157,94,3.8056500673257823,93,37.932
157,95,3.843582302516096,94,37.932
157,96,3.8815145377064093,95,37.932
157,97,3.919446772896723,96,37.932
157,98,3.9573790080870364,97,37.932
157,99,3.99531124327735,98,37.932
157,100,4.033243478467663,99,37.932
157,101,4.071175713657977,100,37.932
157,102,4.109107948848291,101,37.932
157,103,4.147040184038605,102,37.932
157,104,4.184972419228919,103,37.932
157,105,4.222904654419233,104,37.932
157,106,4.260836889609547,105,37.932
157,107,4.298769124799861,106,37.932
157,108,4.336701359990175,107,37.932
157,109,4.374633595180489,108,37.932
157,110,4.412565830370803,109,37.932
157,111,4.450498065561117,110,37.932
157,112,4.488430300751431,111,37.932
157,113,4.526362535941745,112,37.932
157,114,4.5643505204403265,113,37.988
157,115,4.602338504938908,114,37.988
157,116,4.64032648943749,115,37.988
157,117,4.678314473936071,116,37.988
157,118,4.716302458434653,117,37.988
157,119,4.754290442933234,118,37.988
157,120,4.792278427431816,119,37.988
157,121,4.830266411930397,120,37.988
157,122,4.868254396428979,121,37.988
157,123,4.90624238092756,122,37.988
157,124,4.944230365426142,123,37.988
157,125,4.9822183499247235,124,37.988
157,126,5.020206334423305,125,37.988
157,127,5.0581943189218865,126,37.988
157,128,5.096182303420468,127,37.988
158,1,0.2864330801704442,0,286.433
158,2,0.3241886302452615,1,37.756
158,3,0.3619441803200788,2,37.756
158,4,0.3996997303948961,3,37.756
158,5,0.4374552804697134,4,37.756
158,6,0.47521083054453067,5,37.756
158,7,0.512966380619348,6,37.756
158,8,0.5507219306941653,7,37.756
158,9,0.5884774807689827,8,37.756
158,10,0.6262330308438,9,37.756
158,11,0.6639885809186173,10,37.756
158,12,0.7017441309934347,11,37.756
158,13,0.739499681068252,12,37.756
158,14,0.7772552311430694,13,37.756
158,15,0.8150107812178867,14,37.756
158,16,0.8527663312927041,15,37.756
158,17,0.8905218813675214,16,37.756
158,18,0.9282774314423388,17,37.756
158,19,0.9660329815171561,18,37.756
158,20,1.0037885315919735,19,37.756
158,21,1.0415440816667907,20,37.756
158,22,1.079299631741608,21,37.756
158,23,1.1170551818164252,22,37.756
158,24,1.1548107318912424,23,37.756
158,25,1.1925662819660596,24,37.756
158,26,1.2303218320408769,25,37.756
158,27,1.268077382115694,26,37.756
158,28,1.3058329321905113,27,37.756
158,29,1.3435884822653286,28,37.756
158,30,1.3813440323401458,29,37.756
158,31,1.419099582414963,30,37.756
158,32,1.4568551324897803,31,37.756
158,33,1.4946106825645975,32,37.756
158,34,1.5323662326394147,33,37.756
158,35,1.570121782714232,34,37.756
158,36,1.6078773327890492,35,37.756
158,37,1.6456328828638664,36,37.756
158,38,1.6833884329386837,37,37.756
158,39,1.721143983013501,38,37.756
158,40,1.7588995330883181,39,37.756
158,41,1.7966550831631354,40,37.756
158,42,1.8344106332379526,41,37.756
158,43,1.8721661833127698,42,37.756
158,44,1.909921733387587,43,37.756
158,45,1.9476772834624043,44,37.756
158,46,1.9854328335372216,45,37.756
158,47,2.023188383612039,46,37.756
158,48,2.0609439336868562,47,37.756
158,49,2.0986994837616737,48,37.756
158,50,2.1366317189519872,49,37.932
158,51,2.1745639541423007,50,37.932
158,52,2.2124961893326143,51,37.932
158,53,2.250428424522928,52,37.932
158,54,2.2883606597132413,53,37.932
158,55,2.326292894903555,54,37.932
158,56,2.3642251300938684,55,37.932
158,57,2.402157365284182,56,37.932
158,58,2.4400896004744954,57,37.932
158,59,2.478021835664809,58,37.932
158,60,2.5159540708551225,59,37.932
158,61,2.553886306045436,60,37.932
158,62,2.5918185412357495,61,37.932
158,63,2.629750776426063,62,37.932
158,64,2.6676830116163766,63,37.932
158,65,2.70561524680669,64,37.932
158,66,2.7435474819970036,65,37.932
158,67,2.781479717187317,66,37.932
158,68,2.8194119523776306,67,37.932
158,69,2.857344187567944,68,37.932
158,70,2.8952764227582577,69,37.932
158,71,2.933208657948571,70,37.932
158,72,2.9711408931388847,71,37.932
158,73,3.0090731283291983,72,37.932
158,74,3.047005363519512,73,37.932
158,75,3.0849375987098253,74,37.932
158,76,3.122869833900139,75,37.932
158,77,3.1608020690904524,76,37.932
158,78,3.198734304280766,77,37.932
158,79,3.2366665394710794,78,37.932
158,80,3.274598774661393,79,37.932
158,81,3.3125310098517065,80,37.932
158,82,3.35046324504202,81,37.932
158,83,3.3883954802323335,82,37.932
158,84,3.426327715422647,83,37.932
158,85,3.4642599506129605,84,37.932
158,86,3.502192185803274,85,37.932
158,87,3.5401244209935876,86,37.932
158,88,3.578056656183901,87,37.932
158,89,3.6159888913742146,88,37.932
158,90,3.653921126564528,89,37.932
158,91,3.6918533617548417,90,37.932
158,92,3.729785596945155,91,37.932
158,93,3.7677178321354687,92,37.932
158,94,3.8056500673257823,93,37.932
158,95,3.843582302516096,94,37.932
158,96,3.8815145377064093,95,37.932
158,97,3.919446772896723,96,37.932
158,98,3.9573790080870364,97,37.932
158,99,3.99531124327735,98,37.932
158,100,4.033243478467663,99,37.932
158,101,4.071175713657977,100,37.932
158,102,4.109107948848291,101,37.932
158,103,4.147040184038605,102,37.932
158,104,4.184972419228919,103,37.932
158,105,4.222904654419233,104,37.932
158,106,4.260836889609547,105,37.932
158,107,4.298769124799861,106,37.932
158,108,4.336701359990175,107,37.932
158,109,4.374633595180489,108,37.932
158,110,4.412565830370803,109,37.932
158,111,4.450498065561117,110,37.932
158,112,4.488430300751431,111,37.932
158,113,4.526362535941745,112,37.932
158,114,4.5643505204403265,113,37.988
158,115,4.602338504938908,114,37.988
158,116,4.64032648943749,115,37.988
158,117,4.678314473936071,116,37.988
158,118,4.716302458434653,117,37.988
158,119,4.754290442933234,118,37.988
158,120,4.792278427431816,119,37.988
158,121,4.830266411930397,120,37.988
158,122,4.868254396428979,121,37.988
158,123,4.90624238092756,122,37.988
158,124,4.944230365426142,123,37.988
158,125,4.9822183499247235,124,37.988
158,126,5.020206334423305,125,37.988
158,127,5.0581943189218865,126,37.988
158,128,5.096182303420468,127,37.988
159,1,0.2864330801704442,0,286.433
159,2,0.3241886302452615,1,37.756
159,3,0.3619441803200788,2,37.756
159,4,0.3996997303948961,3,37.756
159,5,0.4374552804697134,4,37.756
159,6,0.47521083054453067,5,37.756
159,7,0.512966380619348,6,37.756
159,8,0.5507219306941653,7,37.756
159,9,0.5884774807689827,8,37.756
159,10,0.6262330308438,9,37.756
159,11,0.6639885809186173,10,37.756
159,12,0.7017441309934347,11,37.756
159,13,0.739499681068252,12,37.756
159,14,0.7772552311430694,13,37.756
159,15,0.8150107812178867,14,37.756
159,16,0.8527663312927041,15,37.756
159,17,0.8905218813675214,16,37.756
159,18,0.9282774314423388,17,37.756
159,19,0.9660329815171561,18,37.756
159,20,1.0037885315919735,19,37.756
159,21,1.0415440816667907,20,37.756
159,22,1.079299631741608,21,37.756
159,23,1.1170551818164252,22,37.756
159,24,1.1548107318912424,23,37.756
159,25,1.1925662819660596,24,37.756
159,26,1.2303218320408769,25,37.756
159,27,1.268077382115694,26,37.756
159,28,1.3058329321905113,27,37.756
159,29,1.3435884822653286,28,37.756
159,30,1.3813440323401458,29,37.756
159,31,1.419099582414963,30,37.756
159,32,1.4568551324897803,31,37.756
159,33,1.4946106825645975,32,37.756
159,34,1.5323662326394147,33,37.756
159,35,1.570121782714232,34,37.756
159,36,1.6078773327890492,35,37.756
159,37,1.6456328828638664,36,37.756
159,38,1.6833884329386837,37,37.756
159,39,1.721143983013501,38,37.756
159,40,1.7588995330883181,39,37.756
159,41,1.7966550831631354,40,37.756
159,42,1.8344106332379526,41,37.756
159,43,1.8721661833127698,42,37.756
159,44,1.909921733387587,43,37.756
159,45,1.9476772834624043,44,37.756
159,46,1.9854328335372216,45,37.756
159,47,2.023188383612039,46,37.756
159,48,2.0609439336868562,47,37.756
159,49,2.0986994837616737,48,37.756
159,50,2.1366317189519872,49,37.932
159,51,2.1745639541423007,50,37.932
159,52,2.2124961893326143,51,37.932
159,53,2.250428424522928,52,37.932
159,54,2.2883606597132413,53,37.932
159,55,2.326292894903555,54,37.932
159,56,2.3642251300938684,55,37.932
159,57,2.402157365284182,56,37.932
159,58,2.4400896004744954,57,37.932
159,59,2.478021835664809,58,37.932
159,60,2.5159540708551225,59,37.932
159,61,2.553886306045436,60,37.932
159,62,2.5918185412357495,61,37.932
159,63,2.629750776426063,62,37.932
159,64,2.6676830116163766,63,37.932
159,65,2.70561524680669,64,37.932
159,66,2.7435474819970036,65,37.932
159,67,2.781479717187317,66,37.932
159,68,2.8194119523776306,67,37.932
159,69,2.857344187567944,68,37.932
159,70,2.8952764227582577,69,37.932
159,71,2.933208657948571,70,37.932
159,72,2.9711408931388847,71,37.932
159,73,3.0090731283291983,72,37.932
159,74,3.047005363519512,73,37.932
159,75,3.0849375987098253,74,37.932
159,76,3.122869833900139,75,37.932
159,77,3.1608020690904524,76,37.932
159,78,3.198734304280766,77,37.932
159,79,3.2366665394710794,78,37.932
159,80,3.274598774661393,79,37.932
159,81,3.3125310098517065,80,37.932
159,82,3.35046324504202,81,37.932
159,83,3.3883954802323335,82,37.932
159,84,3.426327715422647,83,37.932
159,85,3.4642599506129605,84,37.932
159,86,3.502192185803274,85,37.932
159,87,3.5401244209935876,86,37.932
159,88,3.578056656183901,87,37.932
159,89,3.6159888913742146,88,37.932
159,90,3.653921126564528,89,37.932
159,91,3.6918533617548417,90,37.932
159,92,3.729785596945155,91,37.932
159,93,3.7677178321354687,92,37.932
159,94,3.8056500673257823,93,37.932
159,95,3.843582302516096,94,37.932
159,96,3.8815145377064093,95,37.932
159,97,3.919446772896723,96,37.932
159,98,3.9573790080870364,97,37.932
159,99,3.99531124327735,98,37.932
159,100,4.033243478467663,99,37.932
159,101,4.071175713657977,100,37.932
159,102,4.109107948848291,101,37.932
159,103,4.147040184038605,102,37.932
159,104,4.184972419228919,103,37.932
159,105,4.222904654419233,104,37.932
159,106,4.260836889609547,105,37.932
159,107,4.298769124799861,106,37.932
159,108,4.336701359990175,107,37.932
159,109,4.374633595180489,108,37.932
159,110,4.412565830370803,109,37.932
159,111,4.450498065561117,110,37.932
159,112,4.488430300751431,111,37.932
159,113,4.526362535941745,112,37.932
159,114,4.5643505204403265,113,37.988
159,115,4.602338504938908,114,37.988
159,116,4.64032648943749,115,37.988
159,117,4.678314473936071,116,37.988
159,118,4.716302458434653,117,37.988
159,119,4.754290442933234,118,37.988
159,120,4.792278427431816,119,37.988
159,121,4.830266411930397,120,37.988
159,122,4.868254396428979,121,37.988
159,123,4.90624238092756,122,37.988
159,124,4.944230365426142,123,37.988
159,125,4.9822183499247235,124,37.988
159,126,5.020206334423305,125,37.988
159,127,5.0581943189218865,126,37.988
159,128,5.096182303420468,127,37.988
160,1,0.2864330801704442,0,286.433
160,2,0.3241886302452615,1,37.756
160,3,0.3619441803200788,2,37.756
160,4,0.3996997303948961,3,37.756
160,5,0.4374552804697134,4,37.756
160,6,0.47521083054453067,5,37.756
160,7,0.512966380619348,6,37.756
160,8,0.5507219306941653,7,37.756
160,9,0.5884774807689827,8,37.756
160,10,0.6262330308438,9,37.756
160,11,0.6639885809186173,10,37.756
160,12,0.7017441309934347,11,37.756
160,13,0.739499681068252,12,37.756
160,14,0.7772552311430694,13,37.756
160,15,0.8150107812178867,14,37.756
160,16,0.8527663312927041,15,37.756
160,17,0.8905218813675214,16,37.756
160,18,0.9282774314423388,17,37.756
160,19,0.9660329815171561,18,37.756
160,20,1.0037885315919735,19,37.756
160,21,1.0415440816667907,20,37.756
160,22,1.079299631741608,21,37.756
160,23,1.1170551818164252,22,37.756
160,24,1.1548107318912424,23,37.756
160,25,1.1925662819660596,24,37.756
160,26,1.2303218320408769,25,37.756
160,27,1.268077382115694,26,37.756
160,28,1.3058329321905113,27,37.756
160,29,1.3435884822653286,28,37.756
160,30,1.3813440323401458,29,37.756
160,31,1.419099582414963,30,37.756
160,32,1.4568551324897803,31,37.756
160,33,1.4946106825645975,32,37.756
160,34,1.5323662326394147,33,37.756
160,35,1.570121782714232,34,37.756
160,36,1.6078773327890492,35,37.756
160,37,1.6456328828638664,36,37.756
160,38,1.6833884329386837,37,37.756
160,39,1.721143983013501,38,37.756
160,40,1.7588995330883181,39,37.756
160,41,1.7966550831631354,40,37.756
160,42,1.8344106332379526,41,37.756
160,43,1.8721661833127698,42,37.756
160,44,1.909921733387587,43,37.756
160,45,1.9476772834624043,44,37.756
160,46,1.9854328335372216,45,37.756
160,47,2.023188383612039,46,37.756
160,48,2.0609439336868562,47,37.756
160,49,2.0986994837616737,48,37.756
160,50,2.1366317189519872,49,37.932
160,51,2.1745639541423007,50,37.932
160,52,2.2124961893326143,51,37.932
160,53,2.250428424522928,52,37.932
160,54,2.2883606597132413,53,37.932
160,55,2.326292894903555,54,37.932
160,56,2.3642251300938684,55,37.932
160,57,2.402157365284182,56,37.932
160,58,2.4400896004744954,57,37.932
160,59,2.478021835664809,58,37.932
160,60,2.5159540708551225,59,37.932
160,61,2.553886306045436,60,37.932
160,62,2.5918185412357495,61,37.932
160,63,2.629750776426063,62,37.932
160,64,2.6676830116163766,63,37.932
160,65,2.70561524680669,64,37.932
160,66,2.7435474819970036,65,37.932
160,67,2.781479717187317,66,37.932
160,68,2.8194119523776306,67,37.932
160,69,2.857344187567944,68,37.932
160,70,2.8952764227582577,69,37.932
160,71,2.933208657948571,70,37.932
160,72,2.9711408931388847,71,37.932
160,73,3.0090731283291983,72,37.932
160,74,3.047005363519512,73,37.932
160,75,3.0849375987098253,74,37.932
160,76,3.122869833900139,75,37.932
160,77,3.1608020690904524,76,37.932
160,78,3.198734304280766,77,37.932
160,79,3.2366665394710794,78,37.932
160,80,3.274598774661393,79,37.932
160,81,3.3125310098517065,80,37.932
160,82,3.35046324504202,81,37.932
160,83,3.3883954802323335,82,37.932
160,84,3.426327715422647,83,37.932
160,85,3.4642599506129605,84,37.932
160,86,3.502192185803274,85,37.932
160,87,3.5401244209935876,86,37.932
160,88,3.578056656183901,87,37.932
160,89,3.6159888913742146,88,37.932
160,90,3.653921126564528,89,37.932
160,91,3.6918533617548417,90,37.932
160,92,3.729785596945155,91,37.932
160,93,3.7677178321354687,92,37.932
160,94,3.8056500673257823,93,37.932
160,95,3.843582302516096,94,37.932
160,96,3.8815145377064093,95,37.932
160,97,3.919446772896723,96,37.932
160,98,3.9573790080870364,97,37.932
160,99,3.99531124327735,98,37.932
160,100,4.033243478467663,99,37.932
160,101,4.071175713657977,100,37.932
160,102,4.109107948848291,101,37.932
160,103,4.147040184038605,102,37.932
160,104,4.184972419228919,103,37.932
160,105,4.222904654419233,104,37.932
160,106,4.260836889609547,105,37.932
160,107,4.298769124799861,106,37.932
160,108,4.336701359990175,107,37.932
160,109,4.374633595180489,108,37.932
160,110,4.412565830370803,109,37.932
160,111,4.450498065561117,110,37.932
160,112,4.488430300751431,111,37.932
160,113,4.526362535941745,112,37.932
160,114,4.5643505204403265,113,37.988
160,115,4.602338504938908,114,37.988
160,116,4.64032648943749,115,37.988
160,117,4.678314473936071,116,37.988
160,118,4.716302458434653,117,37.988
160,119,4.754290442933234,118,37.988
160,120,4.792278427431816,119,37.988
160,121,4.830266411930397,120,37.988
160,122,4.868254396428979,121,37.988
160,123,4.90624238092756,122,37.988
160,124,4.944230365426142,123,37.988
160,125,4.9822183499247235,124,37.988
160,126,5.020206334423305,125,37.988
160,127,5.0581943189218865,126,37.988
160,128,5.096182303420468,127,37.988
161,1,0.2864330801704442,0,286.433
161,2,0.3241886302452615,1,37.756
161,3,0.3619441803200788,2,37.756
161,4,0.3996997303948961,3,37.756
161,5,0.4374552804697134,4,37.756
161,6,0.47521083054453067,5,37.756
161,7,0.512966380619348,6,37.756
161,8,0.5507219306941653,7,37.756
161,9,0.5884774807689827,8,37.756
161,10,0.6262330308438,9,37.756
161,11,0.6639885809186173,10,37.756
161,12,0.7017441309934347,11,37.756
161,13,0.739499681068252,12,37.756
161,14,0.7772552311430694,13,37.756
161,15,0.8150107812178867,14,37.756
161,16,0.8527663312927041,15,37.756
161,17,0.8905218813675214,16,37.756
161,18,0.9282774314423388,17,37.756
161,19,0.9660329815171561,18,37.756
161,20,1.0037885315919735,19,37.756
161,21,1.0415440816667907,20,37.756
161,22,1.079299631741608,21,37.756
161,23,1.1170551818164252,22,37.756
161,24,1.1548107318912424,23,37.756
161,25,1.1925662819660596,24,37.756
161,26,1.2303218320408769,25,37.756
161,27,1.268077382115694,26,37.756
161,28,1.3058329321905113,27,37.756
161,29,1.3435884822653286,28,37.756
161,30,1.3813440323401458,29,37.756
161,31,1.419099582414963,30,37.756
161,32,1.4568551324897803,31,37.756
161,33,1.4946106825645975,32,37.756
161,34,1.5323662326394147,33,37.756
161,35,1.570121782714232,34,37.756
161,36,1.6078773327890492,35,37.756
161,37,1.6456328828638664,36,37.756
161,38,1.6833884329386837,37,37.756
161,39,1.721143983013501,38,37.756
161,40,1.7588995330883181,39,37.756
161,41,1.7966550831631354,40,37.756
161,42,1.8344106332379526,41,37.756
161,43,1.8721661833127698,42,37.756
161,44,1.909921733387587,43,37.756
161,45,1.9476772834624043,44,37.756
161,46,1.9854328335372216,45,37.756
161,47,2.023188383612039,46,37.756
161,48,2.0609439336868562,47,37.756
161,49,2.0986994837616737,48,37.756
161,50,2.1366317189519872,49,37.932
161,51,2.1745639541423007,50,37.932
161,52,2.2124961893326143,51,37.932
161,53,2.250428424522928,52,37.932
161,54,2.2883606597132413,53,37.932
161,55,2.326292894903555,54,37.932
161,56,2.3642251300938684,55,37.932
161,57,2.402157365284182,56,37.932
161,58,2.4400896004744954,57,37.932
161,59,2.478021835664809,58,37.932
161,60,2.5159540708551225,59,37.932
161,61,2.553886306045436,60,37.932
161,62,2.5918185412357495,61,37.932
161,63,2.629750776426063,62,37.932
161,64,2.6676830116163766,63,37.932
161,65,2.70561524680669,64,37.932
161,66,2.7435474819970036,65,37.932
161,67,2.781479717187317,66,37.932
161,68,2.8194119523776306,67,37.932
161,69,2.857344187567944,68,37.932
161,70,2.8952764227582577,69,37.932
161,71,2.933208657948571,70,37.932
161,72,2.9711408931388847,71,37.932
161,73,3.0090731283291983,72,37.932
161,74,3.047005363519512,73,37.932
161,75,3.0849375987098253,74,37.932
161,76,3.122869833900139,75,37.932
161,77,3.1608020690904524,76,37.932
161,78,3.198734304280766,77,37.932
161,79,3.2366665394710794,78,37.932
161,80,3.274598774661393,79,37.932
161,81,3.3125310098517065,80,37.932
161,82,3.35046324504202,81,37.932
161,83,3.3883954802323335,82,37.932
161,84,3.426327715422647,83,37.932
161,85,3.4642599506129605,84,37.932
161,86,3.502192185803274,85,37.932
161,87,3.5401244209935876,86,37.932
161,88,3.578056656183901,87,37.932
161,89,3.6159888913742146,88,37.932
161,90,3.653921126564528,89,37.932
161,91,3.6918533617548417,90,37.932
161,92,3.729785596945155,91,37.932
161,93,3.7677178321354687,92,37.932
161,94,3.8056500673257823,93,37.932
161,95,3.843582302516096,94,37.932
161,96,3.8815145377064093,95,37.932
161,97,3.919446772896723,96,37.932
161,98,3.9573790080870364,97,37.932
161,99,3.99531124327735,98,37.932
161,100,4.033243478467663,99,37.932
161,101,4.071175713657977,100,37.932
161,102,4.109107948848291,101,37.932
161,103,4.147040184038605,102,37.932
161,104,4.184972419228919,103,37.932
161,105,4.222904654419233,104,37.932
161,106,4.260836889609547,105,37.932
161,107,4.298769124799861,106,37.932
161,108,4.336701359990175,107,37.932
161,109,4.374633595180489,108,37.932
161,110,4.412565830370803,109,37.932
161,111,4.450498065561117,110,37.932
161,112,4.488430300751431,111,37.932
161,113,4.526362535941745,112,37.932
161,114,4.5643505204403265,113,37.988
161,115,4.602338504938908,114,37.988
161,116,4.64032648943749,115,37.988
161,117,4.678314473936071,116,37.988
161,118,4.716302458434653,117,37.988
161,119,4.754290442933234,118,37.988
161,120,4.792278427431816,119,37.988
161,121,4.830266411930397,120,37.988
161,122,4.868254396428979,121,37.988
161,123,4.90624238092756,122,37.988
161,124,4.944230365426142,123,37.988
161,125,4.9822183499247235,124,37.988
161,126,5.020206334423305,125,37.988
161,127,5.0581943189218865,126,37.988
161,128,5.096182303420468,127,37.988
162,1,0.2864330801704442,0,286.433
162,2,0.3241886302452615,1,37.756
162,3,0.3619441803200788,2,37.756
162,4,0.3996997303948961,3,37.756
162,5,0.4374552804697134,4,37.756
162,6,0.47521083054453067,5,37.756
162,7,0.512966380619348,6,37.756
162,8,0.5507219306941653,7,37.756
162,9,0.5884774807689827,8,37.756
162,10,0.6262330308438,9,37.756
162,11,0.6639885809186173,10,37.756
162,12,0.7017441309934347,11,37.756
162,13,0.739499681068252,12,37.756
162,14,0.7772552311430694,13,37.756
162,15,0.8150107812178867,14,37.756
162,16,0.8527663312927041,15,37.756
162,17,0.8905218813675214,16,37.756
162,18,0.9282774314423388,17,37.756
162,19,0.9660329815171561,18,37.756
162,20,1.0037885315919735,19,37.756
162,21,1.0415440816667907,20,37.756
162,22,1.079299631741608,21,37.756
162,23,1.1170551818164252,22,37.756
162,24,1.1548107318912424,23,37.756
162,25,1.1925662819660596,24,37.756
162,26,1.2303218320408769,25,37.756
162,27,1.268077382115694,26,37.756
162,28,1.3058329321905113,27,37.756
162,29,1.3435884822653286,28,37.756
162,30,1.3813440323401458,29,37.756
162,31,1.419099582414963,30,37.756
162,32,1.4568551324897803,31,37.756
162,33,1.4946106825645975,32,37.756
162,34,1.5323662326394147,33,37.756
162,35,1.570121782714232,34,37.756
162,36,1.6078773327890492,35,37.756
162,37,1.6456328828638664,36,37.756
162,38,1.6833884329386837,37,37.756
162,39,1.721143983013501,38,37.756
162,40,1.7588995330883181,39,37.756
162,41,1.7966550831631354,40,37.756
162,42,1.8344106332379526,41,37.756
162,43,1.8721661833127698,42,37.756
162,44,1.909921733387587,43,37.756
162,45,1.9476772834624043,44,37.756
162,46,1.9854328335372216,45,37.756
162,47,2.023188383612039,46,37.756
162,48,2.0609439336868562,47,37.756
162,49,2.0986994837616737,48,37.756
162,50,2.1366317189519872,49,37.932
162,51,2.1745639541423007,50,37.932
162,52,2.2124961893326143,51,37.932
162,53,2.250428424522928,52,37.932
162,54,2.2883606597132413,53,37.932
162,55,2.326292894903555,54,37.932
162,56,2.3642251300938684,55,37.932
162,57,2.402157365284182,56,37.932
162,58,2.4400896004744954,57,37.932
162,59,2.478021835664809,58,37.932
162,60,2.5159540708551225,59,37.932
162,61,2.553886306045436,60,37.932
162,62,2.5918185412357495,61,37.932
162,63,2.629750776426063,62,37.932
162,64,2.6676830116163766,63,37.932
162,65,2.70561524680669,64,37.932
162,66,2.7435474819970036,65,37.932
162,67,2.781479717187317,66,37.932
162,68,2.8194119523776306,67,37.932
162,69,2.857344187567944,68,37.932
162,70,2.8952764227582577,69,37.932
162,71,2.933208657948571,70,37.932
162,72,2.9711408931388847,71,37.932
162,73,3.0090731283291983,72,37.932
162,74,3.047005363519512,73,37.932
162,75,3.0849375987098253,74,37.932
162,76,3.122869833900139,75,37.932
162,77,3.1608020690904524,76,37.932
162,78,3.198734304280766,77,37.932
162,79,3.2366665394710794,78,37.932
162,80,3.274598774661393,79,37.932
162,81,3.3125310098517065,80,37.932
162,82,3.35046324504202,81,37.932
162,83,3.3883954802323335,82,37.932
162,84,3.426327715422647,83,37.932
162,85,3.4642599506129605,84,37.932
162,86,3.502192185803274,85,37.932
162,87,3.5401244209935876,86,37.932
162,88,3.578056656183901,87,37.932
162,89,3.6159888913742146,88,37.932
162,90,3.653921126564528,89,37.932
162,91,3.6918533617548417,90,37.932
162,92,3.729785596945155,91,37.932
162,93,3.7677178321354687,92,37.932
162,94,3.8056500673257823,93,37.932
162,95,3.843582302516096,94,37.932
162,96,3.8815145377064093,95,37.932
162,97,3.919446772896723,96,37.932
162,98,3.9573790080870364,97,37.932
162,99,3.99531124327735,98,37.932
162,100,4.033243478467663,99,37.932
162,101,4.071175713657977,100,37.932
162,102,4.109107948848291,101,37.932
162,103,4.147040184038605,102,37.932
162,104,4.184972419228919,103,37.932
162,105,4.222904654419233,104,37.932
162,106,4.260836889609547,105,37.932
162,107,4.298769124799861,106,37.932
162,108,4.336701359990175,107,37.932
162,109,4.374633595180489,108,37.932
162,110,4.412565830370803,109,37.932
162,111,4.450498065561117,110,37.932
162,112,4.488430300751431,111,37.932
162,113,4.526362535941745,112,37.932
162,114,4.5643505204403265,113,37.988
162,115,4.602338504938908,114,37.988
162,116,4.64032648943749,115,37.988
162,117,4.678314473936071,116,37.988
162,118,4.716302458434653,117,37.988
162,119,4.754290442933234,118,37.988
162,120,4.792278427431816,119,37.988
162,121,4.830266411930397,120,37.988
162,122,4.868254396428979,121,37.988
162,123,4.90624238092756,122,37.988
162,124,4.944230365426142,123,37.988
162,125,4.9822183499247235,124,37.988
162,126,5.020206334423305,125,37.988
162,127,5.0581943189218865,126,37.988
162,128,5.096182303420468,127,37.988
163,1,0.2864330801704442,0,286.433
163,2,0.3241886302452615,1,37.756
163,3,0.3619441803200788,2,37.756
163,4,0.3996997303948961,3,37.756
163,5,0.4374552804697134,4,37.756
163,6,0.47521083054453067,5,37.756
163,7,0.512966380619348,6,37.756
163,8,0.5507219306941653,7,37.756
163,9,0.5884774807689827,8,37.756
163,10,0.6262330308438,9,37.756
163,11,0.6639885809186173,10,37.756
163,12,0.7017441309934347,11,37.756
163,13,0.739499681068252,12,37.756
163,14,0.7772552311430694,13,37.756
163,15,0.8150107812178867,14,37.756
163,16,0.8527663312927041,15,37.756
163,17,0.8905218813675214,16,37.756
163,18,0.9282774314423388,17,37.756
163,19,0.9660329815171561,18,37.756
163,20,1.0037885315919735,19,37.756
163,21,1.0415440816667907,20,37.756
163,22,1.079299631741608,21,37.756
163,23,1.1170551818164252,22,37.756
163,24,1.1548107318912424,23,37.756
163,25,1.1925662819660596,24,37.756
163,26,1.2303218320408769,25,37.756
163,27,1.268077382115694,26,37.756
163,28,1.3058329321905113,27,37.756
163,29,1.3435884822653286,28,37.756
163,30,1.3813440323401458,29,37.756
163,31,1.419099582414963,30,37.756
163,32,1.4568551324897803,31,37.756
163,33,1.4946106825645975,32,37.756
163,34,1.5323662326394147,33,37.756
163,35,1.570121782714232,34,37.756
163,36,1.6078773327890492,35,37.756
163,37,1.6456328828638664,36,37.756
163,38,1.6833884329386837,37,37.756
163,39,1.721143983013501,38,37.756
163,40,1.7588995330883181,39,37.756
163,41,1.7966550831631354,40,37.756
163,42,1.8344106332379526,41,37.756
163,43,1.8721661833127698,42,37.756
163,44,1.909921733387587,43,37.756
163,45,1.9476772834624043,44,37.756
163,46,1.9854328335372216,45,37.756
163,47,2.023188383612039,46,37.756
163,48,2.0609439336868562,47,37.756
163,49,2.0986994837616737,48,37.756
163,50,2.1366317189519872,49,37.932
163,51,2.1745639541423007,50,37.932
163,52,2.2124961893326143,51,37.932
163,53,2.250428424522928,52,37.932
163,54,2.2883606597132413,53,37.932
163,55,2.326292894903555,54,37.932
163,56,2.3642251300938684,55,37.932
163,57,2.402157365284182,56,37.932
163,58,2.4400896004744954,57,37.932
163,59,2.478021835664809,58,37.932
163,60,2.5159540708551225,59,37.932
163,61,2.553886306045436,60,37.932
163,62,2.5918185412357495,61,37.932
163,63,2.629750776426063,62,37.932
163,64,2.6676830116163766,63,37.932
163,65,2.70561524680669,64,37.932
163,66,2.7435474819970036,65,37.932
163,67,2.781479717187317,66,37.932
163,68,2.8194119523776306,67,37.932
163,69,2.857344187567944,68,37.932
163,70,2.8952764227582577,69,37.932
163,71,2.933208657948571,70,37.932
163,72,2.9711408931388847,71,37.932
163,73,3.0090731283291983,72,37.932
163,74,3.047005363519512,73,37.932
163,75,3.0849375987098253,74,37.932
163,76,3.122869833900139,75,37.932
163,77,3.1608020690904524,76,37.932
163,78,3.198734304280766,77,37.932
163,79,3.2366665394710794,78,37.932
163,80,3.274598774661393,79,37.932
163,81,3.3125310098517065,80,37.932
163,82,3.35046324504202,81,37.932
163,83,3.3883954802323335,82,37.932
163,84,3.426327715422647,83,37.932
163,85,3.4642599506129605,84,37.932
163,86,3.502192185803274,85,37.932
163,87,3.5401244209935876,86,37.932
163,88,3.578056656183901,87,37.932
163,89,3.6159888913742146,88,37.932
163,90,3.653921126564528,89,37.932
163,91,3.6918533617548417,90,37.932
163,92,3.729785596945155,91,37.932
163,93,3.7677178321354687,92,37.932
163,94,3.8056500673257823,93,37.932
163,95,3.843582302516096,94,37.932
163,96,3.8815145377064093,95,37.932
163,97,3.919446772896723,96,37.932
163,98,3.9573790080870364,97,37.932
163,99,3.99531124327735,98,37.932
163,100,4.033243478467663,99,37.932
163,101,4.071175713657977,100,37.932
163,102,4.109107948848291,101,37.932
163,103,4.147040184038605,102,37.932
163,104,4.184972419228919,103,37.932
163,105,4.222904654419233,104,37.932
163,106,4.260836889609547,105,37.932
163,107,4.298769124799861,106,37.932
163,108,4.336701359990175,107,37.932
163,109,4.374633595180489,108,37.932
163,110,4.412565830370803,109,37.932
163,111,4.450498065561117,110,37.932
163,112,4.488430300751431,111,37.932
163,113,4.526362535941745,112,37.932
163,114,4.5643505204403265,113,37.988
163,115,4.602338504938908,114,37.988
163,116,4.64032648943749,115,37.988
163,117,4.678314473936071,116,37.988
163,118,4.716302458434653,117,37.988
163,119,4.754290442933234,118,37.988
163,120,4.792278427431816,119,37.988
163,121,4.830266411930397,120,37.988
163,122,4.868254396428979,121,37.988
163,123,4.90624238092756,122,37.988
163,124,4.944230365426142,123,37.988
163,125,4.9822183499247235,124,37.988
163,126,5.020206334423305,125,37.988
163,127,5.0581943189218865,126,37.988
163,128,5.096182303420468,127,37.988
164,1,0.2864330801704442,0,286.433
164,2,0.3241886302452615,1,37.756
164,3,0.3619441803200788,2,37.756
164,4,0.3996997303948961,3,37.756
164,5,0.4374552804697134,4,37.756
164,6,0.47521083054453067,5,37.756
164,7,0.512966380619348,6,37.756
164,8,0.5507219306941653,7,37.756
164,9,0.5884774807689827,8,37.756
164,10,0.6262330308438,9,37.756
164,11,0.6639885809186173,10,37.756
164,12,0.7017441309934347,11,37.756
164,13,0.739499681068252,12,37.756
164,14,0.7772552311430694,13,37.756
164,15,0.8150107812178867,14,37.756
164,16,0.8527663312927041,15,37.756
164,17,0.8905218813675214,16,37.756
164,18,0.9282774314423388,17,37.756
164,19,0.9660329815171561,18,37.756
164,20,1.0037885315919735,19,37.756
164,21,1.0415440816667907,20,37.756
164,22,1.079299631741608,21,37.756
164,23,1.1170551818164252,22,37.756
164,24,1.1548107318912424,23,37.756
164,25,1.1925662819660596,24,37.756
164,26,1.2303218320408769,25,37.756
164,27,1.268077382115694,26,37.756
164,28,1.3058329321905113,27,37.756
164,29,1.3435884822653286,28,37.756
164,30,1.3813440323401458,29,37.756
164,31,1.419099582414963,30,37.756
164,32,1.4568551324897803,31,37.756
164,33,1.4946106825645975,32,37.756
164,34,1.5323662326394147,33,37.756
164,35,1.570121782714232,34,37.756
164,36,1.6078773327890492,35,37.756
164,37,1.6456328828638664,36,37.756
164,38,1.6833884329386837,37,37.756
164,39,1.721143983013501,38,37.756
164,40,1.7588995330883181,39,37.756
164,41,1.7966550831631354,40,37.756
164,42,1.8344106332379526,41,37.756
164,43,1.8721661833127698,42,37.756
164,44,1.909921733387587,43,37.756
164,45,1.9476772834624043,44,37.756
164,46,1.9854328335372216,45,37.756
164,47,2.023188383612039,46,37.756
164,48,2.0609439336868562,47,37.756
164,49,2.0986994837616737,48,37.756
164,50,2.1366317189519872,49,37.932
164,51,2.1745639541423007,50,37.932
164,52,2.2124961893326143,51,37.932
164,53,2.250428424522928,52,37.932
164,54,2.2883606597132413,53,37.932
164,55,2.326292894903555,54,37.932
164,56,2.3642251300938684,55,37.932
164,57,2.402157365284182,56,37.932
164,58,2.4400896004744954,57,37.932
164,59,2.478021835664809,58,37.932
164,60,2.5159540708551225,59,37.932
164,61,2.553886306045436,60,37.932
164,62,2.5918185412357495,61,37.932
164,63,2.629750776426063,62,37.932
164,64,2.6676830116163766,63,37.932
164,65,2.70561524680669,64,37.932
164,66,2.7435474819970036,65,37.932
164,67,2.781479717187317,66,37.932
164,68,2.8194119523776306,67,37.932
164,69,2.857344187567944,68,37.932
164,70,2.8952764227582577,69,37.932
164,71,2.933208657948571,70,37.932
164,72,2.9711408931388847,71,37.932
164,73,3.0090731283291983,72,37.932
164,74,3.047005363519512,73,37.932
164,75,3.0849375987098253,74,37.932
164,76,3.122869833900139,75,37.932
164,77,3.1608020690904524,76,37.932
164,78,3.198734304280766,77,37.932
164,79,3.2366665394710794,78,37.932
164,80,3.274598774661393,79,37.932
164,81,3.3125310098517065,80,37.932
164,82,3.35046324504202,81,37.932
164,83,3.3883954802323335,82,37.932
164,84,3.426327715422647,83,37.932
164,85,3.4642599506129605,84,37.932
164,86,3.502192185803274,85,37.932
164,87,3.5401244209935876,86,37.932
164,88,3.578056656183901,87,37.932
164,89,3.6159888913742146,88,37.932
164,90,3.653921126564528,89,37.932
164,91,3.6918533617548417,90,37.932
164,92,3.729785596945155,91,37.932
164,93,3.7677178321354687,92,37.932
164,94,3.8056500673257823,93,37.932
164,95,3.843582302516096,94,37.932
164,96,3.8815145377064093,95,37.932
164,97,3.919446772896723,96,37.932
164,98,3.9573790080870364,97,37.932
164,99,3.99531124327735,98,37.932
164,100,4.033243478467663,99,37.932
164,101,4.071175713657977,100,37.932
164,102,4.109107948848291,101,37.932
164,103,4.147040184038605,102,37.932
164,104,4.184972419228919,103,37.932
164,105,4.222904654419233,104,37.932
164,106,4.260836889609547,105,37.932
164,107,4.298769124799861,106,37.932
164,108,4.336701359990175,107,37.932
164,109,4.374633595180489,108,37.932
164,110,4.412565830370803,109,37.932
164,111,4.450498065561117,110,37.932
164,112,4.488430300751431,111,37.932
164,113,4.526362535941745,112,37.932
164,114,4.5643505204403265,113,37.988
164,115,4.602338504938908,114,37.988
164,116,4.64032648943749,115,37.988
164,117,4.678314473936071,116,37.988
164,118,4.716302458434653,117,37.988
164,119,4.754290442933234,118,37.988
164,120,4.792278427431816,119,37.988
164,121,4.830266411930397,120,37.988
164,122,4.868254396428979,121,37.988
164,123,4.90624238092756,122,37.988
164,124,4.944230365426142,123,37.988
164,125,4.9822183499247235,124,37.988
164,126,5.020206334423305,125,37.988
164,127,5.0581943189218865,126,37.988
164,128,5.096182303420468,127,37.988
165,1,0.2864330801704442,0,286.433
165,2,0.3241886302452615,1,37.756
165,3,0.3619441803200788,2,37.756
165,4,0.3996997303948961,3,37.756
165,5,0.4374552804697134,4,37.756
165,6,0.47521083054453067,5,37.756
165,7,0.512966380619348,6,37.756
165,8,0.5507219306941653,7,37.756
165,9,0.5884774807689827,8,37.756
165,10,0.6262330308438,9,37.756
165,11,0.6639885809186173,10,37.756
165,12,0.7017441309934347,11,37.756
165,13,0.739499681068252,12,37.756
165,14,0.7772552311430694,13,37.756
165,15,0.8150107812178867,14,37.756
165,16,0.8527663312927041,15,37.756
165,17,0.8905218813675214,16,37.756
165,18,0.9282774314423388,17,37.756
165,19,0.9660329815171561,18,37.756
165,20,1.0037885315919735,19,37.756
165,21,1.0415440816667907,20,37.756
165,22,1.079299631741608,21,37.756
165,23,1.1170551818164252,22,37.756
165,24,1.1548107318912424,23,37.756
165,25,1.1925662819660596,24,37.756
165,26,1.2303218320408769,25,37.756
165,27,1.268077382115694,26,37.756
165,28,1.3058329321905113,27,37.756
165,29,1.3435884822653286,28,37.756
165,30,1.3813440323401458,29,37.756
165,31,1.419099582414963,30,37.756
165,32,1.4568551324897803,31,37.756
165,33,1.4946106825645975,32,37.756
165,34,1.5323662326394147,33,37.756
165,35,1.570121782714232,34,37.756
165,36,1.6078773327890492,35,37.756
165,37,1.6456328828638664,36,37.756
165,38,1.6833884329386837,37,37.756
165,39,1.721143983013501,38,37.756
165,40,1.7588995330883181,39,37.756
165,41,1.7966550831631354,40,37.756
165,42,1.8344106332379526,41,37.756
165,43,1.8721661833127698,42,37.756
165,44,1.909921733387587,43,37.756
165,45,1.9476772834624043,44,37.756
165,46,1.9854328335372216,45,37.756
165,47,2.023188383612039,46,37.756
165,48,2.0609439336868562,47,37.756
165,49,2.0986994837616737,48,37.756
165,50,2.1366317189519872,49,37.932
165,51,2.1745639541423007,50,37.932
165,52,2.2124961893326143,51,37.932
165,53,2.250428424522928,52,37.932
165,54,2.2883606597132413,53,37.932
165,55,2.326292894903555,54,37.932
165,56,2.3642251300938684,55,37.932
165,57,2.402157365284182,56,37.932
165,58,2.4400896004744954,57,37.932
165,59,2.478021835664809,58,37.932
165,60,2.5159540708551225,59,37.932
165,61,2.553886306045436,60,37.932
165,62,2.5918185412357495,61,37.932
165,63,2.629750776426063,62,37.932
165,64,2.6676830116163766,63,37.932
165,65,2.70561524680669,64,37.932
165,66,2.7435474819970036,65,37.932
165,67,2.781479717187317,66,37.932
165,68,2.8194119523776306,67,37.932
165,69,2.857344187567944,68,37.932
165,70,2.8952764227582577,69,37.932
165,71,2.933208657948571,70,37.932
165,72,2.9711408931388847,71,37.932
165,73,3.0090731283291983,72,37.932
165,74,3.047005363519512,73,37.932
165,75,3.0849375987098253,74,37.932
165,76,3.122869833900139,75,37.932
165,77,3.1608020690904524,76,37.932
165,78,3.198734304280766,77,37.932
165,79,3.2366665394710794,78,37.932
165,80,3.274598774661393,79,37.932
165,81,3.3125310098517065,80,37.932
165,82,3.35046324504202,81,37.932
165,83,3.3883954802323335,82,37.932
165,84,3.426327715422647,83,37.932
165,85,3.4642599506129605,84,37.932
165,86,3.502192185803274,85,37.932
165,87,3.5401244209935876,86,37.932
165,88,3.578056656183901,87,37.932
165,89,3.6159888913742146,88,37.932
165,90,3.653921126564528,89,37.932
165,91,3.6918533617548417,90,37.932
165,92,3.729785596945155,91,37.932
165,93,3.7677178321354687,92,37.932
165,94,3.8056500673257823,93,37.932
165,95,3.843582302516096,94,37.932
165,96,3.8815145377064093,95,37.932
165,97,3.919446772896723,96,37.932
165,98,3.9573790080870364,97,37.932
165,99,3.99531124327735,98,37.932
165,100,4.033243478467663,99,37.932
165,101,4.071175713657977,100,37.932
165,102,4.109107948848291,101,37.932
165,103,4.147040184038605,102,37.932
165,104,4.184972419228919,103,37.932
165,105,4.222904654419233,104,37.932
165,106,4.260836889609547,105,37.932
165,107,4.298769124799861,106,37.932
165,108,4.336701359990175,107,37.932
165,109,4.374633595180489,108,37.932
165,110,4.412565830370803,109,37.932
165,111,4.450498065561117,110,37.932
165,112,4.488430300751431,111,37.932
165,113,4.526362535941745,112,37.932
165,114,4.5643505204403265,113,37.988
165,115,4.602338504938908,114,37.988
165,116,4.64032648943749,115,37.988
165,117,4.678314473936071,116,37.988
165,118,4.716302458434653,117,37.988
165,119,4.754290442933234,118,37.988
165,120,4.792278427431816,119,37.988
165,121,4.830266411930397,120,37.988
165,122,4.868254396428979,121,37.988
165,123,4.90624238092756,122,37.988
165,124,4.944230365426142,123,37.988
165,125,4.9822183499247235,124,37.988
165,126,5.020206334423305,125,37.988
165,127,5.0581943189218865,126,37.988
165,128,5.096182303420468,127,37.988
166,1,0.2864330801704442,0,286.433
166,2,0.3241886302452615,1,37.756
166,3,0.3619441803200788,2,37.756
166,4,0.3996997303948961,3,37.756
166,5,0.4374552804697134,4,37.756
166,6,0.47521083054453067,5,37.756
166,7,0.512966380619348,6,37.756
166,8,0.5507219306941653,7,37.756
166,9,0.5884774807689827,8,37.756
166,10,0.6262330308438,9,37.756
166,11,0.6639885809186173,10,37.756
166,12,0.7017441309934347,11,37.756
166,13,0.739499681068252,12,37.756
166,14,0.7772552311430694,13,37.756
166,15,0.8150107812178867,14,37.756
166,16,0.8527663312927041,15,37.756
166,17,0.8905218813675214,16,37.756
166,18,0.9282774314423388,17,37.756
166,19,0.9660329815171561,18,37.756
166,20,1.0037885315919735,19,37.756
166,21,1.0415440816667907,20,37.756
166,22,1.079299631741608,21,37.756
166,23,1.1170551818164252,22,37.756
166,24,1.1548107318912424,23,37.756
166,25,1.1925662819660596,24,37.756
166,26,1.2303218320408769,25,37.756
166,27,1.268077382115694,26,37.756
166,28,1.3058329321905113,27,37.756
166,29,1.3435884822653286,28,37.756
166,30,1.3813440323401458,29,37.756
166,31,1.419099582414963,30,37.756
166,32,1.4568551324897803,31,37.756
166,33,1.4946106825645975,32,37.756
166,34,1.5323662326394147,33,37.756
166,35,1.570121782714232,34,37.756
166,36,1.6078773327890492,35,37.756
166,37,1.6456328828638664,36,37.756
166,38,1.6833884329386837,37,37.756
166,39,1.721143983013501,38,37.756
166,40,1.7588995330883181,39,37.756
166,41,1.7966550831631354,40,37.756
166,42,1.8344106332379526,41,37.756
166,43,1.8721661833127698,42,37.756
166,44,1.909921733387587,43,37.756
166,45,1.9476772834624043,44,37.756
166,46,1.9854328335372216,45,37.756
166,47,2.023188383612039,46,37.756
166,48,2.0609439336868562,47,37.756
166,49,2.0986994837616737,48,37.756
166,50,2.1366317189519872,49,37.932
166,51,2.1745639541423007,50,37.932
166,52,2.2124961893326143,51,37.932
166,53,2.250428424522928,52,37.932
166,54,2.2883606597132413,53,37.932
166,55,2.326292894903555,54,37.932
166,56,2.3642251300938684,55,37.932
166,57,2.402157365284182,56,37.932
166,58,2.4400896004744954,57,37.932
166,59,2.478021835664809,58,37.932
166,60,2.5159540708551225,59,37.932
166,61,2.553886306045436,60,37.932
166,62,2.5918185412357495,61,37.932
166,63,2.629750776426063,62,37.932
166,64,2.6676830116163766,63,37.932
166,65,2.70561524680669,64,37.932
166,66,2.7435474819970036,65,37.932
166,67,2.781479717187317,66,37.932
166,68,2.8194119523776306,67,37.932
166,69,2.857344187567944,68,37.932
166,70,2.8952764227582577,69,37.932
166,71,2.933208657948571,70,37.932
166,72,2.9711408931388847,71,37.932
166,73,3.0090731283291983,72,37.932
166,74,3.047005363519512,73,37.932
166,75,3.0849375987098253,74,37.932
166,76,3.122869833900139,75,37.932
166,77,3.1608020690904524,76,37.932
166,78,3.198734304280766,77,37.932
166,79,3.2366665394710794,78,37.932
166,80,3.274598774661393,79,37.932
166,81,3.3125310098517065,80,37.932
166,82,3.35046324504202,81,37.932
166,83,3.3883954802323335,82,37.932
166,84,3.426327715422647,83,37.932
166,85,3.4642599506129605,84,37.932
166,86,3.502192185803274,85,37.932
166,87,3.5401244209935876,86,37.932
166,88,3.578056656183901,87,37.932
166,89,3.6159888913742146,88,37.932
166,90,3.653921126564528,89,37.932
166,91,3.6918533617548417,90,37.932
166,92,3.729785596945155,91,37.932
166,93,3.7677178321354687,92,37.932
166,94,3.8056500673257823,93,37.932
166,95,3.843582302516096,94,37.932
166,96,3.8815145377064093,95,37.932
166,97,3.919446772896723,96,37.932
166,98,3.9573790080870364,97,37.932
166,99,3.99531124327735,98,37.932
166,100,4.033243478467663,99,37.932
166,101,4.071175713657977,100,37.932
166,102,4.109107948848291,101,37.932
166,103,4.147040184038605,102,37.932
166,104,4.184972419228919,103,37.932
166,105,4.222904654419233,104,37.932
166,106,4.260836889609547,105,37.932
166,107,4.298769124799861,106,37.932
166,108,4.336701359990175,107,37.932
166,109,4.374633595180489,108,37.932
166,110,4.412565830370803,109,37.932
166,111,4.450498065561117,110,37.932
166,112,4.488430300751431,111,37.932
166,113,4.526362535941745,112,37.932
166,114,4.5643505204403265,113,37.988
166,115,4.602338504938908,114,37.988
166,116,4.64032648943749,115,37.988
166,117,4.678314473936071,116,37.988
166,118,4.716302458434653,117,37.988
166,119,4.754290442933234,118,37.988
166,120,4.792278427431816,119,37.988
166,121,4.830266411930397,120,37.988
166,122,4.868254396428979,121,37.988
166,123,4.90624238092756,122,37.988
166,124,4.944230365426142,123,37.988
166,125,4.9822183499247235,124,37.988
166,126,5.020206334423305,125,37.988
166,127,5.0581943189218865,126,37.988
166,128,5.096182303420468,127,37.988
167,1,0.2864330801704442,0,286.433
167,2,0.3241886302452615,1,37.756
167,3,0.3619441803200788,2,37.756
167,4,0.3996997303948961,3,37.756
167,5,0.4374552804697134,4,37.756
167,6,0.47521083054453067,5,37.756
167,7,0.512966380619348,6,37.756
167,8,0.5507219306941653,7,37.756
167,9,0.5884774807689827,8,37.756
167,10,0.6262330308438,9,37.756
167,11,0.6639885809186173,10,37.756
167,12,0.7017441309934347,11,37.756
167,13,0.739499681068252,12,37.756
167,14,0.7772552311430694,13,37.756
167,15,0.8150107812178867,14,37.756
167,16,0.8527663312927041,15,37.756
167,17,0.8905218813675214,16,37.756
167,18,0.9282774314423388,17,37.756
167,19,0.9660329815171561,18,37.756
167,20,1.0037885315919735,19,37.756
167,21,1.0415440816667907,20,37.756
167,22,1.079299631741608,21,37.756
167,23,1.1170551818164252,22,37.756
167,24,1.1548107318912424,23,37.756
167,25,1.1925662819660596,24,37.756
167,26,1.2303218320408769,25,37.756
167,27,1.268077382115694,26,37.756
167,28,1.3058329321905113,27,37.756
167,29,1.3435884822653286,28,37.756
167,30,1.3813440323401458,29,37.756
167,31,1.419099582414963,30,37.756
167,32,1.4568551324897803,31,37.756
167,33,1.4946106825645975,32,37.756
167,34,1.5323662326394147,33,37.756
167,35,1.570121782714232,34,37.756
167,36,1.6078773327890492,35,37.756
167,37,1.6456328828638664,36,37.756
167,38,1.6833884329386837,37,37.756
167,39,1.721143983013501,38,37.756
167,40,1.7588995330883181,39,37.756
167,41,1.7966550831631354,40,37.756
167,42,1.8344106332379526,41,37.756
167,43,1.8721661833127698,42,37.756
167,44,1.909921733387587,43,37.756
167,45,1.9476772834624043,44,37.756
167,46,1.9854328335372216,45,37.756
167,47,2.023188383612039,46,37.756
167,48,2.0609439336868562,47,37.756
167,49,2.0986994837616737,48,37.756
167,50,2.1366317189519872,49,37.932
167,51,2.1745639541423007,50,37.932
167,52,2.2124961893326143,51,37.932
167,53,2.250428424522928,52,37.932
167,54,2.2883606597132413,53,37.932
167,55,2.326292894903555,54,37.932
167,56,2.3642251300938684,55,37.932
167,57,2.402157365284182,56,37.932
167,58,2.4400896004744954,57,37.932
167,59,2.478021835664809,58,37.932
167,60,2.5159540708551225,59,37.932
167,61,2.553886306045436,60,37.932
167,62,2.5918185412357495,61,37.932
167,63,2.629750776426063,62,37.932
167,64,2.6676830116163766,63,37.932
167,65,2.70561524680669,64,37.932
167,66,2.7435474819970036,65,37.932
167,67,2.781479717187317,66,37.932
167,68,2.8194119523776306,67,37.932
167,69,2.857344187567944,68,37.932
167,70,2.8952764227582577,69,37.932
167,71,2.933208657948571,70,37.932
167,72,2.9711408931388847,71,37.932
167,73,3.0090731283291983,72,37.932
167,74,3.047005363519512,73,37.932
167,75,3.0849375987098253,74,37.932
167,76,3.122869833900139,75,37.932
167,77,3.1608020690904524,76,37.932
167,78,3.198734304280766,77,37.932
167,79,3.2366665394710794,78,37.932
167,80,3.274598774661393,79,37.932
167,81,3.3125310098517065,80,37.932
167,82,3.35046324504202,81,37.932
167,83,3.3883954802323335,82,37.932
167,84,3.426327715422647,83,37.932
167,85,3.4642599506129605,84,37.932
167,86,3.502192185803274,85,37.932
167,87,3.5401244209935876,86,37.932
167,88,3.578056656183901,87,37.932
167,89,3.6159888913742146,88,37.932
167,90,3.653921126564528,89,37.932
167,91,3.6918533617548417,90,37.932
167,92,3.729785596945155,91,37.932
167,93,3.7677178321354687,92,37.932
167,94,3.8056500673257823,93,37.932
167,95,3.843582302516096,94,37.932
167,96,3.8815145377064093,95,37.932
167,97,3.919446772896723,96,37.932
167,98,3.9573790080870364,97,37.932
167,99,3.99531124327735,98,37.932
167,100,4.033243478467663,99,37.932
167,101,4.071175713657977,100,37.932
167,102,4.109107948848291,101,37.932
167,103,4.147040184038605,102,37.932
167,104,4.184972419228919,103,37.932
167,105,4.222904654419233,104,37.932
167,106,4.260836889609547,105,37.932
167,107,4.298769124799861,106,37.932
167,108,4.336701359990175,107,37.932
167,109,4.374633595180489,108,37.932
167,110,4.412565830370803,109,37.932
167,111,4.450498065561117,110,37.932
167,112,4.488430300751431,111,37.932
167,113,4.526362535941745,112,37.932
167,114,4.5643505204403265,113,37.988
167,115,4.602338504938908,114,37.988
167,116,4.64032648943749,115,37.988
167,117,4.678314473936071,116,37.988
167,118,4.716302458434653,117,37.988
167,119,4.754290442933234,118,37.988
167,120,4.792278427431816,119,37.988
167,121,4.830266411930397,120,37.988
167,122,4.868254396428979,121,37.988
167,123,4.90624238092756,122,37.988
167,124,4.944230365426142,123,37.988
167,125,4.9822183499247235,124,37.988
167,126,5.020206334423305,125,37.988
167,127,5.0581943189218865,126,37.988
167,128,5.096182303420468,127,37.988
168,1,0.2864330801704442,0,286.433
168,2,0.3241886302452615,1,37.756
168,3,0.3619441803200788,2,37.756
168,4,0.3996997303948961,3,37.756
168,5,0.4374552804697134,4,37.756
168,6,0.47521083054453067,5,37.756
168,7,0.512966380619348,6,37.756
168,8,0.5507219306941653,7,37.756
168,9,0.5884774807689827,8,37.756
168,10,0.6262330308438,9,37.756
168,11,0.6639885809186173,10,37.756
168,12,0.7017441309934347,11,37.756
168,13,0.739499681068252,12,37.756
168,14,0.7772552311430694,13,37.756
168,15,0.8150107812178867,14,37.756
168,16,0.8527663312927041,15,37.756
168,17,0.8905218813675214,16,37.756
168,18,0.9282774314423388,17,37.756
168,19,0.9660329815171561,18,37.756
168,20,1.0037885315919735,19,37.756
168,21,1.0415440816667907,20,37.756
168,22,1.079299631741608,21,37.756
168,23,1.1170551818164252,22,37.756
168,24,1.1548107318912424,23,37.756
168,25,1.1925662819660596,24,37.756
168,26,1.2303218320408769,25,37.756
168,27,1.268077382115694,26,37.756
168,28,1.3058329321905113,27,37.756
168,29,1.3435884822653286,28,37.756
168,30,1.3813440323401458,29,37.756
168,31,1.419099582414963,30,37.756
168,32,1.4568551324897803,31,37.756
168,33,1.4946106825645975,32,37.756
168,34,1.5323662326394147,33,37.756
168,35,1.570121782714232,34,37.756
168,36,1.6078773327890492,35,37.756
168,37,1.6456328828638664,36,37.756
168,38,1.6833884329386837,37,37.756
168,39,1.721143983013501,38,37.756
168,40,1.7588995330883181,39,37.756
168,41,1.7966550831631354,40,37.756
168,42,1.8344106332379526,41,37.756
168,43,1.8721661833127698,42,37.756
168,44,1.909921733387587,43,37.756
168,45,1.9476772834624043,44,37.756
168,46,1.9854328335372216,45,37.756
168,47,2.023188383612039,46,37.756
168,48,2.0609439336868562,47,37.756
168,49,2.0986994837616737,48,37.756
168,50,2.1366317189519872,49,37.932
168,51,2.1745639541423007,50,37.932
168,52,2.2124961893326143,51,37.932
168,53,2.250428424522928,52,37.932
168,54,2.2883606597132413,53,37.932
168,55,2.326292894903555,54,37.932
168,56,2.3642251300938684,55,37.932
168,57,2.402157365284182,56,37.932
168,58,2.4400896004744954,57,37.932
168,59,2.478021835664809,58,37.932
168,60,2.5159540708551225,59,37.932
168,61,2.553886306045436,60,37.932
168,62,2.5918185412357495,61,37.932
168,63,2.629750776426063,62,37.932
168,64,2.6676830116163766,63,37.932
168,65,2.70561524680669,64,37.932
168,66,2.7435474819970036,65,37.932
168,67,2.781479717187317,66,37.932
168,68,2.8194119523776306,67,37.932
168,69,2.857344187567944,68,37.932
168,70,2.8952764227582577,69,37.932
168,71,2.933208657948571,70,37.932
168,72,2.9711408931388847,71,37.932
168,73,3.0090731283291983,72,37.932
168,74,3.047005363519512,73,37.932
168,75,3.0849375987098253,74,37.932
168,76,3.122869833900139,75,37.932
168,77,3.1608020690904524,76,37.932
168,78,3.198734304280766,77,37.932
168,79,3.2366665394710794,78,37.932
168,80,3.274598774661393,79,37.932
168,81,3.3125310098517065,80,37.932
168,82,3.35046324504202,81,37.932
168,83,3.3883954802323335,82,37.932
168,84,3.426327715422647,83,37.932
168,85,3.4642599506129605,84,37.932
168,86,3.502192185803274,85,37.932
168,87,3.5401244209935876,86,37.932
168,88,3.578056656183901,87,37.932
168,89,3.6159888913742146,88,37.932
168,90,3.653921126564528,89,37.932
168,91,3.6918533617548417,90,37.932
168,92,3.729785596945155,91,37.932
168,93,3.7677178321354687,92,37.932
168,94,3.8056500673257823,93,37.932
168,95,3.843582302516096,94,37.932
168,96,3.8815145377064093,95,37.932
168,97,3.919446772896723,96,37.932
168,98,3.9573790080870364,97,37.932
168,99,3.99531124327735,98,37.932
168,100,4.033243478467663,99,37.932
168,101,4.071175713657977,100,37.932
168,102,4.109107948848291,101,37.932
168,103,4.147040184038605,102,37.932
168,104,4.184972419228919,103,37.932
168,105,4.222904654419233,104,37.932
168,106,4.260836889609547,105,37.932
168,107,4.298769124799861,106,37.932
168,108,4.336701359990175,107,37.932
168,109,4.374633595180489,108,37.932
168,110,4.412565830370803,109,37.932
168,111,4.450498065561117,110,37.932
168,112,4.488430300751431,111,37.932
168,113,4.526362535941745,112,37.932
168,114,4.5643505204403265,113,37.988
168,115,4.602338504938908,114,37.988
168,116,4.64032648943749,115,37.988
168,117,4.678314473936071,116,37.988
168,118,4.716302458434653,117,37.988
168,119,4.754290442933234,118,37.988
168,120,4.792278427431816,119,37.988
168,121,4.830266411930397,120,37.988
168,122,4.868254396428979,121,37.988
168,123,4.90624238092756,122,37.988
168,124,4.944230365426142,123,37.988
168,125,4.9822183499247235,124,37.988
168,126,5.020206334423305,125,37.988
168,127,5.0581943189218865,126,37.988
168,128,5.096182303420468,127,37.988
169,1,0.2864330801704442,0,286.433
169,2,0.3241886302452615,1,37.756
169,3,0.3619441803200788,2,37.756
169,4,0.3996997303948961,3,37.756
169,5,0.4374552804697134,4,37.756
169,6,0.47521083054453067,5,37.756
169,7,0.512966380619348,6,37.756
169,8,0.5507219306941653,7,37.756
169,9,0.5884774807689827,8,37.756
169,10,0.6262330308438,9,37.756
169,11,0.6639885809186173,10,37.756
169,12,0.7017441309934347,11,37.756
169,13,0.739499681068252,12,37.756
169,14,0.7772552311430694,13,37.756
169,15,0.8150107812178867,14,37.756
169,16,0.8527663312927041,15,37.756
169,17,0.8905218813675214,16,37.756
169,18,0.9282774314423388,17,37.756
169,19,0.9660329815171561,18,37.756
169,20,1.0037885315919735,19,37.756
169,21,1.0415440816667907,20,37.756
169,22,1.079299631741608,21,37.756
169,23,1.1170551818164252,22,37.756
169,24,1.1548107318912424,23,37.756
169,25,1.1925662819660596,24,37.756
169,26,1.2303218320408769,25,37.756
169,27,1.268077382115694,26,37.756
169,28,1.3058329321905113,27,37.756
169,29,1.3435884822653286,28,37.756
169,30,1.3813440323401458,29,37.756
169,31,1.419099582414963,30,37.756
169,32,1.4568551324897803,31,37.756
169,33,1.4946106825645975,32,37.756
169,34,1.5323662326394147,33,37.756
169,35,1.570121782714232,34,37.756
169,36,1.6078773327890492,35,37.756
169,37,1.6456328828638664,36,37.756
169,38,1.6833884329386837,37,37.756
169,39,1.721143983013501,38,37.756
169,40,1.7588995330883181,39,37.756
169,41,1.7966550831631354,40,37.756
169,42,1.8344106332379526,41,37.756
169,43,1.8721661833127698,42,37.756
169,44,1.909921733387587,43,37.756
169,45,1.9476772834624043,44,37.756
169,46,1.9854328335372216,45,37.756
169,47,2.023188383612039,46,37.756
169,48,2.0609439336868562,47,37.756
169,49,2.0986994837616737,48,37.756
169,50,2.1366317189519872,49,37.932
169,51,2.1745639541423007,50,37.932
169,52,2.2124961893326143,51,37.932
169,53,2.250428424522928,52,37.932
169,54,2.2883606597132413,53,37.932
169,55,2.326292894903555,54,37.932
169,56,2.3642251300938684,55,37.932
169,57,2.402157365284182,56,37.932
169,58,2.4400896004744954,57,37.932
169,59,2.478021835664809,58,37.932
169,60,2.5159540708551225,59,37.932
169,61,2.553886306045436,60,37.932
169,62,2.5918185412357495,61,37.932
169,63,2.629750776426063,62,37.932
169,64,2.6676830116163766,63,37.932
169,65,2.70561524680669,64,37.932
169,66,2.7435474819970036,65,37.932
169,67,2.781479717187317,66,37.932
169,68,2.8194119523776306,67,37.932
169,69,2.857344187567944,68,37.932
169,70,2.8952764227582577,69,37.932
169,71,2.933208657948571,70,37.932
169,72,2.9711408931388847,71,37.932
169,73,3.0090731283291983,72,37.932
169,74,3.047005363519512,73,37.932
169,75,3.0849375987098253,74,37.932
169,76,3.122869833900139,75,37.932
169,77,3.1608020690904524,76,37.932
169,78,3.198734304280766,77,37.932
169,79,3.2366665394710794,78,37.932
169,80,3.274598774661393,79,37.932
169,81,3.3125310098517065,80,37.932
169,82,3.35046324504202,81,37.932
169,83,3.3883954802323335,82,37.932
169,84,3.426327715422647,83,37.932
169,85,3.4642599506129605,84,37.932
169,86,3.502192185803274,85,37.932
169,87,3.5401244209935876,86,37.932
169,88,3.578056656183901,87,37.932
169,89,3.6159888913742146,88,37.932
169,90,3.653921126564528,89,37.932
169,91,3.6918533617548417,90,37.932
169,92,3.729785596945155,91,37.932
169,93,3.7677178321354687,92,37.932
169,94,3.8056500673257823,93,37.932
169,95,3.843582302516096,94,37.932
169,96,3.8815145377064093,95,37.932
169,97,3.919446772896723,96,37.932
169,98,3.9573790080870364,97,37.932
169,99,3.99531124327735,98,37.932
169,100,4.033243478467663,99,37.932
169,101,4.071175713657977,100,37.932
169,102,4.109107948848291,101,37.932
169,103,4.147040184038605,102,37.932
169,104,4.184972419228919,103,37.932
169,105,4.222904654419233,104,37.932
169,106,4.260836889609547,105,37.932
169,107,4.298769124799861,106,37.932
169,108,4.336701359990175,107,37.932
169,109,4.374633595180489,108,37.932
169,110,4.412565830370803,109,37.932
169,111,4.450498065561117,110,37.932
169,112,4.488430300751431,111,37.932
169,113,4.526362535941745,112,37.932
169,114,4.5643505204403265,113,37.988
169,115,4.602338504938908,114,37.988
169,116,4.64032648943749,115,37.988
169,117,4.678314473936071,116,37.988
169,118,4.716302458434653,117,37.988
169,119,4.754290442933234,118,37.988
169,120,4.792278427431816,119,37.988
169,121,4.830266411930397,120,37.988
169,122,4.868254396428979,121,37.988
169,123,4.90624238092756,122,37.988
169,124,4.944230365426142,123,37.988
169,125,4.9822183499247235,124,37.988
169,126,5.020206334423305,125,37.988
169,127,5.0581943189218865,126,37.988
169,128,5.096182303420468,127,37.988
170,1,0.2864330801704442,0,286.433
170,2,0.3241886302452615,1,37.756
170,3,0.3619441803200788,2,37.756
170,4,0.3996997303948961,3,37.756
170,5,0.4374552804697134,4,37.756
170,6,0.47521083054453067,5,37.756
170,7,0.512966380619348,6,37.756
170,8,0.5507219306941653,7,37.756
170,9,0.5884774807689827,8,37.756
170,10,0.6262330308438,9,37.756
170,11,0.6639885809186173,10,37.756
170,12,0.7017441309934347,11,37.756
170,13,0.739499681068252,12,37.756
170,14,0.7772552311430694,13,37.756
170,15,0.8150107812178867,14,37.756
170,16,0.8527663312927041,15,37.756
170,17,0.8905218813675214,16,37.756
170,18,0.9282774314423388,17,37.756
170,19,0.9660329815171561,18,37.756
170,20,1.0037885315919735,19,37.756
170,21,1.0415440816667907,20,37.756
170,22,1.079299631741608,21,37.756
170,23,1.1170551818164252,22,37.756
170,24,1.1548107318912424,23,37.756
170,25,1.1925662819660596,24,37.756
170,26,1.2303218320408769,25,37.756
170,27,1.268077382115694,26,37.756
170,28,1.3058329321905113,27,37.756
170,29,1.3435884822653286,28,37.756
170,30,1.3813440323401458,29,37.756
170,31,1.419099582414963,30,37.756
170,32,1.4568551324897803,31,37.756
170,33,1.4946106825645975,32,37.756
170,34,1.5323662326394147,33,37.756
170,35,1.570121782714232,34,37.756
170,36,1.6078773327890492,35,37.756
170,37,1.6456328828638664,36,37.756
170,38,1.6833884329386837,37,37.756
170,39,1.721143983013501,38,37.756
170,40,1.7588995330883181,39,37.756
170,41,1.7966550831631354,40,37.756
170,42,1.8344106332379526,41,37.756
170,43,1.8721661833127698,42,37.756
170,44,1.909921733387587,43,37.756
170,45,1.9476772834624043,44,37.756
170,46,1.9854328335372216,45,37.756
170,47,2.023188383612039,46,37.756
170,48,2.0609439336868562,47,37.756
170,49,2.0986994837616737,48,37.756
170,50,2.1366317189519872,49,37.932
170,51,2.1745639541423007,50,37.932
170,52,2.2124961893326143,51,37.932
170,53,2.250428424522928,52,37.932
170,54,2.2883606597132413,53,37.932
170,55,2.326292894903555,54,37.932
170,56,2.3642251300938684,55,37.932
170,57,2.402157365284182,56,37.932
170,58,2.4400896004744954,57,37.932
170,59,2.478021835664809,58,37.932
170,60,2.5159540708551225,59,37.932
170,61,2.553886306045436,60,37.932
170,62,2.5918185412357495,61,37.932
170,63,2.629750776426063,62,37.932
170,64,2.6676830116163766,63,37.932
170,65,2.70561524680669,64,37.932
170,66,2.7435474819970036,65,37.932
170,67,2.781479717187317,66,37.932
170,68,2.8194119523776306,67,37.932
170,69,2.857344187567944,68,37.932
170,70,2.8952764227582577,69,37.932
170,71,2.933208657948571,70,37.932
170,72,2.9711408931388847,71,37.932
170,73,3.0090731283291983,72,37.932
170,74,3.047005363519512,73,37.932
170,75,3.0849375987098253,74,37.932
170,76,3.122869833900139,75,37.932
170,77,3.1608020690904524,76,37.932
170,78,3.198734304280766,77,37.932
170,79,3.2366665394710794,78,37.932
170,80,3.274598774661393,79,37.932
170,81,3.3125310098517065,80,37.932
170,82,3.35046324504202,81,37.932
170,83,3.3883954802323335,82,37.932
170,84,3.426327715422647,83,37.932
170,85,3.4642599506129605,84,37.932
170,86,3.502192185803274,85,37.932
170,87,3.5401244209935876,86,37.932
170,88,3.578056656183901,87,37.932
170,89,3.6159888913742146,88,37.932
170,90,3.653921126564528,89,37.932
170,91,3.6918533617548417,90,37.932
170,92,3.729785596945155,91,37.932
170,93,3.7677178321354687,92,37.932
170,94,3.8056500673257823,93,37.932
170,95,3.843582302516096,94,37.932
170,96,3.8815145377064093,95,37.932
170,97,3.919446772896723,96,37.932
170,98,3.9573790080870364,97,37.932
170,99,3.99531124327735,98,37.932
170,100,4.033243478467663,99,37.932
170,101,4.071175713657977,100,37.932
170,102,4.109107948848291,101,37.932
170,103,4.147040184038605,102,37.932
170,104,4.184972419228919,103,37.932
170,105,4.222904654419233,104,37.932
170,106,4.260836889609547,105,37.932
170,107,4.298769124799861,106,37.932
170,108,4.336701359990175,107,37.932
170,109,4.374633595180489,108,37.932
170,110,4.412565830370803,109,37.932
170,111,4.450498065561117,110,37.932
170,112,4.488430300751431,111,37.932
170,113,4.526362535941745,112,37.932
170,114,4.5643505204403265,113,37.988
170,115,4.602338504938908,114,37.988
170,116,4.64032648943749,115,37.988
170,117,4.678314473936071,116,37.988
170,118,4.716302458434653,117,37.988
170,119,4.754290442933234,118,37.988
170,120,4.792278427431816,119,37.988
170,121,4.830266411930397,120,37.988
170,122,4.868254396428979,121,37.988
170,123,4.90624238092756,122,37.988
170,124,4.944230365426142,123,37.988
170,125,4.9822183499247235,124,37.988
170,126,5.020206334423305,125,37.988
170,127,5.0581943189218865,126,37.988
170,128,5.096182303420468,127,37.988
171,1,0.2864330801704442,0,286.433
171,2,0.3241886302452615,1,37.756
171,3,0.3619441803200788,2,37.756
171,4,0.3996997303948961,3,37.756
171,5,0.4374552804697134,4,37.756
171,6,0.47521083054453067,5,37.756
171,7,0.512966380619348,6,37.756
171,8,0.5507219306941653,7,37.756
171,9,0.5884774807689827,8,37.756
171,10,0.6262330308438,9,37.756
171,11,0.6639885809186173,10,37.756
171,12,0.7017441309934347,11,37.756
171,13,0.739499681068252,12,37.756
171,14,0.7772552311430694,13,37.756
171,15,0.8150107812178867,14,37.756
171,16,0.8527663312927041,15,37.756
171,17,0.8905218813675214,16,37.756
171,18,0.9282774314423388,17,37.756
171,19,0.9660329815171561,18,37.756
171,20,1.0037885315919735,19,37.756
171,21,1.0415440816667907,20,37.756
171,22,1.079299631741608,21,37.756
171,23,1.1170551818164252,22,37.756
171,24,1.1548107318912424,23,37.756
171,25,1.1925662819660596,24,37.756
171,26,1.2303218320408769,25,37.756
171,27,1.268077382115694,26,37.756
171,28,1.3058329321905113,27,37.756
171,29,1.3435884822653286,28,37.756
171,30,1.3813440323401458,29,37.756
171,31,1.419099582414963,30,37.756
171,32,1.4568551324897803,31,37.756
171,33,1.4946106825645975,32,37.756
171,34,1.5323662326394147,33,37.756
171,35,1.570121782714232,34,37.756
171,36,1.6078773327890492,35,37.756
171,37,1.6456328828638664,36,37.756
171,38,1.6833884329386837,37,37.756
171,39,1.721143983013501,38,37.756
171,40,1.7588995330883181,39,37.756
171,41,1.7966550831631354,40,37.756
171,42,1.8344106332379526,41,37.756
171,43,1.8721661833127698,42,37.756
171,44,1.909921733387587,43,37.756
171,45,1.9476772834624043,44,37.756
171,46,1.9854328335372216,45,37.756
171,47,2.023188383612039,46,37.756
171,48,2.0609439336868562,47,37.756
171,49,2.0986994837616737,48,37.756
171,50,2.1366317189519872,49,37.932
171,51,2.1745639541423007,50,37.932
171,52,2.2124961893326143,51,37.932
171,53,2.250428424522928,52,37.932
171,54,2.2883606597132413,53,37.932
171,55,2.326292894903555,54,37.932
171,56,2.3642251300938684,55,37.932
171,57,2.402157365284182,56,37.932
171,58,2.4400896004744954,57,37.932
171,59,2.478021835664809,58,37.932
171,60,2.5159540708551225,59,37.932
171,61,2.553886306045436,60,37.932
171,62,2.5918185412357495,61,37.932
171,63,2.629750776426063,62,37.932
171,64,2.6676830116163766,63,37.932
171,65,2.70561524680669,64,37.932
171,66,2.7435474819970036,65,37.932
171,67,2.781479717187317,66,37.932
171,68,2.8194119523776306,67,37.932
171,69,2.857344187567944,68,37.932
171,70,2.8952764227582577,69,37.932
171,71,2.933208657948571,70,37.932
171,72,2.9711408931388847,71,37.932
171,73,3.0090731283291983,72,37.932
171,74,3.047005363519512,73,37.932
171,75,3.0849375987098253,74,37.932
171,76,3.122869833900139,75,37.932
171,77,3.1608020690904524,76,37.932
171,78,3.198734304280766,77,37.932
171,79,3.2366665394710794,78,37.932
171,80,3.274598774661393,79,37.932
171,81,3.3125310098517065,80,37.932
171,82,3.35046324504202,81,37.932
171,83,3.3883954802323335,82,37.932
171,84,3.426327715422647,83,37.932
171,85,3.4642599506129605,84,37.932
171,86,3.502192185803274,85,37.932
171,87,3.5401244209935876,86,37.932
171,88,3.578056656183901,87,37.932
171,89,3.6159888913742146,88,37.932
171,90,3.653921126564528,89,37.932
171,91,3.6918533617548417,90,37.932
171,92,3.729785596945155,91,37.932
171,93,3.7677178321354687,92,37.932
171,94,3.8056500673257823,93,37.932
171,95,3.843582302516096,94,37.932
171,96,3.8815145377064093,95,37.932
171,97,3.919446772896723,96,37.932
171,98,3.9573790080870364,97,37.932
171,99,3.99531124327735,98,37.932
171,100,4.033243478467663,99,37.932
171,101,4.071175713657977,100,37.932
171,102,4.109107948848291,101,37.932
171,103,4.147040184038605,102,37.932
171,104,4.184972419228919,103,37.932
171,105,4.222904654419233,104,37.932
171,106,4.260836889609547,105,37.932
171,107,4.298769124799861,106,37.932
171,108,4.336701359990175,107,37.932
171,109,4.374633595180489,108,37.932
171,110,4.412565830370803,109,37.932
171,111,4.450498065561117,110,37.932
171,112,4.488430300751431,111,37.932
171,113,4.526362535941745,112,37.932
171,114,4.5643505204403265,113,37.988
171,115,4.602338504938908,114,37.988
171,116,4.64032648943749,115,37.988
171,117,4.678314473936071,116,37.988
171,118,4.716302458434653,117,37.988
171,119,4.754290442933234,118,37.988
171,120,4.792278427431816,119,37.988
171,121,4.830266411930397,120,37.988
171,122,4.868254396428979,121,37.988
171,123,4.90624238092756,122,37.988
171,124,4.944230365426142,123,37.988
171,125,4.9822183499247235,124,37.988
171,126,5.020206334423305,125,37.988
171,127,5.0581943189218865,126,37.988
171,128,5.096182303420468,127,37.988
172,1,0.2864330801704442,0,286.433
172,2,0.3241886302452615,1,37.756
172,3,0.3619441803200788,2,37.756
172,4,0.3996997303948961,3,37.756
172,5,0.4374552804697134,4,37.756
172,6,0.47521083054453067,5,37.756
172,7,0.512966380619348,6,37.756
172,8,0.5507219306941653,7,37.756
172,9,0.5884774807689827,8,37.756
172,10,0.6262330308438,9,37.756
172,11,0.6639885809186173,10,37.756
172,12,0.7017441309934347,11,37.756
172,13,0.739499681068252,12,37.756
172,14,0.7772552311430694,13,37.756
172,15,0.8150107812178867,14,37.756
172,16,0.8527663312927041,15,37.756
172,17,0.8905218813675214,16,37.756
172,18,0.9282774314423388,17,37.756
172,19,0.9660329815171561,18,37.756
172,20,1.0037885315919735,19,37.756
172,21,1.0415440816667907,20,37.756
172,22,1.079299631741608,21,37.756
172,23,1.1170551818164252,22,37.756
172,24,1.1548107318912424,23,37.756
172,25,1.1925662819660596,24,37.756
172,26,1.2303218320408769,25,37.756
172,27,1.268077382115694,26,37.756
172,28,1.3058329321905113,27,37.756
172,29,1.3435884822653286,28,37.756
172,30,1.3813440323401458,29,37.756
172,31,1.419099582414963,30,37.756
172,32,1.4568551324897803,31,37.756
172,33,1.4946106825645975,32,37.756
172,34,1.5323662326394147,33,37.756
172,35,1.570121782714232,34,37.756
172,36,1.6078773327890492,35,37.756
172,37,1.6456328828638664,36,37.756
172,38,1.6833884329386837,37,37.756
172,39,1.721143983013501,38,37.756
172,40,1.7588995330883181,39,37.756
172,41,1.7966550831631354,40,37.756
172,42,1.8344106332379526,41,37.756
172,43,1.8721661833127698,42,37.756
172,44,1.909921733387587,43,37.756
172,45,1.9476772834624043,44,37.756
172,46,1.9854328335372216,45,37.756
172,47,2.023188383612039,46,37.756
172,48,2.0609439336868562,47,37.756
172,49,2.0986994837616737,48,37.756
172,50,2.1366317189519872,49,37.932
172,51,2.1745639541423007,50,37.932
172,52,2.2124961893326143,51,37.932
172,53,2.250428424522928,52,37.932
172,54,2.2883606597132413,53,37.932
172,55,2.326292894903555,54,37.932
172,56,2.3642251300938684,55,37.932
172,57,2.402157365284182,56,37.932
172,58,2.4400896004744954,57,37.932
172,59,2.478021835664809,58,37.932
172,60,2.5159540708551225,59,37.932
172,61,2.553886306045436,60,37.932
172,62,2.5918185412357495,61,37.932
172,63,2.629750776426063,62,37.932
172,64,2.6676830116163766,63,37.932
172,65,2.70561524680669,64,37.932
172,66,2.7435474819970036,65,37.932
172,67,2.781479717187317,66,37.932
172,68,2.8194119523776306,67,37.932
172,69,2.857344187567944,68,37.932
172,70,2.8952764227582577,69,37.932
172,71,2.933208657948571,70,37.932
172,72,2.9711408931388847,71,37.932
172,73,3.0090731283291983,72,37.932
172,74,3.047005363519512,73,37.932
172,75,3.0849375987098253,74,37.932
172,76,3.122869833900139,75,37.932
172,77,3.1608020690904524,76,37.932
172,78,3.198734304280766,77,37.932
172,79,3.2366665394710794,78,37.932
172,80,3.274598774661393,79,37.932
172,81,3.3125310098517065,80,37.932
172,82,3.35046324504202,81,37.932
172,83,3.3883954802323335,82,37.932
172,84,3.426327715422647,83,37.932
172,85,3.4642599506129605,84,37.932
172,86,3.502192185803274,85,37.932
172,87,3.5401244209935876,86,37.932
172,88,3.578056656183901,87,37.932
172,89,3.6159888913742146,88,37.932
172,90,3.653921126564528,89,37.932
172,91,3.6918533617548417,90,37.932
172,92,3.729785596945155,91,37.932
172,93,3.7677178321354687,92,37.932
172,94,3.8056500673257823,93,37.932
172,95,3.843582302516096,94,37.932
172,96,3.8815145377064093,95,37.932
172,97,3.919446772896723,96,37.932
172,98,3.9573790080870364,97,37.932
172,99,3.99531124327735,98,37.932
172,100,4.033243478467663,99,37.932
172,101,4.071175713657977,100,37.932
172,102,4.109107948848291,101,37.932
172,103,4.147040184038605,102,37.932
172,104,4.184972419228919,103,37.932
172,105,4.222904654419233,104,37.932
172,106,4.260836889609547,105,37.932
172,107,4.298769124799861,106,37.932
172,108,4.336701359990175,107,37.932
172,109,4.374633595180489,108,37.932
172,110,4.412565830370803,109,37.932
172,111,4.450498065561117,110,37.932
172,112,4.488430300751431,111,37.932
172,113,4.526362535941745,112,37.932
172,114,4.5643505204403265,113,37.988
172,115,4.602338504938908,114,37.988
172,116,4.64032648943749,115,37.988
172,117,4.678314473936071,116,37.988
172,118,4.716302458434653,117,37.988
172,119,4.754290442933234,118,37.988
172,120,4.792278427431816,119,37.988
172,121,4.830266411930397,120,37.988
172,122,4.868254396428979,121,37.988
172,123,4.90624238092756,122,37.988
172,124,4.944230365426142,123,37.988
172,125,4.9822183499247235,124,37.988
172,126,5.020206334423305,125,37.988
172,127,5.0581943189218865,126,37.988
172,128,5.096182303420468,127,37.988
173,1,0.2864330801704442,0,286.433
173,2,0.3241886302452615,1,37.756
173,3,0.3619441803200788,2,37.756
173,4,0.3996997303948961,3,37.756
173,5,0.4374552804697134,4,37.756
173,6,0.47521083054453067,5,37.756
173,7,0.512966380619348,6,37.756
173,8,0.5507219306941653,7,37.756
173,9,0.5884774807689827,8,37.756
173,10,0.6262330308438,9,37.756
173,11,0.6639885809186173,10,37.756
173,12,0.7017441309934347,11,37.756
173,13,0.739499681068252,12,37.756
173,14,0.7772552311430694,13,37.756
173,15,0.8150107812178867,14,37.756
173,16,0.8527663312927041,15,37.756
173,17,0.8905218813675214,16,37.756
173,18,0.9282774314423388,17,37.756
173,19,0.9660329815171561,18,37.756
173,20,1.0037885315919735,19,37.756
173,21,1.0415440816667907,20,37.756
173,22,1.079299631741608,21,37.756
173,23,1.1170551818164252,22,37.756
173,24,1.1548107318912424,23,37.756
173,25,1.1925662819660596,24,37.756
173,26,1.2303218320408769,25,37.756
173,27,1.268077382115694,26,37.756
173,28,1.3058329321905113,27,37.756
173,29,1.3435884822653286,28,37.756
173,30,1.3813440323401458,29,37.756
173,31,1.419099582414963,30,37.756
173,32,1.4568551324897803,31,37.756
173,33,1.4946106825645975,32,37.756
173,34,1.5323662326394147,33,37.756
173,35,1.570121782714232,34,37.756
173,36,1.6078773327890492,35,37.756
173,37,1.6456328828638664,36,37.756
173,38,1.6833884329386837,37,37.756
173,39,1.721143983013501,38,37.756
173,40,1.7588995330883181,39,37.756
173,41,1.7966550831631354,40,37.756
173,42,1.8344106332379526,41,37.756
173,43,1.8721661833127698,42,37.756
173,44,1.909921733387587,43,37.756
173,45,1.9476772834624043,44,37.756
173,46,1.9854328335372216,45,37.756
173,47,2.023188383612039,46,37.756
173,48,2.0609439336868562,47,37.756
173,49,2.0986994837616737,48,37.756
173,50,2.1366317189519872,49,37.932
173,51,2.1745639541423007,50,37.932
173,52,2.2124961893326143,51,37.932
173,53,2.250428424522928,52,37.932
173,54,2.2883606597132413,53,37.932
173,55,2.326292894903555,54,37.932
173,56,2.3642251300938684,55,37.932
173,57,2.402157365284182,56,37.932
173,58,2.4400896004744954,57,37.932
173,59,2.478021835664809,58,37.932
173,60,2.5159540708551225,59,37.932
173,61,2.553886306045436,60,37.932
173,62,2.5918185412357495,61,37.932
173,63,2.629750776426063,62,37.932
173,64,2.6676830116163766,63,37.932
173,65,2.70561524680669,64,37.932
173,66,2.7435474819970036,65,37.932
173,67,2.781479717187317,66,37.932
173,68,2.8194119523776306,67,37.932
173,69,2.857344187567944,68,37.932
173,70,2.8952764227582577,69,37.932
173,71,2.933208657948571,70,37.932
173,72,2.9711408931388847,71,37.932
173,73,3.0090731283291983,72,37.932
173,74,3.047005363519512,73,37.932
173,75,3.0849375987098253,74,37.932
173,76,3.122869833900139,75,37.932
173,77,3.1608020690904524,76,37.932
173,78,3.198734304280766,77,37.932
173,79,3.2366665394710794,78,37.932
173,80,3.274598774661393,79,37.932
173,81,3.3125310098517065,80,37.932
173,82,3.35046324504202,81,37.932
173,83,3.3883954802323335,82,37.932
173,84,3.426327715422647,83,37.932
173,85,3.4642599506129605,84,37.932
173,86,3.502192185803274,85,37.932
173,87,3.5401244209935876,86,37.932
173,88,3.578056656183901,87,37.932
173,89,3.6159888913742146,88,37.932
173,90,3.653921126564528,89,37.932
173,91,3.6918533617548417,90,37.932
173,92,3.729785596945155,91,37.932
173,93,3.7677178321354687,92,37.932
173,94,3.8056500673257823,93,37.932
173,95,3.843582302516096,94,37.932
173,96,3.8815145377064093,95,37.932
173,97,3.919446772896723,96,37.932
173,98,3.9573790080870364,97,37.932
173,99,3.99531124327735,98,37.932
173,100,4.033243478467663,99,37.932
173,101,4.071175713657977,100,37.932
173,102,4.109107948848291,101,37.932
173,103,4.147040184038605,102,37.932
173,104,4.184972419228919,103,37.932
173,105,4.222904654419233,104,37.932
173,106,4.260836889609547,105,37.932
173,107,4.298769124799861,106,37.932
173,108,4.336701359990175,107,37.932
173,109,4.374633595180489,108,37.932
173,110,4.412565830370803,109,37.932
173,111,4.450498065561117,110,37.932
173,112,4.488430300751431,111,37.932
173,113,4.526362535941745,112,37.932
173,114,4.5643505204403265,113,37.988
173,115,4.602338504938908,114,37.988
173,116,4.64032648943749,115,37.988
173,117,4.678314473936071,116,37.988
173,118,4.716302458434653,117,37.988
173,119,4.754290442933234,118,37.988
173,120,4.792278427431816,119,37.988
173,121,4.830266411930397,120,37.988
173,122,4.868254396428979,121,37.988
173,123,4.90624238092756,122,37.988
173,124,4.944230365426142,123,37.988
173,125,4.9822183499247235,124,37.988
173,126,5.020206334423305,125,37.988
173,127,5.0581943189218865,126,37.988
173,128,5.096182303420468,127,37.988
174,1,0.2864330801704442,0,286.433
174,2,0.3241886302452615,1,37.756
174,3,0.3619441803200788,2,37.756
174,4,0.3996997303948961,3,37.756
174,5,0.4374552804697134,4,37.756
174,6,0.47521083054453067,5,37.756
174,7,0.512966380619348,6,37.756
174,8,0.5507219306941653,7,37.756
174,9,0.5884774807689827,8,37.756
174,10,0.6262330308438,9,37.756
174,11,0.6639885809186173,10,37.756
174,12,0.7017441309934347,11,37.756
174,13,0.739499681068252,12,37.756
174,14,0.7772552311430694,13,37.756
174,15,0.8150107812178867,14,37.756
174,16,0.8527663312927041,15,37.756
174,17,0.8905218813675214,16,37.756
174,18,0.9282774314423388,17,37.756
174,19,0.9660329815171561,18,37.756
174,20,1.0037885315919735,19,37.756
174,21,1.0415440816667907,20,37.756
174,22,1.079299631741608,21,37.756
174,23,1.1170551818164252,22,37.756
174,24,1.1548107318912424,23,37.756
174,25,1.1925662819660596,24,37.756
174,26,1.2303218320408769,25,37.756
174,27,1.268077382115694,26,37.756
174,28,1.3058329321905113,27,37.756
174,29,1.3435884822653286,28,37.756
174,30,1.3813440323401458,29,37.756
174,31,1.419099582414963,30,37.756
174,32,1.4568551324897803,31,37.756
174,33,1.4946106825645975,32,37.756
174,34,1.5323662326394147,33,37.756
174,35,1.570121782714232,34,37.756
174,36,1.6078773327890492,35,37.756
174,37,1.6456328828638664,36,37.756
174,38,1.6833884329386837,37,37.756
174,39,1.721143983013501,38,37.756
174,40,1.7588995330883181,39,37.756
174,41,1.7966550831631354,40,37.756
174,42,1.8344106332379526,41,37.756
174,43,1.8721661833127698,42,37.756
174,44,1.909921733387587,43,37.756
174,45,1.9476772834624043,44,37.756
174,46,1.9854328335372216,45,37.756
174,47,2.023188383612039,46,37.756
174,48,2.0609439336868562,47,37.756
174,49,2.0986994837616737,48,37.756
174,50,2.1366317189519872,49,37.932
174,51,2.1745639541423007,50,37.932
174,52,2.2124961893326143,51,37.932
174,53,2.250428424522928,52,37.932
174,54,2.2883606597132413,53,37.932
174,55,2.326292894903555,54,37.932
174,56,2.3642251300938684,55,37.932
174,57,2.402157365284182,56,37.932
174,58,2.4400896004744954,57,37.932
174,59,2.478021835664809,58,37.932
174,60,2.5159540708551225,59,37.932
174,61,2.553886306045436,60,37.932
174,62,2.5918185412357495,61,37.932
174,63,2.629750776426063,62,37.932
174,64,2.6676830116163766,63,37.932
174,65,2.70561524680669,64,37.932
174,66,2.7435474819970036,65,37.932
174,67,2.781479717187317,66,37.932
174,68,2.8194119523776306,67,37.932
174,69,2.857344187567944,68,37.932
174,70,2.8952764227582577,69,37.932
174,71,2.933208657948571,70,37.932
174,72,2.9711408931388847,71,37.932
174,73,3.0090731283291983,72,37.932
174,74,3.047005363519512,73,37.932
174,75,3.0849375987098253,74,37.932
174,76,3.122869833900139,75,37.932
174,77,3.1608020690904524,76,37.932
174,78,3.198734304280766,77,37.932
174,79,3.2366665394710794,78,37.932
174,80,3.274598774661393,79,37.932
174,81,3.3125310098517065,80,37.932
174,82,3.35046324504202,81,37.932
174,83,3.3883954802323335,82,37.932
174,84,3.426327715422647,83,37.932
174,85,3.4642599506129605,84,37.932
174,86,3.502192185803274,85,37.932
174,87,3.5401244209935876,86,37.932
174,88,3.578056656183901,87,37.932
174,89,3.6159888913742146,88,37.932
174,90,3.653921126564528,89,37.932
174,91,3.6918533617548417,90,37.932
174,92,3.729785596945155,91,37.932
174,93,3.7677178321354687,92,37.932
174,94,3.8056500673257823,93,37.932
174,95,3.843582302516096,94,37.932
174,96,3.8815145377064093,95,37.932
174,97,3.919446772896723,96,37.932
174,98,3.9573790080870364,97,37.932
174,99,3.99531124327735,98,37.932
174,100,4.033243478467663,99,37.932
174,101,4.071175713657977,100,37.932
174,102,4.109107948848291,101,37.932
174,103,4.147040184038605,102,37.932
174,104,4.184972419228919,103,37.932
174,105,4.222904654419233,104,37.932
174,106,4.260836889609547,105,37.932
174,107,4.298769124799861,106,37.932
174,108,4.336701359990175,107,37.932
174,109,4.374633595180489,108,37.932
174,110,4.412565830370803,109,37.932
174,111,4.450498065561117,110,37.932
174,112,4.488430300751431,111,37.932
174,113,4.526362535941745,112,37.932
174,114,4.5643505204403265,113,37.988
174,115,4.602338504938908,114,37.988
174,116,4.64032648943749,115,37.988
174,117,4.678314473936071,116,37.988
174,118,4.716302458434653,117,37.988
174,119,4.754290442933234,118,37.988
174,120,4.792278427431816,119,37.988
174,121,4.830266411930397,120,37.988
174,122,4.868254396428979,121,37.988
174,123,4.90624238092756,122,37.988
174,124,4.944230365426142,123,37.988
174,125,4.9822183499247235,124,37.988
174,126,5.020206334423305,125,37.988
174,127,5.0581943189218865,126,37.988
174,128,5.096182303420468,127,37.988
175,1,0.2864330801704442,0,286.433
175,2,0.3241886302452615,1,37.756
175,3,0.3619441803200788,2,37.756
175,4,0.3996997303948961,3,37.756
175,5,0.4374552804697134,4,37.756
175,6,0.47521083054453067,5,37.756
175,7,0.512966380619348,6,37.756
175,8,0.5507219306941653,7,37.756
175,9,0.5884774807689827,8,37.756
175,10,0.6262330308438,9,37.756
175,11,0.6639885809186173,10,37.756
175,12,0.7017441309934347,11,37.756
175,13,0.739499681068252,12,37.756
175,14,0.7772552311430694,13,37.756
175,15,0.8150107812178867,14,37.756
175,16,0.8527663312927041,15,37.756
175,17,0.8905218813675214,16,37.756
175,18,0.9282774314423388,17,37.756
175,19,0.9660329815171561,18,37.756
175,20,1.0037885315919735,19,37.756
175,21,1.0415440816667907,20,37.756
175,22,1.079299631741608,21,37.756
175,23,1.1170551818164252,22,37.756
175,24,1.1548107318912424,23,37.756
175,25,1.1925662819660596,24,37.756
175,26,1.2303218320408769,25,37.756
175,27,1.268077382115694,26,37.756
175,28,1.3058329321905113,27,37.756
175,29,1.3435884822653286,28,37.756
175,30,1.3813440323401458,29,37.756
175,31,1.419099582414963,30,37.756
175,32,1.4568551324897803,31,37.756
175,33,1.4946106825645975,32,37.756
175,34,1.5323662326394147,33,37.756
175,35,1.570121782714232,34,37.756
175,36,1.6078773327890492,35,37.756
175,37,1.6456328828638664,36,37.756
175,38,1.6833884329386837,37,37.756
175,39,1.721143983013501,38,37.756
175,40,1.7588995330883181,39,37.756
175,41,1.7966550831631354,40,37.756
175,42,1.8344106332379526,41,37.756
175,43,1.8721661833127698,42,37.756
175,44,1.909921733387587,43,37.756
175,45,1.9476772834624043,44,37.756
175,46,1.9854328335372216,45,37.756
175,47,2.023188383612039,46,37.756
175,48,2.0609439336868562,47,37.756
175,49,2.0986994837616737,48,37.756
175,50,2.1366317189519872,49,37.932
175,51,2.1745639541423007,50,37.932
175,52,2.2124961893326143,51,37.932
175,53,2.250428424522928,52,37.932
175,54,2.2883606597132413,53,37.932
175,55,2.326292894903555,54,37.932
175,56,2.3642251300938684,55,37.932
175,57,2.402157365284182,56,37.932
175,58,2.4400896004744954,57,37.932
175,59,2.478021835664809,58,37.932
175,60,2.5159540708551225,59,37.932
175,61,2.553886306045436,60,37.932
175,62,2.5918185412357495,61,37.932
175,63,2.629750776426063,62,37.932
175,64,2.6676830116163766,63,37.932
175,65,2.70561524680669,64,37.932
175,66,2.7435474819970036,65,37.932
175,67,2.781479717187317,66,37.932
175,68,2.8194119523776306,67,37.932
175,69,2.857344187567944,68,37.932
175,70,2.8952764227582577,69,37.932
175,71,2.933208657948571,70,37.932
175,72,2.9711408931388847,71,37.932
175,73,3.0090731283291983,72,37.932
175,74,3.047005363519512,73,37.932
175,75,3.0849375987098253,74,37.932
175,76,3.122869833900139,75,37.932
175,77,3.1608020690904524,76,37.932
175,78,3.198734304280766,77,37.932
175,79,3.2366665394710794,78,37.932
175,80,3.274598774661393,79,37.932
175,81,3.3125310098517065,80,37.932
175,82,3.35046324504202,81,37.932
175,83,3.3883954802323335,82,37.932
175,84,3.426327715422647,83,37.932
175,85,3.4642599506129605,84,37.932
175,86,3.502192185803274,85,37.932
175,87,3.5401244209935876,86,37.932
175,88,3.578056656183901,87,37.932
175,89,3.6159888913742146,88,37.932
175,90,3.653921126564528,89,37.932
175,91,3.6918533617548417,90,37.932
175,92,3.729785596945155,91,37.932
175,93,3.7677178321354687,92,37.932
175,94,3.8056500673257823,93,37.932
175,95,3.843582302516096,94,37.932
175,96,3.8815145377064093,95,37.932
175,97,3.919446772896723,96,37.932
175,98,3.9573790080870364,97,37.932
175,99,3.99531124327735,98,37.932
175,100,4.033243478467663,99,37.932
175,101,4.071175713657977,100,37.932
175,102,4.109107948848291,101,37.932
175,103,4.147040184038605,102,37.932
175,104,4.184972419228919,103,37.932
175,105,4.222904654419233,104,37.932
175,106,4.260836889609547,105,37.932
175,107,4.298769124799861,106,37.932
175,108,4.336701359990175,107,37.932
175,109,4.374633595180489,108,37.932
175,110,4.412565830370803,109,37.932
175,111,4.450498065561117,110,37.932
175,112,4.488430300751431,111,37.932
175,113,4.526362535941745,112,37.932
175,114,4.5643505204403265,113,37.988
175,115,4.602338504938908,114,37.988
175,116,4.64032648943749,115,37.988
175,117,4.678314473936071,116,37.988
175,118,4.716302458434653,117,37.988
175,119,4.754290442933234,118,37.988
175,120,4.792278427431816,119,37.988
175,121,4.830266411930397,120,37.988
175,122,4.868254396428979,121,37.988
175,123,4.90624238092756,122,37.988
175,124,4.944230365426142,123,37.988
175,125,4.9822183499247235,124,37.988
175,126,5.020206334423305,125,37.988
175,127,5.0581943189218865,126,37.988
175,128,5.096182303420468,127,37.988
176,1,0.2864330801704442,0,286.433
176,2,0.3241886302452615,1,37.756
176,3,0.3619441803200788,2,37.756
176,4,0.3996997303948961,3,37.756
176,5,0.4374552804697134,4,37.756
176,6,0.47521083054453067,5,37.756
176,7,0.512966380619348,6,37.756
176,8,0.5507219306941653,7,37.756
176,9,0.5884774807689827,8,37.756
176,10,0.6262330308438,9,37.756
176,11,0.6639885809186173,10,37.756
176,12,0.7017441309934347,11,37.756
176,13,0.739499681068252,12,37.756
176,14,0.7772552311430694,13,37.756
176,15,0.8150107812178867,14,37.756
176,16,0.8527663312927041,15,37.756
176,17,0.8905218813675214,16,37.756
176,18,0.9282774314423388,17,37.756
176,19,0.9660329815171561,18,37.756
176,20,1.0037885315919735,19,37.756
176,21,1.0415440816667907,20,37.756
176,22,1.079299631741608,21,37.756
176,23,1.1170551818164252,22,37.756
176,24,1.1548107318912424,23,37.756
176,25,1.1925662819660596,24,37.756
176,26,1.2303218320408769,25,37.756
176,27,1.268077382115694,26,37.756
176,28,1.3058329321905113,27,37.756
176,29,1.3435884822653286,28,37.756
176,30,1.3813440323401458,29,37.756
176,31,1.419099582414963,30,37.756
176,32,1.4568551324897803,31,37.756
176,33,1.4946106825645975,32,37.756
176,34,1.5323662326394147,33,37.756
176,35,1.570121782714232,34,37.756
176,36,1.6078773327890492,35,37.756
176,37,1.6456328828638664,36,37.756
176,38,1.6833884329386837,37,37.756
176,39,1.721143983013501,38,37.756
176,40,1.7588995330883181,39,37.756
176,41,1.7966550831631354,40,37.756
176,42,1.8344106332379526,41,37.756
176,43,1.8721661833127698,42,37.756
176,44,1.909921733387587,43,37.756
176,45,1.9476772834624043,44,37.756
176,46,1.9854328335372216,45,37.756
176,47,2.023188383612039,46,37.756
176,48,2.0609439336868562,47,37.756
176,49,2.0986994837616737,48,37.756
176,50,2.1366317189519872,49,37.932
176,51,2.1745639541423007,50,37.932
176,52,2.2124961893326143,51,37.932
176,53,2.250428424522928,52,37.932
176,54,2.2883606597132413,53,37.932
176,55,2.326292894903555,54,37.932
176,56,2.3642251300938684,55,37.932
176,57,2.402157365284182,56,37.932
176,58,2.4400896004744954,57,37.932
176,59,2.478021835664809,58,37.932
176,60,2.5159540708551225,59,37.932
176,61,2.553886306045436,60,37.932
176,62,2.5918185412357495,61,37.932
176,63,2.629750776426063,62,37.932
176,64,2.6676830116163766,63,37.932
176,65,2.70561524680669,64,37.932
176,66,2.7435474819970036,65,37.932
176,67,2.781479717187317,66,37.932
176,68,2.8194119523776306,67,37.932
176,69,2.857344187567944,68,37.932
176,70,2.8952764227582577,69,37.932
176,71,2.933208657948571,70,37.932
176,72,2.9711408931388847,71,37.932
176,73,3.0090731283291983,72,37.932
176,74,3.047005363519512,73,37.932
176,75,3.0849375987098253,74,37.932
176,76,3.122869833900139,75,37.932
176,77,3.1608020690904524,76,37.932
176,78,3.198734304280766,77,37.932
176,79,3.2366665394710794,78,37.932
176,80,3.274598774661393,79,37.932
176,81,3.3125310098517065,80,37.932
176,82,3.35046324504202,81,37.932
176,83,3.3883954802323335,82,37.932
176,84,3.426327715422647,83,37.932
176,85,3.4642599506129605,84,37.932
176,86,3.502192185803274,85,37.932
176,87,3.5401244209935876,86,37.932
176,88,3.578056656183901,87,37.932
176,89,3.6159888913742146,88,37.932
176,90,3.653921126564528,89,37.932
176,91,3.6918533617548417,90,37.932
176,92,3.729785596945155,91,37.932
176,93,3.7677178321354687,92,37.932
176,94,3.8056500673257823,93,37.932
176,95,3.843582302516096,94,37.932
176,96,3.8815145377064093,95,37.932
176,97,3.919446772896723,96,37.932
176,98,3.9573790080870364,97,37.932
176,99,3.99531124327735,98,37.932
176,100,4.033243478467663,99,37.932
176,101,4.071175713657977,100,37.932
176,102,4.109107948848291,101,37.932
176,103,4.147040184038605,102,37.932
176,104,4.184972419228919,103,37.932
176,105,4.222904654419233,104,37.932
176,106,4.260836889609547,105,37.932
176,107,4.298769124799861,106,37.932
176,108,4.336701359990175,107,37.932
176,109,4.374633595180489,108,37.932
176,110,4.412565830370803,109,37.932
176,111,4.450498065561117,110,37.932
176,112,4.488430300751431,111,37.932
176,113,4.526362535941745,112,37.932
176,114,4.5643505204403265,113,37.988
176,115,4.602338504938908,114,37.988
176,116,4.64032648943749,115,37.988
176,117,4.678314473936071,116,37.988
176,118,4.716302458434653,117,37.988
176,119,4.754290442933234,118,37.988
176,120,4.792278427431816,119,37.988
176,121,4.830266411930397,120,37.988
176,122,4.868254396428979,121,37.988
176,123,4.90624238092756,122,37.988
176,124,4.944230365426142,123,37.988
176,125,4.9822183499247235,124,37.988
176,126,5.020206334423305,125,37.988
176,127,5.0581943189218865,126,37.988
176,128,5.096182303420468,127,37.988
177,1,0.2864330801704442,0,286.433
177,2,0.3241886302452615,1,37.756
177,3,0.3619441803200788,2,37.756
177,4,0.3996997303948961,3,37.756
177,5,0.4374552804697134,4,37.756
177,6,0.47521083054453067,5,37.756
177,7,0.512966380619348,6,37.756
177,8,0.5507219306941653,7,37.756
177,9,0.5884774807689827,8,37.756
177,10,0.6262330308438,9,37.756
177,11,0.6639885809186173,10,37.756
177,12,0.7017441309934347,11,37.756
177,13,0.739499681068252,12,37.756
177,14,0.7772552311430694,13,37.756
177,15,0.8150107812178867,14,37.756
177,16,0.8527663312927041,15,37.756
177,17,0.8905218813675214,16,37.756
177,18,0.9282774314423388,17,37.756
177,19,0.9660329815171561,18,37.756
177,20,1.0037885315919735,19,37.756
177,21,1.0415440816667907,20,37.756
177,22,1.079299631741608,21,37.756
177,23,1.1170551818164252,22,37.756
177,24,1.1548107318912424,23,37.756
177,25,1.1925662819660596,24,37.756
177,26,1.2303218320408769,25,37.756
177,27,1.268077382115694,26,37.756
177,28,1.3058329321905113,27,37.756
177,29,1.3435884822653286,28,37.756
177,30,1.3813440323401458,29,37.756
177,31,1.419099582414963,30,37.756
177,32,1.4568551324897803,31,37.756
177,33,1.4946106825645975,32,37.756
177,34,1.5323662326394147,33,37.756
177,35,1.570121782714232,34,37.756
177,36,1.6078773327890492,35,37.756
177,37,1.6456328828638664,36,37.756
177,38,1.6833884329386837,37,37.756
177,39,1.721143983013501,38,37.756
177,40,1.7588995330883181,39,37.756
177,41,1.7966550831631354,40,37.756
177,42,1.8344106332379526,41,37.756
177,43,1.8721661833127698,42,37.756
177,44,1.909921733387587,43,37.756
177,45,1.9476772834624043,44,37.756
177,46,1.9854328335372216,45,37.756
177,47,2.023188383612039,46,37.756
177,48,2.0609439336868562,47,37.756
177,49,2.0986994837616737,48,37.756
177,50,2.1366317189519872,49,37.932
177,51,2.1745639541423007,50,37.932
177,52,2.2124961893326143,51,37.932
177,53,2.250428424522928,52,37.932
177,54,2.2883606597132413,53,37.932
177,55,2.326292894903555,54,37.932
177,56,2.3642251300938684,55,37.932
177,57,2.402157365284182,56,37.932
177,58,2.4400896004744954,57,37.932
177,59,2.478021835664809,58,37.932
177,60,2.5159540708551225,59,37.932
177,61,2.553886306045436,60,37.932
177,62,2.5918185412357495,61,37.932
177,63,2.629750776426063,62,37.932
177,64,2.6676830116163766,63,37.932
177,65,2.70561524680669,64,37.932
177,66,2.7435474819970036,65,37.932
177,67,2.781479717187317,66,37.932
177,68,2.8194119523776306,67,37.932
177,69,2.857344187567944,68,37.932
177,70,2.8952764227582577,69,37.932
177,71,2.933208657948571,70,37.932
177,72,2.9711408931388847,71,37.932
177,73,3.0090731283291983,72,37.932
177,74,3.047005363519512,73,37.932
177,75,3.0849375987098253,74,37.932
177,76,3.122869833900139,75,37.932
177,77,3.1608020690904524,76,37.932
177,78,3.198734304280766,77,37.932
177,79,3.2366665394710794,78,37.932
177,80,3.274598774661393,79,37.932
177,81,3.3125310098517065,80,37.932
177,82,3.35046324504202,81,37.932
177,83,3.3883954802323335,82,37.932
177,84,3.426327715422647,83,37.932
177,85,3.4642599506129605,84,37.932
177,86,3.502192185803274,85,37.932
177,87,3.5401244209935876,86,37.932
177,88,3.578056656183901,87,37.932
177,89,3.6159888913742146,88,37.932
177,90,3.653921126564528,89,37.932
177,91,3.6918533617548417,90,37.932
177,92,3.729785596945155,91,37.932
177,93,3.7677178321354687,92,37.932
177,94,3.8056500673257823,93,37.932
177,95,3.843582302516096,94,37.932
177,96,3.8815145377064093,95,37.932
177,97,3.919446772896723,96,37.932
177,98,3.9573790080870364,97,37.932
177,99,3.99531124327735,98,37.932
177,100,4.033243478467663,99,37.932
177,101,4.071175713657977,100,37.932
177,102,4.109107948848291,101,37.932
177,103,4.147040184038605,102,37.932
177,104,4.184972419228919,103,37.932
177,105,4.222904654419233,104,37.932
177,106,4.260836889609547,105,37.932
177,107,4.298769124799861,106,37.932
177,108,4.336701359990175,107,37.932
177,109,4.374633595180489,108,37.932
177,110,4.412565830370803,109,37.932
177,111,4.450498065561117,110,37.932
177,112,4.488430300751431,111,37.932
177,113,4.526362535941745,112,37.932
177,114,4.5643505204403265,113,37.988
177,115,4.602338504938908,114,37.988
177,116,4.64032648943749,115,37.988
177,117,4.678314473936071,116,37.988
177,118,4.716302458434653,117,37.988
177,119,4.754290442933234,118,37.988
177,120,4.792278427431816,119,37.988
177,121,4.830266411930397,120,37.988
177,122,4.868254396428979,121,37.988
177,123,4.90624238092756,122,37.988
177,124,4.944230365426142,123,37.988
177,125,4.9822183499247235,124,37.988
177,126,5.020206334423305,125,37.988
177,127,5.0581943189218865,126,37.988
177,128,5.096182303420468,127,37.988
178,1,0.2864330801704442,0,286.433
178,2,0.3241886302452615,1,37.756
178,3,0.3619441803200788,2,37.756
178,4,0.3996997303948961,3,37.756
178,5,0.4374552804697134,4,37.756
178,6,0.47521083054453067,5,37.756
178,7,0.512966380619348,6,37.756
178,8,0.5507219306941653,7,37.756
178,9,0.5884774807689827,8,37.756
178,10,0.6262330308438,9,37.756
178,11,0.6639885809186173,10,37.756
178,12,0.7017441309934347,11,37.756
178,13,0.739499681068252,12,37.756
178,14,0.7772552311430694,13,37.756
178,15,0.8150107812178867,14,37.756
178,16,0.8527663312927041,15,37.756
178,17,0.8905218813675214,16,37.756
178,18,0.9282774314423388,17,37.756
178,19,0.9660329815171561,18,37.756
178,20,1.0037885315919735,19,37.756
178,21,1.0415440816667907,20,37.756
178,22,1.079299631741608,21,37.756
178,23,1.1170551818164252,22,37.756
178,24,1.1548107318912424,23,37.756
178,25,1.1925662819660596,24,37.756
178,26,1.2303218320408769,25,37.756
178,27,1.268077382115694,26,37.756
178,28,1.3058329321905113,27,37.756
178,29,1.3435884822653286,28,37.756
178,30,1.3813440323401458,29,37.756
178,31,1.419099582414963,30,37.756
178,32,1.4568551324897803,31,37.756
178,33,1.4946106825645975,32,37.756
178,34,1.5323662326394147,33,37.756
178,35,1.570121782714232,34,37.756
178,36,1.6078773327890492,35,37.756
178,37,1.6456328828638664,36,37.756
178,38,1.6833884329386837,37,37.756
178,39,1.721143983013501,38,37.756
178,40,1.7588995330883181,39,37.756
178,41,1.7966550831631354,40,37.756
178,42,1.8344106332379526,41,37.756
178,43,1.8721661833127698,42,37.756
178,44,1.909921733387587,43,37.756
178,45,1.9476772834624043,44,37.756
178,46,1.9854328335372216,45,37.756
178,47,2.023188383612039,46,37.756
178,48,2.0609439336868562,47,37.756
178,49,2.0986994837616737,48,37.756
178,50,2.1366317189519872,49,37.932
178,51,2.1745639541423007,50,37.932
178,52,2.2124961893326143,51,37.932
178,53,2.250428424522928,52,37.932
178,54,2.2883606597132413,53,37.932
178,55,2.326292894903555,54,37.932
178,56,2.3642251300938684,55,37.932
178,57,2.402157365284182,56,37.932
178,58,2.4400896004744954,57,37.932
178,59,2.478021835664809,58,37.932
178,60,2.5159540708551225,59,37.932
178,61,2.553886306045436,60,37.932
178,62,2.5918185412357495,61,37.932
178,63,2.629750776426063,62,37.932
178,64,2.6676830116163766,63,37.932
178,65,2.70561524680669,64,37.932
178,66,2.7435474819970036,65,37.932
178,67,2.781479717187317,66,37.932
178,68,2.8194119523776306,67,37.932
178,69,2.857344187567944,68,37.932
178,70,2.8952764227582577,69,37.932
178,71,2.933208657948571,70,37.932
178,72,2.9711408931388847,71,37.932
178,73,3.0090731283291983,72,37.932
178,74,3.047005363519512,73,37.932
178,75,3.0849375987098253,74,37.932
178,76,3.122869833900139,75,37.932
178,77,3.1608020690904524,76,37.932
178,78,3.198734304280766,77,37.932
178,79,3.2366665394710794,78,37.932
178,80,3.274598774661393,79,37.932
178,81,3.3125310098517065,80,37.932
178,82,3.35046324504202,81,37.932
178,83,3.3883954802323335,82,37.932
178,84,3.426327715422647,83,37.932
178,85,3.4642599506129605,84,37.932
178,86,3.502192185803274,85,37.932
178,87,3.5401244209935876,86,37.932
178,88,3.578056656183901,87,37.932
178,89,3.6159888913742146,88,37.932
178,90,3.653921126564528,89,37.932
178,91,3.6918533617548417,90,37.932
178,92,3.729785596945155,91,37.932
178,93,3.7677178321354687,92,37.932
178,94,3.8056500673257823,93,37.932
178,95,3.843582302516096,94,37.932
178,96,3.8815145377064093,95,37.932
178,97,3.919446772896723,96,37.932
178,98,3.9573790080870364,97,37.932
178,99,3.99531124327735,98,37.932
178,100,4.033243478467663,99,37.932
178,101,4.071175713657977,100,37.932
178,102,4.109107948848291,101,37.932
178,103,4.147040184038605,102,37.932
178,104,4.184972419228919,103,37.932
178,105,4.222904654419233,104,37.932
178,106,4.260836889609547,105,37.932
178,107,4.298769124799861,106,37.932
178,108,4.336701359990175,107,37.932
178,109,4.374633595180489,108,37.932
178,110,4.412565830370803,109,37.932
178,111,4.450498065561117,110,37.932
178,112,4.488430300751431,111,37.932
178,113,4.526362535941745,112,37.932
178,114,4.5643505204403265,113,37.988
178,115,4.602338504938908,114,37.988
178,116,4.64032648943749,115,37.988
178,117,4.678314473936071,116,37.988
178,118,4.716302458434653,117,37.988
178,119,4.754290442933234,118,37.988
178,120,4.792278427431816,119,37.988
178,121,4.830266411930397,120,37.988
178,122,4.868254396428979,121,37.988
178,123,4.90624238092756,122,37.988
178,124,4.944230365426142,123,37.988
178,125,4.9822183499247235,124,37.988
178,126,5.020206334423305,125,37.988
178,127,5.0581943189218865,126,37.988
178,128,5.096182303420468,127,37.988
179,1,0.2864330801704442,0,286.433
179,2,0.3241886302452615,1,37.756
179,3,0.3619441803200788,2,37.756
179,4,0.3996997303948961,3,37.756
179,5,0.4374552804697134,4,37.756
179,6,0.47521083054453067,5,37.756
179,7,0.512966380619348,6,37.756
179,8,0.5507219306941653,7,37.756
179,9,0.5884774807689827,8,37.756
179,10,0.6262330308438,9,37.756
179,11,0.6639885809186173,10,37.756
179,12,0.7017441309934347,11,37.756
179,13,0.739499681068252,12,37.756
179,14,0.7772552311430694,13,37.756
179,15,0.8150107812178867,14,37.756
179,16,0.8527663312927041,15,37.756
179,17,0.8905218813675214,16,37.756
179,18,0.9282774314423388,17,37.756
179,19,0.9660329815171561,18,37.756
179,20,1.0037885315919735,19,37.756
179,21,1.0415440816667907,20,37.756
179,22,1.079299631741608,21,37.756
179,23,1.1170551818164252,22,37.756
179,24,1.1548107318912424,23,37.756
179,25,1.1925662819660596,24,37.756
179,26,1.2303218320408769,25,37.756
179,27,1.268077382115694,26,37.756
179,28,1.3058329321905113,27,37.756
179,29,1.3435884822653286,28,37.756
179,30,1.3813440323401458,29,37.756
179,31,1.419099582414963,30,37.756
179,32,1.4568551324897803,31,37.756
179,33,1.4946106825645975,32,37.756
179,34,1.5323662326394147,33,37.756
179,35,1.570121782714232,34,37.756
179,36,1.6078773327890492,35,37.756
179,37,1.6456328828638664,36,37.756
179,38,1.6833884329386837,37,37.756
179,39,1.721143983013501,38,37.756
179,40,1.7588995330883181,39,37.756
179,41,1.7966550831631354,40,37.756
179,42,1.8344106332379526,41,37.756
179,43,1.8721661833127698,42,37.756
179,44,1.909921733387587,43,37.756
179,45,1.9476772834624043,44,37.756
179,46,1.9854328335372216,45,37.756
179,47,2.023188383612039,46,37.756
179,48,2.0609439336868562,47,37.756
179,49,2.0986994837616737,48,37.756
179,50,2.1366317189519872,49,37.932
179,51,2.1745639541423007,50,37.932
179,52,2.2124961893326143,51,37.932
179,53,2.250428424522928,52,37.932
179,54,2.2883606597132413,53,37.932
179,55,2.326292894903555,54,37.932
179,56,2.3642251300938684,55,37.932
179,57,2.402157365284182,56,37.932
179,58,2.4400896004744954,57,37.932
179,59,2.478021835664809,58,37.932
179,60,2.5159540708551225,59,37.932
179,61,2.553886306045436,60,37.932
179,62,2.5918185412357495,61,37.932
179,63,2.629750776426063,62,37.932
179,64,2.6676830116163766,63,37.932
179,65,2.70561524680669,64,37.932
179,66,2.7435474819970036,65,37.932
179,67,2.781479717187317,66,37.932
179,68,2.8194119523776306,67,37.932
179,69,2.857344187567944,68,37.932
179,70,2.8952764227582577,69,37.932
179,71,2.933208657948571,70,37.932
179,72,2.9711408931388847,71,37.932
179,73,3.0090731283291983,72,37.932
179,74,3.047005363519512,73,37.932
179,75,3.0849375987098253,74,37.932
179,76,3.122869833900139,75,37.932
179,77,3.1608020690904524,76,37.932
179,78,3.198734304280766,77,37.932
179,79,3.2366665394710794,78,37.932
179,80,3.274598774661393,79,37.932
179,81,3.3125310098517065,80,37.932
179,82,3.35046324504202,81,37.932
179,83,3.3883954802323335,82,37.932
179,84,3.426327715422647,83,37.932
179,85,3.4642599506129605,84,37.932
179,86,3.502192185803274,85,37.932
179,87,3.5401244209935876,86,37.932
179,88,3.578056656183901,87,37.932
179,89,3.6159888913742146,88,37.932
179,90,3.653921126564528,89,37.932
179,91,3.6918533617548417,90,37.932
179,92,3.729785596945155,91,37.932
179,93,3.7677178321354687,92,37.932
179,94,3.8056500673257823,93,37.932
179,95,3.843582302516096,94,37.932
179,96,3.8815145377064093,95,37.932
179,97,3.919446772896723,96,37.932
179,98,3.9573790080870364,97,37.932
179,99,3.99531124327735,98,37.932
179,100,4.033243478467663,99,37.932
179,101,4.071175713657977,100,37.932
179,102,4.109107948848291,101,37.932
179,103,4.147040184038605,102,37.932
179,104,4.184972419228919,103,37.932
179,105,4.222904654419233,104,37.932
179,106,4.260836889609547,105,37.932
179,107,4.298769124799861,106,37.932
179,108,4.336701359990175,107,37.932
179,109,4.374633595180489,108,37.932
179,110,4.412565830370803,109,37.932
179,111,4.450498065561117,110,37.932
179,112,4.488430300751431,111,37.932
179,113,4.526362535941745,112,37.932
179,114,4.5643505204403265,113,37.988
179,115,4.602338504938908,114,37.988
179,116,4.64032648943749,115,37.988
179,117,4.678314473936071,116,37.988
179,118,4.716302458434653,117,37.988
179,119,4.754290442933234,118,37.988
179,120,4.792278427431816,119,37.988
179,121,4.830266411930397,120,37.988
179,122,4.868254396428979,121,37.988
179,123,4.90624238092756,122,37.988
179,124,4.944230365426142,123,37.988
179,125,4.9822183499247235,124,37.988
179,126,5.020206334423305,125,37.988
179,127,5.0581943189218865,126,37.988
179,128,5.096182303420468,127,37.988
180,1,0.2864330801704442,0,286.433
180,2,0.3241886302452615,1,37.756
180,3,0.3619441803200788,2,37.756
180,4,0.3996997303948961,3,37.756
180,5,0.4374552804697134,4,37.756
180,6,0.47521083054453067,5,37.756
180,7,0.512966380619348,6,37.756
180,8,0.5507219306941653,7,37.756
180,9,0.5884774807689827,8,37.756
180,10,0.6262330308438,9,37.756
180,11,0.6639885809186173,10,37.756
180,12,0.7017441309934347,11,37.756
180,13,0.739499681068252,12,37.756
180,14,0.7772552311430694,13,37.756
180,15,0.8150107812178867,14,37.756
180,16,0.8527663312927041,15,37.756
180,17,0.8905218813675214,16,37.756
180,18,0.9282774314423388,17,37.756
180,19,0.9660329815171561,18,37.756
180,20,1.0037885315919735,19,37.756
180,21,1.0415440816667907,20,37.756
180,22,1.079299631741608,21,37.756
180,23,1.1170551818164252,22,37.756
180,24,1.1548107318912424,23,37.756
180,25,1.1925662819660596,24,37.756
180,26,1.2303218320408769,25,37.756
180,27,1.268077382115694,26,37.756
180,28,1.3058329321905113,27,37.756
180,29,1.3435884822653286,28,37.756
180,30,1.3813440323401458,29,37.756
180,31,1.419099582414963,30,37.756
180,32,1.4568551324897803,31,37.756
180,33,1.4946106825645975,32,37.756
180,34,1.5323662326394147,33,37.756
180,35,1.570121782714232,34,37.756
180,36,1.6078773327890492,35,37.756
180,37,1.6456328828638664,36,37.756
180,38,1.6833884329386837,37,37.756
180,39,1.721143983013501,38,37.756
180,40,1.7588995330883181,39,37.756
180,41,1.7966550831631354,40,37.756
180,42,1.8344106332379526,41,37.756
180,43,1.8721661833127698,42,37.756
180,44,1.909921733387587,43,37.756
180,45,1.9476772834624043,44,37.756
180,46,1.9854328335372216,45,37.756
180,47,2.023188383612039,46,37.756
180,48,2.0609439336868562,47,37.756
180,49,2.0986994837616737,48,37.756
180,50,2.1366317189519872,49,37.932
180,51,2.1745639541423007,50,37.932
180,52,2.2124961893326143,51,37.932
180,53,2.250428424522928,52,37.932
180,54,2.2883606597132413,53,37.932
180,55,2.326292894903555,54,37.932
180,56,2.3642251300938684,55,37.932
180,57,2.402157365284182,56,37.932
180,58,2.4400896004744954,57,37.932
180,59,2.478021835664809,58,37.932
180,60,2.5159540708551225,59,37.932
180,61,2.553886306045436,60,37.932
180,62,2.5918185412357495,61,37.932
180,63,2.629750776426063,62,37.932
180,64,2.6676830116163766,63,37.932
180,65,2.70561524680669,64,37.932
180,66,2.7435474819970036,65,37.932
180,67,2.781479717187317,66,37.932
180,68,2.8194119523776306,67,37.932
180,69,2.857344187567944,68,37.932
180,70,2.8952764227582577,69,37.932
180,71,2.933208657948571,70,37.932
180,72,2.9711408931388847,71,37.932
180,73,3.0090731283291983,72,37.932
180,74,3.047005363519512,73,37.932
180,75,3.0849375987098253,74,37.932
180,76,3.122869833900139,75,37.932
180,77,3.1608020690904524,76,37.932
180,78,3.198734304280766,77,37.932
180,79,3.2366665394710794,78,37.932
180,80,3.274598774661393,79,37.932
180,81,3.3125310098517065,80,37.932
180,82,3.35046324504202,81,37.932
180,83,3.3883954802323335,82,37.932
180,84,3.426327715422647,83,37.932
180,85,3.4642599506129605,84,37.932
180,86,3.502192185803274,85,37.932
180,87,3.5401244209935876,86,37.932
180,88,3.578056656183901,87,37.932
180,89,3.6159888913742146,88,37.932
180,90,3.653921126564528,89,37.932
180,91,3.6918533617548417,90,37.932
180,92,3.729785596945155,91,37.932
180,93,3.7677178321354687,92,37.932
180,94,3.8056500673257823,93,37.932
180,95,3.843582302516096,94,37.932
180,96,3.8815145377064093,95,37.932
180,97,3.919446772896723,96,37.932
180,98,3.9573790080870364,97,37.932
180,99,3.99531124327735,98,37.932
180,100,4.033243478467663,99,37.932
180,101,4.071175713657977,100,37.932
180,102,4.109107948848291,101,37.932
180,103,4.147040184038605,102,37.932
180,104,4.184972419228919,103,37.932
180,105,4.222904654419233,104,37.932
180,106,4.260836889609547,105,37.932
180,107,4.298769124799861,106,37.932
180,108,4.336701359990175,107,37.932
180,109,4.374633595180489,108,37.932
180,110,4.412565830370803,109,37.932
180,111,4.450498065561117,110,37.932
180,112,4.488430300751431,111,37.932
180,113,4.526362535941745,112,37.932
180,114,4.5643505204403265,113,37.988
180,115,4.602338504938908,114,37.988
180,116,4.64032648943749,115,37.988
180,117,4.678314473936071,116,37.988
180,118,4.716302458434653,117,37.988
180,119,4.754290442933234,118,37.988
180,120,4.792278427431816,119,37.988
180,121,4.830266411930397,120,37.988
180,122,4.868254396428979,121,37.988
180,123,4.90624238092756,122,37.988
180,124,4.944230365426142,123,37.988
180,125,4.9822183499247235,124,37.988
180,126,5.020206334423305,125,37.988
180,127,5.0581943189218865,126,37.988
180,128,5.096182303420468,127,37.988
181,1,0.2864330801704442,0,286.433
181,2,0.3241886302452615,1,37.756
181,3,0.3619441803200788,2,37.756
181,4,0.3996997303948961,3,37.756
181,5,0.4374552804697134,4,37.756
181,6,0.47521083054453067,5,37.756
181,7,0.512966380619348,6,37.756
181,8,0.5507219306941653,7,37.756
181,9,0.5884774807689827,8,37.756
181,10,0.6262330308438,9,37.756
181,11,0.6639885809186173,10,37.756
181,12,0.7017441309934347,11,37.756
181,13,0.739499681068252,12,37.756
181,14,0.7772552311430694,13,37.756
181,15,0.8150107812178867,14,37.756
181,16,0.8527663312927041,15,37.756
181,17,0.8905218813675214,16,37.756
181,18,0.9282774314423388,17,37.756
181,19,0.9660329815171561,18,37.756
181,20,1.0037885315919735,19,37.756
181,21,1.0415440816667907,20,37.756
181,22,1.079299631741608,21,37.756
181,23,1.1170551818164252,22,37.756
181,24,1.1548107318912424,23,37.756
181,25,1.1925662819660596,24,37.756
181,26,1.2303218320408769,25,37.756
181,27,1.268077382115694,26,37.756
181,28,1.3058329321905113,27,37.756
181,29,1.3435884822653286,28,37.756
181,30,1.3813440323401458,29,37.756
181,31,1.419099582414963,30,37.756
181,32,1.4568551324897803,31,37.756
181,33,1.4946106825645975,32,37.756
181,34,1.5323662326394147,33,37.756
181,35,1.570121782714232,34,37.756
181,36,1.6078773327890492,35,37.756
181,37,1.6456328828638664,36,37.756
181,38,1.6833884329386837,37,37.756
181,39,1.721143983013501,38,37.756
181,40,1.7588995330883181,39,37.756
181,41,1.7966550831631354,40,37.756
181,42,1.8344106332379526,41,37.756
181,43,1.8721661833127698,42,37.756
181,44,1.909921733387587,43,37.756
181,45,1.9476772834624043,44,37.756
181,46,1.9854328335372216,45,37.756
181,47,2.023188383612039,46,37.756
181,48,2.0609439336868562,47,37.756
181,49,2.0986994837616737,48,37.756
181,50,2.1366317189519872,49,37.932
181,51,2.1745639541423007,50,37.932
181,52,2.2124961893326143,51,37.932
181,53,2.250428424522928,52,37.932
181,54,2.2883606597132413,53,37.932
181,55,2.326292894903555,54,37.932
181,56,2.3642251300938684,55,37.932
181,57,2.402157365284182,56,37.932
181,58,2.4400896004744954,57,37.932
181,59,2.478021835664809,58,37.932
181,60,2.5159540708551225,59,37.932
181,61,2.553886306045436,60,37.932
181,62,2.5918185412357495,61,37.932
181,63,2.629750776426063,62,37.932
181,64,2.6676830116163766,63,37.932
181,65,2.70561524680669,64,37.932
181,66,2.7435474819970036,65,37.932
181,67,2.781479717187317,66,37.932
181,68,2.8194119523776306,67,37.932
181,69,2.857344187567944,68,37.932
181,70,2.8952764227582577,69,37.932
181,71,2.933208657948571,70,37.932
181,72,2.9711408931388847,71,37.932
181,73,3.0090731283291983,72,37.932
181,74,3.047005363519512,73,37.932
181,75,3.0849375987098253,74,37.932
181,76,3.122869833900139,75,37.932
181,77,3.1608020690904524,76,37.932
181,78,3.198734304280766,77,37.932
181,79,3.2366665394710794,78,37.932
181,80,3.274598774661393,79,37.932
181,81,3.3125310098517065,80,37.932
181,82,3.35046324504202,81,37.932
181,83,3.3883954802323335,82,37.932
181,84,3.426327715422647,83,37.932
181,85,3.4642599506129605,84,37.932
181,86,3.502192185803274,85,37.932
181,87,3.5401244209935876,86,37.932
181,88,3.578056656183901,87,37.932
181,89,3.6159888913742146,88,37.932
181,90,3.653921126564528,89,37.932
181,91,3.6918533617548417,90,37.932
181,92,3.729785596945155,91,37.932
181,93,3.7677178321354687,92,37.932
181,94,3.8056500673257823,93,37.932
181,95,3.843582302516096,94,37.932
181,96,3.8815145377064093,95,37.932
181,97,3.919446772896723,96,37.932
181,98,3.9573790080870364,97,37.932
181,99,3.99531124327735,98,37.932
181,100,4.033243478467663,99,37.932
181,101,4.071175713657977,100,37.932
181,102,4.109107948848291,101,37.932
181,103,4.147040184038605,102,37.932
181,104,4.184972419228919,103,37.932
181,105,4.222904654419233,104,37.932
181,106,4.260836889609547,105,37.932
181,107,4.298769124799861,106,37.932
181,108,4.336701359990175,107,37.932
181,109,4.374633595180489,108,37.932
181,110,4.412565830370803,109,37.932
181,111,4.450498065561117,110,37.932
181,112,4.488430300751431,111,37.932
181,113,4.526362535941745,112,37.932
181,114,4.5643505204403265,113,37.988
181,115,4.602338504938908,114,37.988
181,116,4.64032648943749,115,37.988
181,117,4.678314473936071,116,37.988
181,118,4.716302458434653,117,37.988
181,119,4.754290442933234,118,37.988
181,120,4.792278427431816,119,37.988
181,121,4.830266411930397,120,37.988
181,122,4.868254396428979,121,37.988
181,123,4.90624238092756,122,37.988
181,124,4.944230365426142,123,37.988
181,125,4.9822183499247235,124,37.988
181,126,5.020206334423305,125,37.988
181,127,5.0581943189218865,126,37.988
181,128,5.096182303420468,127,37.988
182,1,0.2864330801704442,0,286.433
182,2,0.3241886302452615,1,37.756
182,3,0.3619441803200788,2,37.756
182,4,0.3996997303948961,3,37.756
182,5,0.4374552804697134,4,37.756
182,6,0.47521083054453067,5,37.756
182,7,0.512966380619348,6,37.756
182,8,0.5507219306941653,7,37.756
182,9,0.5884774807689827,8,37.756
182,10,0.6262330308438,9,37.756
182,11,0.6639885809186173,10,37.756
182,12,0.7017441309934347,11,37.756
182,13,0.739499681068252,12,37.756
182,14,0.7772552311430694,13,37.756
182,15,0.8150107812178867,14,37.756
182,16,0.8527663312927041,15,37.756
182,17,0.8905218813675214,16,37.756
182,18,0.9282774314423388,17,37.756
182,19,0.9660329815171561,18,37.756
182,20,1.0037885315919735,19,37.756
182,21,1.0415440816667907,20,37.756
182,22,1.079299631741608,21,37.756
182,23,1.1170551818164252,22,37.756
182,24,1.1548107318912424,23,37.756
182,25,1.1925662819660596,24,37.756
182,26,1.2303218320408769,25,37.756
182,27,1.268077382115694,26,37.756
182,28,1.3058329321905113,27,37.756
182,29,1.3435884822653286,28,37.756
182,30,1.3813440323401458,29,37.756
182,31,1.419099582414963,30,37.756
182,32,1.4568551324897803,31,37.756
182,33,1.4946106825645975,32,37.756
182,34,1.5323662326394147,33,37.756
182,35,1.570121782714232,34,37.756
182,36,1.6078773327890492,35,37.756
182,37,1.6456328828638664,36,37.756
182,38,1.6833884329386837,37,37.756
182,39,1.721143983013501,38,37.756
182,40,1.7588995330883181,39,37.756
182,41,1.7966550831631354,40,37.756
182,42,1.8344106332379526,41,37.756
182,43,1.8721661833127698,42,37.756
182,44,1.909921733387587,43,37.756
182,45,1.9476772834624043,44,37.756
182,46,1.9854328335372216,45,37.756
182,47,2.023188383612039,46,37.756
182,48,2.0609439336868562,47,37.756
182,49,2.0986994837616737,48,37.756
182,50,2.1366317189519872,49,37.932
182,51,2.1745639541423007,50,37.932
182,52,2.2124961893326143,51,37.932
182,53,2.250428424522928,52,37.932
182,54,2.2883606597132413,53,37.932
182,55,2.326292894903555,54,37.932
182,56,2.3642251300938684,55,37.932
182,57,2.402157365284182,56,37.932
182,58,2.4400896004744954,57,37.932
182,59,2.478021835664809,58,37.932
182,60,2.5159540708551225,59,37.932
182,61,2.553886306045436,60,37.932
182,62,2.5918185412357495,61,37.932
182,63,2.629750776426063,62,37.932
182,64,2.6676830116163766,63,37.932
182,65,2.70561524680669,64,37.932
182,66,2.7435474819970036,65,37.932
182,67,2.781479717187317,66,37.932
182,68,2.8194119523776306,67,37.932
182,69,2.857344187567944,68,37.932
182,70,2.8952764227582577,69,37.932
182,71,2.933208657948571,70,37.932
182,72,2.9711408931388847,71,37.932
182,73,3.0090731283291983,72,37.932
182,74,3.047005363519512,73,37.932
182,75,3.0849375987098253,74,37.932
182,76,3.122869833900139,75,37.932
182,77,3.1608020690904524,76,37.932
182,78,3.198734304280766,77,37.932
182,79,3.2366665394710794,78,37.932
182,80,3.274598774661393,79,37.932
182,81,3.3125310098517065,80,37.932
182,82,3.35046324504202,81,37.932
182,83,3.3883954802323335,82,37.932
182,84,3.426327715422647,83,37.932
182,85,3.4642599506129605,84,37.932
182,86,3.502192185803274,85,37.932
182,87,3.5401244209935876,86,37.932
182,88,3.578056656183901,87,37.932
182,89,3.6159888913742146,88,37.932
182,90,3.653921126564528,89,37.932
182,91,3.6918533617548417,90,37.932
182,92,3.729785596945155,91,37.932
182,93,3.7677178321354687,92,37.932
182,94,3.8056500673257823,93,37.932
182,95,3.843582302516096,94,37.932
182,96,3.8815145377064093,95,37.932
182,97,3.919446772896723,96,37.932
182,98,3.9573790080870364,97,37.932
182,99,3.99531124327735,98,37.932
182,100,4.033243478467663,99,37.932
182,101,4.071175713657977,100,37.932
182,102,4.109107948848291,101,37.932
182,103,4.147040184038605,102,37.932
182,104,4.184972419228919,103,37.932
182,105,4.222904654419233,104,37.932
182,106,4.260836889609547,105,37.932
182,107,4.298769124799861,106,37.932
182,108,4.336701359990175,107,37.932
182,109,4.374633595180489,108,37.932
182,110,4.412565830370803,109,37.932
182,111,4.450498065561117,110,37.932
182,112,4.488430300751431,111,37.932
182,113,4.526362535941745,112,37.932
182,114,4.5643505204403265,113,37.988
182,115,4.602338504938908,114,37.988
182,116,4.64032648943749,115,37.988
182,117,4.678314473936071,116,37.988
182,118,4.716302458434653,117,37.988
182,119,4.754290442933234,118,37.988
182,120,4.792278427431816,119,37.988
182,121,4.830266411930397,120,37.988
182,122,4.868254396428979,121,37.988
182,123,4.90624238092756,122,37.988
182,124,4.944230365426142,123,37.988
182,125,4.9822183499247235,124,37.988
182,126,5.020206334423305,125,37.988
182,127,5.0581943189218865,126,37.988
182,128,5.096182303420468,127,37.988
183,1,0.2864330801704442,0,286.433
183,2,0.3241886302452615,1,37.756
183,3,0.3619441803200788,2,37.756
183,4,0.3996997303948961,3,37.756
183,5,0.4374552804697134,4,37.756
183,6,0.47521083054453067,5,37.756
183,7,0.512966380619348,6,37.756
183,8,0.5507219306941653,7,37.756
183,9,0.5884774807689827,8,37.756
183,10,0.6262330308438,9,37.756
183,11,0.6639885809186173,10,37.756
183,12,0.7017441309934347,11,37.756
183,13,0.739499681068252,12,37.756
183,14,0.7772552311430694,13,37.756
183,15,0.8150107812178867,14,37.756
183,16,0.8527663312927041,15,37.756
183,17,0.8905218813675214,16,37.756
183,18,0.9282774314423388,17,37.756
183,19,0.9660329815171561,18,37.756
183,20,1.0037885315919735,19,37.756
183,21,1.0415440816667907,20,37.756
183,22,1.079299631741608,21,37.756
183,23,1.1170551818164252,22,37.756
183,24,1.1548107318912424,23,37.756
183,25,1.1925662819660596,24,37.756
183,26,1.2303218320408769,25,37.756
183,27,1.268077382115694,26,37.756
183,28,1.3058329321905113,27,37.756
183,29,1.3435884822653286,28,37.756
183,30,1.3813440323401458,29,37.756
183,31,1.419099582414963,30,37.756
183,32,1.4568551324897803,31,37.756
183,33,1.4946106825645975,32,37.756
183,34,1.5323662326394147,33,37.756
183,35,1.570121782714232,34,37.756
183,36,1.6078773327890492,35,37.756
183,37,1.6456328828638664,36,37.756
183,38,1.6833884329386837,37,37.756
183,39,1.721143983013501,38,37.756
183,40,1.7588995330883181,39,37.756
183,41,1.7966550831631354,40,37.756
183,42,1.8344106332379526,41,37.756
183,43,1.8721661833127698,42,37.756
183,44,1.909921733387587,43,37.756
183,45,1.9476772834624043,44,37.756
183,46,1.9854328335372216,45,37.756
183,47,2.023188383612039,46,37.756
183,48,2.0609439336868562,47,37.756
183,49,2.0986994837616737,48,37.756
183,50,2.1366317189519872,49,37.932
183,51,2.1745639541423007,50,37.932
183,52,2.2124961893326143,51,37.932
183,53,2.250428424522928,52,37.932
183,54,2.2883606597132413,53,37.932
183,55,2.326292894903555,54,37.932
183,56,2.3642251300938684,55,37.932
183,57,2.402157365284182,56,37.932
183,58,2.4400896004744954,57,37.932
183,59,2.478021835664809,58,37.932
183,60,2.5159540708551225,59,37.932
183,61,2.553886306045436,60,37.932
183,62,2.5918185412357495,61,37.932
183,63,2.629750776426063,62,37.932
183,64,2.6676830116163766,63,37.932
183,65,2.70561524680669,64,37.932
183,66,2.7435474819970036,65,37.932
183,67,2.781479717187317,66,37.932
183,68,2.8194119523776306,67,37.932
183,69,2.857344187567944,68,37.932
183,70,2.8952764227582577,69,37.932
183,71,2.933208657948571,70,37.932
183,72,2.9711408931388847,71,37.932
183,73,3.0090731283291983,72,37.932
183,74,3.047005363519512,73,37.932
183,75,3.0849375987098253,74,37.932
183,76,3.122869833900139,75,37.932
183,77,3.1608020690904524,76,37.932
183,78,3.198734304280766,77,37.932
183,79,3.2366665394710794,78,37.932
183,80,3.274598774661393,79,37.932
183,81,3.3125310098517065,80,37.932
183,82,3.35046324504202,81,37.932
183,83,3.3883954802323335,82,37.932
183,84,3.426327715422647,83,37.932
183,85,3.4642599506129605,84,37.932
183,86,3.502192185803274,85,37.932
183,87,3.5401244209935876,86,37.932
183,88,3.578056656183901,87,37.932
183,89,3.6159888913742146,88,37.932
183,90,3.653921126564528,89,37.932
183,91,3.6918533617548417,90,37.932
183,92,3.729785596945155,91,37.932
183,93,3.7677178321354687,92,37.932
183,94,3.8056500673257823,93,37.932
183,95,3.843582302516096,94,37.932
183,96,3.8815145377064093,95,37.932
183,97,3.919446772896723,96,37.932
183,98,3.9573790080870364,97,37.932
183,99,3.99531124327735,98,37.932
183,100,4.033243478467663,99,37.932
183,101,4.071175713657977,100,37.932
183,102,4.109107948848291,101,37.932
183,103,4.147040184038605,102,37.932
183,104,4.184972419228919,103,37.932
183,105,4.222904654419233,104,37.932
183,106,4.260836889609547,105,37.932
183,107,4.298769124799861,106,37.932
183,108,4.336701359990175,107,37.932
183,109,4.374633595180489,108,37.932
183,110,4.412565830370803,109,37.932
183,111,4.450498065561117,110,37.932
183,112,4.488430300751431,111,37.932
183,113,4.526362535941745,112,37.932
183,114,4.5643505204403265,113,37.988
183,115,4.602338504938908,114,37.988
183,116,4.64032648943749,115,37.988
183,117,4.678314473936071,116,37.988
183,118,4.716302458434653,117,37.988
183,119,4.754290442933234,118,37.988
183,120,4.792278427431816,119,37.988
183,121,4.830266411930397,120,37.988
183,122,4.868254396428979,121,37.988
183,123,4.90624238092756,122,37.988
183,124,4.944230365426142,123,37.988
183,125,4.9822183499247235,124,37.988
183,126,5.020206334423305,125,37.988
183,127,5.0581943189218865,126,37.988
183,128,5.096182303420468,127,37.988
184,1,0.2864330801704442,0,286.433
184,2,0.3241886302452615,1,37.756
184,3,0.3619441803200788,2,37.756
184,4,0.3996997303948961,3,37.756
184,5,0.4374552804697134,4,37.756
184,6,0.47521083054453067,5,37.756
184,7,0.512966380619348,6,37.756
184,8,0.5507219306941653,7,37.756
184,9,0.5884774807689827,8,37.756
184,10,0.6262330308438,9,37.756
184,11,0.6639885809186173,10,37.756
184,12,0.7017441309934347,11,37.756
184,13,0.739499681068252,12,37.756
184,14,0.7772552311430694,13,37.756
184,15,0.8150107812178867,14,37.756
184,16,0.8527663312927041,15,37.756
184,17,0.8905218813675214,16,37.756
184,18,0.9282774314423388,17,37.756
184,19,0.9660329815171561,18,37.756
184,20,1.0037885315919735,19,37.756
184,21,1.0415440816667907,20,37.756
184,22,1.079299631741608,21,37.756
184,23,1.1170551818164252,22,37.756
184,24,1.1548107318912424,23,37.756
184,25,1.1925662819660596,24,37.756
184,26,1.2303218320408769,25,37.756
184,27,1.268077382115694,26,37.756
184,28,1.3058329321905113,27,37.756
184,29,1.3435884822653286,28,37.756
184,30,1.3813440323401458,29,37.756
184,31,1.419099582414963,30,37.756
184,32,1.4568551324897803,31,37.756
184,33,1.4946106825645975,32,37.756
184,34,1.5323662326394147,33,37.756
184,35,1.570121782714232,34,37.756
184,36,1.6078773327890492,35,37.756
184,37,1.6456328828638664,36,37.756
184,38,1.6833884329386837,37,37.756
184,39,1.721143983013501,38,37.756
184,40,1.7588995330883181,39,37.756
184,41,1.7966550831631354,40,37.756
184,42,1.8344106332379526,41,37.756
184,43,1.8721661833127698,42,37.756
184,44,1.909921733387587,43,37.756
184,45,1.9476772834624043,44,37.756
184,46,1.9854328335372216,45,37.756
184,47,2.023188383612039,46,37.756
184,48,2.0609439336868562,47,37.756
184,49,2.0986994837616737,48,37.756
184,50,2.1366317189519872,49,37.932
184,51,2.1745639541423007,50,37.932
184,52,2.2124961893326143,51,37.932
184,53,2.250428424522928,52,37.932
184,54,2.2883606597132413,53,37.932
184,55,2.326292894903555,54,37.932
184,56,2.3642251300938684,55,37.932
184,57,2.402157365284182,56,37.932
184,58,2.4400896004744954,57,37.932
184,59,2.478021835664809,58,37.932
184,60,2.5159540708551225,59,37.932
184,61,2.553886306045436,60,37.932
184,62,2.5918185412357495,61,37.932
184,63,2.629750776426063,62,37.932
184,64,2.6676830116163766,63,37.932
184,65,2.70561524680669,64,37.932
184,66,2.7435474819970036,65,37.932
184,67,2.781479717187317,66,37.932
184,68,2.8194119523776306,67,37.932
184,69,2.857344187567944,68,37.932
184,70,2.8952764227582577,69,37.932
184,71,2.933208657948571,70,37.932
184,72,2.9711408931388847,71,37.932
184,73,3.0090731283291983,72,37.932
184,74,3.047005363519512,73,37.932
184,75,3.0849375987098253,74,37.932
184,76,3.122869833900139,75,37.932
184,77,3.1608020690904524,76,37.932
184,78,3.198734304280766,77,37.932
184,79,3.2366665394710794,78,37.932
184,80,3.274598774661393,79,37.932
184,81,3.3125310098517065,80,37.932
184,82,3.35046324504202,81,37.932
184,83,3.3883954802323335,82,37.932
184,84,3.426327715422647,83,37.932
184,85,3.4642599506129605,84,37.932
184,86,3.502192185803274,85,37.932
184,87,3.5401244209935876,86,37.932
184,88,3.578056656183901,87,37.932
184,89,3.6159888913742146,88,37.932
184,90,3.653921126564528,89,37.932
184,91,3.6918533617548417,90,37.932
184,92,3.729785596945155,91,37.932
184,93,3.7677178321354687,92,37.932
184,94,3.8056500673257823,93,37.932
184,95,3.843582302516096,94,37.932
184,96,3.8815145377064093,95,37.932
184,97,3.919446772896723,96,37.932
184,98,3.9573790080870364,97,37.932
184,99,3.99531124327735,98,37.932
184,100,4.033243478467663,99,37.932
184,101,4.071175713657977,100,37.932
184,102,4.109107948848291,101,37.932
184,103,4.147040184038605,102,37.932
184,104,4.184972419228919,103,37.932
184,105,4.222904654419233,104,37.932
184,106,4.260836889609547,105,37.932
184,107,4.298769124799861,106,37.932
184,108,4.336701359990175,107,37.932
184,109,4.374633595180489,108,37.932
184,110,4.412565830370803,109,37.932
184,111,4.450498065561117,110,37.932
184,112,4.488430300751431,111,37.932
184,113,4.526362535941745,112,37.932
184,114,4.5643505204403265,113,37.988
184,115,4.602338504938908,114,37.988
184,116,4.64032648943749,115,37.988
184,117,4.678314473936071,116,37.988
184,118,4.716302458434653,117,37.988
184,119,4.754290442933234,118,37.988
184,120,4.792278427431816,119,37.988
184,121,4.830266411930397,120,37.988
184,122,4.868254396428979,121,37.988
184,123,4.90624238092756,122,37.988
184,124,4.944230365426142,123,37.988
184,125,4.9822183499247235,124,37.988
184,126,5.020206334423305,125,37.988
184,127,5.0581943189218865,126,37.988
184,128,5.096182303420468,127,37.988
185,1,0.2864330801704442,0,286.433
185,2,0.3241886302452615,1,37.756
185,3,0.3619441803200788,2,37.756
185,4,0.3996997303948961,3,37.756
185,5,0.4374552804697134,4,37.756
185,6,0.47521083054453067,5,37.756
185,7,0.512966380619348,6,37.756
185,8,0.5507219306941653,7,37.756
185,9,0.5884774807689827,8,37.756
185,10,0.6262330308438,9,37.756
185,11,0.6639885809186173,10,37.756
185,12,0.7017441309934347,11,37.756
185,13,0.739499681068252,12,37.756
185,14,0.7772552311430694,13,37.756
185,15,0.8150107812178867,14,37.756
185,16,0.8527663312927041,15,37.756
185,17,0.8905218813675214,16,37.756
185,18,0.9282774314423388,17,37.756
185,19,0.9660329815171561,18,37.756
185,20,1.0037885315919735,19,37.756
185,21,1.0415440816667907,20,37.756
185,22,1.079299631741608,21,37.756
185,23,1.1170551818164252,22,37.756
185,24,1.1548107318912424,23,37.756
185,25,1.1925662819660596,24,37.756
185,26,1.2303218320408769,25,37.756
185,27,1.268077382115694,26,37.756
185,28,1.3058329321905113,27,37.756
185,29,1.3435884822653286,28,37.756
185,30,1.3813440323401458,29,37.756
185,31,1.419099582414963,30,37.756
185,32,1.4568551324897803,31,37.756
185,33,1.4946106825645975,32,37.756
185,34,1.5323662326394147,33,37.756
185,35,1.570121782714232,34,37.756
185,36,1.6078773327890492,35,37.756
185,37,1.6456328828638664,36,37.756
185,38,1.6833884329386837,37,37.756
185,39,1.721143983013501,38,37.756
185,40,1.7588995330883181,39,37.756
185,41,1.7966550831631354,40,37.756
185,42,1.8344106332379526,41,37.756
185,43,1.8721661833127698,42,37.756
185,44,1.909921733387587,43,37.756
185,45,1.9476772834624043,44,37.756
185,46,1.9854328335372216,45,37.756
185,47,2.023188383612039,46,37.756
185,48,2.0609439336868562,47,37.756
185,49,2.0986994837616737,48,37.756
185,50,2.1366317189519872,49,37.932
185,51,2.1745639541423007,50,37.932
185,52,2.2124961893326143,51,37.932
185,53,2.250428424522928,52,37.932
185,54,2.2883606597132413,53,37.932
185,55,2.326292894903555,54,37.932
185,56,2.3642251300938684,55,37.932
185,57,2.402157365284182,56,37.932
185,58,2.4400896004744954,57,37.932
185,59,2.478021835664809,58,37.932
185,60,2.5159540708551225,59,37.932
185,61,2.553886306045436,60,37.932
185,62,2.5918185412357495,61,37.932
185,63,2.629750776426063,62,37.932
185,64,2.6676830116163766,63,37.932
185,65,2.70561524680669,64,37.932
185,66,2.7435474819970036,65,37.932
185,67,2.781479717187317,66,37.932
185,68,2.8194119523776306,67,37.932
185,69,2.857344187567944,68,37.932
185,70,2.8952764227582577,69,37.932
185,71,2.933208657948571,70,37.932
185,72,2.9711408931388847,71,37.932
185,73,3.0090731283291983,72,37.932
185,74,3.047005363519512,73,37.932
185,75,3.0849375987098253,74,37.932
185,76,3.122869833900139,75,37.932
185,77,3.1608020690904524,76,37.932
185,78,3.198734304280766,77,37.932
185,79,3.2366665394710794,78,37.932
185,80,3.274598774661393,79,37.932
185,81,3.3125310098517065,80,37.932
185,82,3.35046324504202,81,37.932
185,83,3.3883954802323335,82,37.932
185,84,3.426327715422647,83,37.932
185,85,3.4642599506129605,84,37.932
185,86,3.502192185803274,85,37.932
185,87,3.5401244209935876,86,37.932
185,88,3.578056656183901,87,37.932
185,89,3.6159888913742146,88,37.932
185,90,3.653921126564528,89,37.932
185,91,3.6918533617548417,90,37.932
185,92,3.729785596945155,91,37.932
185,93,3.7677178321354687,92,37.932
185,94,3.8056500673257823,93,37.932
185,95,3.843582302516096,94,37.932
185,96,3.8815145377064093,95,37.932
185,97,3.919446772896723,96,37.932
185,98,3.9573790080870364,97,37.932
185,99,3.99531124327735,98,37.932
185,100,4.033243478467663,99,37.932
185,101,4.071175713657977,100,37.932
185,102,4.109107948848291,101,37.932
185,103,4.147040184038605,102,37.932
185,104,4.184972419228919,103,37.932
185,105,4.222904654419233,104,37.932
185,106,4.260836889609547,105,37.932
185,107,4.298769124799861,106,37.932
185,108,4.336701359990175,107,37.932
185,109,4.374633595180489,108,37.932
185,110,4.412565830370803,109,37.932
185,111,4.450498065561117,110,37.932
185,112,4.488430300751431,111,37.932
185,113,4.526362535941745,112,37.932
185,114,4.5643505204403265,113,37.988
185,115,4.602338504938908,114,37.988
185,116,4.64032648943749,115,37.988
185,117,4.678314473936071,116,37.988
185,118,4.716302458434653,117,37.988
185,119,4.754290442933234,118,37.988
185,120,4.792278427431816,119,37.988
185,121,4.830266411930397,120,37.988
185,122,4.868254396428979,121,37.988
185,123,4.90624238092756,122,37.988
185,124,4.944230365426142,123,37.988
185,125,4.9822183499247235,124,37.988
185,126,5.020206334423305,125,37.988
185,127,5.0581943189218865,126,37.988
185,128,5.096182303420468,127,37.988
186,1,0.2864330801704442,0,286.433
186,2,0.3241886302452615,1,37.756
186,3,0.3619441803200788,2,37.756
186,4,0.3996997303948961,3,37.756
186,5,0.4374552804697134,4,37.756
186,6,0.47521083054453067,5,37.756
186,7,0.512966380619348,6,37.756
186,8,0.5507219306941653,7,37.756
186,9,0.5884774807689827,8,37.756
186,10,0.6262330308438,9,37.756
186,11,0.6639885809186173,10,37.756
186,12,0.7017441309934347,11,37.756
186,13,0.739499681068252,12,37.756
186,14,0.7772552311430694,13,37.756
186,15,0.8150107812178867,14,37.756
186,16,0.8527663312927041,15,37.756
186,17,0.8905218813675214,16,37.756
186,18,0.9282774314423388,17,37.756
186,19,0.9660329815171561,18,37.756
186,20,1.0037885315919735,19,37.756
186,21,1.0415440816667907,20,37.756
186,22,1.079299631741608,21,37.756
186,23,1.1170551818164252,22,37.756
186,24,1.1548107318912424,23,37.756
186,25,1.1925662819660596,24,37.756
186,26,1.2303218320408769,25,37.756
186,27,1.268077382115694,26,37.756
186,28,1.3058329321905113,27,37.756
186,29,1.3435884822653286,28,37.756
186,30,1.3813440323401458,29,37.756
186,31,1.419099582414963,30,37.756
186,32,1.4568551324897803,31,37.756
186,33,1.4946106825645975,32,37.756
186,34,1.5323662326394147,33,37.756
186,35,1.570121782714232,34,37.756
186,36,1.6078773327890492,35,37.756
186,37,1.6456328828638664,36,37.756
186,38,1.6833884329386837,37,37.756
186,39,1.721143983013501,38,37.756
186,40,1.7588995330883181,39,37.756
186,41,1.7966550831631354,40,37.756
186,42,1.8344106332379526,41,37.756
186,43,1.8721661833127698,42,37.756
186,44,1.909921733387587,43,37.756
186,45,1.9476772834624043,44,37.756
186,46,1.9854328335372216,45,37.756
186,47,2.023188383612039,46,37.756
186,48,2.0609439336868562,47,37.756
186,49,2.0986994837616737,48,37.756
186,50,2.1366317189519872,49,37.932
186,51,2.1745639541423007,50,37.932
186,52,2.2124961893326143,51,37.932
186,53,2.250428424522928,52,37.932
186,54,2.2883606597132413,53,37.932
186,55,2.326292894903555,54,37.932
186,56,2.3642251300938684,55,37.932
186,57,2.402157365284182,56,37.932
186,58,2.4400896004744954,57,37.932
186,59,2.478021835664809,58,37.932
186,60,2.5159540708551225,59,37.932
186,61,2.553886306045436,60,37.932
186,62,2.5918185412357495,61,37.932
186,63,2.629750776426063,62,37.932
186,64,2.6676830116163766,63,37.932
186,65,2.70561524680669,64,37.932
186,66,2.7435474819970036,65,37.932
186,67,2.781479717187317,66,37.932
186,68,2.8194119523776306,67,37.932
186,69,2.857344187567944,68,37.932
186,70,2.8952764227582577,69,37.932
186,71,2.933208657948571,70,37.932
186,72,2.9711408931388847,71,37.932
186,73,3.0090731283291983,72,37.932
186,74,3.047005363519512,73,37.932
186,75,3.0849375987098253,74,37.932
186,76,3.122869833900139,75,37.932
186,77,3.1608020690904524,76,37.932
186,78,3.198734304280766,77,37.932
186,79,3.2366665394710794,78,37.932
186,80,3.274598774661393,79,37.932
186,81,3.3125310098517065,80,37.932
186,82,3.35046324504202,81,37.932
186,83,3.3883954802323335,82,37.932
186,84,3.426327715422647,83,37.932
186,85,3.4642599506129605,84,37.932
186,86,3.502192185803274,85,37.932
186,87,3.5401244209935876,86,37.932
186,88,3.578056656183901,87,37.932
186,89,3.6159888913742146,88,37.932
186,90,3.653921126564528,89,37.932
186,91,3.6918533617548417,90,37.932
186,92,3.729785596945155,91,37.932
186,93,3.7677178321354687,92,37.932
186,94,3.8056500673257823,93,37.932
186,95,3.843582302516096,94,37.932
186,96,3.8815145377064093,95,37.932
186,97,3.919446772896723,96,37.932
186,98,3.9573790080870364,97,37.932
186,99,3.99531124327735,98,37.932
186,100,4.033243478467663,99,37.932
186,101,4.071175713657977,100,37.932
186,102,4.109107948848291,101,37.932
186,103,4.147040184038605,102,37.932
186,104,4.184972419228919,103,37.932
186,105,4.222904654419233,104,37.932
186,106,4.260836889609547,105,37.932
186,107,4.298769124799861,106,37.932
186,108,4.336701359990175,107,37.932
186,109,4.374633595180489,108,37.932
186,110,4.412565830370803,109,37.932
186,111,4.450498065561117,110,37.932
186,112,4.488430300751431,111,37.932
186,113,4.526362535941745,112,37.932
186,114,4.5643505204403265,113,37.988
186,115,4.602338504938908,114,37.988
186,116,4.64032648943749,115,37.988
186,117,4.678314473936071,116,37.988
186,118,4.716302458434653,117,37.988
186,119,4.754290442933234,118,37.988
186,120,4.792278427431816,119,37.988
186,121,4.830266411930397,120,37.988
186,122,4.868254396428979,121,37.988
186,123,4.90624238092756,122,37.988
186,124,4.944230365426142,123,37.988
186,125,4.9822183499247235,124,37.988
186,126,5.020206334423305,125,37.988
186,127,5.0581943189218865,126,37.988
186,128,5.096182303420468,127,37.988
187,1,0.2864330801704442,0,286.433
187,2,0.3241886302452615,1,37.756
187,3,0.3619441803200788,2,37.756
187,4,0.3996997303948961,3,37.756
187,5,0.4374552804697134,4,37.756
187,6,0.47521083054453067,5,37.756
187,7,0.512966380619348,6,37.756
187,8,0.5507219306941653,7,37.756
187,9,0.5884774807689827,8,37.756
187,10,0.6262330308438,9,37.756
187,11,0.6639885809186173,10,37.756
187,12,0.7017441309934347,11,37.756
187,13,0.739499681068252,12,37.756
187,14,0.7772552311430694,13,37.756
187,15,0.8150107812178867,14,37.756
187,16,0.8527663312927041,15,37.756
187,17,0.8905218813675214,16,37.756
187,18,0.9282774314423388,17,37.756
187,19,0.9660329815171561,18,37.756
187,20,1.0037885315919735,19,37.756
187,21,1.0415440816667907,20,37.756
187,22,1.079299631741608,21,37.756
187,23,1.1170551818164252,22,37.756
187,24,1.1548107318912424,23,37.756
187,25,1.1925662819660596,24,37.756
187,26,1.2303218320408769,25,37.756
187,27,1.268077382115694,26,37.756
187,28,1.3058329321905113,27,37.756
187,29,1.3435884822653286,28,37.756
187,30,1.3813440323401458,29,37.756
187,31,1.419099582414963,30,37.756
187,32,1.4568551324897803,31,37.756
187,33,1.4946106825645975,32,37.756
187,34,1.5323662326394147,33,37.756
187,35,1.570121782714232,34,37.756
187,36,1.6078773327890492,35,37.756
187,37,1.6456328828638664,36,37.756
187,38,1.6833884329386837,37,37.756
187,39,1.721143983013501,38,37.756
187,40,1.7588995330883181,39,37.756
187,41,1.7966550831631354,40,37.756
187,42,1.8344106332379526,41,37.756
187,43,1.8721661833127698,42,37.756
187,44,1.909921733387587,43,37.756
187,45,1.9476772834624043,44,37.756
187,46,1.9854328335372216,45,37.756
187,47,2.023188383612039,46,37.756
187,48,2.0609439336868562,47,37.756
187,49,2.0986994837616737,48,37.756
187,50,2.1366317189519872,49,37.932
187,51,2.1745639541423007,50,37.932
187,52,2.2124961893326143,51,37.932
187,53,2.250428424522928,52,37.932
187,54,2.2883606597132413,53,37.932
187,55,2.326292894903555,54,37.932
187,56,2.3642251300938684,55,37.932
187,57,2.402157365284182,56,37.932
187,58,2.4400896004744954,57,37.932
187,59,2.478021835664809,58,37.932
187,60,2.5159540708551225,59,37.932
187,61,2.553886306045436,60,37.932
187,62,2.5918185412357495,61,37.932
187,63,2.629750776426063,62,37.932
187,64,2.6676830116163766,63,37.932
187,65,2.70561524680669,64,37.932
187,66,2.7435474819970036,65,37.932
187,67,2.781479717187317,66,37.932
187,68,2.8194119523776306,67,37.932
187,69,2.857344187567944,68,37.932
187,70,2.8952764227582577,69,37.932
187,71,2.933208657948571,70,37.932
187,72,2.9711408931388847,71,37.932
187,73,3.0090731283291983,72,37.932
187,74,3.047005363519512,73,37.932
187,75,3.0849375987098253,74,37.932
187,76,3.122869833900139,75,37.932
187,77,3.1608020690904524,76,37.932
187,78,3.198734304280766,77,37.932
187,79,3.2366665394710794,78,37.932
187,80,3.274598774661393,79,37.932
187,81,3.3125310098517065,80,37.932
187,82,3.35046324504202,81,37.932
187,83,3.3883954802323335,82,37.932
187,84,3.426327715422647,83,37.932
187,85,3.4642599506129605,84,37.932
187,86,3.502192185803274,85,37.932
187,87,3.5401244209935876,86,37.932
187,88,3.578056656183901,87,37.932
187,89,3.6159888913742146,88,37.932
187,90,3.653921126564528,89,37.932
187,91,3.6918533617548417,90,37.932
187,92,3.729785596945155,91,37.932
187,93,3.7677178321354687,92,37.932
187,94,3.8056500673257823,93,37.932
187,95,3.843582302516096,94,37.932
187,96,3.8815145377064093,95,37.932
187,97,3.919446772896723,96,37.932
187,98,3.9573790080870364,97,37.932
187,99,3.99531124327735,98,37.932
187,100,4.033243478467663,99,37.932
187,101,4.071175713657977,100,37.932
187,102,4.109107948848291,101,37.932
187,103,4.147040184038605,102,37.932
187,104,4.184972419228919,103,37.932
187,105,4.222904654419233,104,37.932
187,106,4.260836889609547,105,37.932
187,107,4.298769124799861,106,37.932
187,108,4.336701359990175,107,37.932
187,109,4.374633595180489,108,37.932
187,110,4.412565830370803,109,37.932
187,111,4.450498065561117,110,37.932
187,112,4.488430300751431,111,37.932
187,113,4.526362535941745,112,37.932
187,114,4.5643505204403265,113,37.988
187,115,4.602338504938908,114,37.988
187,116,4.64032648943749,115,37.988
187,117,4.678314473936071,116,37.988
187,118,4.716302458434653,117,37.988
187,119,4.754290442933234,118,37.988
187,120,4.792278427431816,119,37.988
187,121,4.830266411930397,120,37.988
187,122,4.868254396428979,121,37.988
187,123,4.90624238092756,122,37.988
187,124,4.944230365426142,123,37.988
187,125,4.9822183499247235,124,37.988
187,126,5.020206334423305,125,37.988
187,127,5.0581943189218865,126,37.988
187,128,5.096182303420468,127,37.988
188,1,0.2864330801704442,0,286.433
188,2,0.3241886302452615,1,37.756
188,3,0.3619441803200788,2,37.756
188,4,0.3996997303948961,3,37.756
188,5,0.4374552804697134,4,37.756
188,6,0.47521083054453067,5,37.756
188,7,0.512966380619348,6,37.756
188,8,0.5507219306941653,7,37.756
188,9,0.5884774807689827,8,37.756
188,10,0.6262330308438,9,37.756
188,11,0.6639885809186173,10,37.756
188,12,0.7017441309934347,11,37.756
188,13,0.739499681068252,12,37.756
188,14,0.7772552311430694,13,37.756
188,15,0.8150107812178867,14,37.756
188,16,0.8527663312927041,15,37.756
188,17,0.8905218813675214,16,37.756
188,18,0.9282774314423388,17,37.756
188,19,0.9660329815171561,18,37.756
188,20,1.0037885315919735,19,37.756
188,21,1.0415440816667907,20,37.756
188,22,1.079299631741608,21,37.756
188,23,1.1170551818164252,22,37.756
188,24,1.1548107318912424,23,37.756
188,25,1.1925662819660596,24,37.756
188,26,1.2303218320408769,25,37.756
188,27,1.268077382115694,26,37.756
188,28,1.3058329321905113,27,37.756
188,29,1.3435884822653286,28,37.756
188,30,1.3813440323401458,29,37.756
188,31,1.419099582414963,30,37.756
188,32,1.4568551324897803,31,37.756
188,33,1.4946106825645975,32,37.756
188,34,1.5323662326394147,33,37.756
188,35,1.570121782714232,34,37.756
188,36,1.6078773327890492,35,37.756
188,37,1.6456328828638664,36,37.756
188,38,1.6833884329386837,37,37.756
188,39,1.721143983013501,38,37.756
188,40,1.7588995330883181,39,37.756
188,41,1.7966550831631354,40,37.756
188,42,1.8344106332379526,41,37.756
188,43,1.8721661833127698,42,37.756
188,44,1.909921733387587,43,37.756
188,45,1.9476772834624043,44,37.756
188,46,1.9854328335372216,45,37.756
188,47,2.023188383612039,46,37.756
188,48,2.0609439336868562,47,37.756
188,49,2.0986994837616737,48,37.756
188,50,2.1366317189519872,49,37.932
188,51,2.1745639541423007,50,37.932
188,52,2.2124961893326143,51,37.932
188,53,2.250428424522928,52,37.932
188,54,2.2883606597132413,53,37.932
188,55,2.326292894903555,54,37.932
188,56,2.3642251300938684,55,37.932
188,57,2.402157365284182,56,37.932
188,58,2.4400896004744954,57,37.932
188,59,2.478021835664809,58,37.932
188,60,2.5159540708551225,59,37.932
188,61,2.553886306045436,60,37.932
188,62,2.5918185412357495,61,37.932
188,63,2.629750776426063,62,37.932
188,64,2.6676830116163766,63,37.932
188,65,2.70561524680669,64,37.932
188,66,2.7435474819970036,65,37.932
188,67,2.781479717187317,66,37.932
188,68,2.8194119523776306,67,37.932
188,69,2.857344187567944,68,37.932
188,70,2.8952764227582577,69,37.932
188,71,2.933208657948571,70,37.932
188,72,2.9711408931388847,71,37.932
188,73,3.0090731283291983,72,37.932
188,74,3.047005363519512,73,37.932
188,75,3.0849375987098253,74,37.932
188,76,3.122869833900139,75,37.932
188,77,3.1608020690904524,76,37.932
188,78,3.198734304280766,77,37.932
188,79,3.2366665394710794,78,37.932
188,80,3.274598774661393,79,37.932
188,81,3.3125310098517065,80,37.932
188,82,3.35046324504202,81,37.932
188,83,3.3883954802323335,82,37.932
188,84,3.426327715422647,83,37.932
188,85,3.4642599506129605,84,37.932
188,86,3.502192185803274,85,37.932
188,87,3.5401244209935876,86,37.932
188,88,3.578056656183901,87,37.932
188,89,3.6159888913742146,88,37.932
188,90,3.653921126564528,89,37.932
188,91,3.6918533617548417,90,37.932
188,92,3.729785596945155,91,37.932
188,93,3.7677178321354687,92,37.932
188,94,3.8056500673257823,93,37.932
188,95,3.843582302516096,94,37.932
188,96,3.8815145377064093,95,37.932
188,97,3.919446772896723,96,37.932
188,98,3.9573790080870364,97,37.932
188,99,3.99531124327735,98,37.932
188,100,4.033243478467663,99,37.932
188,101,4.071175713657977,100,37.932
188,102,4.109107948848291,101,37.932
188,103,4.147040184038605,102,37.932
188,104,4.184972419228919,103,37.932
188,105,4.222904654419233,104,37.932
188,106,4.260836889609547,105,37.932
188,107,4.298769124799861,106,37.932
188,108,4.336701359990175,107,37.932
188,109,4.374633595180489,108,37.932
188,110,4.412565830370803,109,37.932
188,111,4.450498065561117,110,37.932
188,112,4.488430300751431,111,37.932
188,113,4.526362535941745,112,37.932
188,114,4.5643505204403265,113,37.988
188,115,4.602338504938908,114,37.988
188,116,4.64032648943749,115,37.988
188,117,4.678314473936071,116,37.988
188,118,4.716302458434653,117,37.988
188,119,4.754290442933234,118,37.988
188,120,4.792278427431816,119,37.988
188,121,4.830266411930397,120,37.988
188,122,4.868254396428979,121,37.988
188,123,4.90624238092756,122,37.988
188,124,4.944230365426142,123,37.988
188,125,4.9822183499247235,124,37.988
188,126,5.020206334423305,125,37.988
188,127,5.0581943189218865,126,37.988
188,128,5.096182303420468,127,37.988
189,1,0.2864330801704442,0,286.433
189,2,0.3241886302452615,1,37.756
189,3,0.3619441803200788,2,37.756
189,4,0.3996997303948961,3,37.756
189,5,0.4374552804697134,4,37.756
189,6,0.47521083054453067,5,37.756
189,7,0.512966380619348,6,37.756
189,8,0.5507219306941653,7,37.756
189,9,0.5884774807689827,8,37.756
189,10,0.6262330308438,9,37.756
189,11,0.6639885809186173,10,37.756
189,12,0.7017441309934347,11,37.756
189,13,0.739499681068252,12,37.756
189,14,0.7772552311430694,13,37.756
189,15,0.8150107812178867,14,37.756
189,16,0.8527663312927041,15,37.756
189,17,0.8905218813675214,16,37.756
189,18,0.9282774314423388,17,37.756
189,19,0.9660329815171561,18,37.756
189,20,1.0037885315919735,19,37.756
189,21,1.0415440816667907,20,37.756
189,22,1.079299631741608,21,37.756
189,23,1.1170551818164252,22,37.756
189,24,1.1548107318912424,23,37.756
189,25,1.1925662819660596,24,37.756
189,26,1.2303218320408769,25,37.756
189,27,1.268077382115694,26,37.756
189,28,1.3058329321905113,27,37.756
189,29,1.3435884822653286,28,37.756
189,30,1.3813440323401458,29,37.756
189,31,1.419099582414963,30,37.756
189,32,1.4568551324897803,31,37.756
189,33,1.4946106825645975,32,37.756
189,34,1.5323662326394147,33,37.756
189,35,1.570121782714232,34,37.756
189,36,1.6078773327890492,35,37.756
189,37,1.6456328828638664,36,37.756
189,38,1.6833884329386837,37,37.756
189,39,1.721143983013501,38,37.756
189,40,1.7588995330883181,39,37.756
189,41,1.7966550831631354,40,37.756
189,42,1.8344106332379526,41,37.756
189,43,1.8721661833127698,42,37.756
189,44,1.909921733387587,43,37.756
189,45,1.9476772834624043,44,37.756
189,46,1.9854328335372216,45,37.756
189,47,2.023188383612039,46,37.756
189,48,2.0609439336868562,47,37.756
189,49,2.0986994837616737,48,37.756
189,50,2.1366317189519872,49,37.932
189,51,2.1745639541423007,50,37.932
189,52,2.2124961893326143,51,37.932
189,53,2.250428424522928,52,37.932
189,54,2.2883606597132413,53,37.932
189,55,2.326292894903555,54,37.932
189,56,2.3642251300938684,55,37.932
189,57,2.402157365284182,56,37.932
189,58,2.4400896004744954,57,37.932
189,59,2.478021835664809,58,37.932
189,60,2.5159540708551225,59,37.932
189,61,2.553886306045436,60,37.932
189,62,2.5918185412357495,61,37.932
189,63,2.629750776426063,62,37.932
189,64,2.6676830116163766,63,37.932
189,65,2.70561524680669,64,37.932
189,66,2.7435474819970036,65,37.932
189,67,2.781479717187317,66,37.932
189,68,2.8194119523776306,67,37.932
189,69,2.857344187567944,68,37.932
189,70,2.8952764227582577,69,37.932
189,71,2.933208657948571,70,37.932
189,72,2.9711408931388847,71,37.932
189,73,3.0090731283291983,72,37.932
189,74,3.047005363519512,73,37.932
189,75,3.0849375987098253,74,37.932
189,76,3.122869833900139,75,37.932
189,77,3.1608020690904524,76,37.932
189,78,3.198734304280766,77,37.932
189,79,3.2366665394710794,78,37.932
189,80,3.274598774661393,79,37.932
189,81,3.3125310098517065,80,37.932
189,82,3.35046324504202,81,37.932
189,83,3.3883954802323335,82,37.932
189,84,3.426327715422647,83,37.932
189,85,3.4642599506129605,84,37.932
189,86,3.502192185803274,85,37.932
189,87,3.5401244209935876,86,37.932
189,88,3.578056656183901,87,37.932
189,89,3.6159888913742146,88,37.932
189,90,3.653921126564528,89,37.932
189,91,3.6918533617548417,90,37.932
189,92,3.729785596945155,91,37.932
189,93,3.7677178321354687,92,37.932
189,94,3.8056500673257823,93,37.932
189,95,3.843582302516096,94,37.932
189,96,3.8815145377064093,95,37.932
189,97,3.919446772896723,96,37.932
189,98,3.9573790080870364,97,37.932
189,99,3.99531124327735,98,37.932
189,100,4.033243478467663,99,37.932
189,101,4.071175713657977,100,37.932
189,102,4.109107948848291,101,37.932
189,103,4.147040184038605,102,37.932
189,104,4.184972419228919,103,37.932
189,105,4.222904654419233,104,37.932
189,106,4.260836889609547,105,37.932
189,107,4.298769124799861,106,37.932
189,108,4.336701359990175,107,37.932
189,109,4.374633595180489,108,37.932
189,110,4.412565830370803,109,37.932
189,111,4.450498065561117,110,37.932
189,112,4.488430300751431,111,37.932
189,113,4.526362535941745,112,37.932
189,114,4.5643505204403265,113,37.988
189,115,4.602338504938908,114,37.988
189,116,4.64032648943749,115,37.988
189,117,4.678314473936071,116,37.988
189,118,4.716302458434653,117,37.988
189,119,4.754290442933234,118,37.988
189,120,4.792278427431816,119,37.988
189,121,4.830266411930397,120,37.988
189,122,4.868254396428979,121,37.988
189,123,4.90624238092756,122,37.988
189,124,4.944230365426142,123,37.988
189,125,4.9822183499247235,124,37.988
189,126,5.020206334423305,125,37.988
189,127,5.0581943189218865,126,37.988
189,128,5.096182303420468,127,37.988
190,1,0.2864330801704442,0,286.433
190,2,0.3241886302452615,1,37.756
190,3,0.3619441803200788,2,37.756
190,4,0.3996997303948961,3,37.756
190,5,0.4374552804697134,4,37.756
190,6,0.47521083054453067,5,37.756
190,7,0.512966380619348,6,37.756
190,8,0.5507219306941653,7,37.756
190,9,0.5884774807689827,8,37.756
190,10,0.6262330308438,9,37.756
190,11,0.6639885809186173,10,37.756
190,12,0.7017441309934347,11,37.756
190,13,0.739499681068252,12,37.756
190,14,0.7772552311430694,13,37.756
190,15,0.8150107812178867,14,37.756
190,16,0.8527663312927041,15,37.756
190,17,0.8905218813675214,16,37.756
190,18,0.9282774314423388,17,37.756
190,19,0.9660329815171561,18,37.756
190,20,1.0037885315919735,19,37.756
190,21,1.0415440816667907,20,37.756
190,22,1.079299631741608,21,37.756
190,23,1.1170551818164252,22,37.756
190,24,1.1548107318912424,23,37.756
190,25,1.1925662819660596,24,37.756
190,26,1.2303218320408769,25,37.756
190,27,1.268077382115694,26,37.756
190,28,1.3058329321905113,27,37.756
190,29,1.3435884822653286,28,37.756
190,30,1.3813440323401458,29,37.756
190,31,1.419099582414963,30,37.756
190,32,1.4568551324897803,31,37.756
190,33,1.4946106825645975,32,37.756
190,34,1.5323662326394147,33,37.756
190,35,1.570121782714232,34,37.756
190,36,1.6078773327890492,35,37.756
190,37,1.6456328828638664,36,37.756
190,38,1.6833884329386837,37,37.756
190,39,1.721143983013501,38,37.756
190,40,1.7588995330883181,39,37.756
190,41,1.7966550831631354,40,37.756
190,42,1.8344106332379526,41,37.756
190,43,1.8721661833127698,42,37.756
190,44,1.909921733387587,43,37.756
190,45,1.9476772834624043,44,37.756
190,46,1.9854328335372216,45,37.756
190,47,2.023188383612039,46,37.756
190,48,2.0609439336868562,47,37.756
190,49,2.0986994837616737,48,37.756
190,50,2.1366317189519872,49,37.932
190,51,2.1745639541423007,50,37.932
190,52,2.2124961893326143,51,37.932
190,53,2.250428424522928,52,37.932
190,54,2.2883606597132413,53,37.932
190,55,2.326292894903555,54,37.932
190,56,2.3642251300938684,55,37.932
190,57,2.402157365284182,56,37.932
190,58,2.4400896004744954,57,37.932
190,59,2.478021835664809,58,37.932
190,60,2.5159540708551225,59,37.932
190,61,2.553886306045436,60,37.932
190,62,2.5918185412357495,61,37.932
190,63,2.629750776426063,62,37.932
190,64,2.6676830116163766,63,37.932
190,65,2.70561524680669,64,37.932
190,66,2.7435474819970036,65,37.932
190,67,2.781479717187317,66,37.932
190,68,2.8194119523776306,67,37.932
190,69,2.857344187567944,68,37.932
190,70,2.8952764227582577,69,37.932
190,71,2.933208657948571,70,37.932
190,72,2.9711408931388847,71,37.932
190,73,3.0090731283291983,72,37.932
190,74,3.047005363519512,73,37.932
190,75,3.0849375987098253,74,37.932
190,76,3.122869833900139,75,37.932
190,77,3.1608020690904524,76,37.932
190,78,3.198734304280766,77,37.932
190,79,3.2366665394710794,78,37.932
190,80,3.274598774661393,79,37.932
190,81,3.3125310098517065,80,37.932
190,82,3.35046324504202,81,37.932
190,83,3.3883954802323335,82,37.932
190,84,3.426327715422647,83,37.932
190,85,3.4642599506129605,84,37.932
190,86,3.502192185803274,85,37.932
190,87,3.5401244209935876,86,37.932
190,88,3.578056656183901,87,37.932
190,89,3.6159888913742146,88,37.932
190,90,3.653921126564528,89,37.932
190,91,3.6918533617548417,90,37.932
190,92,3.729785596945155,91,37.932
190,93,3.7677178321354687,92,37.932
190,94,3.8056500673257823,93,37.932
190,95,3.843582302516096,94,37.932
190,96,3.8815145377064093,95,37.932
190,97,3.919446772896723,96,37.932
190,98,3.9573790080870364,97,37.932
190,99,3.99531124327735,98,37.932
190,100,4.033243478467663,99,37.932
190,101,4.071175713657977,100,37.932
190,102,4.109107948848291,101,37.932
190,103,4.147040184038605,102,37.932
190,104,4.184972419228919,103,37.932
190,105,4.222904654419233,104,37.932
190,106,4.260836889609547,105,37.932
190,107,4.298769124799861,106,37.932
190,108,4.336701359990175,107,37.932
190,109,4.374633595180489,108,37.932
190,110,4.412565830370803,109,37.932
190,111,4.450498065561117,110,37.932
190,112,4.488430300751431,111,37.932
190,113,4.526362535941745,112,37.932
190,114,4.5643505204403265,113,37.988
190,115,4.602338504938908,114,37.988
190,116,4.64032648943749,115,37.988
190,117,4.678314473936071,116,37.988
190,118,4.716302458434653,117,37.988
190,119,4.754290442933234,118,37.988
190,120,4.792278427431816,119,37.988
190,121,4.830266411930397,120,37.988
190,122,4.868254396428979,121,37.988
190,123,4.90624238092756,122,37.988
190,124,4.944230365426142,123,37.988
190,125,4.9822183499247235,124,37.988
190,126,5.020206334423305,125,37.988
190,127,5.0581943189218865,126,37.988
190,128,5.096182303420468,127,37.988
191,1,0.2864330801704442,0,286.433
191,2,0.3241886302452615,1,37.756
191,3,0.3619441803200788,2,37.756
191,4,0.3996997303948961,3,37.756
191,5,0.4374552804697134,4,37.756
191,6,0.47521083054453067,5,37.756
191,7,0.512966380619348,6,37.756
191,8,0.5507219306941653,7,37.756
191,9,0.5884774807689827,8,37.756
191,10,0.6262330308438,9,37.756
191,11,0.6639885809186173,10,37.756
191,12,0.7017441309934347,11,37.756
191,13,0.739499681068252,12,37.756
191,14,0.7772552311430694,13,37.756
191,15,0.8150107812178867,14,37.756
191,16,0.8527663312927041,15,37.756
191,17,0.8905218813675214,16,37.756
191,18,0.9282774314423388,17,37.756
191,19,0.9660329815171561,18,37.756
191,20,1.0037885315919735,19,37.756
191,21,1.0415440816667907,20,37.756
191,22,1.079299631741608,21,37.756
191,23,1.1170551818164252,22,37.756
191,24,1.1548107318912424,23,37.756
191,25,1.1925662819660596,24,37.756
191,26,1.2303218320408769,25,37.756
191,27,1.268077382115694,26,37.756
191,28,1.3058329321905113,27,37.756
191,29,1.3435884822653286,28,37.756
191,30,1.3813440323401458,29,37.756
191,31,1.419099582414963,30,37.756
191,32,1.4568551324897803,31,37.756
191,33,1.4946106825645975,32,37.756
191,34,1.5323662326394147,33,37.756
191,35,1.570121782714232,34,37.756
191,36,1.6078773327890492,35,37.756
191,37,1.6456328828638664,36,37.756
191,38,1.6833884329386837,37,37.756
191,39,1.721143983013501,38,37.756
191,40,1.7588995330883181,39,37.756
191,41,1.7966550831631354,40,37.756
191,42,1.8344106332379526,41,37.756
191,43,1.8721661833127698,42,37.756
191,44,1.909921733387587,43,37.756
191,45,1.9476772834624043,44,37.756
191,46,1.9854328335372216,45,37.756
191,47,2.023188383612039,46,37.756
191,48,2.0609439336868562,47,37.756
191,49,2.0986994837616737,48,37.756
191,50,2.1366317189519872,49,37.932
191,51,2.1745639541423007,50,37.932
191,52,2.2124961893326143,51,37.932
191,53,2.250428424522928,52,37.932
191,54,2.2883606597132413,53,37.932
191,55,2.326292894903555,54,37.932
191,56,2.3642251300938684,55,37.932
191,57,2.402157365284182,56,37.932
191,58,2.4400896004744954,57,37.932
191,59,2.478021835664809,58,37.932
191,60,2.5159540708551225,59,37.932
191,61,2.553886306045436,60,37.932
191,62,2.5918185412357495,61,37.932
191,63,2.629750776426063,62,37.932
191,64,2.6676830116163766,63,37.932
191,65,2.70561524680669,64,37.932
191,66,2.7435474819970036,65,37.932
191,67,2.781479717187317,66,37.932
191,68,2.8194119523776306,67,37.932
191,69,2.857344187567944,68,37.932
191,70,2.8952764227582577,69,37.932
191,71,2.933208657948571,70,37.932
191,72,2.9711408931388847,71,37.932
191,73,3.0090731283291983,72,37.932
191,74,3.047005363519512,73,37.932
191,75,3.0849375987098253,74,37.932
191,76,3.122869833900139,75,37.932
191,77,3.1608020690904524,76,37.932
191,78,3.198734304280766,77,37.932
191,79,3.2366665394710794,78,37.932
191,80,3.274598774661393,79,37.932
191,81,3.3125310098517065,80,37.932
191,82,3.35046324504202,81,37.932
191,83,3.3883954802323335,82,37.932
191,84,3.426327715422647,83,37.932
191,85,3.4642599506129605,84,37.932
191,86,3.502192185803274,85,37.932
191,87,3.5401244209935876,86,37.932
191,88,3.578056656183901,87,37.932
191,89,3.6159888913742146,88,37.932
191,90,3.653921126564528,89,37.932
191,91,3.6918533617548417,90,37.932
191,92,3.729785596945155,91,37.932
191,93,3.7677178321354687,92,37.932
191,94,3.8056500673257823,93,37.932
191,95,3.843582302516096,94,37.932
191,96,3.8815145377064093,95,37.932
191,97,3.919446772896723,96,37.932
191,98,3.9573790080870364,97,37.932
191,99,3.99531124327735,98,37.932
191,100,4.033243478467663,99,37.932
191,101,4.071175713657977,100,37.932
191,102,4.109107948848291,101,37.932
191,103,4.147040184038605,102,37.932
191,104,4.184972419228919,103,37.932
191,105,4.222904654419233,104,37.932
191,106,4.260836889609547,105,37.932
191,107,4.298769124799861,106,37.932
191,108,4.336701359990175,107,37.932
191,109,4.374633595180489,108,37.932
191,110,4.412565830370803,109,37.932
191,111,4.450498065561117,110,37.932
191,112,4.488430300751431,111,37.932
191,113,4.526362535941745,112,37.932
191,114,4.5643505204403265,113,37.988
191,115,4.602338504938908,114,37.988
191,116,4.64032648943749,115,37.988
191,117,4.678314473936071,116,37.988
191,118,4.716302458434653,117,37.988
191,119,4.754290442933234,118,37.988
191,120,4.792278427431816,119,37.988
191,121,4.830266411930397,120,37.988
191,122,4.868254396428979,121,37.988
191,123,4.90624238092756,122,37.988
191,124,4.944230365426142,123,37.988
191,125,4.9822183499247235,124,37.988
191,126,5.020206334423305,125,37.988
191,127,5.0581943189218865,126,37.988
191,128,5.096182303420468,127,37.988
