request,token,time_s,step,gap_ms
0,1,0.11099784846434642,0,110.998
0,2,0.14281418272347868,1,31.816
0,3,0.17463051698261092,2,31.816
0,4,0.20644685124174317,3,31.816
0,5,0.2382631855008754,4,31.816
0,6,0.27007951976000766,5,31.816
0,7,0.3018958540191399,6,31.816
0,8,0.3337121882782721,7,31.816
0,9,0.3655285225374043,8,31.816
0,10,0.3973448567965365,9,31.816
0,11,0.42916119105566874,10,31.816
0,12,0.46097752531480096,11,31.816
0,13,0.4927938595739332,12,31.816
0,14,0.5246101938330654,13,31.816
0,15,0.5564265280921976,14,31.816
0,16,0.5882428623513298,15,31.816
0,17,0.620059196610462,16,31.816
0,18,0.6518755308695943,17,31.816
0,19,0.6836918651287265,18,31.816
0,20,0.7155081993878587,19,31.816
0,21,0.7473245336469909,20,31.816
0,22,0.7791408679061231,21,31.816
0,23,0.8109572021652554,22,31.816
0,24,0.8427735364243876,23,31.816
0,25,0.8745898706835198,24,31.816
0,26,0.906406204942652,25,31.816
0,27,0.9382225392017842,26,31.816
0,28,0.9700388734609164,27,31.816
0,29,1.0018552077200487,28,31.816
0,30,1.0336715419791809,29,31.816
0,31,1.065487876238313,30,31.816
0,32,1.0973042104974453,31,31.816
0,33,1.1291205447565775,32,31.816
0,34,1.1609368790157097,33,31.816
0,35,1.192753213274842,34,31.816
0,36,1.2245695475339742,35,31.816
0,37,1.2563858817931064,36,31.816
0,38,1.2882022160522386,37,31.816
0,39,1.3200185503113708,38,31.816
0,40,1.351834884570503,39,31.816
0,41,1.3836512188296353,40,31.816
0,42,1.4154675530887675,41,31.816
0,43,1.4472838873478997,42,31.816
0,44,1.479100221607032,43,31.816
0,45,1.5109165558661641,44,31.816
0,46,1.5427328901252964,45,31.816
0,47,1.5745492243844286,46,31.816
0,48,1.6063655586435608,47,31.816
0,49,1.638181892902693,48,31.816
0,50,1.670098436493395,49,31.917
0,51,1.7020149800840971,50,31.917
0,52,1.7339315236747992,51,31.917
0,53,1.7658480672655013,52,31.917
0,54,1.7977646108562033,53,31.917
0,55,1.8296811544469054,54,31.917
0,56,1.8615976980376074,55,31.917
0,57,1.8935142416283095,56,31.917
0,58,1.9254307852190116,57,31.917
0,59,1.9573473288097136,58,31.917
0,60,1.9892638724004157,59,31.917
0,61,2.0211804159911178,60,31.917
0,62,2.05309695958182,61,31.917
0,63,2.085013503172522,62,31.917
0,64,2.116930046763224,63,31.917
0,65,2.148846590353926,64,31.917
0,66,2.180763133944628,65,31.917
0,67,2.21267967753533,66,31.917
0,68,2.244596221126032,67,31.917
0,69,2.2765127647167342,68,31.917
0,70,2.3084293083074363,69,31.917
0,71,2.3403458518981384,70,31.917
0,72,2.3722623954888404,71,31.917
0,73,2.4041789390795425,72,31.917
0,74,2.4360954826702446,73,31.917
0,75,2.4680120262609466,74,31.917
0,76,2.4999285698516487,75,31.917
0,77,2.5318451134423507,76,31.917
0,78,2.563761657033053,77,31.917
0,79,2.595678200623755,78,31.917
0,80,2.627594744214457,79,31.917
0,81,2.659511287805159,80,31.917
0,82,2.691427831395861,81,31.917
0,83,2.723344374986563,82,31.917
0,84,2.755260918577265,83,31.917
0,85,2.7871774621679672,84,31.917
0,86,2.8190940057586693,85,31.917
0,87,2.8510105493493714,86,31.917
0,88,2.8829270929400734,87,31.917
0,89,2.9148436365307755,88,31.917
0,90,2.9467601801214776,89,31.917
0,91,2.9786767237121796,90,31.917
0,92,3.0105932673028817,91,31.917
0,93,3.0425098108935837,92,31.917
0,94,3.074426354484286,93,31.917
0,95,3.106342898074988,94,31.917
0,96,3.13825944166569,95,31.917
0,97,3.170175985256392,96,31.917
0,98,3.202092528847094,97,31.917
0,99,3.234009072437796,98,31.917
0,100,3.265925616028498,99,31.917
0,101,3.2978421596192002,100,31.917
0,102,3.3297587032099023,101,31.917
0,103,3.3616752468006044,102,31.917
0,104,3.3935917903913064,103,31.917
0,105,3.4255083339820085,104,31.917
0,106,3.4574248775727106,105,31.917
0,107,3.4893414211634126,106,31.917
0,108,3.5212579647541147,107,31.917
0,109,3.5531745083448167,108,31.917
0,110,3.585091051935519,109,31.917
0,111,3.617007595526221,110,31.917
0,112,3.648924139116923,111,31.917
0,113,3.680840682707625,112,31.917
0,114,3.7127219768798416,113,31.881
0,115,3.7446032710520583,114,31.881
0,116,3.776484565224275,115,31.881
0,117,3.8083658593964915,116,31.881
0,118,3.840247153568708,117,31.881
0,119,3.872128447740925,118,31.881
0,120,3.9040097419131414,119,31.881
0,121,3.935891036085358,120,31.881
0,122,3.9677723302575747,121,31.881
0,123,3.9996536244297913,122,31.881
0,124,4.0315349186020075,123,31.881
0,125,4.063416212774224,124,31.881
0,126,4.095297506946441,125,31.881
0,127,4.127178801118657,126,31.881
0,128,4.159060095290874,127,31.881
1,1,0.11099784846434642,0,110.998
1,2,0.14281418272347868,1,31.816
1,3,0.17463051698261092,2,31.816
1,4,0.20644685124174317,3,31.816
1,5,0.2382631855008754,4,31.816
1,6,0.27007951976000766,5,31.816
1,7,0.3018958540191399,6,31.816
1,8,0.3337121882782721,7,31.816
1,9,0.3655285225374043,8,31.816
1,10,0.3973448567965365,9,31.816
1,11,0.42916119105566874,10,31.816
1,12,0.46097752531480096,11,31.816
1,13,0.4927938595739332,12,31.816
1,14,0.5246101938330654,13,31.816
1,15,0.5564265280921976,14,31.816
1,16,0.5882428623513298,15,31.816
1,17,0.620059196610462,16,31.816
1,18,0.6518755308695943,17,31.816
1,19,0.6836918651287265,18,31.816
1,20,0.7155081993878587,19,31.816
1,21,0.7473245336469909,20,31.816
1,22,0.7791408679061231,21,31.816
1,23,0.8109572021652554,22,31.816
1,24,0.8427735364243876,23,31.816
1,25,0.8745898706835198,24,31.816
1,26,0.906406204942652,25,31.816
1,27,0.9382225392017842,26,31.816
1,28,0.9700388734609164,27,31.816
1,29,1.0018552077200487,28,31.816
1,30,1.0336715419791809,29,31.816
1,31,1.065487876238313,30,31.816
1,32,1.0973042104974453,31,31.816
1,33,1.1291205447565775,32,31.816
1,34,1.1609368790157097,33,31.816
1,35,1.192753213274842,34,31.816
1,36,1.2245695475339742,35,31.816
1,37,1.2563858817931064,36,31.816
1,38,1.2882022160522386,37,31.816
1,39,1.3200185503113708,38,31.816
1,40,1.351834884570503,39,31.816
1,41,1.3836512188296353,40,31.816
1,42,1.4154675530887675,41,31.816
1,43,1.4472838873478997,42,31.816
1,44,1.479100221607032,43,31.816
1,45,1.5109165558661641,44,31.816
1,46,1.5427328901252964,45,31.816
1,47,1.5745492243844286,46,31.816
1,48,1.6063655586435608,47,31.816
1,49,1.638181892902693,48,31.816
1,50,1.670098436493395,49,31.917
1,51,1.7020149800840971,50,31.917
1,52,1.7339315236747992,51,31.917
1,53,1.7658480672655013,52,31.917
1,54,1.7977646108562033,53,31.917
1,55,1.8296811544469054,54,31.917
1,56,1.8615976980376074,55,31.917
1,57,1.8935142416283095,56,31.917
1,58,1.9254307852190116,57,31.917
1,59,1.9573473288097136,58,31.917
1,60,1.9892638724004157,59,31.917
1,61,2.0211804159911178,60,31.917
1,62,2.05309695958182,61,31.917
1,63,2.085013503172522,62,31.917
1,64,2.116930046763224,63,31.917
1,65,2.148846590353926,64,31.917
1,66,2.180763133944628,65,31.917
1,67,2.21267967753533,66,31.917
1,68,2.244596221126032,67,31.917
1,69,2.2765127647167342,68,31.917
1,70,2.3084293083074363,69,31.917
1,71,2.3403458518981384,70,31.917
1,72,2.3722623954888404,71,31.917
1,73,2.4041789390795425,72,31.917
1,74,2.4360954826702446,73,31.917
1,75,2.4680120262609466,74,31.917
1,76,2.4999285698516487,75,31.917
1,77,2.5318451134423507,76,31.917
1,78,2.563761657033053,77,31.917
1,79,2.595678200623755,78,31.917
1,80,2.627594744214457,79,31.917
1,81,2.659511287805159,80,31.917
1,82,2.691427831395861,81,31.917
1,83,2.723344374986563,82,31.917
1,84,2.755260918577265,83,31.917
1,85,2.7871774621679672,84,31.917
1,86,2.8190940057586693,85,31.917
1,87,2.8510105493493714,86,31.917
1,88,2.8829270929400734,87,31.917
1,89,2.9148436365307755,88,31.917
1,90,2.9467601801214776,89,31.917
1,91,2.9786767237121796,90,31.917
1,92,3.0105932673028817,91,31.917
1,93,3.0425098108935837,92,31.917
1,94,3.074426354484286,93,31.917
1,95,3.106342898074988,94,31.917
1,96,3.13825944166569,95,31.917
1,97,3.170175985256392,96,31.917
1,98,3.202092528847094,97,31.917
1,99,3.234009072437796,98,31.917
1,100,3.265925616028498,99,31.917
1,101,3.2978421596192002,100,31.917
1,102,3.3297587032099023,101,31.917
1,103,3.3616752468006044,102,31.917
1,104,3.3935917903913064,103,31.917
1,105,3.4255083339820085,104,31.917
1,106,3.4574248775727106,105,31.917
1,107,3.4893414211634126,106,31.917
1,108,3.5212579647541147,107,31.917
1,109,3.5531745083448167,108,31.917
1,110,3.585091051935519,109,31.917
1,111,3.617007595526221,110,31.917
1,112,3.648924139116923,111,31.917
1,113,3.680840682707625,112,31.917
1,114,3.7127219768798416,113,31.881
1,115,3.7446032710520583,114,31.881
1,116,3.776484565224275,115,31.881
1,117,3.8083658593964915,116,31.881
1,118,3.840247153568708,117,31.881
1,119,3.872128447740925,118,31.881
1,120,3.9040097419131414,119,31.881
1,121,3.935891036085358,120,31.881
1,122,3.9677723302575747,121,31.881
1,123,3.9996536244297913,122,31.881
1,124,4.0315349186020075,123,31.881
1,125,4.063416212774224,124,31.881
1,126,4.095297506946441,125,31.881
1,127,4.127178801118657,126,31.881
1,128,4.159060095290874,127,31.881
2,1,0.11099784846434642,0,110.998
2,2,0.14281418272347868,1,31.816
2,3,0.17463051698261092,2,31.816
2,4,0.20644685124174317,3,31.816
2,5,0.2382631855008754,4,31.816
2,6,0.27007951976000766,5,31.816
2,7,0.3018958540191399,6,31.816
2,8,0.3337121882782721,7,31.816
2,9,0.3655285225374043,8,31.816
2,10,0.3973448567965365,9,31.816
2,11,0.42916119105566874,10,31.816
2,12,0.46097752531480096,11,31.816
2,13,0.4927938595739332,12,31.816
2,14,0.5246101938330654,13,31.816
2,15,0.5564265280921976,14,31.816
2,16,0.5882428623513298,15,31.816
2,17,0.620059196610462,16,31.816
2,18,0.6518755308695943,17,31.816
2,19,0.6836918651287265,18,31.816
2,20,0.7155081993878587,19,31.816
2,21,0.7473245336469909,20,31.816
2,22,0.7791408679061231,21,31.816
2,23,0.8109572021652554,22,31.816
2,24,0.8427735364243876,23,31.816
2,25,0.8745898706835198,24,31.816
2,26,0.906406204942652,25,31.816
2,27,0.9382225392017842,26,31.816
2,28,0.9700388734609164,27,31.816
2,29,1.0018552077200487,28,31.816
2,30,1.0336715419791809,29,31.816
2,31,1.065487876238313,30,31.816
2,32,1.0973042104974453,31,31.816
2,33,1.1291205447565775,32,31.816
2,34,1.1609368790157097,33,31.816
2,35,1.192753213274842,34,31.816
2,36,1.2245695475339742,35,31.816
2,37,1.2563858817931064,36,31.816
2,38,1.2882022160522386,37,31.816
2,39,1.3200185503113708,38,31.816
2,40,1.351834884570503,39,31.816
2,41,1.3836512188296353,40,31.816
2,42,1.4154675530887675,41,31.816
2,43,1.4472838873478997,42,31.816
2,44,1.479100221607032,43,31.816
2,45,1.5109165558661641,44,31.816
2,46,1.5427328901252964,45,31.816
2,47,1.5745492243844286,46,31.816
2,48,1.6063655586435608,47,31.816
2,49,1.638181892902693,48,31.816
2,50,1.670098436493395,49,31.917
2,51,1.7020149800840971,50,31.917
2,52,1.7339315236747992,51,31.917
2,53,1.7658480672655013,52,31.917
2,54,1.7977646108562033,53,31.917
2,55,1.8296811544469054,54,31.917
2,56,1.8615976980376074,55,31.917
2,57,1.8935142416283095,56,31.917
2,58,1.9254307852190116,57,31.917
2,59,1.9573473288097136,58,31.917
2,60,1.9892638724004157,59,31.917
2,61,2.0211804159911178,60,31.917
2,62,2.05309695958182,61,31.917
2,63,2.085013503172522,62,31.917
2,64,2.116930046763224,63,31.917
2,65,2.148846590353926,64,31.917
2,66,2.180763133944628,65,31.917
2,67,2.21267967753533,66,31.917
2,68,2.244596221126032,67,31.917
2,69,2.2765127647167342,68,31.917
2,70,2.3084293083074363,69,31.917
2,71,2.3403458518981384,70,31.917
2,72,2.3722623954888404,71,31.917
2,73,2.4041789390795425,72,31.917
2,74,2.4360954826702446,73,31.917
2,75,2.4680120262609466,74,31.917
2,76,2.4999285698516487,75,31.917
2,77,2.5318451134423507,76,31.917
2,78,2.563761657033053,77,31.917
2,79,2.595678200623755,78,31.917
2,80,2.627594744214457,79,31.917
2,81,2.659511287805159,80,31.917
2,82,2.691427831395861,81,31.917
2,83,2.723344374986563,82,31.917
2,84,2.755260918577265,83,31.917
2,85,2.7871774621679672,84,31.917
2,86,2.8190940057586693,85,31.917
2,87,2.8510105493493714,86,31.917
2,88,2.8829270929400734,87,31.917
2,89,2.9148436365307755,88,31.917
2,90,2.9467601801214776,89,31.917
2,91,2.9786767237121796,90,31.917
2,92,3.0105932673028817,91,31.917
2,93,3.0425098108935837,92,31.917
2,94,3.074426354484286,93,31.917
2,95,3.106342898074988,94,31.917
2,96,3.13825944166569,95,31.917
2,97,3.170175985256392,96,31.917
2,98,3.202092528847094,97,31.917
2,99,3.234009072437796,98,31.917
2,100,3.265925616028498,99,31.917
2,101,3.2978421596192002,100,31.917
2,102,3.3297587032099023,101,31.917
2,103,3.3616752468006044,102,31.917
2,104,3.3935917903913064,103,31.917
2,105,3.4255083339820085,104,31.917
2,106,3.4574248775727106,105,31.917
2,107,3.4893414211634126,106,31.917
2,108,3.5212579647541147,107,31.917
2,109,3.5531745083448167,108,31.917
2,110,3.585091051935519,109,31.917
2,111,3.617007595526221,110,31.917
2,112,3.648924139116923,111,31.917
2,113,3.680840682707625,112,31.917
2,114,3.7127219768798416,113,31.881
2,115,3.7446032710520583,114,31.881
2,116,3.776484565224275,115,31.881
2,117,3.8083658593964915,116,31.881
2,118,3.840247153568708,117,31.881
2,119,3.872128447740925,118,31.881
2,120,3.9040097419131414,119,31.881
2,121,3.935891036085358,120,31.881
2,122,3.9677723302575747,121,31.881
2,123,3.9996536244297913,122,31.881
2,124,4.0315349186020075,123,31.881
2,125,4.063416212774224,124,31.881
2,126,4.095297506946441,125,31.881
2,127,4.127178801118657,126,31.881
2,128,4.159060095290874,127,31.881
3,1,0.11099784846434642,0,110.998
3,2,0.14281418272347868,1,31.816
3,3,0.17463051698261092,2,31.816
3,4,0.20644685124174317,3,31.816
3,5,0.2382631855008754,4,31.816
3,6,0.27007951976000766,5,31.816
3,7,0.3018958540191399,6,31.816
3,8,0.3337121882782721,7,31.816
3,9,0.3655285225374043,8,31.816
3,10,0.3973448567965365,9,31.816
3,11,0.42916119105566874,10,31.816
3,12,0.46097752531480096,11,31.816
3,13,0.4927938595739332,12,31.816
3,14,0.5246101938330654,13,31.816
3,15,0.5564265280921976,14,31.816
3,16,0.5882428623513298,15,31.816
3,17,0.620059196610462,16,31.816
3,18,0.6518755308695943,17,31.816
3,19,0.6836918651287265,18,31.816
3,20,0.7155081993878587,19,31.816
3,21,0.7473245336469909,20,31.816
3,22,0.7791408679061231,21,31.816
3,23,0.8109572021652554,22,31.816
3,24,0.8427735364243876,23,31.816
3,25,0.8745898706835198,24,31.816
3,26,0.906406204942652,25,31.816
3,27,0.9382225392017842,26,31.816
3,28,0.9700388734609164,27,31.816
3,29,1.0018552077200487,28,31.816
3,30,1.0336715419791809,29,31.816
3,31,1.065487876238313,30,31.816
3,32,1.0973042104974453,31,31.816
3,33,1.1291205447565775,32,31.816
3,34,1.1609368790157097,33,31.816
3,35,1.192753213274842,34,31.816
3,36,1.2245695475339742,35,31.816
3,37,1.2563858817931064,36,31.816
3,38,1.2882022160522386,37,31.816
3,39,1.3200185503113708,38,31.816
3,40,1.351834884570503,39,31.816
3,41,1.3836512188296353,40,31.816
3,42,1.4154675530887675,41,31.816
3,43,1.4472838873478997,42,31.816
3,44,1.479100221607032,43,31.816
3,45,1.5109165558661641,44,31.816
3,46,1.5427328901252964,45,31.816
3,47,1.5745492243844286,46,31.816
3,48,1.6063655586435608,47,31.816
3,49,1.638181892902693,48,31.816
3,50,1.670098436493395,49,31.917
3,51,1.7020149800840971,50,31.917
3,52,1.7339315236747992,51,31.917
3,53,1.7658480672655013,52,31.917
3,54,1.7977646108562033,53,31.917
3,55,1.8296811544469054,54,31.917
3,56,1.8615976980376074,55,31.917
3,57,1.8935142416283095,56,31.917
3,58,1.9254307852190116,57,31.917
3,59,1.9573473288097136,58,31.917
3,60,1.9892638724004157,59,31.917
3,61,2.0211804159911178,60,31.917
3,62,2.05309695958182,61,31.917
3,63,2.085013503172522,62,31.917
3,64,2.116930046763224,63,31.917
3,65,2.148846590353926,64,31.917
3,66,2.180763133944628,65,31.917
3,67,2.21267967753533,66,31.917
3,68,2.244596221126032,67,31.917
3,69,2.2765127647167342,68,31.917
3,70,2.3084293083074363,69,31.917
3,71,2.3403458518981384,70,31.917
3,72,2.3722623954888404,71,31.917
3,73,2.4041789390795425,72,31.917
3,74,2.4360954826702446,73,31.917
3,75,2.4680120262609466,74,31.917
3,76,2.4999285698516487,75,31.917
3,77,2.5318451134423507,76,31.917
3,78,2.563761657033053,77,31.917
3,79,2.595678200623755,78,31.917
3,80,2.627594744214457,79,31.917
3,81,2.659511287805159,80,31.917
3,82,2.691427831395861,81,31.917
3,83,2.723344374986563,82,31.917
3,84,2.755260918577265,83,31.917
3,85,2.7871774621679672,84,31.917
3,86,2.8190940057586693,85,31.917
3,87,2.8510105493493714,86,31.917
3,88,2.8829270929400734,87,31.917
3,89,2.9148436365307755,88,31.917
3,90,2.9467601801214776,89,31.917
3,91,2.9786767237121796,90,31.917
3,92,3.0105932673028817,91,31.917
3,93,3.0425098108935837,92,31.917
3,94,3.074426354484286,93,31.917
3,95,3.106342898074988,94,31.917
3,96,3.13825944166569,95,31.917
3,97,3.170175985256392,96,31.917
3,98,3.202092528847094,97,31.917
3,99,3.234009072437796,98,31.917
3,100,3.265925616028498,99,31.917
3,101,3.2978421596192002,100,31.917
3,102,3.3297587032099023,101,31.917
3,103,3.3616752468006044,102,31.917
3,104,3.3935917903913064,103,31.917
3,105,3.4255083339820085,104,31.917
3,106,3.4574248775727106,105,31.917
3,107,3.4893414211634126,106,31.917
3,108,3.5212579647541147,107,31.917
3,109,3.5531745083448167,108,31.917
3,110,3.585091051935519,109,31.917
3,111,3.617007595526221,110,31.917
3,112,3.648924139116923,111,31.917
3,113,3.680840682707625,112,31.917
3,114,3.7127219768798416,113,31.881
3,115,3.7446032710520583,114,31.881
3,116,3.776484565224275,115,31.881
3,117,3.8083658593964915,116,31.881
3,118,3.840247153568708,117,31.881
3,119,3.872128447740925,118,31.881
3,120,3.9040097419131414,119,31.881
3,121,3.935891036085358,120,31.881
3,122,3.9677723302575747,121,31.881
3,123,3.9996536244297913,122,31.881
3,124,4.0315349186020075,123,31.881
3,125,4.063416212774224,124,31.881
3,126,4.095297506946441,125,31.881
3,127,4.127178801118657,126,31.881
3,128,4.159060095290874,127,31.881
4,1,0.11099784846434642,0,110.998
4,2,0.14281418272347868,1,31.816
4,3,0.17463051698261092,2,31.816
4,4,0.20644685124174317,3,31.816
4,5,0.2382631855008754,4,31.816
4,6,0.27007951976000766,5,31.816
4,7,0.3018958540191399,6,31.816
4,8,0.3337121882782721,7,31.816
4,9,0.3655285225374043,8,31.816
4,10,0.3973448567965365,9,31.816
4,11,0.42916119105566874,10,31.816
4,12,0.46097752531480096,11,31.816
4,13,0.4927938595739332,12,31.816
4,14,0.5246101938330654,13,31.816
4,15,0.5564265280921976,14,31.816
4,16,0.5882428623513298,15,31.816
4,17,0.620059196610462,16,31.816
4,18,0.6518755308695943,17,31.816
4,19,0.6836918651287265,18,31.816
4,20,0.7155081993878587,19,31.816
4,21,0.7473245336469909,20,31.816
4,22,0.7791408679061231,21,31.816
4,23,0.8109572021652554,22,31.816
4,24,0.8427735364243876,23,31.816
4,25,0.8745898706835198,24,31.816
4,26,0.906406204942652,25,31.816
4,27,0.9382225392017842,26,31.816
4,28,0.9700388734609164,27,31.816
4,29,1.0018552077200487,28,31.816
4,30,1.0336715419791809,29,31.816
4,31,1.065487876238313,30,31.816
4,32,1.0973042104974453,31,31.816
4,33,1.1291205447565775,32,31.816
4,34,1.1609368790157097,33,31.816
4,35,1.192753213274842,34,31.816
4,36,1.2245695475339742,35,31.816
4,37,1.2563858817931064,36,31.816
4,38,1.2882022160522386,37,31.816
4,39,1.3200185503113708,38,31.816
4,40,1.351834884570503,39,31.816
4,41,1.3836512188296353,40,31.816
4,42,1.4154675530887675,41,31.816
4,43,1.4472838873478997,42,31.816
4,44,1.479100221607032,43,31.816
4,45,1.5109165558661641,44,31.816
4,46,1.5427328901252964,45,31.816
4,47,1.5745492243844286,46,31.816
4,48,1.6063655586435608,47,31.816
4,49,1.638181892902693,48,31.816
4,50,1.670098436493395,49,31.917
4,51,1.7020149800840971,50,31.917
4,52,1.7339315236747992,51,31.917
4,53,1.7658480672655013,52,31.917
4,54,1.7977646108562033,53,31.917
4,55,1.8296811544469054,54,31.917
4,56,1.8615976980376074,55,31.917
4,57,1.8935142416283095,56,31.917
4,58,1.9254307852190116,57,31.917
4,59,1.9573473288097136,58,31.917
4,60,1.9892638724004157,59,31.917
4,61,2.0211804159911178,60,31.917
4,62,2.05309695958182,61,31.917
4,63,2.085013503172522,62,31.917
4,64,2.116930046763224,63,31.917
4,65,2.148846590353926,64,31.917
4,66,2.180763133944628,65,31.917
4,67,2.21267967753533,66,31.917
4,68,2.244596221126032,67,31.917
4,69,2.2765127647167342,68,31.917
4,70,2.3084293083074363,69,31.917
4,71,2.3403458518981384,70,31.917
4,72,2.3722623954888404,71,31.917
4,73,2.4041789390795425,72,31.917
4,74,2.4360954826702446,73,31.917
4,75,2.4680120262609466,74,31.917
4,76,2.4999285698516487,75,31.917
4,77,2.5318451134423507,76,31.917
4,78,2.563761657033053,77,31.917
4,79,2.595678200623755,78,31.917
4,80,2.627594744214457,79,31.917
4,81,2.659511287805159,80,31.917
4,82,2.691427831395861,81,31.917
4,83,2.723344374986563,82,31.917
4,84,2.755260918577265,83,31.917
4,85,2.7871774621679672,84,31.917
4,86,2.8190940057586693,85,31.917
4,87,2.8510105493493714,86,31.917
4,88,2.8829270929400734,87,31.917
4,89,2.9148436365307755,88,31.917
4,90,2.9467601801214776,89,31.917
4,91,2.9786767237121796,90,31.917
4,92,3.0105932673028817,91,31.917
4,93,3.0425098108935837,92,31.917
4,94,3.074426354484286,93,31.917
4,95,3.106342898074988,94,31.917
4,96,3.13825944166569,95,31.917
4,97,3.170175985256392,96,31.917
4,98,3.202092528847094,97,31.917
4,99,3.234009072437796,98,31.917
4,100,3.265925616028498,99,31.917
4,101,3.2978421596192002,100,31.917
4,102,3.3297587032099023,101,31.917
4,103,3.3616752468006044,102,31.917
4,104,3.3935917903913064,103,31.917
4,105,3.4255083339820085,104,31.917
4,106,3.4574248775727106,105,31.917
4,107,3.4893414211634126,106,31.917
4,108,3.5212579647541147,107,31.917
4,109,3.5531745083448167,108,31.917
4,110,3.585091051935519,109,31.917
4,111,3.617007595526221,110,31.917
4,112,3.648924139116923,111,31.917
4,113,3.680840682707625,112,31.917
4,114,3.7127219768798416,113,31.881
4,115,3.7446032710520583,114,31.881
4,116,3.776484565224275,115,31.881
4,117,3.8083658593964915,116,31.881
4,118,3.840247153568708,117,31.881
4,119,3.872128447740925,118,31.881
4,120,3.9040097419131414,119,31.881
4,121,3.935891036085358,120,31.881
4,122,3.9677723302575747,121,31.881
4,123,3.9996536244297913,122,31.881
4,124,4.0315349186020075,123,31.881
4,125,4.063416212774224,124,31.881
4,126,4.095297506946441,125,31.881
4,127,4.127178801118657,126,31.881
4,128,4.159060095290874,127,31.881
5,1,0.11099784846434642,0,110.998
5,2,0.14281418272347868,1,31.816
5,3,0.17463051698261092,2,31.816
5,4,0.20644685124174317,3,31.816
5,5,0.2382631855008754,4,31.816
5,6,0.27007951976000766,5,31.816
5,7,0.3018958540191399,6,31.816
5,8,0.3337121882782721,7,31.816
5,9,0.3655285225374043,8,31.816
5,10,0.3973448567965365,9,31.816
5,11,0.42916119105566874,10,31.816
5,12,0.46097752531480096,11,31.816
5,13,0.4927938595739332,12,31.816
5,14,0.5246101938330654,13,31.816
5,15,0.5564265280921976,14,31.816
5,16,0.5882428623513298,15,31.816
5,17,0.620059196610462,16,31.816
5,18,0.6518755308695943,17,31.816
5,19,0.6836918651287265,18,31.816
5,20,0.7155081993878587,19,31.816
5,21,0.7473245336469909,20,31.816
5,22,0.7791408679061231,21,31.816
5,23,0.8109572021652554,22,31.816
5,24,0.8427735364243876,23,31.816
5,25,0.8745898706835198,24,31.816
5,26,0.906406204942652,25,31.816
5,27,0.9382225392017842,26,31.816
5,28,0.9700388734609164,27,31.816
5,29,1.0018552077200487,28,31.816
5,30,1.0336715419791809,29,31.816
5,31,1.065487876238313,30,31.816
5,32,1.0973042104974453,31,31.816
5,33,1.1291205447565775,32,31.816
5,34,1.1609368790157097,33,31.816
5,35,1.192753213274842,34,31.816
5,36,1.2245695475339742,35,31.816
5,37,1.2563858817931064,36,31.816
5,38,1.2882022160522386,37,31.816
5,39,1.3200185503113708,38,31.816
5,40,1.351834884570503,39,31.816
5,41,1.3836512188296353,40,31.816
5,42,1.4154675530887675,41,31.816
5,43,1.4472838873478997,42,31.816
5,44,1.479100221607032,43,31.816
5,45,1.5109165558661641,44,31.816
5,46,1.5427328901252964,45,31.816
5,47,1.5745492243844286,46,31.816
5,48,1.6063655586435608,47,31.816
5,49,1.638181892902693,48,31.816
5,50,1.670098436493395,49,31.917
5,51,1.7020149800840971,50,31.917
5,52,1.7339315236747992,51,31.917
5,53,1.7658480672655013,52,31.917
5,54,1.7977646108562033,53,31.917
5,55,1.8296811544469054,54,31.917
5,56,1.8615976980376074,55,31.917
5,57,1.8935142416283095,56,31.917
5,58,1.9254307852190116,57,31.917
5,59,1.9573473288097136,58,31.917
5,60,1.9892638724004157,59,31.917
5,61,2.0211804159911178,60,31.917
5,62,2.05309695958182,61,31.917
5,63,2.085013503172522,62,31.917
5,64,2.116930046763224,63,31.917
5,65,2.148846590353926,64,31.917
5,66,2.180763133944628,65,31.917
5,67,2.21267967753533,66,31.917
5,68,2.244596221126032,67,31.917
5,69,2.2765127647167342,68,31.917
5,70,2.3084293083074363,69,31.917
5,71,2.3403458518981384,70,31.917
5,72,2.3722623954888404,71,31.917
5,73,2.4041789390795425,72,31.917
5,74,2.4360954826702446,73,31.917
5,75,2.4680120262609466,74,31.917
5,76,2.4999285698516487,75,31.917
5,77,2.5318451134423507,76,31.917
5,78,2.563761657033053,77,31.917
5,79,2.595678200623755,78,31.917
5,80,2.627594744214457,79,31.917
5,81,2.659511287805159,80,31.917
5,82,2.691427831395861,81,31.917
5,83,2.723344374986563,82,31.917
5,84,2.755260918577265,83,31.917
5,85,2.7871774621679672,84,31.917
5,86,2.8190940057586693,85,31.917
5,87,2.8510105493493714,86,31.917
5,88,2.8829270929400734,87,31.917
5,89,2.9148436365307755,88,31.917
5,90,2.9467601801214776,89,31.917
5,91,2.9786767237121796,90,31.917
5,92,3.0105932673028817,91,31.917
5,93,3.0425098108935837,92,31.917
5,94,3.074426354484286,93,31.917
5,95,3.106342898074988,94,31.917
5,96,3.13825944166569,95,31.917
5,97,3.170175985256392,96,31.917
5,98,3.202092528847094,97,31.917
5,99,3.234009072437796,98,31.917
5,100,3.265925616028498,99,31.917
5,101,3.2978421596192002,100,31.917
5,102,3.3297587032099023,101,31.917
5,103,3.3616752468006044,102,31.917
5,104,3.3935917903913064,103,31.917
5,105,3.4255083339820085,104,31.917
5,106,3.4574248775727106,105,31.917
5,107,3.4893414211634126,106,31.917
5,108,3.5212579647541147,107,31.917
5,109,3.5531745083448167,108,31.917
5,110,3.585091051935519,109,31.917
5,111,3.617007595526221,110,31.917
5,112,3.648924139116923,111,31.917
5,113,3.680840682707625,112,31.917
5,114,3.7127219768798416,113,31.881
5,115,3.7446032710520583,114,31.881
5,116,3.776484565224275,115,31.881
5,117,3.8083658593964915,116,31.881
5,118,3.840247153568708,117,31.881
5,119,3.872128447740925,118,31.881
5,120,3.9040097419131414,119,31.881
5,121,3.935891036085358,120,31.881
5,122,3.9677723302575747,121,31.881
5,123,3.9996536244297913,122,31.881
5,124,4.0315349186020075,123,31.881
5,125,4.063416212774224,124,31.881
5,126,4.095297506946441,125,31.881
5,127,4.127178801118657,126,31.881
5,128,4.159060095290874,127,31.881
6,1,0.11099784846434642,0,110.998
6,2,0.14281418272347868,1,31.816
6,3,0.17463051698261092,2,31.816
6,4,0.20644685124174317,3,31.816
6,5,0.2382631855008754,4,31.816
6,6,0.27007951976000766,5,31.816
6,7,0.3018958540191399,6,31.816
6,8,0.3337121882782721,7,31.816
6,9,0.3655285225374043,8,31.816
6,10,0.3973448567965365,9,31.816
6,11,0.42916119105566874,10,31.816
6,12,0.46097752531480096,11,31.816
6,13,0.4927938595739332,12,31.816
6,14,0.5246101938330654,13,31.816
6,15,0.5564265280921976,14,31.816
6,16,0.5882428623513298,15,31.816
6,17,0.620059196610462,16,31.816
6,18,0.6518755308695943,17,31.816
6,19,0.6836918651287265,18,31.816
6,20,0.7155081993878587,19,31.816
6,21,0.7473245336469909,20,31.816
6,22,0.7791408679061231,21,31.816
6,23,0.8109572021652554,22,31.816
6,24,0.8427735364243876,23,31.816
6,25,0.8745898706835198,24,31.816
6,26,0.906406204942652,25,31.816
6,27,0.9382225392017842,26,31.816
6,28,0.9700388734609164,27,31.816
6,29,1.0018552077200487,28,31.816
6,30,1.0336715419791809,29,31.816
6,31,1.065487876238313,30,31.816
6,32,1.0973042104974453,31,31.816
6,33,1.1291205447565775,32,31.816
6,34,1.1609368790157097,33,31.816
6,35,1.192753213274842,34,31.816
6,36,1.2245695475339742,35,31.816
6,37,1.2563858817931064,36,31.816
6,38,1.2882022160522386,37,31.816
6,39,1.3200185503113708,38,31.816
6,40,1.351834884570503,39,31.816
6,41,1.3836512188296353,40,31.816
6,42,1.4154675530887675,41,31.816
6,43,1.4472838873478997,42,31.816
6,44,1.479100221607032,43,31.816
6,45,1.5109165558661641,44,31.816
6,46,1.5427328901252964,45,31.816
6,47,1.5745492243844286,46,31.816
6,48,1.6063655586435608,47,31.816
6,49,1.638181892902693,48,31.816
6,50,1.670098436493395,49,31.917
6,51,1.7020149800840971,50,31.917
6,52,1.7339315236747992,51,31.917
6,53,1.7658480672655013,52,31.917
6,54,1.7977646108562033,53,31.917
6,55,1.8296811544469054,54,31.917
6,56,1.8615976980376074,55,31.917
6,57,1.8935142416283095,56,31.917
6,58,1.9254307852190116,57,31.917
6,59,1.9573473288097136,58,31.917
6,60,1.9892638724004157,59,31.917
6,61,2.0211804159911178,60,31.917
6,62,2.05309695958182,61,31.917
6,63,2.085013503172522,62,31.917
6,64,2.116930046763224,63,31.917
6,65,2.148846590353926,64,31.917
6,66,2.180763133944628,65,31.917
6,67,2.21267967753533,66,31.917
6,68,2.244596221126032,67,31.917
6,69,2.2765127647167342,68,31.917
6,70,2.3084293083074363,69,31.917
6,71,2.3403458518981384,70,31.917
6,72,2.3722623954888404,71,31.917
6,73,2.4041789390795425,72,31.917
6,74,2.4360954826702446,73,31.917
6,75,2.4680120262609466,74,31.917
6,76,2.4999285698516487,75,31.917
6,77,2.5318451134423507,76,31.917
6,78,2.563761657033053,77,31.917
6,79,2.595678200623755,78,31.917
6,80,2.627594744214457,79,31.917
6,81,2.659511287805159,80,31.917
6,82,2.691427831395861,81,31.917
6,83,2.723344374986563,82,31.917
6,84,2.755260918577265,83,31.917
6,85,2.7871774621679672,84,31.917
6,86,2.8190940057586693,85,31.917
6,87,2.8510105493493714,86,31.917
6,88,2.8829270929400734,87,31.917
6,89,2.9148436365307755,88,31.917
6,90,2.9467601801214776,89,31.917
6,91,2.9786767237121796,90,31.917
6,92,3.0105932673028817,91,31.917
6,93,3.0425098108935837,92,31.917
6,94,3.074426354484286,93,31.917
6,95,3.106342898074988,94,31.917
6,96,3.13825944166569,95,31.917
6,97,3.170175985256392,96,31.917
6,98,3.202092528847094,97,31.917
6,99,3.234009072437796,98,31.917
6,100,3.265925616028498,99,31.917
6,101,3.2978421596192002,100,31.917
6,102,3.3297587032099023,101,31.917
6,103,3.3616752468006044,102,31.917
6,104,3.3935917903913064,103,31.917
6,105,3.4255083339820085,104,31.917
6,106,3.4574248775727106,105,31.917
6,107,3.4893414211634126,106,31.917
6,108,3.5212579647541147,107,31.917
6,109,3.5531745083448167,108,31.917
6,110,3.585091051935519,109,31.917
6,111,3.617007595526221,110,31.917
6,112,3.648924139116923,111,31.917
6,113,3.680840682707625,112,31.917
6,114,3.7127219768798416,113,31.881
6,115,3.7446032710520583,114,31.881
6,116,3.776484565224275,115,31.881
6,117,3.8083658593964915,116,31.881
6,118,3.840247153568708,117,31.881
6,119,3.872128447740925,118,31.881
6,120,3.9040097419131414,119,31.881
6,121,3.935891036085358,120,31.881
6,122,3.9677723302575747,121,31.881
6,123,3.9996536244297913,122,31.881
6,124,4.0315349186020075,123,31.881
6,125,4.063416212774224,124,31.881
6,126,4.095297506946441,125,31.881
6,127,4.127178801118657,126,31.881
6,128,4.159060095290874,127,31.881
7,1,0.11099784846434642,0,110.998
7,2,0.14281418272347868,1,31.816
7,3,0.17463051698261092,2,31.816
7,4,0.20644685124174317,3,31.816
7,5,0.2382631855008754,4,31.816
7,6,0.27007951976000766,5,31.816
7,7,0.3018958540191399,6,31.816
7,8,0.3337121882782721,7,31.816
7,9,0.3655285225374043,8,31.816
7,10,0.3973448567965365,9,31.816
7,11,0.42916119105566874,10,31.816
7,12,0.46097752531480096,11,31.816
7,13,0.4927938595739332,12,31.816
7,14,0.5246101938330654,13,31.816
7,15,0.5564265280921976,14,31.816
7,16,0.5882428623513298,15,31.816
7,17,0.620059196610462,16,31.816
7,18,0.6518755308695943,17,31.816
7,19,0.6836918651287265,18,31.816
7,20,0.7155081993878587,19,31.816
7,21,0.7473245336469909,20,31.816
7,22,0.7791408679061231,21,31.816
7,23,0.8109572021652554,22,31.816
7,24,0.8427735364243876,23,31.816
7,25,0.8745898706835198,24,31.816
7,26,0.906406204942652,25,31.816
7,27,0.9382225392017842,26,31.816
7,28,0.9700388734609164,27,31.816
7,29,1.0018552077200487,28,31.816
7,30,1.0336715419791809,29,31.816
7,31,1.065487876238313,30,31.816
7,32,1.0973042104974453,31,31.816
7,33,1.1291205447565775,32,31.816
7,34,1.1609368790157097,33,31.816
7,35,1.192753213274842,34,31.816
7,36,1.2245695475339742,35,31.816
7,37,1.2563858817931064,36,31.816
7,38,1.2882022160522386,37,31.816
7,39,1.3200185503113708,38,31.816
7,40,1.351834884570503,39,31.816
7,41,1.3836512188296353,40,31.816
7,42,1.4154675530887675,41,31.816
7,43,1.4472838873478997,42,31.816
7,44,1.479100221607032,43,31.816
7,45,1.5109165558661641,44,31.816
7,46,1.5427328901252964,45,31.816
7,47,1.5745492243844286,46,31.816
7,48,1.6063655586435608,47,31.816
7,49,1.638181892902693,48,31.816
7,50,1.670098436493395,49,31.917
7,51,1.7020149800840971,50,31.917
7,52,1.7339315236747992,51,31.917
7,53,1.7658480672655013,52,31.917
7,54,1.7977646108562033,53,31.917
7,55,1.8296811544469054,54,31.917
7,56,1.8615976980376074,55,31.917
7,57,1.8935142416283095,56,31.917
7,58,1.9254307852190116,57,31.917
7,59,1.9573473288097136,58,31.917
7,60,1.9892638724004157,59,31.917
7,61,2.0211804159911178,60,31.917
7,62,2.05309695958182,61,31.917
7,63,2.085013503172522,62,31.917
7,64,2.116930046763224,63,31.917
7,65,2.148846590353926,64,31.917
7,66,2.180763133944628,65,31.917
7,67,2.21267967753533,66,31.917
7,68,2.244596221126032,67,31.917
7,69,2.2765127647167342,68,31.917
7,70,2.3084293083074363,69,31.917
7,71,2.3403458518981384,70,31.917
7,72,2.3722623954888404,71,31.917
7,73,2.4041789390795425,72,31.917
7,74,2.4360954826702446,73,31.917
7,75,2.4680120262609466,74,31.917
7,76,2.4999285698516487,75,31.917
7,77,2.5318451134423507,76,31.917
7,78,2.563761657033053,77,31.917
7,79,2.595678200623755,78,31.917
7,80,2.627594744214457,79,31.917
7,81,2.659511287805159,80,31.917
7,82,2.691427831395861,81,31.917
7,83,2.723344374986563,82,31.917
7,84,2.755260918577265,83,31.917
7,85,2.7871774621679672,84,31.917
7,86,2.8190940057586693,85,31.917
7,87,2.8510105493493714,86,31.917
7,88,2.8829270929400734,87,31.917
7,89,2.9148436365307755,88,31.917
7,90,2.9467601801214776,89,31.917
7,91,2.9786767237121796,90,31.917
7,92,3.0105932673028817,91,31.917
7,93,3.0425098108935837,92,31.917
7,94,3.074426354484286,93,31.917
7,95,3.106342898074988,94,31.917
7,96,3.13825944166569,95,31.917
7,97,3.170175985256392,96,31.917
7,98,3.202092528847094,97,31.917
7,99,3.234009072437796,98,31.917
7,100,3.265925616028498,99,31.917
7,101,3.2978421596192002,100,31.917
7,102,3.3297587032099023,101,31.917
7,103,3.3616752468006044,102,31.917
7,104,3.3935917903913064,103,31.917
7,105,3.4255083339820085,104,31.917
7,106,3.4574248775727106,105,31.917
7,107,3.4893414211634126,106,31.917
7,108,3.5212579647541147,107,31.917
7,109,3.5531745083448167,108,31.917
7,110,3.585091051935519,109,31.917
7,111,3.617007595526221,110,31.917
7,112,3.648924139116923,111,31.917
7,113,3.680840682707625,112,31.917
7,114,3.7127219768798416,113,31.881
7,115,3.7446032710520583,114,31.881
7,116,3.776484565224275,115,31.881
7,117,3.8083658593964915,116,31.881
7,118,3.840247153568708,117,31.881
7,119,3.872128447740925,118,31.881
7,120,3.9040097419131414,119,31.881
7,121,3.935891036085358,120,31.881
7,122,3.9677723302575747,121,31.881
7,123,3.9996536244297913,122,31.881
7,124,4.0315349186020075,123,31.881
7,125,4.063416212774224,124,31.881
7,126,4.095297506946441,125,31.881
7,127,4.127178801118657,126,31.881
7,128,4.159060095290874,127,31.881
8,1,0.11099784846434642,0,110.998
8,2,0.14281418272347868,1,31.816
8,3,0.17463051698261092,2,31.816
8,4,0.20644685124174317,3,31.816
8,5,0.2382631855008754,4,31.816
8,6,0.27007951976000766,5,31.816
8,7,0.3018958540191399,6,31.816
8,8,0.3337121882782721,7,31.816
8,9,0.3655285225374043,8,31.816
8,10,0.3973448567965365,9,31.816
8,11,0.42916119105566874,10,31.816
8,12,0.46097752531480096,11,31.816
8,13,0.4927938595739332,12,31.816
8,14,0.5246101938330654,13,31.816
8,15,0.5564265280921976,14,31.816
8,16,0.5882428623513298,15,31.816
8,17,0.620059196610462,16,31.816
8,18,0.6518755308695943,17,31.816
8,19,0.6836918651287265,18,31.816
8,20,0.7155081993878587,19,31.816
8,21,0.7473245336469909,20,31.816
8,22,0.7791408679061231,21,31.816
8,23,0.8109572021652554,22,31.816
8,24,0.8427735364243876,23,31.816
8,25,0.8745898706835198,24,31.816
8,26,0.906406204942652,25,31.816
8,27,0.9382225392017842,26,31.816
8,28,0.9700388734609164,27,31.816
8,29,1.0018552077200487,28,31.816
8,30,1.0336715419791809,29,31.816
8,31,1.065487876238313,30,31.816
8,32,1.0973042104974453,31,31.816
8,33,1.1291205447565775,32,31.816
8,34,1.1609368790157097,33,31.816
8,35,1.192753213274842,34,31.816
8,36,1.2245695475339742,35,31.816
8,37,1.2563858817931064,36,31.816
8,38,1.2882022160522386,37,31.816
8,39,1.3200185503113708,38,31.816
8,40,1.351834884570503,39,31.816
8,41,1.3836512188296353,40,31.816
8,42,1.4154675530887675,41,31.816
8,43,1.4472838873478997,42,31.816
8,44,1.479100221607032,43,31.816
8,45,1.5109165558661641,44,31.816
8,46,1.5427328901252964,45,31.816
8,47,1.5745492243844286,46,31.816
8,48,1.6063655586435608,47,31.816
8,49,1.638181892902693,48,31.816
8,50,1.670098436493395,49,31.917
8,51,1.7020149800840971,50,31.917
8,52,1.7339315236747992,51,31.917
8,53,1.7658480672655013,52,31.917
8,54,1.7977646108562033,53,31.917
8,55,1.8296811544469054,54,31.917
8,56,1.8615976980376074,55,31.917
8,57,1.8935142416283095,56,31.917
8,58,1.9254307852190116,57,31.917
8,59,1.9573473288097136,58,31.917
8,60,1.9892638724004157,59,31.917
8,61,2.0211804159911178,60,31.917
8,62,2.05309695958182,61,31.917
8,63,2.085013503172522,62,31.917
8,64,2.116930046763224,63,31.917
8,65,2.148846590353926,64,31.917
8,66,2.180763133944628,65,31.917
8,67,2.21267967753533,66,31.917
8,68,2.244596221126032,67,31.917
8,69,2.2765127647167342,68,31.917
8,70,2.3084293083074363,69,31.917
8,71,2.3403458518981384,70,31.917
8,72,2.3722623954888404,71,31.917
8,73,2.4041789390795425,72,31.917
8,74,2.4360954826702446,73,31.917
8,75,2.4680120262609466,74,31.917
8,76,2.4999285698516487,75,31.917
8,77,2.5318451134423507,76,31.917
8,78,2.563761657033053,77,31.917
8,79,2.595678200623755,78,31.917
8,80,2.627594744214457,79,31.917
8,81,2.659511287805159,80,31.917
8,82,2.691427831395861,81,31.917
8,83,2.723344374986563,82,31.917
8,84,2.755260918577265,83,31.917
8,85,2.7871774621679672,84,31.917
8,86,2.8190940057586693,85,31.917
8,87,2.8510105493493714,86,31.917
8,88,2.8829270929400734,87,31.917
8,89,2.9148436365307755,88,31.917
8,90,2.9467601801214776,89,31.917
8,91,2.9786767237121796,90,31.917
8,92,3.0105932673028817,91,31.917
8,93,3.0425098108935837,92,31.917
8,94,3.074426354484286,93,31.917
8,95,3.106342898074988,94,31.917
8,96,3.13825944166569,95,31.917
8,97,3.170175985256392,96,31.917
8,98,3.202092528847094,97,31.917
8,99,3.234009072437796,98,31.917
8,100,3.265925616028498,99,31.917
8,101,3.2978421596192002,100,31.917
8,102,3.3297587032099023,101,31.917
8,103,3.3616752468006044,102,31.917
8,104,3.3935917903913064,103,31.917
8,105,3.4255083339820085,104,31.917
8,106,3.4574248775727106,105,31.917
8,107,3.4893414211634126,106,31.917
8,108,3.5212579647541147,107,31.917
8,109,3.5531745083448167,108,31.917
8,110,3.585091051935519,109,31.917
8,111,3.617007595526221,110,31.917
8,112,3.648924139116923,111,31.917
8,113,3.680840682707625,112,31.917
8,114,3.7127219768798416,113,31.881
8,115,3.7446032710520583,114,31.881
8,116,3.776484565224275,115,31.881
8,117,3.8083658593964915,116,31.881
8,118,3.840247153568708,117,31.881
8,119,3.872128447740925,118,31.881
8,120,3.9040097419131414,119,31.881
8,121,3.935891036085358,120,31.881
8,122,3.9677723302575747,121,31.881
8,123,3.9996536244297913,122,31.881
8,124,4.0315349186020075,123,31.881
8,125,4.063416212774224,124,31.881
8,126,4.095297506946441,125,31.881
8,127,4.127178801118657,126,31.881
8,128,4.159060095290874,127,31.881
9,1,0.11099784846434642,0,110.998
9,2,0.14281418272347868,1,31.816
9,3,0.17463051698261092,2,31.816
9,4,0.20644685124174317,3,31.816
9,5,0.2382631855008754,4,31.816
9,6,0.27007951976000766,5,31.816
9,7,0.3018958540191399,6,31.816
9,8,0.3337121882782721,7,31.816
9,9,0.3655285225374043,8,31.816
9,10,0.3973448567965365,9,31.816
9,11,0.42916119105566874,10,31.816
9,12,0.46097752531480096,11,31.816
9,13,0.4927938595739332,12,31.816
9,14,0.5246101938330654,13,31.816
9,15,0.5564265280921976,14,31.816
9,16,0.5882428623513298,15,31.816
9,17,0.620059196610462,16,31.816
9,18,0.6518755308695943,17,31.816
9,19,0.6836918651287265,18,31.816
9,20,0.7155081993878587,19,31.816
9,21,0.7473245336469909,20,31.816
9,22,0.7791408679061231,21,31.816
9,23,0.8109572021652554,22,31.816
9,24,0.8427735364243876,23,31.816
9,25,0.8745898706835198,24,31.816
9,26,0.906406204942652,25,31.816
9,27,0.9382225392017842,26,31.816
9,28,0.9700388734609164,27,31.816
9,29,1.0018552077200487,28,31.816
9,30,1.0336715419791809,29,31.816
9,31,1.065487876238313,30,31.816
9,32,1.0973042104974453,31,31.816
9,33,1.1291205447565775,32,31.816
9,34,1.1609368790157097,33,31.816
9,35,1.192753213274842,34,31.816
9,36,1.2245695475339742,35,31.816
9,37,1.2563858817931064,36,31.816
9,38,1.2882022160522386,37,31.816
9,39,1.3200185503113708,38,31.816
9,40,1.351834884570503,39,31.816
9,41,1.3836512188296353,40,31.816
9,42,1.4154675530887675,41,31.816
9,43,1.4472838873478997,42,31.816
9,44,1.479100221607032,43,31.816
9,45,1.5109165558661641,44,31.816
9,46,1.5427328901252964,45,31.816
9,47,1.5745492243844286,46,31.816
9,48,1.6063655586435608,47,31.816
9,49,1.638181892902693,48,31.816
9,50,1.670098436493395,49,31.917
9,51,1.7020149800840971,50,31.917
9,52,1.7339315236747992,51,31.917
9,53,1.7658480672655013,52,31.917
9,54,1.7977646108562033,53,31.917
9,55,1.8296811544469054,54,31.917
9,56,1.8615976980376074,55,31.917
9,57,1.8935142416283095,56,31.917
9,58,1.9254307852190116,57,31.917
9,59,1.9573473288097136,58,31.917
9,60,1.9892638724004157,59,31.917
9,61,2.0211804159911178,60,31.917
9,62,2.05309695958182,61,31.917
9,63,2.085013503172522,62,31.917
9,64,2.116930046763224,63,31.917
9,65,2.148846590353926,64,31.917
9,66,2.180763133944628,65,31.917
9,67,2.21267967753533,66,31.917
9,68,2.244596221126032,67,31.917
9,69,2.2765127647167342,68,31.917
9,70,2.3084293083074363,69,31.917
9,71,2.3403458518981384,70,31.917
9,72,2.3722623954888404,71,31.917
9,73,2.4041789390795425,72,31.917
9,74,2.4360954826702446,73,31.917
9,75,2.4680120262609466,74,31.917
9,76,2.4999285698516487,75,31.917
9,77,2.5318451134423507,76,31.917
9,78,2.563761657033053,77,31.917
9,79,2.595678200623755,78,31.917
9,80,2.627594744214457,79,31.917
9,81,2.659511287805159,80,31.917
9,82,2.691427831395861,81,31.917
9,83,2.723344374986563,82,31.917
9,84,2.755260918577265,83,31.917
9,85,2.7871774621679672,84,31.917
9,86,2.8190940057586693,85,31.917
9,87,2.8510105493493714,86,31.917
9,88,2.8829270929400734,87,31.917
9,89,2.9148436365307755,88,31.917
9,90,2.9467601801214776,89,31.917
9,91,2.9786767237121796,90,31.917
9,92,3.0105932673028817,91,31.917
9,93,3.0425098108935837,92,31.917
9,94,3.074426354484286,93,31.917
9,95,3.106342898074988,94,31.917
9,96,3.13825944166569,95,31.917
9,97,3.170175985256392,96,31.917
9,98,3.202092528847094,97,31.917
9,99,3.234009072437796,98,31.917
9,100,3.265925616028498,99,31.917
9,101,3.2978421596192002,100,31.917
9,102,3.3297587032099023,101,31.917
9,103,3.3616752468006044,102,31.917
9,104,3.3935917903913064,103,31.917
9,105,3.4255083339820085,104,31.917
9,106,3.4574248775727106,105,31.917
9,107,3.4893414211634126,106,31.917
9,108,3.5212579647541147,107,31.917
9,109,3.5531745083448167,108,31.917
9,110,3.585091051935519,109,31.917
9,111,3.617007595526221,110,31.917
9,112,3.648924139116923,111,31.917
9,113,3.680840682707625,112,31.917
9,114,3.7127219768798416,113,31.881
9,115,3.7446032710520583,114,31.881
9,116,3.776484565224275,115,31.881
9,117,3.8083658593964915,116,31.881
9,118,3.840247153568708,117,31.881
9,119,3.872128447740925,118,31.881
9,120,3.9040097419131414,119,31.881
9,121,3.935891036085358,120,31.881
9,122,3.9677723302575747,121,31.881
9,123,3.9996536244297913,122,31.881
9,124,4.0315349186020075,123,31.881
9,125,4.063416212774224,124,31.881
9,126,4.095297506946441,125,31.881
9,127,4.127178801118657,126,31.881
9,128,4.159060095290874,127,31.881
10,1,0.11099784846434642,0,110.998
10,2,0.14281418272347868,1,31.816
10,3,0.17463051698261092,2,31.816
10,4,0.20644685124174317,3,31.816
10,5,0.2382631855008754,4,31.816
10,6,0.27007951976000766,5,31.816
10,7,0.3018958540191399,6,31.816
10,8,0.3337121882782721,7,31.816
10,9,0.3655285225374043,8,31.816
10,10,0.3973448567965365,9,31.816
10,11,0.42916119105566874,10,31.816
10,12,0.46097752531480096,11,31.816
10,13,0.4927938595739332,12,31.816
10,14,0.5246101938330654,13,31.816
10,15,0.5564265280921976,14,31.816
10,16,0.5882428623513298,15,31.816
10,17,0.620059196610462,16,31.816
10,18,0.6518755308695943,17,31.816
10,19,0.6836918651287265,18,31.816
10,20,0.7155081993878587,19,31.816
10,21,0.7473245336469909,20,31.816
10,22,0.7791408679061231,21,31.816
10,23,0.8109572021652554,22,31.816
10,24,0.8427735364243876,23,31.816
10,25,0.8745898706835198,24,31.816
10,26,0.906406204942652,25,31.816
10,27,0.9382225392017842,26,31.816
10,28,0.9700388734609164,27,31.816
10,29,1.0018552077200487,28,31.816
10,30,1.0336715419791809,29,31.816
10,31,1.065487876238313,30,31.816
10,32,1.0973042104974453,31,31.816
10,33,1.1291205447565775,32,31.816
10,34,1.1609368790157097,33,31.816
10,35,1.192753213274842,34,31.816
10,36,1.2245695475339742,35,31.816
10,37,1.2563858817931064,36,31.816
10,38,1.2882022160522386,37,31.816
10,39,1.3200185503113708,38,31.816
10,40,1.351834884570503,39,31.816
10,41,1.3836512188296353,40,31.816
10,42,1.4154675530887675,41,31.816
10,43,1.4472838873478997,42,31.816
10,44,1.479100221607032,43,31.816
10,45,1.5109165558661641,44,31.816
10,46,1.5427328901252964,45,31.816
10,47,1.5745492243844286,46,31.816
10,48,1.6063655586435608,47,31.816
10,49,1.638181892902693,48,31.816
10,50,1.670098436493395,49,31.917
10,51,1.7020149800840971,50,31.917
10,52,1.7339315236747992,51,31.917
10,53,1.7658480672655013,52,31.917
10,54,1.7977646108562033,53,31.917
10,55,1.8296811544469054,54,31.917
10,56,1.8615976980376074,55,31.917
10,57,1.8935142416283095,56,31.917
10,58,1.9254307852190116,57,31.917
10,59,1.9573473288097136,58,31.917
10,60,1.9892638724004157,59,31.917
10,61,2.0211804159911178,60,31.917
10,62,2.05309695958182,61,31.917
10,63,2.085013503172522,62,31.917
10,64,2.116930046763224,63,31.917
10,65,2.148846590353926,64,31.917
10,66,2.180763133944628,65,31.917
10,67,2.21267967753533,66,31.917
10,68,2.244596221126032,67,31.917
10,69,2.2765127647167342,68,31.917
10,70,2.3084293083074363,69,31.917
10,71,2.3403458518981384,70,31.917
10,72,2.3722623954888404,71,31.917
10,73,2.4041789390795425,72,31.917
10,74,2.4360954826702446,73,31.917
10,75,2.4680120262609466,74,31.917
10,76,2.4999285698516487,75,31.917
10,77,2.5318451134423507,76,31.917
10,78,2.563761657033053,77,31.917
10,79,2.595678200623755,78,31.917
10,80,2.627594744214457,79,31.917
10,81,2.659511287805159,80,31.917
10,82,2.691427831395861,81,31.917
10,83,2.723344374986563,82,31.917
10,84,2.755260918577265,83,31.917
10,85,2.7871774621679672,84,31.917
10,86,2.8190940057586693,85,31.917
10,87,2.8510105493493714,86,31.917
10,88,2.8829270929400734,87,31.917
10,89,2.9148436365307755,88,31.917
10,90,2.9467601801214776,89,31.917
10,91,2.9786767237121796,90,31.917
10,92,3.0105932673028817,91,31.917
10,93,3.0425098108935837,92,31.917
10,94,3.074426354484286,93,31.917
10,95,3.106342898074988,94,31.917
10,96,3.13825944166569,95,31.917
10,97,3.170175985256392,96,31.917
10,98,3.202092528847094,97,31.917
10,99,3.234009072437796,98,31.917
10,100,3.265925616028498,99,31.917
10,101,3.2978421596192002,100,31.917
10,102,3.3297587032099023,101,31.917
10,103,3.3616752468006044,102,31.917
10,104,3.3935917903913064,103,31.917
10,105,3.4255083339820085,104,31.917
10,106,3.4574248775727106,105,31.917
10,107,3.4893414211634126,106,31.917
10,108,3.5212579647541147,107,31.917
10,109,3.5531745083448167,108,31.917
10,110,3.585091051935519,109,31.917
10,111,3.617007595526221,110,31.917
10,112,3.648924139116923,111,31.917
10,113,3.680840682707625,112,31.917
10,114,3.7127219768798416,113,31.881
10,115,3.7446032710520583,114,31.881
10,116,3.776484565224275,115,31.881
10,117,3.8083658593964915,116,31.881
10,118,3.840247153568708,117,31.881
10,119,3.872128447740925,118,31.881
10,120,3.9040097419131414,119,31.881
10,121,3.935891036085358,120,31.881
10,122,3.9677723302575747,121,31.881
10,123,3.9996536244297913,122,31.881
10,124,4.0315349186020075,123,31.881
10,125,4.063416212774224,124,31.881
10,126,4.095297506946441,125,31.881
10,127,4.127178801118657,126,31.881
10,128,4.159060095290874,127,31.881
11,1,0.11099784846434642,0,110.998
11,2,0.14281418272347868,1,31.816
11,3,0.17463051698261092,2,31.816
11,4,0.20644685124174317,3,31.816
11,5,0.2382631855008754,4,31.816
11,6,0.27007951976000766,5,31.816
11,7,0.3018958540191399,6,31.816
11,8,0.3337121882782721,7,31.816
11,9,0.3655285225374043,8,31.816
11,10,0.3973448567965365,9,31.816
11,11,0.42916119105566874,10,31.816
11,12,0.46097752531480096,11,31.816
11,13,0.4927938595739332,12,31.816
11,14,0.5246101938330654,13,31.816
11,15,0.5564265280921976,14,31.816
11,16,0.5882428623513298,15,31.816
11,17,0.620059196610462,16,31.816
11,18,0.6518755308695943,17,31.816
11,19,0.6836918651287265,18,31.816
11,20,0.7155081993878587,19,31.816
11,21,0.7473245336469909,20,31.816
11,22,0.7791408679061231,21,31.816
11,23,0.8109572021652554,22,31.816
11,24,0.8427735364243876,23,31.816
11,25,0.8745898706835198,24,31.816
11,26,0.906406204942652,25,31.816
11,27,0.9382225392017842,26,31.816
11,28,0.9700388734609164,27,31.816
11,29,1.0018552077200487,28,31.816
11,30,1.0336715419791809,29,31.816
11,31,1.065487876238313,30,31.816
11,32,1.0973042104974453,31,31.816
11,33,1.1291205447565775,32,31.816
11,34,1.1609368790157097,33,31.816
11,35,1.192753213274842,34,31.816
11,36,1.2245695475339742,35,31.816
11,37,1.2563858817931064,36,31.816
11,38,1.2882022160522386,37,31.816
11,39,1.3200185503113708,38,31.816
11,40,1.351834884570503,39,31.816
11,41,1.3836512188296353,40,31.816
11,42,1.4154675530887675,41,31.816
11,43,1.4472838873478997,42,31.816
11,44,1.479100221607032,43,31.816
11,45,1.5109165558661641,44,31.816
11,46,1.5427328901252964,45,31.816
11,47,1.5745492243844286,46,31.816
11,48,1.6063655586435608,47,31.816
11,49,1.638181892902693,48,31.816
11,50,1.670098436493395,49,31.917
11,51,1.7020149800840971,50,31.917
11,52,1.7339315236747992,51,31.917
11,53,1.7658480672655013,52,31.917
11,54,1.7977646108562033,53,31.917
11,55,1.8296811544469054,54,31.917
11,56,1.8615976980376074,55,31.917
11,57,1.8935142416283095,56,31.917
11,58,1.9254307852190116,57,31.917
11,59,1.9573473288097136,58,31.917
11,60,1.9892638724004157,59,31.917
11,61,2.0211804159911178,60,31.917
11,62,2.05309695958182,61,31.917
11,63,2.085013503172522,62,31.917
11,64,2.116930046763224,63,31.917
11,65,2.148846590353926,64,31.917
11,66,2.180763133944628,65,31.917
11,67,2.21267967753533,66,31.917
11,68,2.244596221126032,67,31.917
11,69,2.2765127647167342,68,31.917
11,70,2.3084293083074363,69,31.917
11,71,2.3403458518981384,70,31.917
11,72,2.3722623954888404,71,31.917
11,73,2.4041789390795425,72,31.917
11,74,2.4360954826702446,73,31.917
11,75,2.4680120262609466,74,31.917
11,76,2.4999285698516487,75,31.917
11,77,2.5318451134423507,76,31.917
11,78,2.563761657033053,77,31.917
11,79,2.595678200623755,78,31.917
11,80,2.627594744214457,79,31.917
11,81,2.659511287805159,80,31.917
11,82,2.691427831395861,81,31.917
11,83,2.723344374986563,82,31.917
11,84,2.755260918577265,83,31.917
11,85,2.7871774621679672,84,31.917
11,86,2.8190940057586693,85,31.917
11,87,2.8510105493493714,86,31.917
11,88,2.8829270929400734,87,31.917
11,89,2.9148436365307755,88,31.917
11,90,2.9467601801214776,89,31.917
11,91,2.9786767237121796,90,31.917
11,92,3.0105932673028817,91,31.917
11,93,3.0425098108935837,92,31.917
11,94,3.074426354484286,93,31.917
11,95,3.106342898074988,94,31.917
11,96,3.13825944166569,95,31.917
11,97,3.170175985256392,96,31.917
11,98,3.202092528847094,97,31.917
11,99,3.234009072437796,98,31.917
11,100,3.265925616028498,99,31.917
11,101,3.2978421596192002,100,31.917
11,102,3.3297587032099023,101,31.917
11,103,3.3616752468006044,102,31.917
11,104,3.3935917903913064,103,31.917
11,105,3.4255083339820085,104,31.917
11,106,3.4574248775727106,105,31.917
11,107,3.4893414211634126,106,31.917
11,108,3.5212579647541147,107,31.917
11,109,3.5531745083448167,108,31.917
11,110,3.585091051935519,109,31.917
11,111,3.617007595526221,110,31.917
11,112,3.648924139116923,111,31.917
11,113,3.680840682707625,112,31.917
11,114,3.7127219768798416,113,31.881
11,115,3.7446032710520583,114,31.881
11,116,3.776484565224275,115,31.881
11,117,3.8083658593964915,116,31.881
11,118,3.840247153568708,117,31.881
11,119,3.872128447740925,118,31.881
11,120,3.9040097419131414,119,31.881
11,121,3.935891036085358,120,31.881
11,122,3.9677723302575747,121,31.881
11,123,3.9996536244297913,122,31.881
11,124,4.0315349186020075,123,31.881
11,125,4.063416212774224,124,31.881
11,126,4.095297506946441,125,31.881
11,127,4.127178801118657,126,31.881
11,128,4.159060095290874,127,31.881
12,1,0.11099784846434642,0,110.998
12,2,0.14281418272347868,1,31.816
12,3,0.17463051698261092,2,31.816
12,4,0.20644685124174317,3,31.816
12,5,0.2382631855008754,4,31.816
12,6,0.27007951976000766,5,31.816
12,7,0.3018958540191399,6,31.816
12,8,0.3337121882782721,7,31.816
12,9,0.3655285225374043,8,31.816
12,10,0.3973448567965365,9,31.816
12,11,0.42916119105566874,10,31.816
12,12,0.46097752531480096,11,31.816
12,13,0.4927938595739332,12,31.816
12,14,0.5246101938330654,13,31.816
12,15,0.5564265280921976,14,31.816
12,16,0.5882428623513298,15,31.816
12,17,0.620059196610462,16,31.816
12,18,0.6518755308695943,17,31.816
12,19,0.6836918651287265,18,31.816
12,20,0.7155081993878587,19,31.816
12,21,0.7473245336469909,20,31.816
12,22,0.7791408679061231,21,31.816
12,23,0.8109572021652554,22,31.816
12,24,0.8427735364243876,23,31.816
12,25,0.8745898706835198,24,31.816
12,26,0.906406204942652,25,31.816
12,27,0.9382225392017842,26,31.816
12,28,0.9700388734609164,27,31.816
12,29,1.0018552077200487,28,31.816
12,30,1.0336715419791809,29,31.816
12,31,1.065487876238313,30,31.816
12,32,1.0973042104974453,31,31.816
12,33,1.1291205447565775,32,31.816
12,34,1.1609368790157097,33,31.816
12,35,1.192753213274842,34,31.816
12,36,1.2245695475339742,35,31.816
12,37,1.2563858817931064,36,31.816
12,38,1.2882022160522386,37,31.816
12,39,1.3200185503113708,38,31.816
12,40,1.351834884570503,39,31.816
12,41,1.3836512188296353,40,31.816
12,42,1.4154675530887675,41,31.816
12,43,1.4472838873478997,42,31.816
12,44,1.479100221607032,43,31.816
12,45,1.5109165558661641,44,31.816
12,46,1.5427328901252964,45,31.816
12,47,1.5745492243844286,46,31.816
12,48,1.6063655586435608,47,31.816
12,49,1.638181892902693,48,31.816
12,50,1.670098436493395,49,31.917
12,51,1.7020149800840971,50,31.917
12,52,1.7339315236747992,51,31.917
12,53,1.7658480672655013,52,31.917
12,54,1.7977646108562033,53,31.917
12,55,1.8296811544469054,54,31.917
12,56,1.8615976980376074,55,31.917
12,57,1.8935142416283095,56,31.917
12,58,1.9254307852190116,57,31.917
12,59,1.9573473288097136,58,31.917
12,60,1.9892638724004157,59,31.917
12,61,2.0211804159911178,60,31.917
12,62,2.05309695958182,61,31.917
12,63,2.085013503172522,62,31.917
12,64,2.116930046763224,63,31.917
12,65,2.148846590353926,64,31.917
12,66,2.180763133944628,65,31.917
12,67,2.21267967753533,66,31.917
12,68,2.244596221126032,67,31.917
12,69,2.2765127647167342,68,31.917
12,70,2.3084293083074363,69,31.917
12,71,2.3403458518981384,70,31.917
12,72,2.3722623954888404,71,31.917
12,73,2.4041789390795425,72,31.917
12,74,2.4360954826702446,73,31.917
12,75,2.4680120262609466,74,31.917
12,76,2.4999285698516487,75,31.917
12,77,2.5318451134423507,76,31.917
12,78,2.563761657033053,77,31.917
12,79,2.595678200623755,78,31.917
12,80,2.627594744214457,79,31.917
12,81,2.659511287805159,80,31.917
12,82,2.691427831395861,81,31.917
12,83,2.723344374986563,82,31.917
12,84,2.755260918577265,83,31.917
12,85,2.7871774621679672,84,31.917
12,86,2.8190940057586693,85,31.917
12,87,2.8510105493493714,86,31.917
12,88,2.8829270929400734,87,31.917
12,89,2.9148436365307755,88,31.917
12,90,2.9467601801214776,89,31.917
12,91,2.9786767237121796,90,31.917
12,92,3.0105932673028817,91,31.917
12,93,3.0425098108935837,92,31.917
12,94,3.074426354484286,93,31.917
12,95,3.106342898074988,94,31.917
12,96,3.13825944166569,95,31.917
12,97,3.170175985256392,96,31.917
12,98,3.202092528847094,97,31.917
12,99,3.234009072437796,98,31.917
12,100,3.265925616028498,99,31.917
12,101,3.2978421596192002,100,31.917
12,102,3.3297587032099023,101,31.917
12,103,3.3616752468006044,102,31.917
12,104,3.3935917903913064,103,31.917
12,105,3.4255083339820085,104,31.917
12,106,3.4574248775727106,105,31.917
12,107,3.4893414211634126,106,31.917
12,108,3.5212579647541147,107,31.917
12,109,3.5531745083448167,108,31.917
12,110,3.585091051935519,109,31.917
12,111,3.617007595526221,110,31.917
12,112,3.648924139116923,111,31.917
12,113,3.680840682707625,112,31.917
12,114,3.7127219768798416,113,31.881
12,115,3.7446032710520583,114,31.881
12,116,3.776484565224275,115,31.881
12,117,3.8083658593964915,116,31.881
12,118,3.840247153568708,117,31.881
12,119,3.872128447740925,118,31.881
12,120,3.9040097419131414,119,31.881
12,121,3.935891036085358,120,31.881
12,122,3.9677723302575747,121,31.881
12,123,3.9996536244297913,122,31.881
12,124,4.0315349186020075,123,31.881
12,125,4.063416212774224,124,31.881
12,126,4.095297506946441,125,31.881
12,127,4.127178801118657,126,31.881
12,128,4.159060095290874,127,31.881
13,1,0.11099784846434642,0,110.998
13,2,0.14281418272347868,1,31.816
13,3,0.17463051698261092,2,31.816
13,4,0.20644685124174317,3,31.816
13,5,0.2382631855008754,4,31.816
13,6,0.27007951976000766,5,31.816
13,7,0.3018958540191399,6,31.816
13,8,0.3337121882782721,7,31.816
13,9,0.3655285225374043,8,31.816
13,10,0.3973448567965365,9,31.816
13,11,0.42916119105566874,10,31.816
13,12,0.46097752531480096,11,31.816
13,13,0.4927938595739332,12,31.816
13,14,0.5246101938330654,13,31.816
13,15,0.5564265280921976,14,31.816
13,16,0.5882428623513298,15,31.816
13,17,0.620059196610462,16,31.816
13,18,0.6518755308695943,17,31.816
13,19,0.6836918651287265,18,31.816
13,20,0.7155081993878587,19,31.816
13,21,0.7473245336469909,20,31.816
13,22,0.7791408679061231,21,31.816
13,23,0.8109572021652554,22,31.816
13,24,0.8427735364243876,23,31.816
13,25,0.8745898706835198,24,31.816
13,26,0.906406204942652,25,31.816
13,27,0.9382225392017842,26,31.816
13,28,0.9700388734609164,27,31.816
13,29,1.0018552077200487,28,31.816
13,30,1.0336715419791809,29,31.816
13,31,1.065487876238313,30,31.816
13,32,1.0973042104974453,31,31.816
13,33,1.1291205447565775,32,31.816
13,34,1.1609368790157097,33,31.816
13,35,1.192753213274842,34,31.816
13,36,1.2245695475339742,35,31.816
13,37,1.2563858817931064,36,31.816
13,38,1.2882022160522386,37,31.816
13,39,1.3200185503113708,38,31.816
13,40,1.351834884570503,39,31.816
13,41,1.3836512188296353,40,31.816
13,42,1.4154675530887675,41,31.816
13,43,1.4472838873478997,42,31.816
13,44,1.479100221607032,43,31.816
13,45,1.5109165558661641,44,31.816
13,46,1.5427328901252964,45,31.816
13,47,1.5745492243844286,46,31.816
13,48,1.6063655586435608,47,31.816
13,49,1.638181892902693,48,31.816
13,50,1.670098436493395,49,31.917
13,51,1.7020149800840971,50,31.917
13,52,1.7339315236747992,51,31.917
13,53,1.7658480672655013,52,31.917
13,54,1.7977646108562033,53,31.917
13,55,1.8296811544469054,54,31.917
13,56,1.8615976980376074,55,31.917
13,57,1.8935142416283095,56,31.917
13,58,1.9254307852190116,57,31.917
13,59,1.9573473288097136,58,31.917
13,60,1.9892638724004157,59,31.917
13,61,2.0211804159911178,60,31.917
13,62,2.05309695958182,61,31.917
13,63,2.085013503172522,62,31.917
13,64,2.116930046763224,63,31.917
13,65,2.148846590353926,64,31.917
13,66,2.180763133944628,65,31.917
13,67,2.21267967753533,66,31.917
13,68,2.244596221126032,67,31.917
13,69,2.2765127647167342,68,31.917
13,70,2.3084293083074363,69,31.917
13,71,2.3403458518981384,70,31.917
13,72,2.3722623954888404,71,31.917
13,73,2.4041789390795425,72,31.917
13,74,2.4360954826702446,73,31.917
13,75,2.4680120262609466,74,31.917
13,76,2.4999285698516487,75,31.917
13,77,2.5318451134423507,76,31.917
13,78,2.563761657033053,77,31.917
13,79,2.595678200623755,78,31.917
13,80,2.627594744214457,79,31.917
13,81,2.659511287805159,80,31.917
13,82,2.691427831395861,81,31.917
13,83,2.723344374986563,82,31.917
13,84,2.755260918577265,83,31.917
13,85,2.7871774621679672,84,31.917
13,86,2.8190940057586693,85,31.917
13,87,2.8510105493493714,86,31.917
13,88,2.8829270929400734,87,31.917
13,89,2.9148436365307755,88,31.917
13,90,2.9467601801214776,89,31.917
13,91,2.9786767237121796,90,31.917
13,92,3.0105932673028817,91,31.917
13,93,3.0425098108935837,92,31.917
13,94,3.074426354484286,93,31.917
13,95,3.106342898074988,94,31.917
13,96,3.13825944166569,95,31.917
13,97,3.170175985256392,96,31.917
13,98,3.202092528847094,97,31.917
13,99,3.234009072437796,98,31.917
13,100,3.265925616028498,99,31.917
13,101,3.2978421596192002,100,31.917
13,102,3.3297587032099023,101,31.917
13,103,3.3616752468006044,102,31.917
13,104,3.3935917903913064,103,31.917
13,105,3.4255083339820085,104,31.917
13,106,3.4574248775727106,105,31.917
13,107,3.4893414211634126,106,31.917
13,108,3.5212579647541147,107,31.917
13,109,3.5531745083448167,108,31.917
13,110,3.585091051935519,109,31.917
13,111,3.617007595526221,110,31.917
13,112,3.648924139116923,111,31.917
13,113,3.680840682707625,112,31.917
13,114,3.7127219768798416,113,31.881
13,115,3.7446032710520583,114,31.881
13,116,3.776484565224275,115,31.881
13,117,3.8083658593964915,116,31.881
13,118,3.840247153568708,117,31.881
13,119,3.872128447740925,118,31.881
13,120,3.9040097419131414,119,31.881
13,121,3.935891036085358,120,31.881
13,122,3.9677723302575747,121,31.881
13,123,3.9996536244297913,122,31.881
13,124,4.0315349186020075,123,31.881
13,125,4.063416212774224,124,31.881
13,126,4.095297506946441,125,31.881
13,127,4.127178801118657,126,31.881
13,128,4.159060095290874,127,31.881
14,1,0.11099784846434642,0,110.998
14,2,0.14281418272347868,1,31.816
14,3,0.17463051698261092,2,31.816
14,4,0.20644685124174317,3,31.816
14,5,0.2382631855008754,4,31.816
14,6,0.27007951976000766,5,31.816
14,7,0.3018958540191399,6,31.816
14,8,0.3337121882782721,7,31.816
14,9,0.3655285225374043,8,31.816
14,10,0.3973448567965365,9,31.816
14,11,0.42916119105566874,10,31.816
14,12,0.46097752531480096,11,31.816
14,13,0.4927938595739332,12,31.816
14,14,0.5246101938330654,13,31.816
14,15,0.5564265280921976,14,31.816
14,16,0.5882428623513298,15,31.816
14,17,0.620059196610462,16,31.816
14,18,0.6518755308695943,17,31.816
14,19,0.6836918651287265,18,31.816
14,20,0.7155081993878587,19,31.816
14,21,0.7473245336469909,20,31.816
14,22,0.7791408679061231,21,31.816
14,23,0.8109572021652554,22,31.816
14,24,0.8427735364243876,23,31.816
14,25,0.8745898706835198,24,31.816
14,26,0.906406204942652,25,31.816
14,27,0.9382225392017842,26,31.816
14,28,0.9700388734609164,27,31.816
14,29,1.0018552077200487,28,31.816
14,30,1.0336715419791809,29,31.816
14,31,1.065487876238313,30,31.816
14,32,1.0973042104974453,31,31.816
14,33,1.1291205447565775,32,31.816
14,34,1.1609368790157097,33,31.816
14,35,1.192753213274842,34,31.816
14,36,1.2245695475339742,35,31.816
14,37,1.2563858817931064,36,31.816
14,38,1.2882022160522386,37,31.816
14,39,1.3200185503113708,38,31.816
14,40,1.351834884570503,39,31.816
14,41,1.3836512188296353,40,31.816
14,42,1.4154675530887675,41,31.816
14,43,1.4472838873478997,42,31.816
14,44,1.479100221607032,43,31.816
14,45,1.5109165558661641,44,31.816
14,46,1.5427328901252964,45,31.816
14,47,1.5745492243844286,46,31.816
14,48,1.6063655586435608,47,31.816
14,49,1.638181892902693,48,31.816
14,50,1.670098436493395,49,31.917
14,51,1.7020149800840971,50,31.917
14,52,1.7339315236747992,51,31.917
14,53,1.7658480672655013,52,31.917
14,54,1.7977646108562033,53,31.917
14,55,1.8296811544469054,54,31.917
14,56,1.8615976980376074,55,31.917
14,57,1.8935142416283095,56,31.917
14,58,1.9254307852190116,57,31.917
14,59,1.9573473288097136,58,31.917
14,60,1.9892638724004157,59,31.917
14,61,2.0211804159911178,60,31.917
14,62,2.05309695958182,61,31.917
14,63,2.085013503172522,62,31.917
14,64,2.116930046763224,63,31.917
14,65,2.148846590353926,64,31.917
14,66,2.180763133944628,65,31.917
14,67,2.21267967753533,66,31.917
14,68,2.244596221126032,67,31.917
14,69,2.2765127647167342,68,31.917
14,70,2.3084293083074363,69,31.917
14,71,2.3403458518981384,70,31.917
14,72,2.3722623954888404,71,31.917
14,73,2.4041789390795425,72,31.917
14,74,2.4360954826702446,73,31.917
14,75,2.4680120262609466,74,31.917
14,76,2.4999285698516487,75,31.917
14,77,2.5318451134423507,76,31.917
14,78,2.563761657033053,77,31.917
14,79,2.595678200623755,78,31.917
14,80,2.627594744214457,79,31.917
14,81,2.659511287805159,80,31.917
14,82,2.691427831395861,81,31.917
14,83,2.723344374986563,82,31.917
14,84,2.755260918577265,83,31.917
14,85,2.7871774621679672,84,31.917
14,86,2.8190940057586693,85,31.917
14,87,2.8510105493493714,86,31.917
14,88,2.8829270929400734,87,31.917
14,89,2.9148436365307755,88,31.917
14,90,2.9467601801214776,89,31.917
14,91,2.9786767237121796,90,31.917
14,92,3.0105932673028817,91,31.917
14,93,3.0425098108935837,92,31.917
14,94,3.074426354484286,93,31.917
14,95,3.106342898074988,94,31.917
14,96,3.13825944166569,95,31.917
14,97,3.170175985256392,96,31.917
14,98,3.202092528847094,97,31.917
14,99,3.234009072437796,98,31.917
14,100,3.265925616028498,99,31.917
14,101,3.2978421596192002,100,31.917
14,102,3.3297587032099023,101,31.917
14,103,3.3616752468006044,102,31.917
14,104,3.3935917903913064,103,31.917
14,105,3.4255083339820085,104,31.917
14,106,3.4574248775727106,105,31.917
14,107,3.4893414211634126,106,31.917
14,108,3.5212579647541147,107,31.917
14,109,3.5531745083448167,108,31.917
14,110,3.585091051935519,109,31.917
14,111,3.617007595526221,110,31.917
14,112,3.648924139116923,111,31.917
14,113,3.680840682707625,112,31.917
14,114,3.7127219768798416,113,31.881
14,115,3.7446032710520583,114,31.881
14,116,3.776484565224275,115,31.881
14,117,3.8083658593964915,116,31.881
14,118,3.840247153568708,117,31.881
14,119,3.872128447740925,118,31.881
14,120,3.9040097419131414,119,31.881
14,121,3.935891036085358,120,31.881
14,122,3.9677723302575747,121,31.881
14,123,3.9996536244297913,122,31.881
14,124,4.0315349186020075,123,31.881
14,125,4.063416212774224,124,31.881
14,126,4.095297506946441,125,31.881
14,127,4.127178801118657,126,31.881
14,128,4.159060095290874,127,31.881
15,1,0.11099784846434642,0,110.998
15,2,0.14281418272347868,1,31.816
15,3,0.17463051698261092,2,31.816
15,4,0.20644685124174317,3,31.816
15,5,0.2382631855008754,4,31.816
15,6,0.27007951976000766,5,31.816
15,7,0.3018958540191399,6,31.816
15,8,0.3337121882782721,7,31.816
15,9,0.3655285225374043,8,31.816
15,10,0.3973448567965365,9,31.816
15,11,0.42916119105566874,10,31.816
15,12,0.46097752531480096,11,31.816
15,13,0.4927938595739332,12,31.816
15,14,0.5246101938330654,13,31.816
15,15,0.5564265280921976,14,31.816
15,16,0.5882428623513298,15,31.816
15,17,0.620059196610462,16,31.816
15,18,0.6518755308695943,17,31.816
15,19,0.6836918651287265,18,31.816
15,20,0.7155081993878587,19,31.816
15,21,0.7473245336469909,20,31.816
15,22,0.7791408679061231,21,31.816
15,23,0.8109572021652554,22,31.816
15,24,0.8427735364243876,23,31.816
15,25,0.8745898706835198,24,31.816
15,26,0.906406204942652,25,31.816
15,27,0.9382225392017842,26,31.816
15,28,0.9700388734609164,27,31.816
15,29,1.0018552077200487,28,31.816
15,30,1.0336715419791809,29,31.816
15,31,1.065487876238313,30,31.816
15,32,1.0973042104974453,31,31.816
15,33,1.1291205447565775,32,31.816
15,34,1.1609368790157097,33,31.816
15,35,1.192753213274842,34,31.816
15,36,1.2245695475339742,35,31.816
15,37,1.2563858817931064,36,31.816
15,38,1.2882022160522386,37,31.816
15,39,1.3200185503113708,38,31.816
15,40,1.351834884570503,39,31.816
15,41,1.3836512188296353,40,31.816
15,42,1.4154675530887675,41,31.816
15,43,1.4472838873478997,42,31.816
15,44,1.479100221607032,43,31.816
15,45,1.5109165558661641,44,31.816
15,46,1.5427328901252964,45,31.816
15,47,1.5745492243844286,46,31.816
15,48,1.6063655586435608,47,31.816
15,49,1.638181892902693,48,31.816
15,50,1.670098436493395,49,31.917
15,51,1.7020149800840971,50,31.917
15,52,1.7339315236747992,51,31.917
15,53,1.7658480672655013,52,31.917
15,54,1.7977646108562033,53,31.917
15,55,1.8296811544469054,54,31.917
15,56,1.8615976980376074,55,31.917
15,57,1.8935142416283095,56,31.917
15,58,1.9254307852190116,57,31.917
15,59,1.9573473288097136,58,31.917
15,60,1.9892638724004157,59,31.917
15,61,2.0211804159911178,60,31.917
15,62,2.05309695958182,61,31.917
15,63,2.085013503172522,62,31.917
15,64,2.116930046763224,63,31.917
15,65,2.148846590353926,64,31.917
15,66,2.180763133944628,65,31.917
15,67,2.21267967753533,66,31.917
15,68,2.244596221126032,67,31.917
15,69,2.2765127647167342,68,31.917
15,70,2.3084293083074363,69,31.917
15,71,2.3403458518981384,70,31.917
15,72,2.3722623954888404,71,31.917
15,73,2.4041789390795425,72,31.917
15,74,2.4360954826702446,73,31.917
15,75,2.4680120262609466,74,31.917
15,76,2.4999285698516487,75,31.917
15,77,2.5318451134423507,76,31.917
15,78,2.563761657033053,77,31.917
15,79,2.595678200623755,78,31.917
15,80,2.627594744214457,79,31.917
15,81,2.659511287805159,80,31.917
15,82,2.691427831395861,81,31.917
15,83,2.723344374986563,82,31.917
15,84,2.755260918577265,83,31.917
15,85,2.7871774621679672,84,31.917
15,86,2.8190940057586693,85,31.917
15,87,2.8510105493493714,86,31.917
15,88,2.8829270929400734,87,31.917
15,89,2.9148436365307755,88,31.917
15,90,2.9467601801214776,89,31.917
15,91,2.9786767237121796,90,31.917
15,92,3.0105932673028817,91,31.917
15,93,3.0425098108935837,92,31.917
15,94,3.074426354484286,93,31.917
15,95,3.106342898074988,94,31.917
15,96,3.13825944166569,95,31.917
15,97,3.170175985256392,96,31.917
15,98,3.202092528847094,97,31.917
15,99,3.234009072437796,98,31.917
15,100,3.265925616028498,99,31.917
15,101,3.2978421596192002,100,31.917
15,102,3.3297587032099023,101,31.917
15,103,3.3616752468006044,102,31.917
15,104,3.3935917903913064,103,31.917
15,105,3.4255083339820085,104,31.917
15,106,3.4574248775727106,105,31.917
15,107,3.4893414211634126,106,31.917
15,108,3.5212579647541147,107,31.917
15,109,3.5531745083448167,108,31.917
15,110,3.585091051935519,109,31.917
15,111,3.617007595526221,110,31.917
15,112,3.648924139116923,111,31.917
15,113,3.680840682707625,112,31.917
15,114,3.7127219768798416,113,31.881
15,115,3.7446032710520583,114,31.881
15,116,3.776484565224275,115,31.881
15,117,3.8083658593964915,116,31.881
15,118,3.840247153568708,117,31.881
15,119,3.872128447740925,118,31.881
15,120,3.9040097419131414,119,31.881
15,121,3.935891036085358,120,31.881
15,122,3.9677723302575747,121,31.881
15,123,3.9996536244297913,122,31.881
15,124,4.0315349186020075,123,31.881
15,125,4.063416212774224,124,31.881
15,126,4.095297506946441,125,31.881
15,127,4.127178801118657,126,31.881
15,128,4.159060095290874,127,31.881
16,1,0.11099784846434642,0,110.998
16,2,0.14281418272347868,1,31.816
16,3,0.17463051698261092,2,31.816
16,4,0.20644685124174317,3,31.816
16,5,0.2382631855008754,4,31.816
16,6,0.27007951976000766,5,31.816
16,7,0.3018958540191399,6,31.816
16,8,0.3337121882782721,7,31.816
16,9,0.3655285225374043,8,31.816
16,10,0.3973448567965365,9,31.816
16,11,0.42916119105566874,10,31.816
16,12,0.46097752531480096,11,31.816
16,13,0.4927938595739332,12,31.816
16,14,0.5246101938330654,13,31.816
16,15,0.5564265280921976,14,31.816
16,16,0.5882428623513298,15,31.816
16,17,0.620059196610462,16,31.816
16,18,0.6518755308695943,17,31.816
16,19,0.6836918651287265,18,31.816
16,20,0.7155081993878587,19,31.816
16,21,0.7473245336469909,20,31.816
16,22,0.7791408679061231,21,31.816
16,23,0.8109572021652554,22,31.816
16,24,0.8427735364243876,23,31.816
16,25,0.8745898706835198,24,31.816
16,26,0.906406204942652,25,31.816
16,27,0.9382225392017842,26,31.816
16,28,0.9700388734609164,27,31.816
16,29,1.0018552077200487,28,31.816
16,30,1.0336715419791809,29,31.816
16,31,1.065487876238313,30,31.816
16,32,1.0973042104974453,31,31.816
16,33,1.1291205447565775,32,31.816
16,34,1.1609368790157097,33,31.816
16,35,1.192753213274842,34,31.816
16,36,1.2245695475339742,35,31.816
16,37,1.2563858817931064,36,31.816
16,38,1.2882022160522386,37,31.816
16,39,1.3200185503113708,38,31.816
16,40,1.351834884570503,39,31.816
16,41,1.3836512188296353,40,31.816
16,42,1.4154675530887675,41,31.816
16,43,1.4472838873478997,42,31.816
16,44,1.479100221607032,43,31.816
16,45,1.5109165558661641,44,31.816
16,46,1.5427328901252964,45,31.816
16,47,1.5745492243844286,46,31.816
16,48,1.6063655586435608,47,31.816
16,49,1.638181892902693,48,31.816
16,50,1.670098436493395,49,31.917
16,51,1.7020149800840971,50,31.917
16,52,1.7339315236747992,51,31.917
16,53,1.7658480672655013,52,31.917
16,54,1.7977646108562033,53,31.917
16,55,1.8296811544469054,54,31.917
16,56,1.8615976980376074,55,31.917
16,57,1.8935142416283095,56,31.917
16,58,1.9254307852190116,57,31.917
16,59,1.9573473288097136,58,31.917
16,60,1.9892638724004157,59,31.917
16,61,2.0211804159911178,60,31.917
16,62,2.05309695958182,61,31.917
16,63,2.085013503172522,62,31.917
16,64,2.116930046763224,63,31.917
16,65,2.148846590353926,64,31.917
16,66,2.180763133944628,65,31.917
16,67,2.21267967753533,66,31.917
16,68,2.244596221126032,67,31.917
16,69,2.2765127647167342,68,31.917
16,70,2.3084293083074363,69,31.917
16,71,2.3403458518981384,70,31.917
16,72,2.3722623954888404,71,31.917
16,73,2.4041789390795425,72,31.917
16,74,2.4360954826702446,73,31.917
16,75,2.4680120262609466,74,31.917
16,76,2.4999285698516487,75,31.917
16,77,2.5318451134423507,76,31.917
16,78,2.563761657033053,77,31.917
16,79,2.595678200623755,78,31.917
16,80,2.627594744214457,79,31.917
16,81,2.659511287805159,80,31.917
16,82,2.691427831395861,81,31.917
16,83,2.723344374986563,82,31.917
16,84,2.755260918577265,83,31.917
16,85,2.7871774621679672,84,31.917
16,86,2.8190940057586693,85,31.917
16,87,2.8510105493493714,86,31.917
16,88,2.8829270929400734,87,31.917
16,89,2.9148436365307755,88,31.917
16,90,2.9467601801214776,89,31.917
16,91,2.9786767237121796,90,31.917
16,92,3.0105932673028817,91,31.917
16,93,3.0425098108935837,92,31.917
16,94,3.074426354484286,93,31.917
16,95,3.106342898074988,94,31.917
16,96,3.13825944166569,95,31.917
16,97,3.170175985256392,96,31.917
16,98,3.202092528847094,97,31.917
16,99,3.234009072437796,98,31.917
16,100,3.265925616028498,99,31.917
16,101,3.2978421596192002,100,31.917
16,102,3.3297587032099023,101,31.917
16,103,3.3616752468006044,102,31.917
16,104,3.3935917903913064,103,31.917
16,105,3.4255083339820085,104,31.917
16,106,3.4574248775727106,105,31.917
16,107,3.4893414211634126,106,31.917
16,108,3.5212579647541147,107,31.917
16,109,3.5531745083448167,108,31.917
16,110,3.585091051935519,109,31.917
16,111,3.617007595526221,110,31.917
16,112,3.648924139116923,111,31.917
16,113,3.680840682707625,112,31.917
16,114,3.7127219768798416,113,31.881
16,115,3.7446032710520583,114,31.881
16,116,3.776484565224275,115,31.881
16,117,3.8083658593964915,116,31.881
16,118,3.840247153568708,117,31.881
16,119,3.872128447740925,118,31.881
16,120,3.9040097419131414,119,31.881
16,121,3.935891036085358,120,31.881
16,122,3.9677723302575747,121,31.881
16,123,3.9996536244297913,122,31.881
16,124,4.0315349186020075,123,31.881
16,125,4.063416212774224,124,31.881
16,126,4.095297506946441,125,31.881
16,127,4.127178801118657,126,31.881
16,128,4.159060095290874,127,31.881
17,1,0.11099784846434642,0,110.998
17,2,0.14281418272347868,1,31.816
17,3,0.17463051698261092,2,31.816
17,4,0.20644685124174317,3,31.816
17,5,0.2382631855008754,4,31.816
17,6,0.27007951976000766,5,31.816
17,7,0.3018958540191399,6,31.816
17,8,0.3337121882782721,7,31.816
17,9,0.3655285225374043,8,31.816
17,10,0.3973448567965365,9,31.816
17,11,0.42916119105566874,10,31.816
17,12,0.46097752531480096,11,31.816
17,13,0.4927938595739332,12,31.816
17,14,0.5246101938330654,13,31.816
17,15,0.5564265280921976,14,31.816
17,16,0.5882428623513298,15,31.816
17,17,0.620059196610462,16,31.816
17,18,0.6518755308695943,17,31.816
17,19,0.6836918651287265,18,31.816
17,20,0.7155081993878587,19,31.816
17,21,0.7473245336469909,20,31.816
17,22,0.7791408679061231,21,31.816
17,23,0.8109572021652554,22,31.816
17,24,0.8427735364243876,23,31.816
17,25,0.8745898706835198,24,31.816
17,26,0.906406204942652,25,31.816
17,27,0.9382225392017842,26,31.816
17,28,0.9700388734609164,27,31.816
17,29,1.0018552077200487,28,31.816
17,30,1.0336715419791809,29,31.816
17,31,1.065487876238313,30,31.816
17,32,1.0973042104974453,31,31.816
17,33,1.1291205447565775,32,31.816
17,34,1.1609368790157097,33,31.816
17,35,1.192753213274842,34,31.816
17,36,1.2245695475339742,35,31.816
17,37,1.2563858817931064,36,31.816
17,38,1.2882022160522386,37,31.816
17,39,1.3200185503113708,38,31.816
17,40,1.351834884570503,39,31.816
17,41,1.3836512188296353,40,31.816
17,42,1.4154675530887675,41,31.816
17,43,1.4472838873478997,42,31.816
17,44,1.479100221607032,43,31.816
17,45,1.5109165558661641,44,31.816
17,46,1.5427328901252964,45,31.816
17,47,1.5745492243844286,46,31.816
17,48,1.6063655586435608,47,31.816
17,49,1.638181892902693,48,31.816
17,50,1.670098436493395,49,31.917
17,51,1.7020149800840971,50,31.917
17,52,1.7339315236747992,51,31.917
17,53,1.7658480672655013,52,31.917
17,54,1.7977646108562033,53,31.917
17,55,1.8296811544469054,54,31.917
17,56,1.8615976980376074,55,31.917
17,57,1.8935142416283095,56,31.917
17,58,1.9254307852190116,57,31.917
17,59,1.9573473288097136,58,31.917
17,60,1.9892638724004157,59,31.917
17,61,2.0211804159911178,60,31.917
17,62,2.05309695958182,61,31.917
17,63,2.085013503172522,62,31.917
17,64,2.116930046763224,63,31.917
17,65,2.148846590353926,64,31.917
17,66,2.180763133944628,65,31.917
17,67,2.21267967753533,66,31.917
17,68,2.244596221126032,67,31.917
17,69,2.2765127647167342,68,31.917
17,70,2.3084293083074363,69,31.917
17,71,2.3403458518981384,70,31.917
17,72,2.3722623954888404,71,31.917
17,73,2.4041789390795425,72,31.917
17,74,2.4360954826702446,73,31.917
17,75,2.4680120262609466,74,31.917
17,76,2.4999285698516487,75,31.917
17,77,2.5318451134423507,76,31.917
17,78,2.563761657033053,77,31.917
17,79,2.595678200623755,78,31.917
17,80,2.627594744214457,79,31.917
17,81,2.659511287805159,80,31.917
17,82,2.691427831395861,81,31.917
17,83,2.723344374986563,82,31.917
17,84,2.755260918577265,83,31.917
17,85,2.7871774621679672,84,31.917
17,86,2.8190940057586693,85,31.917
17,87,2.8510105493493714,86,31.917
17,88,2.8829270929400734,87,31.917
17,89,2.9148436365307755,88,31.917
17,90,2.9467601801214776,89,31.917
17,91,2.9786767237121796,90,31.917
17,92,3.0105932673028817,91,31.917
17,93,3.0425098108935837,92,31.917
17,94,3.074426354484286,93,31.917
17,95,3.106342898074988,94,31.917
17,96,3.13825944166569,95,31.917
17,97,3.170175985256392,96,31.917
17,98,3.202092528847094,97,31.917
17,99,3.234009072437796,98,31.917
17,100,3.265925616028498,99,31.917
17,101,3.2978421596192002,100,31.917
17,102,3.3297587032099023,101,31.917
17,103,3.3616752468006044,102,31.917
17,104,3.3935917903913064,103,31.917
17,105,3.4255083339820085,104,31.917
17,106,3.4574248775727106,105,31.917
17,107,3.4893414211634126,106,31.917
17,108,3.5212579647541147,107,31.917
17,109,3.5531745083448167,108,31.917
17,110,3.585091051935519,109,31.917
17,111,3.617007595526221,110,31.917
17,112,3.648924139116923,111,31.917
17,113,3.680840682707625,112,31.917
17,114,3.7127219768798416,113,31.881
17,115,3.7446032710520583,114,31.881
17,116,3.776484565224275,115,31.881
17,117,3.8083658593964915,116,31.881
17,118,3.840247153568708,117,31.881
17,119,3.872128447740925,118,31.881
17,120,3.9040097419131414,119,31.881
17,121,3.935891036085358,120,31.881
17,122,3.9677723302575747,121,31.881
17,123,3.9996536244297913,122,31.881
17,124,4.0315349186020075,123,31.881
17,125,4.063416212774224,124,31.881
17,126,4.095297506946441,125,31.881
17,127,4.127178801118657,126,31.881
17,128,4.159060095290874,127,31.881
18,1,0.11099784846434642,0,110.998
18,2,0.14281418272347868,1,31.816
18,3,0.17463051698261092,2,31.816
18,4,0.20644685124174317,3,31.816
18,5,0.2382631855008754,4,31.816
18,6,0.27007951976000766,5,31.816
18,7,0.3018958540191399,6,31.816
18,8,0.3337121882782721,7,31.816
18,9,0.3655285225374043,8,31.816
18,10,0.3973448567965365,9,31.816
18,11,0.42916119105566874,10,31.816
18,12,0.46097752531480096,11,31.816
18,13,0.4927938595739332,12,31.816
18,14,0.5246101938330654,13,31.816
18,15,0.5564265280921976,14,31.816
18,16,0.5882428623513298,15,31.816
18,17,0.620059196610462,16,31.816
18,18,0.6518755308695943,17,31.816
18,19,0.6836918651287265,18,31.816
18,20,0.7155081993878587,19,31.816
18,21,0.7473245336469909,20,31.816
18,22,0.7791408679061231,21,31.816
18,23,0.8109572021652554,22,31.816
18,24,0.8427735364243876,23,31.816
18,25,0.8745898706835198,24,31.816
18,26,0.906406204942652,25,31.816
18,27,0.9382225392017842,26,31.816
18,28,0.9700388734609164,27,31.816
18,29,1.0018552077200487,28,31.816
18,30,1.0336715419791809,29,31.816
18,31,1.065487876238313,30,31.816
18,32,1.0973042104974453,31,31.816
18,33,1.1291205447565775,32,31.816
18,34,1.1609368790157097,33,31.816
18,35,1.192753213274842,34,31.816
18,36,1.2245695475339742,35,31.816
18,37,1.2563858817931064,36,31.816
18,38,1.2882022160522386,37,31.816
18,39,1.3200185503113708,38,31.816
18,40,1.351834884570503,39,31.816
18,41,1.3836512188296353,40,31.816
18,42,1.4154675530887675,41,31.816
18,43,1.4472838873478997,42,31.816
18,44,1.479100221607032,43,31.816
18,45,1.5109165558661641,44,31.816
18,46,1.5427328901252964,45,31.816
18,47,1.5745492243844286,46,31.816
18,48,1.6063655586435608,47,31.816
18,49,1.638181892902693,48,31.816
18,50,1.670098436493395,49,31.917
18,51,1.7020149800840971,50,31.917
18,52,1.7339315236747992,51,31.917
18,53,1.7658480672655013,52,31.917
18,54,1.7977646108562033,53,31.917
18,55,1.8296811544469054,54,31.917
18,56,1.8615976980376074,55,31.917
18,57,1.8935142416283095,56,31.917
18,58,1.9254307852190116,57,31.917
18,59,1.9573473288097136,58,31.917
18,60,1.9892638724004157,59,31.917
18,61,2.0211804159911178,60,31.917
18,62,2.05309695958182,61,31.917
18,63,2.085013503172522,62,31.917
18,64,2.116930046763224,63,31.917
18,65,2.148846590353926,64,31.917
18,66,2.180763133944628,65,31.917
18,67,2.21267967753533,66,31.917
18,68,2.244596221126032,67,31.917
18,69,2.2765127647167342,68,31.917
18,70,2.3084293083074363,69,31.917
18,71,2.3403458518981384,70,31.917
18,72,2.3722623954888404,71,31.917
18,73,2.4041789390795425,72,31.917
18,74,2.4360954826702446,73,31.917
18,75,2.4680120262609466,74,31.917
18,76,2.4999285698516487,75,31.917
18,77,2.5318451134423507,76,31.917
18,78,2.563761657033053,77,31.917
18,79,2.595678200623755,78,31.917
18,80,2.627594744214457,79,31.917
18,81,2.659511287805159,80,31.917
18,82,2.691427831395861,81,31.917
18,83,2.723344374986563,82,31.917
18,84,2.755260918577265,83,31.917
18,85,2.7871774621679672,84,31.917
18,86,2.8190940057586693,85,31.917
18,87,2.8510105493493714,86,31.917
18,88,2.8829270929400734,87,31.917
18,89,2.9148436365307755,88,31.917
18,90,2.9467601801214776,89,31.917
18,91,2.9786767237121796,90,31.917
18,92,3.0105932673028817,91,31.917
18,93,3.0425098108935837,92,31.917
18,94,3.074426354484286,93,31.917
18,95,3.106342898074988,94,31.917
18,96,3.13825944166569,95,31.917
18,97,3.170175985256392,96,31.917
18,98,3.202092528847094,97,31.917
18,99,3.234009072437796,98,31.917
18,100,3.265925616028498,99,31.917
18,101,3.2978421596192002,100,31.917
18,102,3.3297587032099023,101,31.917
18,103,3.3616752468006044,102,31.917
18,104,3.3935917903913064,103,31.917
18,105,3.4255083339820085,104,31.917
18,106,3.4574248775727106,105,31.917
18,107,3.4893414211634126,106,31.917
18,108,3.5212579647541147,107,31.917
18,109,3.5531745083448167,108,31.917
18,110,3.585091051935519,109,31.917
18,111,3.617007595526221,110,31.917
18,112,3.648924139116923,111,31.917
18,113,3.680840682707625,112,31.917
18,114,3.7127219768798416,113,31.881
18,115,3.7446032710520583,114,31.881
18,116,3.776484565224275,115,31.881
18,117,3.8083658593964915,116,31.881
18,118,3.840247153568708,117,31.881
18,119,3.872128447740925,118,31.881
18,120,3.9040097419131414,119,31.881
18,121,3.935891036085358,120,31.881
18,122,3.9677723302575747,121,31.881
18,123,3.9996536244297913,122,31.881
18,124,4.0315349186020075,123,31.881
18,125,4.063416212774224,124,31.881
18,126,4.095297506946441,125,31.881
18,127,4.127178801118657,126,31.881
18,128,4.159060095290874,127,31.881
19,1,0.11099784846434642,0,110.998
19,2,0.14281418272347868,1,31.816
19,3,0.17463051698261092,2,31.816
19,4,0.20644685124174317,3,31.816
19,5,0.2382631855008754,4,31.816
19,6,0.27007951976000766,5,31.816
19,7,0.3018958540191399,6,31.816
19,8,0.3337121882782721,7,31.816
19,9,0.3655285225374043,8,31.816
19,10,0.3973448567965365,9,31.816
19,11,0.42916119105566874,10,31.816
19,12,0.46097752531480096,11,31.816
19,13,0.4927938595739332,12,31.816
19,14,0.5246101938330654,13,31.816
19,15,0.5564265280921976,14,31.816
19,16,0.5882428623513298,15,31.816
19,17,0.620059196610462,16,31.816
19,18,0.6518755308695943,17,31.816
19,19,0.6836918651287265,18,31.816
19,20,0.7155081993878587,19,31.816
19,21,0.7473245336469909,20,31.816
19,22,0.7791408679061231,21,31.816
19,23,0.8109572021652554,22,31.816
19,24,0.8427735364243876,23,31.816
19,25,0.8745898706835198,24,31.816
19,26,0.906406204942652,25,31.816
19,27,0.9382225392017842,26,31.816
19,28,0.9700388734609164,27,31.816
19,29,1.0018552077200487,28,31.816
19,30,1.0336715419791809,29,31.816
19,31,1.065487876238313,30,31.816
19,32,1.0973042104974453,31,31.816
19,33,1.1291205447565775,32,31.816
19,34,1.1609368790157097,33,31.816
19,35,1.192753213274842,34,31.816
19,36,1.2245695475339742,35,31.816
19,37,1.2563858817931064,36,31.816
19,38,1.2882022160522386,37,31.816
19,39,1.3200185503113708,38,31.816
19,40,1.351834884570503,39,31.816
19,41,1.3836512188296353,40,31.816
19,42,1.4154675530887675,41,31.816
19,43,1.4472838873478997,42,31.816
19,44,1.479100221607032,43,31.816
19,45,1.5109165558661641,44,31.816
19,46,1.5427328901252964,45,31.816
19,47,1.5745492243844286,46,31.816
19,48,1.6063655586435608,47,31.816
19,49,1.638181892902693,48,31.816
19,50,1.670098436493395,49,31.917
19,51,1.7020149800840971,50,31.917
19,52,1.7339315236747992,51,31.917
19,53,1.7658480672655013,52,31.917
19,54,1.7977646108562033,53,31.917
19,55,1.8296811544469054,54,31.917
19,56,1.8615976980376074,55,31.917
19,57,1.8935142416283095,56,31.917
19,58,1.9254307852190116,57,31.917
19,59,1.9573473288097136,58,31.917
19,60,1.9892638724004157,59,31.917
19,61,2.0211804159911178,60,31.917
19,62,2.05309695958182,61,31.917
19,63,2.085013503172522,62,31.917
19,64,2.116930046763224,63,31.917
19,65,2.148846590353926,64,31.917
19,66,2.180763133944628,65,31.917
19,67,2.21267967753533,66,31.917
19,68,2.244596221126032,67,31.917
19,69,2.2765127647167342,68,31.917
19,70,2.3084293083074363,69,31.917
19,71,2.3403458518981384,70,31.917
19,72,2.3722623954888404,71,31.917
19,73,2.4041789390795425,72,31.917
19,74,2.4360954826702446,73,31.917
19,75,2.4680120262609466,74,31.917
19,76,2.4999285698516487,75,31.917
19,77,2.5318451134423507,76,31.917
19,78,2.563761657033053,77,31.917
19,79,2.595678200623755,78,31.917
19,80,2.627594744214457,79,31.917
19,81,2.659511287805159,80,31.917
19,82,2.691427831395861,81,31.917
19,83,2.723344374986563,82,31.917
19,84,2.755260918577265,83,31.917
19,85,2.7871774621679672,84,31.917
19,86,2.8190940057586693,85,31.917
19,87,2.8510105493493714,86,31.917
19,88,2.8829270929400734,87,31.917
19,89,2.9148436365307755,88,31.917
19,90,2.9467601801214776,89,31.917
19,91,2.9786767237121796,90,31.917
19,92,3.0105932673028817,91,31.917
19,93,3.0425098108935837,92,31.917
19,94,3.074426354484286,93,31.917
19,95,3.106342898074988,94,31.917
19,96,3.13825944166569,95,31.917
19,97,3.170175985256392,96,31.917
19,98,3.202092528847094,97,31.917
19,99,3.234009072437796,98,31.917
19,100,3.265925616028498,99,31.917
19,101,3.2978421596192002,100,31.917
19,102,3.3297587032099023,101,31.917
19,103,3.3616752468006044,102,31.917
19,104,3.3935917903913064,103,31.917
19,105,3.4255083339820085,104,31.917
19,106,3.4574248775727106,105,31.917
19,107,3.4893414211634126,106,31.917
19,108,3.5212579647541147,107,31.917
19,109,3.5531745083448167,108,31.917
19,110,3.585091051935519,109,31.917
19,111,3.617007595526221,110,31.917
19,112,3.648924139116923,111,31.917
19,113,3.680840682707625,112,31.917
19,114,3.7127219768798416,113,31.881
19,115,3.7446032710520583,114,31.881
19,116,3.776484565224275,115,31.881
19,117,3.8083658593964915,116,31.881
19,118,3.840247153568708,117,31.881
19,119,3.872128447740925,118,31.881
19,120,3.9040097419131414,119,31.881
19,121,3.935891036085358,120,31.881
19,122,3.9677723302575747,121,31.881
19,123,3.9996536244297913,122,31.881
19,124,4.0315349186020075,123,31.881
19,125,4.063416212774224,124,31.881
19,126,4.095297506946441,125,31.881
19,127,4.127178801118657,126,31.881
19,128,4.159060095290874,127,31.881
20,1,0.11099784846434642,0,110.998
20,2,0.14281418272347868,1,31.816
20,3,0.17463051698261092,2,31.816
20,4,0.20644685124174317,3,31.816
20,5,0.2382631855008754,4,31.816
20,6,0.27007951976000766,5,31.816
20,7,0.3018958540191399,6,31.816
20,8,0.3337121882782721,7,31.816
20,9,0.3655285225374043,8,31.816
20,10,0.3973448567965365,9,31.816
20,11,0.42916119105566874,10,31.816
20,12,0.46097752531480096,11,31.816
20,13,0.4927938595739332,12,31.816
20,14,0.5246101938330654,13,31.816
20,15,0.5564265280921976,14,31.816
20,16,0.5882428623513298,15,31.816
20,17,0.620059196610462,16,31.816
20,18,0.6518755308695943,17,31.816
20,19,0.6836918651287265,18,31.816
20,20,0.7155081993878587,19,31.816
20,21,0.7473245336469909,20,31.816
20,22,0.7791408679061231,21,31.816
20,23,0.8109572021652554,22,31.816
20,24,0.8427735364243876,23,31.816
20,25,0.8745898706835198,24,31.816
20,26,0.906406204942652,25,31.816
20,27,0.9382225392017842,26,31.816
20,28,0.9700388734609164,27,31.816
20,29,1.0018552077200487,28,31.816
20,30,1.0336715419791809,29,31.816
20,31,1.065487876238313,30,31.816
20,32,1.0973042104974453,31,31.816
20,33,1.1291205447565775,32,31.816
20,34,1.1609368790157097,33,31.816
20,35,1.192753213274842,34,31.816
20,36,1.2245695475339742,35,31.816
20,37,1.2563858817931064,36,31.816
20,38,1.2882022160522386,37,31.816
20,39,1.3200185503113708,38,31.816
20,40,1.351834884570503,39,31.816
20,41,1.3836512188296353,40,31.816
20,42,1.4154675530887675,41,31.816
20,43,1.4472838873478997,42,31.816
20,44,1.479100221607032,43,31.816
20,45,1.5109165558661641,44,31.816
20,46,1.5427328901252964,45,31.816
20,47,1.5745492243844286,46,31.816
20,48,1.6063655586435608,47,31.816
20,49,1.638181892902693,48,31.816
20,50,1.670098436493395,49,31.917
20,51,1.7020149800840971,50,31.917
20,52,1.7339315236747992,51,31.917
20,53,1.7658480672655013,52,31.917
20,54,1.7977646108562033,53,31.917
20,55,1.8296811544469054,54,31.917
20,56,1.8615976980376074,55,31.917
20,57,1.8935142416283095,56,31.917
20,58,1.9254307852190116,57,31.917
20,59,1.9573473288097136,58,31.917
20,60,1.9892638724004157,59,31.917
20,61,2.0211804159911178,60,31.917
20,62,2.05309695958182,61,31.917
20,63,2.085013503172522,62,31.917
20,64,2.116930046763224,63,31.917
20,65,2.148846590353926,64,31.917
20,66,2.180763133944628,65,31.917
20,67,2.21267967753533,66,31.917
20,68,2.244596221126032,67,31.917
20,69,2.2765127647167342,68,31.917
20,70,2.3084293083074363,69,31.917
20,71,2.3403458518981384,70,31.917
20,72,2.3722623954888404,71,31.917
20,73,2.4041789390795425,72,31.917
20,74,2.4360954826702446,73,31.917
20,75,2.4680120262609466,74,31.917
20,76,2.4999285698516487,75,31.917
20,77,2.5318451134423507,76,31.917
20,78,2.563761657033053,77,31.917
20,79,2.595678200623755,78,31.917
20,80,2.627594744214457,79,31.917
20,81,2.659511287805159,80,31.917
20,82,2.691427831395861,81,31.917
20,83,2.723344374986563,82,31.917
20,84,2.755260918577265,83,31.917
20,85,2.7871774621679672,84,31.917
20,86,2.8190940057586693,85,31.917
20,87,2.8510105493493714,86,31.917
20,88,2.8829270929400734,87,31.917
20,89,2.9148436365307755,88,31.917
20,90,2.9467601801214776,89,31.917
20,91,2.9786767237121796,90,31.917
20,92,3.0105932673028817,91,31.917
20,93,3.0425098108935837,92,31.917
20,94,3.074426354484286,93,31.917
20,95,3.106342898074988,94,31.917
20,96,3.13825944166569,95,31.917
20,97,3.170175985256392,96,31.917
20,98,3.202092528847094,97,31.917
20,99,3.234009072437796,98,31.917
20,100,3.265925616028498,99,31.917
20,101,3.2978421596192002,100,31.917
20,102,3.3297587032099023,101,31.917
20,103,3.3616752468006044,102,31.917
20,104,3.3935917903913064,103,31.917
20,105,3.4255083339820085,104,31.917
20,106,3.4574248775727106,105,31.917
20,107,3.4893414211634126,106,31.917
20,108,3.5212579647541147,107,31.917
20,109,3.5531745083448167,108,31.917
20,110,3.585091051935519,109,31.917
20,111,3.617007595526221,110,31.917
20,112,3.648924139116923,111,31.917
20,113,3.680840682707625,112,31.917
20,114,3.7127219768798416,113,31.881
20,115,3.7446032710520583,114,31.881
20,116,3.776484565224275,115,31.881
20,117,3.8083658593964915,116,31.881
20,118,3.840247153568708,117,31.881
20,119,3.872128447740925,118,31.881
20,120,3.9040097419131414,119,31.881
20,121,3.935891036085358,120,31.881
20,122,3.9677723302575747,121,31.881
20,123,3.9996536244297913,122,31.881
20,124,4.0315349186020075,123,31.881
20,125,4.063416212774224,124,31.881
20,126,4.095297506946441,125,31.881
20,127,4.127178801118657,126,31.881
20,128,4.159060095290874,127,31.881
21,1,0.11099784846434642,0,110.998
21,2,0.14281418272347868,1,31.816
21,3,0.17463051698261092,2,31.816
21,4,0.20644685124174317,3,31.816
21,5,0.2382631855008754,4,31.816
21,6,0.27007951976000766,5,31.816
21,7,0.3018958540191399,6,31.816
21,8,0.3337121882782721,7,31.816
21,9,0.3655285225374043,8,31.816
21,10,0.3973448567965365,9,31.816
21,11,0.42916119105566874,10,31.816
21,12,0.46097752531480096,11,31.816
21,13,0.4927938595739332,12,31.816
21,14,0.5246101938330654,13,31.816
21,15,0.5564265280921976,14,31.816
21,16,0.5882428623513298,15,31.816
21,17,0.620059196610462,16,31.816
21,18,0.6518755308695943,17,31.816
21,19,0.6836918651287265,18,31.816
21,20,0.7155081993878587,19,31.816
21,21,0.7473245336469909,20,31.816
21,22,0.7791408679061231,21,31.816
21,23,0.8109572021652554,22,31.816
21,24,0.8427735364243876,23,31.816
21,25,0.8745898706835198,24,31.816
21,26,0.906406204942652,25,31.816
21,27,0.9382225392017842,26,31.816
21,28,0.9700388734609164,27,31.816
21,29,1.0018552077200487,28,31.816
21,30,1.0336715419791809,29,31.816
21,31,1.065487876238313,30,31.816
21,32,1.0973042104974453,31,31.816
21,33,1.1291205447565775,32,31.816
21,34,1.1609368790157097,33,31.816
21,35,1.192753213274842,34,31.816
21,36,1.2245695475339742,35,31.816
21,37,1.2563858817931064,36,31.816
21,38,1.2882022160522386,37,31.816
21,39,1.3200185503113708,38,31.816
21,40,1.351834884570503,39,31.816
21,41,1.3836512188296353,40,31.816
21,42,1.4154675530887675,41,31.816
21,43,1.4472838873478997,42,31.816
21,44,1.479100221607032,43,31.816
21,45,1.5109165558661641,44,31.816
21,46,1.5427328901252964,45,31.816
21,47,1.5745492243844286,46,31.816
21,48,1.6063655586435608,47,31.816
21,49,1.638181892902693,48,31.816
21,50,1.670098436493395,49,31.917
21,51,1.7020149800840971,50,31.917
21,52,1.7339315236747992,51,31.917
21,53,1.7658480672655013,52,31.917
21,54,1.7977646108562033,53,31.917
21,55,1.8296811544469054,54,31.917
21,56,1.8615976980376074,55,31.917
21,57,1.8935142416283095,56,31.917
21,58,1.9254307852190116,57,31.917
21,59,1.9573473288097136,58,31.917
21,60,1.9892638724004157,59,31.917
21,61,2.0211804159911178,60,31.917
21,62,2.05309695958182,61,31.917
21,63,2.085013503172522,62,31.917
21,64,2.116930046763224,63,31.917
21,65,2.148846590353926,64,31.917
21,66,2.180763133944628,65,31.917
21,67,2.21267967753533,66,31.917
21,68,2.244596221126032,67,31.917
21,69,2.2765127647167342,68,31.917
21,70,2.3084293083074363,69,31.917
21,71,2.3403458518981384,70,31.917
21,72,2.3722623954888404,71,31.917
21,73,2.4041789390795425,72,31.917
21,74,2.4360954826702446,73,31.917
21,75,2.4680120262609466,74,31.917
21,76,2.4999285698516487,75,31.917
21,77,2.5318451134423507,76,31.917
21,78,2.563761657033053,77,31.917
21,79,2.595678200623755,78,31.917
21,80,2.627594744214457,79,31.917
21,81,2.659511287805159,80,31.917
21,82,2.691427831395861,81,31.917
21,83,2.723344374986563,82,31.917
21,84,2.755260918577265,83,31.917
21,85,2.7871774621679672,84,31.917
21,86,2.8190940057586693,85,31.917
21,87,2.8510105493493714,86,31.917
21,88,2.8829270929400734,87,31.917
21,89,2.9148436365307755,88,31.917
21,90,2.9467601801214776,89,31.917
21,91,2.9786767237121796,90,31.917
21,92,3.0105932673028817,91,31.917
21,93,3.0425098108935837,92,31.917
21,94,3.074426354484286,93,31.917
21,95,3.106342898074988,94,31.917
21,96,3.13825944166569,95,31.917
21,97,3.170175985256392,96,31.917
21,98,3.202092528847094,97,31.917
21,99,3.234009072437796,98,31.917
21,100,3.265925616028498,99,31.917
21,101,3.2978421596192002,100,31.917
21,102,3.3297587032099023,101,31.917
21,103,3.3616752468006044,102,31.917
21,104,3.3935917903913064,103,31.917
21,105,3.4255083339820085,104,31.917
21,106,3.4574248775727106,105,31.917
21,107,3.4893414211634126,106,31.917
21,108,3.5212579647541147,107,31.917
21,109,3.5531745083448167,108,31.917
21,110,3.585091051935519,109,31.917
21,111,3.617007595526221,110,31.917
21,112,3.648924139116923,111,31.917
21,113,3.680840682707625,112,31.917
21,114,3.7127219768798416,113,31.881
21,115,3.7446032710520583,114,31.881
21,116,3.776484565224275,115,31.881
21,117,3.8083658593964915,116,31.881
21,118,3.840247153568708,117,31.881
21,119,3.872128447740925,118,31.881
21,120,3.9040097419131414,119,31.881
21,121,3.935891036085358,120,31.881
21,122,3.9677723302575747,121,31.881
21,123,3.9996536244297913,122,31.881
21,124,4.0315349186020075,123,31.881
21,125,4.063416212774224,124,31.881
21,126,4.095297506946441,125,31.881
21,127,4.127178801118657,126,31.881
21,128,4.159060095290874,127,31.881
22,1,0.11099784846434642,0,110.998
22,2,0.14281418272347868,1,31.816
22,3,0.17463051698261092,2,31.816
22,4,0.20644685124174317,3,31.816
22,5,0.2382631855008754,4,31.816
22,6,0.27007951976000766,5,31.816
22,7,0.3018958540191399,6,31.816
22,8,0.3337121882782721,7,31.816
22,9,0.3655285225374043,8,31.816
22,10,0.3973448567965365,9,31.816
22,11,0.42916119105566874,10,31.816
22,12,0.46097752531480096,11,31.816
22,13,0.4927938595739332,12,31.816
22,14,0.5246101938330654,13,31.816
22,15,0.5564265280921976,14,31.816
22,16,0.5882428623513298,15,31.816
22,17,0.620059196610462,16,31.816
22,18,0.6518755308695943,17,31.816
22,19,0.6836918651287265,18,31.816
22,20,0.7155081993878587,19,31.816
22,21,0.7473245336469909,20,31.816
22,22,0.7791408679061231,21,31.816
22,23,0.8109572021652554,22,31.816
22,24,0.8427735364243876,23,31.816
22,25,0.8745898706835198,24,31.816
22,26,0.906406204942652,25,31.816
22,27,0.9382225392017842,26,31.816
22,28,0.9700388734609164,27,31.816
22,29,1.0018552077200487,28,31.816
22,30,1.0336715419791809,29,31.816
22,31,1.065487876238313,30,31.816
22,32,1.0973042104974453,31,31.816
22,33,1.1291205447565775,32,31.816
22,34,1.1609368790157097,33,31.816
22,35,1.192753213274842,34,31.816
22,36,1.2245695475339742,35,31.816
22,37,1.2563858817931064,36,31.816
22,38,1.2882022160522386,37,31.816
22,39,1.3200185503113708,38,31.816
22,40,1.351834884570503,39,31.816
22,41,1.3836512188296353,40,31.816
22,42,1.4154675530887675,41,31.816
22,43,1.4472838873478997,42,31.816
22,44,1.479100221607032,43,31.816
22,45,1.5109165558661641,44,31.816
22,46,1.5427328901252964,45,31.816
22,47,1.5745492243844286,46,31.816
22,48,1.6063655586435608,47,31.816
22,49,1.638181892902693,48,31.816
22,50,1.670098436493395,49,31.917
22,51,1.7020149800840971,50,31.917
22,52,1.7339315236747992,51,31.917
22,53,1.7658480672655013,52,31.917
22,54,1.7977646108562033,53,31.917
22,55,1.8296811544469054,54,31.917
22,56,1.8615976980376074,55,31.917
22,57,1.8935142416283095,56,31.917
22,58,1.9254307852190116,57,31.917
22,59,1.9573473288097136,58,31.917
22,60,1.9892638724004157,59,31.917
22,61,2.0211804159911178,60,31.917
22,62,2.05309695958182,61,31.917
22,63,2.085013503172522,62,31.917
22,64,2.116930046763224,63,31.917
22,65,2.148846590353926,64,31.917
22,66,2.180763133944628,65,31.917
22,67,2.21267967753533,66,31.917
22,68,2.244596221126032,67,31.917
22,69,2.2765127647167342,68,31.917
22,70,2.3084293083074363,69,31.917
22,71,2.3403458518981384,70,31.917
22,72,2.3722623954888404,71,31.917
22,73,2.4041789390795425,72,31.917
22,74,2.4360954826702446,73,31.917
22,75,2.4680120262609466,74,31.917
22,76,2.4999285698516487,75,31.917
22,77,2.5318451134423507,76,31.917
22,78,2.563761657033053,77,31.917
22,79,2.595678200623755,78,31.917
22,80,2.627594744214457,79,31.917
22,81,2.659511287805159,80,31.917
22,82,2.691427831395861,81,31.917
22,83,2.723344374986563,82,31.917
22,84,2.755260918577265,83,31.917
22,85,2.7871774621679672,84,31.917
22,86,2.8190940057586693,85,31.917
22,87,2.8510105493493714,86,31.917
22,88,2.8829270929400734,87,31.917
22,89,2.9148436365307755,88,31.917
22,90,2.9467601801214776,89,31.917
22,91,2.9786767237121796,90,31.917
22,92,3.0105932673028817,91,31.917
22,93,3.0425098108935837,92,31.917
22,94,3.074426354484286,93,31.917
22,95,3.106342898074988,94,31.917
22,96,3.13825944166569,95,31.917
22,97,3.170175985256392,96,31.917
22,98,3.202092528847094,97,31.917
22,99,3.234009072437796,98,31.917
22,100,3.265925616028498,99,31.917
22,101,3.2978421596192002,100,31.917
22,102,3.3297587032099023,101,31.917
22,103,3.3616752468006044,102,31.917
22,104,3.3935917903913064,103,31.917
22,105,3.4255083339820085,104,31.917
22,106,3.4574248775727106,105,31.917
22,107,3.4893414211634126,106,31.917
22,108,3.5212579647541147,107,31.917
22,109,3.5531745083448167,108,31.917
22,110,3.585091051935519,109,31.917
22,111,3.617007595526221,110,31.917
22,112,3.648924139116923,111,31.917
22,113,3.680840682707625,112,31.917
22,114,3.7127219768798416,113,31.881
22,115,3.7446032710520583,114,31.881
22,116,3.776484565224275,115,31.881
22,117,3.8083658593964915,116,31.881
22,118,3.840247153568708,117,31.881
22,119,3.872128447740925,118,31.881
22,120,3.9040097419131414,119,31.881
22,121,3.935891036085358,120,31.881
22,122,3.9677723302575747,121,31.881
22,123,3.9996536244297913,122,31.881
22,124,4.0315349186020075,123,31.881
22,125,4.063416212774224,124,31.881
22,126,4.095297506946441,125,31.881
22,127,4.127178801118657,126,31.881
22,128,4.159060095290874,127,31.881
23,1,0.11099784846434642,0,110.998
23,2,0.14281418272347868,1,31.816
23,3,0.17463051698261092,2,31.816
23,4,0.20644685124174317,3,31.816
23,5,0.2382631855008754,4,31.816
23,6,0.27007951976000766,5,31.816
23,7,0.3018958540191399,6,31.816
23,8,0.3337121882782721,7,31.816
23,9,0.3655285225374043,8,31.816
23,10,0.3973448567965365,9,31.816
23,11,0.42916119105566874,10,31.816
23,12,0.46097752531480096,11,31.816
23,13,0.4927938595739332,12,31.816
23,14,0.5246101938330654,13,31.816
23,15,0.5564265280921976,14,31.816
23,16,0.5882428623513298,15,31.816
23,17,0.620059196610462,16,31.816
23,18,0.6518755308695943,17,31.816
23,19,0.6836918651287265,18,31.816
23,20,0.7155081993878587,19,31.816
23,21,0.7473245336469909,20,31.816
23,22,0.7791408679061231,21,31.816
23,23,0.8109572021652554,22,31.816
23,24,0.8427735364243876,23,31.816
23,25,0.8745898706835198,24,31.816
23,26,0.906406204942652,25,31.816
23,27,0.9382225392017842,26,31.816
23,28,0.9700388734609164,27,31.816
23,29,1.0018552077200487,28,31.816
23,30,1.0336715419791809,29,31.816
23,31,1.065487876238313,30,31.816
23,32,1.0973042104974453,31,31.816
23,33,1.1291205447565775,32,31.816
23,34,1.1609368790157097,33,31.816
23,35,1.192753213274842,34,31.816
23,36,1.2245695475339742,35,31.816
23,37,1.2563858817931064,36,31.816
23,38,1.2882022160522386,37,31.816
23,39,1.3200185503113708,38,31.816
23,40,1.351834884570503,39,31.816
23,41,1.3836512188296353,40,31.816
23,42,1.4154675530887675,41,31.816
23,43,1.4472838873478997,42,31.816
23,44,1.479100221607032,43,31.816
23,45,1.5109165558661641,44,31.816
23,46,1.5427328901252964,45,31.816
23,47,1.5745492243844286,46,31.816
23,48,1.6063655586435608,47,31.816
23,49,1.638181892902693,48,31.816
23,50,1.670098436493395,49,31.917
23,51,1.7020149800840971,50,31.917
23,52,1.7339315236747992,51,31.917
23,53,1.7658480672655013,52,31.917
23,54,1.7977646108562033,53,31.917
23,55,1.8296811544469054,54,31.917
23,56,1.8615976980376074,55,31.917
23,57,1.8935142416283095,56,31.917
23,58,1.9254307852190116,57,31.917
23,59,1.9573473288097136,58,31.917
23,60,1.9892638724004157,59,31.917
23,61,2.0211804159911178,60,31.917
23,62,2.05309695958182,61,31.917
23,63,2.085013503172522,62,31.917
23,64,2.116930046763224,63,31.917
23,65,2.148846590353926,64,31.917
23,66,2.180763133944628,65,31.917
23,67,2.21267967753533,66,31.917
23,68,2.244596221126032,67,31.917
23,69,2.2765127647167342,68,31.917
23,70,2.3084293083074363,69,31.917
23,71,2.3403458518981384,70,31.917
23,72,2.3722623954888404,71,31.917
23,73,2.4041789390795425,72,31.917
23,74,2.4360954826702446,73,31.917
23,75,2.4680120262609466,74,31.917
23,76,2.4999285698516487,75,31.917
23,77,2.5318451134423507,76,31.917
23,78,2.563761657033053,77,31.917
23,79,2.595678200623755,78,31.917
23,80,2.627594744214457,79,31.917
23,81,2.659511287805159,80,31.917
23,82,2.691427831395861,81,31.917
23,83,2.723344374986563,82,31.917
23,84,2.755260918577265,83,31.917
23,85,2.7871774621679672,84,31.917
23,86,2.8190940057586693,85,31.917
23,87,2.8510105493493714,86,31.917
23,88,2.8829270929400734,87,31.917
23,89,2.9148436365307755,88,31.917
23,90,2.9467601801214776,89,31.917
23,91,2.9786767237121796,90,31.917
23,92,3.0105932673028817,91,31.917
23,93,3.0425098108935837,92,31.917
23,94,3.074426354484286,93,31.917
23,95,3.106342898074988,94,31.917
23,96,3.13825944166569,95,31.917
23,97,3.170175985256392,96,31.917
23,98,3.202092528847094,97,31.917
23,99,3.234009072437796,98,31.917
23,100,3.265925616028498,99,31.917
23,101,3.2978421596192002,100,31.917
23,102,3.3297587032099023,101,31.917
23,103,3.3616752468006044,102,31.917
23,104,3.3935917903913064,103,31.917
23,105,3.4255083339820085,104,31.917
23,106,3.4574248775727106,105,31.917
23,107,3.4893414211634126,106,31.917
23,108,3.5212579647541147,107,31.917
23,109,3.5531745083448167,108,31.917
23,110,3.585091051935519,109,31.917
23,111,3.617007595526221,110,31.917
23,112,3.648924139116923,111,31.917
23,113,3.680840682707625,112,31.917
23,114,3.7127219768798416,113,31.881
23,115,3.7446032710520583,114,31.881
23,116,3.776484565224275,115,31.881
23,117,3.8083658593964915,116,31.881
23,118,3.840247153568708,117,31.881
23,119,3.872128447740925,118,31.881
23,120,3.9040097419131414,119,31.881
23,121,3.935891036085358,120,31.881
23,122,3.9677723302575747,121,31.881
23,123,3.9996536244297913,122,31.881
23,124,4.0315349186020075,123,31.881
23,125,4.063416212774224,124,31.881
23,126,4.095297506946441,125,31.881
23,127,4.127178801118657,126,31.881
23,128,4.159060095290874,127,31.881
24,1,0.11099784846434642,0,110.998
24,2,0.14281418272347868,1,31.816
24,3,0.17463051698261092,2,31.816
24,4,0.20644685124174317,3,31.816
24,5,0.2382631855008754,4,31.816
24,6,0.27007951976000766,5,31.816
24,7,0.3018958540191399,6,31.816
24,8,0.3337121882782721,7,31.816
24,9,0.3655285225374043,8,31.816
24,10,0.3973448567965365,9,31.816
24,11,0.42916119105566874,10,31.816
24,12,0.46097752531480096,11,31.816
24,13,0.4927938595739332,12,31.816
24,14,0.5246101938330654,13,31.816
24,15,0.5564265280921976,14,31.816
24,16,0.5882428623513298,15,31.816
24,17,0.620059196610462,16,31.816
24,18,0.6518755308695943,17,31.816
24,19,0.6836918651287265,18,31.816
24,20,0.7155081993878587,19,31.816
24,21,0.7473245336469909,20,31.816
24,22,0.7791408679061231,21,31.816
24,23,0.8109572021652554,22,31.816
24,24,0.8427735364243876,23,31.816
24,25,0.8745898706835198,24,31.816
24,26,0.906406204942652,25,31.816
24,27,0.9382225392017842,26,31.816
24,28,0.9700388734609164,27,31.816
24,29,1.0018552077200487,28,31.816
24,30,1.0336715419791809,29,31.816
24,31,1.065487876238313,30,31.816
24,32,1.0973042104974453,31,31.816
24,33,1.1291205447565775,32,31.816
24,34,1.1609368790157097,33,31.816
24,35,1.192753213274842,34,31.816
24,36,1.2245695475339742,35,31.816
24,37,1.2563858817931064,36,31.816
24,38,1.2882022160522386,37,31.816
24,39,1.3200185503113708,38,31.816
24,40,1.351834884570503,39,31.816
24,41,1.3836512188296353,40,31.816
24,42,1.4154675530887675,41,31.816
24,43,1.4472838873478997,42,31.816
24,44,1.479100221607032,43,31.816
24,45,1.5109165558661641,44,31.816
24,46,1.5427328901252964,45,31.816
24,47,1.5745492243844286,46,31.816
24,48,1.6063655586435608,47,31.816
24,49,1.638181892902693,48,31.816
24,50,1.670098436493395,49,31.917
24,51,1.7020149800840971,50,31.917
24,52,1.7339315236747992,51,31.917
24,53,1.7658480672655013,52,31.917
24,54,1.7977646108562033,53,31.917
24,55,1.8296811544469054,54,31.917
24,56,1.8615976980376074,55,31.917
24,57,1.8935142416283095,56,31.917
24,58,1.9254307852190116,57,31.917
24,59,1.9573473288097136,58,31.917
24,60,1.9892638724004157,59,31.917
24,61,2.0211804159911178,60,31.917
24,62,2.05309695958182,61,31.917
24,63,2.085013503172522,62,31.917
24,64,2.116930046763224,63,31.917
24,65,2.148846590353926,64,31.917
24,66,2.180763133944628,65,31.917
24,67,2.21267967753533,66,31.917
24,68,2.244596221126032,67,31.917
24,69,2.2765127647167342,68,31.917
24,70,2.3084293083074363,69,31.917
24,71,2.3403458518981384,70,31.917
24,72,2.3722623954888404,71,31.917
24,73,2.4041789390795425,72,31.917
24,74,2.4360954826702446,73,31.917
24,75,2.4680120262609466,74,31.917
24,76,2.4999285698516487,75,31.917
24,77,2.5318451134423507,76,31.917
24,78,2.563761657033053,77,31.917
24,79,2.595678200623755,78,31.917
24,80,2.627594744214457,79,31.917
24,81,2.659511287805159,80,31.917
24,82,2.691427831395861,81,31.917
24,83,2.723344374986563,82,31.917
24,84,2.755260918577265,83,31.917
24,85,2.7871774621679672,84,31.917
24,86,2.8190940057586693,85,31.917
24,87,2.8510105493493714,86,31.917
24,88,2.8829270929400734,87,31.917
24,89,2.9148436365307755,88,31.917
24,90,2.9467601801214776,89,31.917
24,91,2.9786767237121796,90,31.917
24,92,3.0105932673028817,91,31.917
24,93,3.0425098108935837,92,31.917
24,94,3.074426354484286,93,31.917
24,95,3.106342898074988,94,31.917
24,96,3.13825944166569,95,31.917
24,97,3.170175985256392,96,31.917
24,98,3.202092528847094,97,31.917
24,99,3.234009072437796,98,31.917
24,100,3.265925616028498,99,31.917
24,101,3.2978421596192002,100,31.917
24,102,3.3297587032099023,101,31.917
24,103,3.3616752468006044,102,31.917
24,104,3.3935917903913064,103,31.917
24,105,3.4255083339820085,104,31.917
24,106,3.4574248775727106,105,31.917
24,107,3.4893414211634126,106,31.917
24,108,3.5212579647541147,107,31.917
24,109,3.5531745083448167,108,31.917
24,110,3.585091051935519,109,31.917
24,111,3.617007595526221,110,31.917
24,112,3.648924139116923,111,31.917
24,113,3.680840682707625,112,31.917
24,114,3.7127219768798416,113,31.881
24,115,3.7446032710520583,114,31.881
24,116,3.776484565224275,115,31.881
24,117,3.8083658593964915,116,31.881
24,118,3.840247153568708,117,31.881
24,119,3.872128447740925,118,31.881
24,120,3.9040097419131414,119,31.881
24,121,3.935891036085358,120,31.881
24,122,3.9677723302575747,121,31.881
24,123,3.9996536244297913,122,31.881
24,124,4.0315349186020075,123,31.881
24,125,4.063416212774224,124,31.881
24,126,4.095297506946441,125,31.881
24,127,4.127178801118657,126,31.881
24,128,4.159060095290874,127,31.881
25,1,0.11099784846434642,0,110.998
25,2,0.14281418272347868,1,31.816
25,3,0.17463051698261092,2,31.816
25,4,0.20644685124174317,3,31.816
25,5,0.2382631855008754,4,31.816
25,6,0.27007951976000766,5,31.816
25,7,0.3018958540191399,6,31.816
25,8,0.3337121882782721,7,31.816
25,9,0.3655285225374043,8,31.816
25,10,0.3973448567965365,9,31.816
25,11,0.42916119105566874,10,31.816
25,12,0.46097752531480096,11,31.816
25,13,0.4927938595739332,12,31.816
25,14,0.5246101938330654,13,31.816
25,15,0.5564265280921976,14,31.816
25,16,0.5882428623513298,15,31.816
25,17,0.620059196610462,16,31.816
25,18,0.6518755308695943,17,31.816
25,19,0.6836918651287265,18,31.816
25,20,0.7155081993878587,19,31.816
25,21,0.7473245336469909,20,31.816
25,22,0.7791408679061231,21,31.816
25,23,0.8109572021652554,22,31.816
25,24,0.8427735364243876,23,31.816
25,25,0.8745898706835198,24,31.816
25,26,0.906406204942652,25,31.816
25,27,0.9382225392017842,26,31.816
25,28,0.9700388734609164,27,31.816
25,29,1.0018552077200487,28,31.816
25,30,1.0336715419791809,29,31.816
25,31,1.065487876238313,30,31.816
25,32,1.0973042104974453,31,31.816
25,33,1.1291205447565775,32,31.816
25,34,1.1609368790157097,33,31.816
25,35,1.192753213274842,34,31.816
25,36,1.2245695475339742,35,31.816
25,37,1.2563858817931064,36,31.816
25,38,1.2882022160522386,37,31.816
25,39,1.3200185503113708,38,31.816
25,40,1.351834884570503,39,31.816
25,41,1.3836512188296353,40,31.816
25,42,1.4154675530887675,41,31.816
25,43,1.4472838873478997,42,31.816
25,44,1.479100221607032,43,31.816
25,45,1.5109165558661641,44,31.816
25,46,1.5427328901252964,45,31.816
25,47,1.5745492243844286,46,31.816
25,48,1.6063655586435608,47,31.816
25,49,1.638181892902693,48,31.816
25,50,1.670098436493395,49,31.917
25,51,1.7020149800840971,50,31.917
25,52,1.7339315236747992,51,31.917
25,53,1.7658480672655013,52,31.917
25,54,1.7977646108562033,53,31.917
25,55,1.8296811544469054,54,31.917
25,56,1.8615976980376074,55,31.917
25,57,1.8935142416283095,56,31.917
25,58,1.9254307852190116,57,31.917
25,59,1.9573473288097136,58,31.917
25,60,1.9892638724004157,59,31.917
25,61,2.0211804159911178,60,31.917
25,62,2.05309695958182,61,31.917
25,63,2.085013503172522,62,31.917
25,64,2.116930046763224,63,31.917
25,65,2.148846590353926,64,31.917
25,66,2.180763133944628,65,31.917
25,67,2.21267967753533,66,31.917
25,68,2.244596221126032,67,31.917
25,69,2.2765127647167342,68,31.917
25,70,2.3084293083074363,69,31.917
25,71,2.3403458518981384,70,31.917
25,72,2.3722623954888404,71,31.917
25,73,2.4041789390795425,72,31.917
25,74,2.4360954826702446,73,31.917
25,75,2.4680120262609466,74,31.917
25,76,2.4999285698516487,75,31.917
25,77,2.5318451134423507,76,31.917
25,78,2.563761657033053,77,31.917
25,79,2.595678200623755,78,31.917
25,80,2.627594744214457,79,31.917
25,81,2.659511287805159,80,31.917
25,82,2.691427831395861,81,31.917
25,83,2.723344374986563,82,31.917
25,84,2.755260918577265,83,31.917
25,85,2.7871774621679672,84,31.917
25,86,2.8190940057586693,85,31.917
25,87,2.8510105493493714,86,31.917
25,88,2.8829270929400734,87,31.917
25,89,2.9148436365307755,88,31.917
25,90,2.9467601801214776,89,31.917
25,91,2.9786767237121796,90,31.917
25,92,3.0105932673028817,91,31.917
25,93,3.0425098108935837,92,31.917
25,94,3.074426354484286,93,31.917
25,95,3.106342898074988,94,31.917
25,96,3.13825944166569,95,31.917
25,97,3.170175985256392,96,31.917
25,98,3.202092528847094,97,31.917
25,99,3.234009072437796,98,31.917
25,100,3.265925616028498,99,31.917
25,101,3.2978421596192002,100,31.917
25,102,3.3297587032099023,101,31.917
25,103,3.3616752468006044,102,31.917
25,104,3.3935917903913064,103,31.917
25,105,3.4255083339820085,104,31.917
25,106,3.4574248775727106,105,31.917
25,107,3.4893414211634126,106,31.917
25,108,3.5212579647541147,107,31.917
25,109,3.5531745083448167,108,31.917
25,110,3.585091051935519,109,31.917
25,111,3.617007595526221,110,31.917
25,112,3.648924139116923,111,31.917
25,113,3.680840682707625,112,31.917
25,114,3.7127219768798416,113,31.881
25,115,3.7446032710520583,114,31.881
25,116,3.776484565224275,115,31.881
25,117,3.8083658593964915,116,31.881
25,118,3.840247153568708,117,31.881
25,119,3.872128447740925,118,31.881
25,120,3.9040097419131414,119,31.881
25,121,3.935891036085358,120,31.881
25,122,3.9677723302575747,121,31.881
25,123,3.9996536244297913,122,31.881
25,124,4.0315349186020075,123,31.881
25,125,4.063416212774224,124,31.881
25,126,4.095297506946441,125,31.881
25,127,4.127178801118657,126,31.881
25,128,4.159060095290874,127,31.881
26,1,0.11099784846434642,0,110.998
26,2,0.14281418272347868,1,31.816
26,3,0.17463051698261092,2,31.816
26,4,0.20644685124174317,3,31.816
26,5,0.2382631855008754,4,31.816
26,6,0.27007951976000766,5,31.816
26,7,0.3018958540191399,6,31.816
26,8,0.3337121882782721,7,31.816
26,9,0.3655285225374043,8,31.816
26,10,0.3973448567965365,9,31.816
26,11,0.42916119105566874,10,31.816
26,12,0.46097752531480096,11,31.816
26,13,0.4927938595739332,12,31.816
26,14,0.5246101938330654,13,31.816
26,15,0.5564265280921976,14,31.816
26,16,0.5882428623513298,15,31.816
26,17,0.620059196610462,16,31.816
26,18,0.6518755308695943,17,31.816
26,19,0.6836918651287265,18,31.816
26,20,0.7155081993878587,19,31.816
26,21,0.7473245336469909,20,31.816
26,22,0.7791408679061231,21,31.816
26,23,0.8109572021652554,22,31.816
26,24,0.8427735364243876,23,31.816
26,25,0.8745898706835198,24,31.816
26,26,0.906406204942652,25,31.816
26,27,0.9382225392017842,26,31.816
26,28,0.9700388734609164,27,31.816
26,29,1.0018552077200487,28,31.816
26,30,1.0336715419791809,29,31.816
26,31,1.065487876238313,30,31.816
26,32,1.0973042104974453,31,31.816
26,33,1.1291205447565775,32,31.816
26,34,1.1609368790157097,33,31.816
26,35,1.192753213274842,34,31.816
26,36,1.2245695475339742,35,31.816
26,37,1.2563858817931064,36,31.816
26,38,1.2882022160522386,37,31.816
26,39,1.3200185503113708,38,31.816
26,40,1.351834884570503,39,31.816
26,41,1.3836512188296353,40,31.816
26,42,1.4154675530887675,41,31.816
26,43,1.4472838873478997,42,31.816
26,44,1.479100221607032,43,31.816
26,45,1.5109165558661641,44,31.816
26,46,1.5427328901252964,45,31.816
26,47,1.5745492243844286,46,31.816
26,48,1.6063655586435608,47,31.816
26,49,1.638181892902693,48,31.816
26,50,1.670098436493395,49,31.917
26,51,1.7020149800840971,50,31.917
26,52,1.7339315236747992,51,31.917
26,53,1.7658480672655013,52,31.917
26,54,1.7977646108562033,53,31.917
26,55,1.8296811544469054,54,31.917
26,56,1.8615976980376074,55,31.917
26,57,1.8935142416283095,56,31.917
26,58,1.9254307852190116,57,31.917
26,59,1.9573473288097136,58,31.917
26,60,1.9892638724004157,59,31.917
26,61,2.0211804159911178,60,31.917
26,62,2.05309695958182,61,31.917
26,63,2.085013503172522,62,31.917
26,64,2.116930046763224,63,31.917
26,65,2.148846590353926,64,31.917
26,66,2.180763133944628,65,31.917
26,67,2.21267967753533,66,31.917
26,68,2.244596221126032,67,31.917
26,69,2.2765127647167342,68,31.917
26,70,2.3084293083074363,69,31.917
26,71,2.3403458518981384,70,31.917
26,72,2.3722623954888404,71,31.917
26,73,2.4041789390795425,72,31.917
26,74,2.4360954826702446,73,31.917
26,75,2.4680120262609466,74,31.917
26,76,2.4999285698516487,75,31.917
26,77,2.5318451134423507,76,31.917
26,78,2.563761657033053,77,31.917
26,79,2.595678200623755,78,31.917
26,80,2.627594744214457,79,31.917
26,81,2.659511287805159,80,31.917
26,82,2.691427831395861,81,31.917
26,83,2.723344374986563,82,31.917
26,84,2.755260918577265,83,31.917
26,85,2.7871774621679672,84,31.917
26,86,2.8190940057586693,85,31.917
26,87,2.8510105493493714,86,31.917
26,88,2.8829270929400734,87,31.917
26,89,2.9148436365307755,88,31.917
26,90,2.9467601801214776,89,31.917
26,91,2.9786767237121796,90,31.917
26,92,3.0105932673028817,91,31.917
26,93,3.0425098108935837,92,31.917
26,94,3.074426354484286,93,31.917
26,95,3.106342898074988,94,31.917
26,96,3.13825944166569,95,31.917
26,97,3.170175985256392,96,31.917
26,98,3.202092528847094,97,31.917
26,99,3.234009072437796,98,31.917
26,100,3.265925616028498,99,31.917
26,101,3.2978421596192002,100,31.917
26,102,3.3297587032099023,101,31.917
26,103,3.3616752468006044,102,31.917
26,104,3.3935917903913064,103,31.917
26,105,3.4255083339820085,104,31.917
26,106,3.4574248775727106,105,31.917
26,107,3.4893414211634126,106,31.917
26,108,3.5212579647541147,107,31.917
26,109,3.5531745083448167,108,31.917
26,110,3.585091051935519,109,31.917
26,111,3.617007595526221,110,31.917
26,112,3.648924139116923,111,31.917
26,113,3.680840682707625,112,31.917
26,114,3.7127219768798416,113,31.881
26,115,3.7446032710520583,114,31.881
26,116,3.776484565224275,115,31.881
26,117,3.8083658593964915,116,31.881
26,118,3.840247153568708,117,31.881
26,119,3.872128447740925,118,31.881
26,120,3.9040097419131414,119,31.881
26,121,3.935891036085358,120,31.881
26,122,3.9677723302575747,121,31.881
26,123,3.9996536244297913,122,31.881
26,124,4.0315349186020075,123,31.881
26,125,4.063416212774224,124,31.881
26,126,4.095297506946441,125,31.881
26,127,4.127178801118657,126,31.881
26,128,4.159060095290874,127,31.881
27,1,0.11099784846434642,0,110.998
27,2,0.14281418272347868,1,31.816
27,3,0.17463051698261092,2,31.816
27,4,0.20644685124174317,3,31.816
27,5,0.2382631855008754,4,31.816
27,6,0.27007951976000766,5,31.816
27,7,0.3018958540191399,6,31.816
27,8,0.3337121882782721,7,31.816
27,9,0.3655285225374043,8,31.816
27,10,0.3973448567965365,9,31.816
27,11,0.42916119105566874,10,31.816
27,12,0.46097752531480096,11,31.816
27,13,0.4927938595739332,12,31.816
27,14,0.5246101938330654,13,31.816
27,15,0.5564265280921976,14,31.816
27,16,0.5882428623513298,15,31.816
27,17,0.620059196610462,16,31.816
27,18,0.6518755308695943,17,31.816
27,19,0.6836918651287265,18,31.816
27,20,0.7155081993878587,19,31.816
27,21,0.7473245336469909,20,31.816
27,22,0.7791408679061231,21,31.816
27,23,0.8109572021652554,22,31.816
27,24,0.8427735364243876,23,31.816
27,25,0.8745898706835198,24,31.816
27,26,0.906406204942652,25,31.816
27,27,0.9382225392017842,26,31.816
27,28,0.9700388734609164,27,31.816
27,29,1.0018552077200487,28,31.816
27,30,1.0336715419791809,29,31.816
27,31,1.065487876238313,30,31.816
27,32,1.0973042104974453,31,31.816
27,33,1.1291205447565775,32,31.816
27,34,1.1609368790157097,33,31.816
27,35,1.192753213274842,34,31.816
27,36,1.2245695475339742,35,31.816
27,37,1.2563858817931064,36,31.816
27,38,1.2882022160522386,37,31.816
27,39,1.3200185503113708,38,31.816
27,40,1.351834884570503,39,31.816
27,41,1.3836512188296353,40,31.816
27,42,1.4154675530887675,41,31.816
27,43,1.4472838873478997,42,31.816
27,44,1.479100221607032,43,31.816
27,45,1.5109165558661641,44,31.816
27,46,1.5427328901252964,45,31.816
27,47,1.5745492243844286,46,31.816
27,48,1.6063655586435608,47,31.816
27,49,1.638181892902693,48,31.816
27,50,1.670098436493395,49,31.917
27,51,1.7020149800840971,50,31.917
27,52,1.7339315236747992,51,31.917
27,53,1.7658480672655013,52,31.917
27,54,1.7977646108562033,53,31.917
27,55,1.8296811544469054,54,31.917
27,56,1.8615976980376074,55,31.917
27,57,1.8935142416283095,56,31.917
27,58,1.9254307852190116,57,31.917
27,59,1.9573473288097136,58,31.917
27,60,1.9892638724004157,59,31.917
27,61,2.0211804159911178,60,31.917
27,62,2.05309695958182,61,31.917
27,63,2.085013503172522,62,31.917
27,64,2.116930046763224,63,31.917
27,65,2.148846590353926,64,31.917
27,66,2.180763133944628,65,31.917
27,67,2.21267967753533,66,31.917
27,68,2.244596221126032,67,31.917
27,69,2.2765127647167342,68,31.917
27,70,2.3084293083074363,69,31.917
27,71,2.3403458518981384,70,31.917
27,72,2.3722623954888404,71,31.917
27,73,2.4041789390795425,72,31.917
27,74,2.4360954826702446,73,31.917
27,75,2.4680120262609466,74,31.917
27,76,2.4999285698516487,75,31.917
27,77,2.5318451134423507,76,31.917
27,78,2.563761657033053,77,31.917
27,79,2.595678200623755,78,31.917
27,80,2.627594744214457,79,31.917
27,81,2.659511287805159,80,31.917
27,82,2.691427831395861,81,31.917
27,83,2.723344374986563,82,31.917
27,84,2.755260918577265,83,31.917
27,85,2.7871774621679672,84,31.917
27,86,2.8190940057586693,85,31.917
27,87,2.8510105493493714,86,31.917
27,88,2.8829270929400734,87,31.917
27,89,2.9148436365307755,88,31.917
27,90,2.9467601801214776,89,31.917
27,91,2.9786767237121796,90,31.917
27,92,3.0105932673028817,91,31.917
27,93,3.0425098108935837,92,31.917
27,94,3.074426354484286,93,31.917
27,95,3.106342898074988,94,31.917
27,96,3.13825944166569,95,31.917
27,97,3.170175985256392,96,31.917
27,98,3.202092528847094,97,31.917
27,99,3.234009072437796,98,31.917
27,100,3.265925616028498,99,31.917
27,101,3.2978421596192002,100,31.917
27,102,3.3297587032099023,101,31.917
27,103,3.3616752468006044,102,31.917
27,104,3.3935917903913064,103,31.917
27,105,3.4255083339820085,104,31.917
27,106,3.4574248775727106,105,31.917
27,107,3.4893414211634126,106,31.917
27,108,3.5212579647541147,107,31.917
27,109,3.5531745083448167,108,31.917
27,110,3.585091051935519,109,31.917
27,111,3.617007595526221,110,31.917
27,112,3.648924139116923,111,31.917
27,113,3.680840682707625,112,31.917
27,114,3.7127219768798416,113,31.881
27,115,3.7446032710520583,114,31.881
27,116,3.776484565224275,115,31.881
27,117,3.8083658593964915,116,31.881
27,118,3.840247153568708,117,31.881
27,119,3.872128447740925,118,31.881
27,120,3.9040097419131414,119,31.881
27,121,3.935891036085358,120,31.881
27,122,3.9677723302575747,121,31.881
27,123,3.9996536244297913,122,31.881
27,124,4.0315349186020075,123,31.881
27,125,4.063416212774224,124,31.881
27,126,4.095297506946441,125,31.881
27,127,4.127178801118657,126,31.881
27,128,4.159060095290874,127,31.881
28,1,0.11099784846434642,0,110.998
28,2,0.14281418272347868,1,31.816
28,3,0.17463051698261092,2,31.816
28,4,0.20644685124174317,3,31.816
28,5,0.2382631855008754,4,31.816
28,6,0.27007951976000766,5,31.816
28,7,0.3018958540191399,6,31.816
28,8,0.3337121882782721,7,31.816
28,9,0.3655285225374043,8,31.816
28,10,0.3973448567965365,9,31.816
28,11,0.42916119105566874,10,31.816
28,12,0.46097752531480096,11,31.816
28,13,0.4927938595739332,12,31.816
28,14,0.5246101938330654,13,31.816
28,15,0.5564265280921976,14,31.816
28,16,0.5882428623513298,15,31.816
28,17,0.620059196610462,16,31.816
28,18,0.6518755308695943,17,31.816
28,19,0.6836918651287265,18,31.816
28,20,0.7155081993878587,19,31.816
28,21,0.7473245336469909,20,31.816
28,22,0.7791408679061231,21,31.816
28,23,0.8109572021652554,22,31.816
28,24,0.8427735364243876,23,31.816
28,25,0.8745898706835198,24,31.816
28,26,0.906406204942652,25,31.816
28,27,0.9382225392017842,26,31.816
28,28,0.9700388734609164,27,31.816
28,29,1.0018552077200487,28,31.816
28,30,1.0336715419791809,29,31.816
28,31,1.065487876238313,30,31.816
28,32,1.0973042104974453,31,31.816
28,33,1.1291205447565775,32,31.816
28,34,1.1609368790157097,33,31.816
28,35,1.192753213274842,34,31.816
28,36,1.2245695475339742,35,31.816
28,37,1.2563858817931064,36,31.816
28,38,1.2882022160522386,37,31.816
28,39,1.3200185503113708,38,31.816
28,40,1.351834884570503,39,31.816
28,41,1.3836512188296353,40,31.816
28,42,1.4154675530887675,41,31.816
28,43,1.4472838873478997,42,31.816
28,44,1.479100221607032,43,31.816
28,45,1.5109165558661641,44,31.816
28,46,1.5427328901252964,45,31.816
28,47,1.5745492243844286,46,31.816
28,48,1.6063655586435608,47,31.816
28,49,1.638181892902693,48,31.816
28,50,1.670098436493395,49,31.917
28,51,1.7020149800840971,50,31.917
28,52,1.7339315236747992,51,31.917
28,53,1.7658480672655013,52,31.917
28,54,1.7977646108562033,53,31.917
28,55,1.8296811544469054,54,31.917
28,56,1.8615976980376074,55,31.917
28,57,1.8935142416283095,56,31.917
28,58,1.9254307852190116,57,31.917
28,59,1.9573473288097136,58,31.917
28,60,1.9892638724004157,59,31.917
28,61,2.0211804159911178,60,31.917
28,62,2.05309695958182,61,31.917
28,63,2.085013503172522,62,31.917
28,64,2.116930046763224,63,31.917
28,65,2.148846590353926,64,31.917
28,66,2.180763133944628,65,31.917
28,67,2.21267967753533,66,31.917
28,68,2.244596221126032,67,31.917
28,69,2.2765127647167342,68,31.917
28,70,2.3084293083074363,69,31.917
28,71,2.3403458518981384,70,31.917
28,72,2.3722623954888404,71,31.917
28,73,2.4041789390795425,72,31.917
28,74,2.4360954826702446,73,31.917
28,75,2.4680120262609466,74,31.917
28,76,2.4999285698516487,75,31.917
28,77,2.5318451134423507,76,31.917
28,78,2.563761657033053,77,31.917
28,79,2.595678200623755,78,31.917
28,80,2.627594744214457,79,31.917
28,81,2.659511287805159,80,31.917
28,82,2.691427831395861,81,31.917
28,83,2.723344374986563,82,31.917
28,84,2.755260918577265,83,31.917
28,85,2.7871774621679672,84,31.917
28,86,2.8190940057586693,85,31.917
28,87,2.8510105493493714,86,31.917
28,88,2.8829270929400734,87,31.917
28,89,2.9148436365307755,88,31.917
28,90,2.9467601801214776,89,31.917
28,91,2.9786767237121796,90,31.917
28,92,3.0105932673028817,91,31.917
28,93,3.0425098108935837,92,31.917
28,94,3.074426354484286,93,31.917
28,95,3.106342898074988,94,31.917
28,96,3.13825944166569,95,31.917
28,97,3.170175985256392,96,31.917
28,98,3.202092528847094,97,31.917
28,99,3.234009072437796,98,31.917
28,100,3.265925616028498,99,31.917
28,101,3.2978421596192002,100,31.917
28,102,3.3297587032099023,101,31.917
28,103,3.3616752468006044,102,31.917
28,104,3.3935917903913064,103,31.917
28,105,3.4255083339820085,104,31.917
28,106,3.4574248775727106,105,31.917
28,107,3.4893414211634126,106,31.917
28,108,3.5212579647541147,107,31.917
28,109,3.5531745083448167,108,31.917
28,110,3.585091051935519,109,31.917
28,111,3.617007595526221,110,31.917
28,112,3.648924139116923,111,31.917
28,113,3.680840682707625,112,31.917
28,114,3.7127219768798416,113,31.881
28,115,3.7446032710520583,114,31.881
28,116,3.776484565224275,115,31.881
28,117,3.8083658593964915,116,31.881
28,118,3.840247153568708,117,31.881
28,119,3.872128447740925,118,31.881
28,120,3.9040097419131414,119,31.881
28,121,3.935891036085358,120,31.881
28,122,3.9677723302575747,121,31.881
28,123,3.9996536244297913,122,31.881
28,124,4.0315349186020075,123,31.881
28,125,4.063416212774224,124,31.881
28,126,4.095297506946441,125,31.881
28,127,4.127178801118657,126,31.881
28,128,4.159060095290874,127,31.881
29,1,0.11099784846434642,0,110.998
29,2,0.14281418272347868,1,31.816
29,3,0.17463051698261092,2,31.816
29,4,0.20644685124174317,3,31.816
29,5,0.2382631855008754,4,31.816
29,6,0.27007951976000766,5,31.816
29,7,0.3018958540191399,6,31.816
29,8,0.3337121882782721,7,31.816
29,9,0.3655285225374043,8,31.816
29,10,0.3973448567965365,9,31.816
29,11,0.42916119105566874,10,31.816
29,12,0.46097752531480096,11,31.816
29,13,0.4927938595739332,12,31.816
29,14,0.5246101938330654,13,31.816
29,15,0.5564265280921976,14,31.816
29,16,0.5882428623513298,15,31.816
29,17,0.620059196610462,16,31.816
29,18,0.6518755308695943,17,31.816
29,19,0.6836918651287265,18,31.816
29,20,0.7155081993878587,19,31.816
29,21,0.7473245336469909,20,31.816
29,22,0.7791408679061231,21,31.816
29,23,0.8109572021652554,22,31.816
29,24,0.8427735364243876,23,31.816
29,25,0.8745898706835198,24,31.816
29,26,0.906406204942652,25,31.816
29,27,0.9382225392017842,26,31.816
29,28,0.9700388734609164,27,31.816
29,29,1.0018552077200487,28,31.816
29,30,1.0336715419791809,29,31.816
29,31,1.065487876238313,30,31.816
29,32,1.0973042104974453,31,31.816
29,33,1.1291205447565775,32,31.816
29,34,1.1609368790157097,33,31.816
29,35,1.192753213274842,34,31.816
29,36,1.2245695475339742,35,31.816
29,37,1.2563858817931064,36,31.816
29,38,1.2882022160522386,37,31.816
29,39,1.3200185503113708,38,31.816
29,40,1.351834884570503,39,31.816
29,41,1.3836512188296353,40,31.816
29,42,1.4154675530887675,41,31.816
29,43,1.4472838873478997,42,31.816
29,44,1.479100221607032,43,31.816
29,45,1.5109165558661641,44,31.816
29,46,1.5427328901252964,45,31.816
29,47,1.5745492243844286,46,31.816
29,48,1.6063655586435608,47,31.816
29,49,1.638181892902693,48,31.816
29,50,1.670098436493395,49,31.917
29,51,1.7020149800840971,50,31.917
29,52,1.7339315236747992,51,31.917
29,53,1.7658480672655013,52,31.917
29,54,1.7977646108562033,53,31.917
29,55,1.8296811544469054,54,31.917
29,56,1.8615976980376074,55,31.917
29,57,1.8935142416283095,56,31.917
29,58,1.9254307852190116,57,31.917
29,59,1.9573473288097136,58,31.917
29,60,1.9892638724004157,59,31.917
29,61,2.0211804159911178,60,31.917
29,62,2.05309695958182,61,31.917
29,63,2.085013503172522,62,31.917
29,64,2.116930046763224,63,31.917
29,65,2.148846590353926,64,31.917
29,66,2.180763133944628,65,31.917
29,67,2.21267967753533,66,31.917
29,68,2.244596221126032,67,31.917
29,69,2.2765127647167342,68,31.917
29,70,2.3084293083074363,69,31.917
29,71,2.3403458518981384,70,31.917
29,72,2.3722623954888404,71,31.917
29,73,2.4041789390795425,72,31.917
29,74,2.4360954826702446,73,31.917
29,75,2.4680120262609466,74,31.917
29,76,2.4999285698516487,75,31.917
29,77,2.5318451134423507,76,31.917
29,78,2.563761657033053,77,31.917
29,79,2.595678200623755,78,31.917
29,80,2.627594744214457,79,31.917
29,81,2.659511287805159,80,31.917
29,82,2.691427831395861,81,31.917
29,83,2.723344374986563,82,31.917
29,84,2.755260918577265,83,31.917
29,85,2.7871774621679672,84,31.917
29,86,2.8190940057586693,85,31.917
29,87,2.8510105493493714,86,31.917
29,88,2.8829270929400734,87,31.917
29,89,2.9148436365307755,88,31.917
29,90,2.9467601801214776,89,31.917
29,91,2.9786767237121796,90,31.917
29,92,3.0105932673028817,91,31.917
29,93,3.0425098108935837,92,31.917
29,94,3.074426354484286,93,31.917
29,95,3.106342898074988,94,31.917
29,96,3.13825944166569,95,31.917
29,97,3.170175985256392,96,31.917
29,98,3.202092528847094,97,31.917
29,99,3.234009072437796,98,31.917
29,100,3.265925616028498,99,31.917
29,101,3.2978421596192002,100,31.917
29,102,3.3297587032099023,101,31.917
29,103,3.3616752468006044,102,31.917
29,104,3.3935917903913064,103,31.917
29,105,3.4255083339820085,104,31.917
29,106,3.4574248775727106,105,31.917
29,107,3.4893414211634126,106,31.917
29,108,3.5212579647541147,107,31.917
29,109,3.5531745083448167,108,31.917
29,110,3.585091051935519,109,31.917
29,111,3.617007595526221,110,31.917
29,112,3.648924139116923,111,31.917
29,113,3.680840682707625,112,31.917
29,114,3.7127219768798416,113,31.881
29,115,3.7446032710520583,114,31.881
29,116,3.776484565224275,115,31.881
29,117,3.8083658593964915,116,31.881
29,118,3.840247153568708,117,31.881
29,119,3.872128447740925,118,31.881
29,120,3.9040097419131414,119,31.881
29,121,3.935891036085358,120,31.881
29,122,3.9677723302575747,121,31.881
29,123,3.9996536244297913,122,31.881
29,124,4.0315349186020075,123,31.881
29,125,4.063416212774224,124,31.881
29,126,4.095297506946441,125,31.881
29,127,4.127178801118657,126,31.881
29,128,4.159060095290874,127,31.881
30,1,0.11099784846434642,0,110.998
30,2,0.14281418272347868,1,31.816
30,3,0.17463051698261092,2,31.816
30,4,0.20644685124174317,3,31.816
30,5,0.2382631855008754,4,31.816
30,6,0.27007951976000766,5,31.816
30,7,0.3018958540191399,6,31.816
30,8,0.3337121882782721,7,31.816
30,9,0.3655285225374043,8,31.816
30,10,0.3973448567965365,9,31.816
30,11,0.42916119105566874,10,31.816
30,12,0.46097752531480096,11,31.816
30,13,0.4927938595739332,12,31.816
30,14,0.5246101938330654,13,31.816
30,15,0.5564265280921976,14,31.816
30,16,0.5882428623513298,15,31.816
30,17,0.620059196610462,16,31.816
30,18,0.6518755308695943,17,31.816
30,19,0.6836918651287265,18,31.816
30,20,0.7155081993878587,19,31.816
30,21,0.7473245336469909,20,31.816
30,22,0.7791408679061231,21,31.816
30,23,0.8109572021652554,22,31.816
30,24,0.8427735364243876,23,31.816
30,25,0.8745898706835198,24,31.816
30,26,0.906406204942652,25,31.816
30,27,0.9382225392017842,26,31.816
30,28,0.9700388734609164,27,31.816
30,29,1.0018552077200487,28,31.816
30,30,1.0336715419791809,29,31.816
30,31,1.065487876238313,30,31.816
30,32,1.0973042104974453,31,31.816
30,33,1.1291205447565775,32,31.816
30,34,1.1609368790157097,33,31.816
30,35,1.192753213274842,34,31.816
30,36,1.2245695475339742,35,31.816
30,37,1.2563858817931064,36,31.816
30,38,1.2882022160522386,37,31.816
30,39,1.3200185503113708,38,31.816
30,40,1.351834884570503,39,31.816
30,41,1.3836512188296353,40,31.816
30,42,1.4154675530887675,41,31.816
30,43,1.4472838873478997,42,31.816
30,44,1.479100221607032,43,31.816
30,45,1.5109165558661641,44,31.816
30,46,1.5427328901252964,45,31.816
30,47,1.5745492243844286,46,31.816
30,48,1.6063655586435608,47,31.816
30,49,1.638181892902693,48,31.816
30,50,1.670098436493395,49,31.917
30,51,1.7020149800840971,50,31.917
30,52,1.7339315236747992,51,31.917
30,53,1.7658480672655013,52,31.917
30,54,1.7977646108562033,53,31.917
30,55,1.8296811544469054,54,31.917
30,56,1.8615976980376074,55,31.917
30,57,1.8935142416283095,56,31.917
30,58,1.9254307852190116,57,31.917
30,59,1.9573473288097136,58,31.917
30,60,1.9892638724004157,59,31.917
30,61,2.0211804159911178,60,31.917
30,62,2.05309695958182,61,31.917
30,63,2.085013503172522,62,31.917
30,64,2.116930046763224,63,31.917
30,65,2.148846590353926,64,31.917
30,66,2.180763133944628,65,31.917
30,67,2.21267967753533,66,31.917
30,68,2.244596221126032,67,31.917
30,69,2.2765127647167342,68,31.917
30,70,2.3084293083074363,69,31.917
30,71,2.3403458518981384,70,31.917
30,72,2.3722623954888404,71,31.917
30,73,2.4041789390795425,72,31.917
30,74,2.4360954826702446,73,31.917
30,75,2.4680120262609466,74,31.917
30,76,2.4999285698516487,75,31.917
30,77,2.5318451134423507,76,31.917
30,78,2.563761657033053,77,31.917
30,79,2.595678200623755,78,31.917
30,80,2.627594744214457,79,31.917
30,81,2.659511287805159,80,31.917
30,82,2.691427831395861,81,31.917
30,83,2.723344374986563,82,31.917
30,84,2.755260918577265,83,31.917
30,85,2.7871774621679672,84,31.917
30,86,2.8190940057586693,85,31.917
30,87,2.8510105493493714,86,31.917
30,88,2.8829270929400734,87,31.917
30,89,2.9148436365307755,88,31.917
30,90,2.9467601801214776,89,31.917
30,91,2.9786767237121796,90,31.917
30,92,3.0105932673028817,91,31.917
30,93,3.0425098108935837,92,31.917
30,94,3.074426354484286,93,31.917
30,95,3.106342898074988,94,31.917
30,96,3.13825944166569,95,31.917
30,97,3.170175985256392,96,31.917
30,98,3.202092528847094,97,31.917
30,99,3.234009072437796,98,31.917
30,100,3.265925616028498,99,31.917
30,101,3.2978421596192002,100,31.917
30,102,3.3297587032099023,101,31.917
30,103,3.3616752468006044,102,31.917
30,104,3.3935917903913064,103,31.917
30,105,3.4255083339820085,104,31.917
30,106,3.4574248775727106,105,31.917
30,107,3.4893414211634126,106,31.917
30,108,3.5212579647541147,107,31.917
30,109,3.5531745083448167,108,31.917
30,110,3.585091051935519,109,31.917
30,111,3.617007595526221,110,31.917
30,112,3.648924139116923,111,31.917
30,113,3.680840682707625,112,31.917
30,114,3.7127219768798416,113,31.881
30,115,3.7446032710520583,114,31.881
30,116,3.776484565224275,115,31.881
30,117,3.8083658593964915,116,31.881
30,118,3.840247153568708,117,31.881
30,119,3.872128447740925,118,31.881
30,120,3.9040097419131414,119,31.881
30,121,3.935891036085358,120,31.881
30,122,3.9677723302575747,121,31.881
30,123,3.9996536244297913,122,31.881
30,124,4.0315349186020075,123,31.881
30,125,4.063416212774224,124,31.881
30,126,4.095297506946441,125,31.881
30,127,4.127178801118657,126,31.881
30,128,4.159060095290874,127,31.881
31,1,0.11099784846434642,0,110.998
31,2,0.14281418272347868,1,31.816
31,3,0.17463051698261092,2,31.816
31,4,0.20644685124174317,3,31.816
31,5,0.2382631855008754,4,31.816
31,6,0.27007951976000766,5,31.816
31,7,0.3018958540191399,6,31.816
31,8,0.3337121882782721,7,31.816
31,9,0.3655285225374043,8,31.816
31,10,0.3973448567965365,9,31.816
31,11,0.42916119105566874,10,31.816
31,12,0.46097752531480096,11,31.816
31,13,0.4927938595739332,12,31.816
31,14,0.5246101938330654,13,31.816
31,15,0.5564265280921976,14,31.816
31,16,0.5882428623513298,15,31.816
31,17,0.620059196610462,16,31.816
31,18,0.6518755308695943,17,31.816
31,19,0.6836918651287265,18,31.816
31,20,0.7155081993878587,19,31.816
31,21,0.7473245336469909,20,31.816
31,22,0.7791408679061231,21,31.816
31,23,0.8109572021652554,22,31.816
31,24,0.8427735364243876,23,31.816
31,25,0.8745898706835198,24,31.816
31,26,0.906406204942652,25,31.816
31,27,0.9382225392017842,26,31.816
31,28,0.9700388734609164,27,31.816
31,29,1.0018552077200487,28,31.816
31,30,1.0336715419791809,29,31.816
31,31,1.065487876238313,30,31.816
31,32,1.0973042104974453,31,31.816
31,33,1.1291205447565775,32,31.816
31,34,1.1609368790157097,33,31.816
31,35,1.192753213274842,34,31.816
31,36,1.2245695475339742,35,31.816
31,37,1.2563858817931064,36,31.816
31,38,1.2882022160522386,37,31.816
31,39,1.3200185503113708,38,31.816
31,40,1.351834884570503,39,31.816
31,41,1.3836512188296353,40,31.816
31,42,1.4154675530887675,41,31.816
31,43,1.4472838873478997,42,31.816
31,44,1.479100221607032,43,31.816
31,45,1.5109165558661641,44,31.816
31,46,1.5427328901252964,45,31.816
31,47,1.5745492243844286,46,31.816
31,48,1.6063655586435608,47,31.816
31,49,1.638181892902693,48,31.816
31,50,1.670098436493395,49,31.917
31,51,1.7020149800840971,50,31.917
31,52,1.7339315236747992,51,31.917
31,53,1.7658480672655013,52,31.917
31,54,1.7977646108562033,53,31.917
31,55,1.8296811544469054,54,31.917
31,56,1.8615976980376074,55,31.917
31,57,1.8935142416283095,56,31.917
31,58,1.9254307852190116,57,31.917
31,59,1.9573473288097136,58,31.917
31,60,1.9892638724004157,59,31.917
31,61,2.0211804159911178,60,31.917
31,62,2.05309695958182,61,31.917
31,63,2.085013503172522,62,31.917
31,64,2.116930046763224,63,31.917
31,65,2.148846590353926,64,31.917
31,66,2.180763133944628,65,31.917
31,67,2.21267967753533,66,31.917
31,68,2.244596221126032,67,31.917
31,69,2.2765127647167342,68,31.917
31,70,2.3084293083074363,69,31.917
31,71,2.3403458518981384,70,31.917
31,72,2.3722623954888404,71,31.917
31,73,2.4041789390795425,72,31.917
31,74,2.4360954826702446,73,31.917
31,75,2.4680120262609466,74,31.917
31,76,2.4999285698516487,75,31.917
31,77,2.5318451134423507,76,31.917
31,78,2.563761657033053,77,31.917
31,79,2.595678200623755,78,31.917
31,80,2.627594744214457,79,31.917
31,81,2.659511287805159,80,31.917
31,82,2.691427831395861,81,31.917
31,83,2.723344374986563,82,31.917
31,84,2.755260918577265,83,31.917
31,85,2.7871774621679672,84,31.917
31,86,2.8190940057586693,85,31.917
31,87,2.8510105493493714,86,31.917
31,88,2.8829270929400734,87,31.917
31,89,2.9148436365307755,88,31.917
31,90,2.9467601801214776,89,31.917
31,91,2.9786767237121796,90,31.917
31,92,3.0105932673028817,91,31.917
31,93,3.0425098108935837,92,31.917
31,94,3.074426354484286,93,31.917
31,95,3.106342898074988,94,31.917
31,96,3.13825944166569,95,31.917
31,97,3.170175985256392,96,31.917
31,98,3.202092528847094,97,31.917
31,99,3.234009072437796,98,31.917
31,100,3.265925616028498,99,31.917
31,101,3.2978421596192002,100,31.917
31,102,3.3297587032099023,101,31.917
31,103,3.3616752468006044,102,31.917
31,104,3.3935917903913064,103,31.917
31,105,3.4255083339820085,104,31.917
31,106,3.4574248775727106,105,31.917
31,107,3.4893414211634126,106,31.917
31,108,3.5212579647541147,107,31.917
31,109,3.5531745083448167,108,31.917
31,110,3.585091051935519,109,31.917
31,111,3.617007595526221,110,31.917
31,112,3.648924139116923,111,31.917
31,113,3.680840682707625,112,31.917
31,114,3.7127219768798416,113,31.881
31,115,3.7446032710520583,114,31.881
31,116,3.776484565224275,115,31.881
31,117,3.8083658593964915,116,31.881
31,118,3.840247153568708,117,31.881
31,119,3.872128447740925,118,31.881
31,120,3.9040097419131414,119,31.881
31,121,3.935891036085358,120,31.881
31,122,3.9677723302575747,121,31.881
31,123,3.9996536244297913,122,31.881
31,124,4.0315349186020075,123,31.881
31,125,4.063416212774224,124,31.881
31,126,4.095297506946441,125,31.881
31,127,4.127178801118657,126,31.881
31,128,4.159060095290874,127,31.881
32,1,0.11099784846434642,0,110.998
32,2,0.14281418272347868,1,31.816
32,3,0.17463051698261092,2,31.816
32,4,0.20644685124174317,3,31.816
32,5,0.2382631855008754,4,31.816
32,6,0.27007951976000766,5,31.816
32,7,0.3018958540191399,6,31.816
32,8,0.3337121882782721,7,31.816
32,9,0.3655285225374043,8,31.816
32,10,0.3973448567965365,9,31.816
32,11,0.42916119105566874,10,31.816
32,12,0.46097752531480096,11,31.816
32,13,0.4927938595739332,12,31.816
32,14,0.5246101938330654,13,31.816
32,15,0.5564265280921976,14,31.816
32,16,0.5882428623513298,15,31.816
32,17,0.620059196610462,16,31.816
32,18,0.6518755308695943,17,31.816
32,19,0.6836918651287265,18,31.816
32,20,0.7155081993878587,19,31.816
32,21,0.7473245336469909,20,31.816
32,22,0.7791408679061231,21,31.816
32,23,0.8109572021652554,22,31.816
32,24,0.8427735364243876,23,31.816
32,25,0.8745898706835198,24,31.816
32,26,0.906406204942652,25,31.816
32,27,0.9382225392017842,26,31.816
32,28,0.9700388734609164,27,31.816
32,29,1.0018552077200487,28,31.816
32,30,1.0336715419791809,29,31.816
32,31,1.065487876238313,30,31.816
32,32,1.0973042104974453,31,31.816
32,33,1.1291205447565775,32,31.816
32,34,1.1609368790157097,33,31.816
32,35,1.192753213274842,34,31.816
32,36,1.2245695475339742,35,31.816
32,37,1.2563858817931064,36,31.816
32,38,1.2882022160522386,37,31.816
32,39,1.3200185503113708,38,31.816
32,40,1.351834884570503,39,31.816
32,41,1.3836512188296353,40,31.816
32,42,1.4154675530887675,41,31.816
32,43,1.4472838873478997,42,31.816
32,44,1.479100221607032,43,31.816
32,45,1.5109165558661641,44,31.816
32,46,1.5427328901252964,45,31.816
32,47,1.5745492243844286,46,31.816
32,48,1.6063655586435608,47,31.816
32,49,1.638181892902693,48,31.816
32,50,1.670098436493395,49,31.917
32,51,1.7020149800840971,50,31.917
32,52,1.7339315236747992,51,31.917
32,53,1.7658480672655013,52,31.917
32,54,1.7977646108562033,53,31.917
32,55,1.8296811544469054,54,31.917
32,56,1.8615976980376074,55,31.917
32,57,1.8935142416283095,56,31.917
32,58,1.9254307852190116,57,31.917
32,59,1.9573473288097136,58,31.917
32,60,1.9892638724004157,59,31.917
32,61,2.0211804159911178,60,31.917
32,62,2.05309695958182,61,31.917
32,63,2.085013503172522,62,31.917
32,64,2.116930046763224,63,31.917
32,65,2.148846590353926,64,31.917
32,66,2.180763133944628,65,31.917
32,67,2.21267967753533,66,31.917
32,68,2.244596221126032,67,31.917
32,69,2.2765127647167342,68,31.917
32,70,2.3084293083074363,69,31.917
32,71,2.3403458518981384,70,31.917
32,72,2.3722623954888404,71,31.917
32,73,2.4041789390795425,72,31.917
32,74,2.4360954826702446,73,31.917
32,75,2.4680120262609466,74,31.917
32,76,2.4999285698516487,75,31.917
32,77,2.5318451134423507,76,31.917
32,78,2.563761657033053,77,31.917
32,79,2.595678200623755,78,31.917
32,80,2.627594744214457,79,31.917
32,81,2.659511287805159,80,31.917
32,82,2.691427831395861,81,31.917
32,83,2.723344374986563,82,31.917
32,84,2.755260918577265,83,31.917
32,85,2.7871774621679672,84,31.917
32,86,2.8190940057586693,85,31.917
32,87,2.8510105493493714,86,31.917
32,88,2.8829270929400734,87,31.917
32,89,2.9148436365307755,88,31.917
32,90,2.9467601801214776,89,31.917
32,91,2.9786767237121796,90,31.917
32,92,3.0105932673028817,91,31.917
32,93,3.0425098108935837,92,31.917
32,94,3.074426354484286,93,31.917
32,95,3.106342898074988,94,31.917
32,96,3.13825944166569,95,31.917
32,97,3.170175985256392,96,31.917
32,98,3.202092528847094,97,31.917
32,99,3.234009072437796,98,31.917
32,100,3.265925616028498,99,31.917
32,101,3.2978421596192002,100,31.917
32,102,3.3297587032099023,101,31.917
32,103,3.3616752468006044,102,31.917
32,104,3.3935917903913064,103,31.917
32,105,3.4255083339820085,104,31.917
32,106,3.4574248775727106,105,31.917
32,107,3.4893414211634126,106,31.917
32,108,3.5212579647541147,107,31.917
32,109,3.5531745083448167,108,31.917
32,110,3.585091051935519,109,31.917
32,111,3.617007595526221,110,31.917
32,112,3.648924139116923,111,31.917
32,113,3.680840682707625,112,31.917
32,114,3.7127219768798416,113,31.881
32,115,3.7446032710520583,114,31.881
32,116,3.776484565224275,115,31.881
32,117,3.8083658593964915,116,31.881
32,118,3.840247153568708,117,31.881
32,119,3.872128447740925,118,31.881
32,120,3.9040097419131414,119,31.881
32,121,3.935891036085358,120,31.881
32,122,3.9677723302575747,121,31.881
32,123,3.9996536244297913,122,31.881
32,124,4.0315349186020075,123,31.881
32,125,4.063416212774224,124,31.881
32,126,4.095297506946441,125,31.881
32,127,4.127178801118657,126,31.881
32,128,4.159060095290874,127,31.881
33,1,0.11099784846434642,0,110.998
33,2,0.14281418272347868,1,31.816
33,3,0.17463051698261092,2,31.816
33,4,0.20644685124174317,3,31.816
33,5,0.2382631855008754,4,31.816
33,6,0.27007951976000766,5,31.816
33,7,0.3018958540191399,6,31.816
33,8,0.3337121882782721,7,31.816
33,9,0.3655285225374043,8,31.816
33,10,0.3973448567965365,9,31.816
33,11,0.42916119105566874,10,31.816
33,12,0.46097752531480096,11,31.816
33,13,0.4927938595739332,12,31.816
33,14,0.5246101938330654,13,31.816
33,15,0.5564265280921976,14,31.816
33,16,0.5882428623513298,15,31.816
33,17,0.620059196610462,16,31.816
33,18,0.6518755308695943,17,31.816
33,19,0.6836918651287265,18,31.816
33,20,0.7155081993878587,19,31.816
33,21,0.7473245336469909,20,31.816
33,22,0.7791408679061231,21,31.816
33,23,0.8109572021652554,22,31.816
33,24,0.8427735364243876,23,31.816
33,25,0.8745898706835198,24,31.816
33,26,0.906406204942652,25,31.816
33,27,0.9382225392017842,26,31.816
33,28,0.9700388734609164,27,31.816
33,29,1.0018552077200487,28,31.816
33,30,1.0336715419791809,29,31.816
33,31,1.065487876238313,30,31.816
33,32,1.0973042104974453,31,31.816
33,33,1.1291205447565775,32,31.816
33,34,1.1609368790157097,33,31.816
33,35,1.192753213274842,34,31.816
33,36,1.2245695475339742,35,31.816
33,37,1.2563858817931064,36,31.816
33,38,1.2882022160522386,37,31.816
33,39,1.3200185503113708,38,31.816
33,40,1.351834884570503,39,31.816
33,41,1.3836512188296353,40,31.816
33,42,1.4154675530887675,41,31.816
33,43,1.4472838873478997,42,31.816
33,44,1.479100221607032,43,31.816
33,45,1.5109165558661641,44,31.816
33,46,1.5427328901252964,45,31.816
33,47,1.5745492243844286,46,31.816
33,48,1.6063655586435608,47,31.816
33,49,1.638181892902693,48,31.816
33,50,1.670098436493395,49,31.917
33,51,1.7020149800840971,50,31.917
33,52,1.7339315236747992,51,31.917
33,53,1.7658480672655013,52,31.917
33,54,1.7977646108562033,53,31.917
33,55,1.8296811544469054,54,31.917
33,56,1.8615976980376074,55,31.917
33,57,1.8935142416283095,56,31.917
33,58,1.9254307852190116,57,31.917
33,59,1.9573473288097136,58,31.917
33,60,1.9892638724004157,59,31.917
33,61,2.0211804159911178,60,31.917
33,62,2.05309695958182,61,31.917
33,63,2.085013503172522,62,31.917
33,64,2.116930046763224,63,31.917
33,65,2.148846590353926,64,31.917
33,66,2.180763133944628,65,31.917
33,67,2.21267967753533,66,31.917
33,68,2.244596221126032,67,31.917
33,69,2.2765127647167342,68,31.917
33,70,2.3084293083074363,69,31.917
33,71,2.3403458518981384,70,31.917
33,72,2.3722623954888404,71,31.917
33,73,2.4041789390795425,72,31.917
33,74,2.4360954826702446,73,31.917
33,75,2.4680120262609466,74,31.917
33,76,2.4999285698516487,75,31.917
33,77,2.5318451134423507,76,31.917
33,78,2.563761657033053,77,31.917
33,79,2.595678200623755,78,31.917
33,80,2.627594744214457,79,31.917
33,81,2.659511287805159,80,31.917
33,82,2.691427831395861,81,31.917
33,83,2.723344374986563,82,31.917
33,84,2.755260918577265,83,31.917
33,85,2.7871774621679672,84,31.917
33,86,2.8190940057586693,85,31.917
33,87,2.8510105493493714,86,31.917
33,88,2.8829270929400734,87,31.917
33,89,2.9148436365307755,88,31.917
33,90,2.9467601801214776,89,31.917
33,91,2.9786767237121796,90,31.917
33,92,3.0105932673028817,91,31.917
33,93,3.0425098108935837,92,31.917
33,94,3.074426354484286,93,31.917
33,95,3.106342898074988,94,31.917
33,96,3.13825944166569,95,31.917
33,97,3.170175985256392,96,31.917
33,98,3.202092528847094,97,31.917
33,99,3.234009072437796,98,31.917
33,100,3.265925616028498,99,31.917
33,101,3.2978421596192002,100,31.917
33,102,3.3297587032099023,101,31.917
33,103,3.3616752468006044,102,31.917
33,104,3.3935917903913064,103,31.917
33,105,3.4255083339820085,104,31.917
33,106,3.4574248775727106,105,31.917
33,107,3.4893414211634126,106,31.917
33,108,3.5212579647541147,107,31.917
33,109,3.5531745083448167,108,31.917
33,110,3.585091051935519,109,31.917
33,111,3.617007595526221,110,31.917
33,112,3.648924139116923,111,31.917
33,113,3.680840682707625,112,31.917
33,114,3.7127219768798416,113,31.881
33,115,3.7446032710520583,114,31.881
33,116,3.776484565224275,115,31.881
33,117,3.8083658593964915,116,31.881
33,118,3.840247153568708,117,31.881
33,119,3.872128447740925,118,31.881
33,120,3.9040097419131414,119,31.881
33,121,3.935891036085358,120,31.881
33,122,3.9677723302575747,121,31.881
33,123,3.9996536244297913,122,31.881
33,124,4.0315349186020075,123,31.881
33,125,4.063416212774224,124,31.881
33,126,4.095297506946441,125,31.881
33,127,4.127178801118657,126,31.881
33,128,4.159060095290874,127,31.881
34,1,0.11099784846434642,0,110.998
34,2,0.14281418272347868,1,31.816
34,3,0.17463051698261092,2,31.816
34,4,0.20644685124174317,3,31.816
34,5,0.2382631855008754,4,31.816
34,6,0.27007951976000766,5,31.816
34,7,0.3018958540191399,6,31.816
34,8,0.3337121882782721,7,31.816
34,9,0.3655285225374043,8,31.816
34,10,0.3973448567965365,9,31.816
34,11,0.42916119105566874,10,31.816
34,12,0.46097752531480096,11,31.816
34,13,0.4927938595739332,12,31.816
34,14,0.5246101938330654,13,31.816
34,15,0.5564265280921976,14,31.816
34,16,0.5882428623513298,15,31.816
34,17,0.620059196610462,16,31.816
34,18,0.6518755308695943,17,31.816
34,19,0.6836918651287265,18,31.816
34,20,0.7155081993878587,19,31.816
34,21,0.7473245336469909,20,31.816
34,22,0.7791408679061231,21,31.816
34,23,0.8109572021652554,22,31.816
34,24,0.8427735364243876,23,31.816
34,25,0.8745898706835198,24,31.816
34,26,0.906406204942652,25,31.816
34,27,0.9382225392017842,26,31.816
34,28,0.9700388734609164,27,31.816
34,29,1.0018552077200487,28,31.816
34,30,1.0336715419791809,29,31.816
34,31,1.065487876238313,30,31.816
34,32,1.0973042104974453,31,31.816
34,33,1.1291205447565775,32,31.816
34,34,1.1609368790157097,33,31.816
34,35,1.192753213274842,34,31.816
34,36,1.2245695475339742,35,31.816
34,37,1.2563858817931064,36,31.816
34,38,1.2882022160522386,37,31.816
34,39,1.3200185503113708,38,31.816
34,40,1.351834884570503,39,31.816
34,41,1.3836512188296353,40,31.816
34,42,1.4154675530887675,41,31.816
34,43,1.4472838873478997,42,31.816
34,44,1.479100221607032,43,31.816
34,45,1.5109165558661641,44,31.816
34,46,1.5427328901252964,45,31.816
34,47,1.5745492243844286,46,31.816
34,48,1.6063655586435608,47,31.816
34,49,1.638181892902693,48,31.816
34,50,1.670098436493395,49,31.917
34,51,1.7020149800840971,50,31.917
34,52,1.7339315236747992,51,31.917
34,53,1.7658480672655013,52,31.917
34,54,1.7977646108562033,53,31.917
34,55,1.8296811544469054,54,31.917
34,56,1.8615976980376074,55,31.917
34,57,1.8935142416283095,56,31.917
34,58,1.9254307852190116,57,31.917
34,59,1.9573473288097136,58,31.917
34,60,1.9892638724004157,59,31.917
34,61,2.0211804159911178,60,31.917
34,62,2.05309695958182,61,31.917
34,63,2.085013503172522,62,31.917
34,64,2.116930046763224,63,31.917
34,65,2.148846590353926,64,31.917
34,66,2.180763133944628,65,31.917
34,67,2.21267967753533,66,31.917
34,68,2.244596221126032,67,31.917
34,69,2.2765127647167342,68,31.917
34,70,2.3084293083074363,69,31.917
34,71,2.3403458518981384,70,31.917
34,72,2.3722623954888404,71,31.917
34,73,2.4041789390795425,72,31.917
34,74,2.4360954826702446,73,31.917
34,75,2.4680120262609466,74,31.917
34,76,2.4999285698516487,75,31.917
34,77,2.5318451134423507,76,31.917
34,78,2.563761657033053,77,31.917
34,79,2.595678200623755,78,31.917
34,80,2.627594744214457,79,31.917
34,81,2.659511287805159,80,31.917
34,82,2.691427831395861,81,31.917
34,83,2.723344374986563,82,31.917
34,84,2.755260918577265,83,31.917
34,85,2.7871774621679672,84,31.917
34,86,2.8190940057586693,85,31.917
34,87,2.8510105493493714,86,31.917
34,88,2.8829270929400734,87,31.917
34,89,2.9148436365307755,88,31.917
34,90,2.9467601801214776,89,31.917
34,91,2.9786767237121796,90,31.917
34,92,3.0105932673028817,91,31.917
34,93,3.0425098108935837,92,31.917
34,94,3.074426354484286,93,31.917
34,95,3.106342898074988,94,31.917
34,96,3.13825944166569,95,31.917
34,97,3.170175985256392,96,31.917
34,98,3.202092528847094,97,31.917
34,99,3.234009072437796,98,31.917
34,100,3.265925616028498,99,31.917
34,101,3.2978421596192002,100,31.917
34,102,3.3297587032099023,101,31.917
34,103,3.3616752468006044,102,31.917
34,104,3.3935917903913064,103,31.917
34,105,3.4255083339820085,104,31.917
34,106,3.4574248775727106,105,31.917
34,107,3.4893414211634126,106,31.917
34,108,3.5212579647541147,107,31.917
34,109,3.5531745083448167,108,31.917
34,110,3.585091051935519,109,31.917
34,111,3.617007595526221,110,31.917
34,112,3.648924139116923,111,31.917
34,113,3.680840682707625,112,31.917
34,114,3.7127219768798416,113,31.881
34,115,3.7446032710520583,114,31.881
34,116,3.776484565224275,115,31.881
34,117,3.8083658593964915,116,31.881
34,118,3.840247153568708,117,31.881
34,119,3.872128447740925,118,31.881
34,120,3.9040097419131414,119,31.881
34,121,3.935891036085358,120,31.881
34,122,3.9677723302575747,121,31.881
34,123,3.9996536244297913,122,31.881
34,124,4.0315349186020075,123,31.881
34,125,4.063416212774224,124,31.881
34,126,4.095297506946441,125,31.881
34,127,4.127178801118657,126,31.881
34,128,4.159060095290874,127,31.881
35,1,0.11099784846434642,0,110.998
35,2,0.14281418272347868,1,31.816
35,3,0.17463051698261092,2,31.816
35,4,0.20644685124174317,3,31.816
35,5,0.2382631855008754,4,31.816
35,6,0.27007951976000766,5,31.816
35,7,0.3018958540191399,6,31.816
35,8,0.3337121882782721,7,31.816
35,9,0.3655285225374043,8,31.816
35,10,0.3973448567965365,9,31.816
35,11,0.42916119105566874,10,31.816
35,12,0.46097752531480096,11,31.816
35,13,0.4927938595739332,12,31.816
35,14,0.5246101938330654,13,31.816
35,15,0.5564265280921976,14,31.816
35,16,0.5882428623513298,15,31.816
35,17,0.620059196610462,16,31.816
35,18,0.6518755308695943,17,31.816
35,19,0.6836918651287265,18,31.816
35,20,0.7155081993878587,19,31.816
35,21,0.7473245336469909,20,31.816
35,22,0.7791408679061231,21,31.816
35,23,0.8109572021652554,22,31.816
35,24,0.8427735364243876,23,31.816
35,25,0.8745898706835198,24,31.816
35,26,0.906406204942652,25,31.816
35,27,0.9382225392017842,26,31.816
35,28,0.9700388734609164,27,31.816
35,29,1.0018552077200487,28,31.816
35,30,1.0336715419791809,29,31.816
35,31,1.065487876238313,30,31.816
35,32,1.0973042104974453,31,31.816
35,33,1.1291205447565775,32,31.816
35,34,1.1609368790157097,33,31.816
35,35,1.192753213274842,34,31.816
35,36,1.2245695475339742,35,31.816
35,37,1.2563858817931064,36,31.816
35,38,1.2882022160522386,37,31.816
35,39,1.3200185503113708,38,31.816
35,40,1.351834884570503,39,31.816
35,41,1.3836512188296353,40,31.816
35,42,1.4154675530887675,41,31.816
35,43,1.4472838873478997,42,31.816
35,44,1.479100221607032,43,31.816
35,45,1.5109165558661641,44,31.816
35,46,1.5427328901252964,45,31.816
35,47,1.5745492243844286,46,31.816
35,48,1.6063655586435608,47,31.816
35,49,1.638181892902693,48,31.816
35,50,1.670098436493395,49,31.917
35,51,1.7020149800840971,50,31.917
35,52,1.7339315236747992,51,31.917
35,53,1.7658480672655013,52,31.917
35,54,1.7977646108562033,53,31.917
35,55,1.8296811544469054,54,31.917
35,56,1.8615976980376074,55,31.917
35,57,1.8935142416283095,56,31.917
35,58,1.9254307852190116,57,31.917
35,59,1.9573473288097136,58,31.917
35,60,1.9892638724004157,59,31.917
35,61,2.0211804159911178,60,31.917
35,62,2.05309695958182,61,31.917
35,63,2.085013503172522,62,31.917
35,64,2.116930046763224,63,31.917
35,65,2.148846590353926,64,31.917
35,66,2.180763133944628,65,31.917
35,67,2.21267967753533,66,31.917
35,68,2.244596221126032,67,31.917
35,69,2.2765127647167342,68,31.917
35,70,2.3084293083074363,69,31.917
35,71,2.3403458518981384,70,31.917
35,72,2.3722623954888404,71,31.917
35,73,2.4041789390795425,72,31.917
35,74,2.4360954826702446,73,31.917
35,75,2.4680120262609466,74,31.917
35,76,2.4999285698516487,75,31.917
35,77,2.5318451134423507,76,31.917
35,78,2.563761657033053,77,31.917
35,79,2.595678200623755,78,31.917
35,80,2.627594744214457,79,31.917
35,81,2.659511287805159,80,31.917
35,82,2.691427831395861,81,31.917
35,83,2.723344374986563,82,31.917
35,84,2.755260918577265,83,31.917
35,85,2.7871774621679672,84,31.917
35,86,2.8190940057586693,85,31.917
35,87,2.8510105493493714,86,31.917
35,88,2.8829270929400734,87,31.917
35,89,2.9148436365307755,88,31.917
35,90,2.9467601801214776,89,31.917
35,91,2.9786767237121796,90,31.917
35,92,3.0105932673028817,91,31.917
35,93,3.0425098108935837,92,31.917
35,94,3.074426354484286,93,31.917
35,95,3.106342898074988,94,31.917
35,96,3.13825944166569,95,31.917
35,97,3.170175985256392,96,31.917
35,98,3.202092528847094,97,31.917
35,99,3.234009072437796,98,31.917
35,100,3.265925616028498,99,31.917
35,101,3.2978421596192002,100,31.917
35,102,3.3297587032099023,101,31.917
35,103,3.3616752468006044,102,31.917
35,104,3.3935917903913064,103,31.917
35,105,3.4255083339820085,104,31.917
35,106,3.4574248775727106,105,31.917
35,107,3.4893414211634126,106,31.917
35,108,3.5212579647541147,107,31.917
35,109,3.5531745083448167,108,31.917
35,110,3.585091051935519,109,31.917
35,111,3.617007595526221,110,31.917
35,112,3.648924139116923,111,31.917
35,113,3.680840682707625,112,31.917
35,114,3.7127219768798416,113,31.881
35,115,3.7446032710520583,114,31.881
35,116,3.776484565224275,115,31.881
35,117,3.8083658593964915,116,31.881
35,118,3.840247153568708,117,31.881
35,119,3.872128447740925,118,31.881
35,120,3.9040097419131414,119,31.881
35,121,3.935891036085358,120,31.881
35,122,3.9677723302575747,121,31.881
35,123,3.9996536244297913,122,31.881
35,124,4.0315349186020075,123,31.881
35,125,4.063416212774224,124,31.881
35,126,4.095297506946441,125,31.881
35,127,4.127178801118657,126,31.881
35,128,4.159060095290874,127,31.881
36,1,0.11099784846434642,0,110.998
36,2,0.14281418272347868,1,31.816
36,3,0.17463051698261092,2,31.816
36,4,0.20644685124174317,3,31.816
36,5,0.2382631855008754,4,31.816
36,6,0.27007951976000766,5,31.816
36,7,0.3018958540191399,6,31.816
36,8,0.3337121882782721,7,31.816
36,9,0.3655285225374043,8,31.816
36,10,0.3973448567965365,9,31.816
36,11,0.42916119105566874,10,31.816
36,12,0.46097752531480096,11,31.816
36,13,0.4927938595739332,12,31.816
36,14,0.5246101938330654,13,31.816
36,15,0.5564265280921976,14,31.816
36,16,0.5882428623513298,15,31.816
36,17,0.620059196610462,16,31.816
36,18,0.6518755308695943,17,31.816
36,19,0.6836918651287265,18,31.816
36,20,0.7155081993878587,19,31.816
36,21,0.7473245336469909,20,31.816
36,22,0.7791408679061231,21,31.816
36,23,0.8109572021652554,22,31.816
36,24,0.8427735364243876,23,31.816
36,25,0.8745898706835198,24,31.816
36,26,0.906406204942652,25,31.816
36,27,0.9382225392017842,26,31.816
36,28,0.9700388734609164,27,31.816
36,29,1.0018552077200487,28,31.816
36,30,1.0336715419791809,29,31.816
36,31,1.065487876238313,30,31.816
36,32,1.0973042104974453,31,31.816
36,33,1.1291205447565775,32,31.816
36,34,1.1609368790157097,33,31.816
36,35,1.192753213274842,34,31.816
36,36,1.2245695475339742,35,31.816
36,37,1.2563858817931064,36,31.816
36,38,1.2882022160522386,37,31.816
36,39,1.3200185503113708,38,31.816
36,40,1.351834884570503,39,31.816
36,41,1.3836512188296353,40,31.816
36,42,1.4154675530887675,41,31.816
36,43,1.4472838873478997,42,31.816
36,44,1.479100221607032,43,31.816
36,45,1.5109165558661641,44,31.816
36,46,1.5427328901252964,45,31.816
36,47,1.5745492243844286,46,31.816
36,48,1.6063655586435608,47,31.816
36,49,1.638181892902693,48,31.816
36,50,1.670098436493395,49,31.917
36,51,1.7020149800840971,50,31.917
36,52,1.7339315236747992,51,31.917
36,53,1.7658480672655013,52,31.917
36,54,1.7977646108562033,53,31.917
36,55,1.8296811544469054,54,31.917
36,56,1.8615976980376074,55,31.917
36,57,1.8935142416283095,56,31.917
36,58,1.9254307852190116,57,31.917
36,59,1.9573473288097136,58,31.917
36,60,1.9892638724004157,59,31.917
36,61,2.0211804159911178,60,31.917
36,62,2.05309695958182,61,31.917
36,63,2.085013503172522,62,31.917
36,64,2.116930046763224,63,31.917
36,65,2.148846590353926,64,31.917
36,66,2.180763133944628,65,31.917
36,67,2.21267967753533,66,31.917
36,68,2.244596221126032,67,31.917
36,69,2.2765127647167342,68,31.917
36,70,2.3084293083074363,69,31.917
36,71,2.3403458518981384,70,31.917
36,72,2.3722623954888404,71,31.917
36,73,2.4041789390795425,72,31.917
36,74,2.4360954826702446,73,31.917
36,75,2.4680120262609466,74,31.917
36,76,2.4999285698516487,75,31.917
36,77,2.5318451134423507,76,31.917
36,78,2.563761657033053,77,31.917
36,79,2.595678200623755,78,31.917
36,80,2.627594744214457,79,31.917
36,81,2.659511287805159,80,31.917
36,82,2.691427831395861,81,31.917
36,83,2.723344374986563,82,31.917
36,84,2.755260918577265,83,31.917
36,85,2.7871774621679672,84,31.917
36,86,2.8190940057586693,85,31.917
36,87,2.8510105493493714,86,31.917
36,88,2.8829270929400734,87,31.917
36,89,2.9148436365307755,88,31.917
36,90,2.9467601801214776,89,31.917
36,91,2.9786767237121796,90,31.917
36,92,3.0105932673028817,91,31.917
36,93,3.0425098108935837,92,31.917
36,94,3.074426354484286,93,31.917
36,95,3.106342898074988,94,31.917
36,96,3.13825944166569,95,31.917
36,97,3.170175985256392,96,31.917
36,98,3.202092528847094,97,31.917
36,99,3.234009072437796,98,31.917
36,100,3.265925616028498,99,31.917
36,101,3.2978421596192002,100,31.917
36,102,3.3297587032099023,101,31.917
36,103,3.3616752468006044,102,31.917
36,104,3.3935917903913064,103,31.917
36,105,3.4255083339820085,104,31.917
36,106,3.4574248775727106,105,31.917
36,107,3.4893414211634126,106,31.917
36,108,3.5212579647541147,107,31.917
36,109,3.5531745083448167,108,31.917
36,110,3.585091051935519,109,31.917
36,111,3.617007595526221,110,31.917
36,112,3.648924139116923,111,31.917
36,113,3.680840682707625,112,31.917
36,114,3.7127219768798416,113,31.881
36,115,3.7446032710520583,114,31.881
36,116,3.776484565224275,115,31.881
36,117,3.8083658593964915,116,31.881
36,118,3.840247153568708,117,31.881
36,119,3.872128447740925,118,31.881
36,120,3.9040097419131414,119,31.881
36,121,3.935891036085358,120,31.881
36,122,3.9677723302575747,121,31.881
36,123,3.9996536244297913,122,31.881
36,124,4.0315349186020075,123,31.881
36,125,4.063416212774224,124,31.881
36,126,4.095297506946441,125,31.881
36,127,4.127178801118657,126,31.881
36,128,4.159060095290874,127,31.881
37,1,0.11099784846434642,0,110.998
37,2,0.14281418272347868,1,31.816
37,3,0.17463051698261092,2,31.816
37,4,0.20644685124174317,3,31.816
37,5,0.2382631855008754,4,31.816
37,6,0.27007951976000766,5,31.816
37,7,0.3018958540191399,6,31.816
37,8,0.3337121882782721,7,31.816
37,9,0.3655285225374043,8,31.816
37,10,0.3973448567965365,9,31.816
37,11,0.42916119105566874,10,31.816
37,12,0.46097752531480096,11,31.816
37,13,0.4927938595739332,12,31.816
37,14,0.5246101938330654,13,31.816
37,15,0.5564265280921976,14,31.816
37,16,0.5882428623513298,15,31.816
37,17,0.620059196610462,16,31.816
37,18,0.6518755308695943,17,31.816
37,19,0.6836918651287265,18,31.816
37,20,0.7155081993878587,19,31.816
37,21,0.7473245336469909,20,31.816
37,22,0.7791408679061231,21,31.816
37,23,0.8109572021652554,22,31.816
37,24,0.8427735364243876,23,31.816
37,25,0.8745898706835198,24,31.816
37,26,0.906406204942652,25,31.816
37,27,0.9382225392017842,26,31.816
37,28,0.9700388734609164,27,31.816
37,29,1.0018552077200487,28,31.816
37,30,1.0336715419791809,29,31.816
37,31,1.065487876238313,30,31.816
37,32,1.0973042104974453,31,31.816
37,33,1.1291205447565775,32,31.816
37,34,1.1609368790157097,33,31.816
37,35,1.192753213274842,34,31.816
37,36,1.2245695475339742,35,31.816
37,37,1.2563858817931064,36,31.816
37,38,1.2882022160522386,37,31.816
37,39,1.3200185503113708,38,31.816
37,40,1.351834884570503,39,31.816
37,41,1.3836512188296353,40,31.816
37,42,1.4154675530887675,41,31.816
37,43,1.4472838873478997,42,31.816
37,44,1.479100221607032,43,31.816
37,45,1.5109165558661641,44,31.816
37,46,1.5427328901252964,45,31.816
37,47,1.5745492243844286,46,31.816
37,48,1.6063655586435608,47,31.816
37,49,1.638181892902693,48,31.816
37,50,1.670098436493395,49,31.917
37,51,1.7020149800840971,50,31.917
37,52,1.7339315236747992,51,31.917
37,53,1.7658480672655013,52,31.917
37,54,1.7977646108562033,53,31.917
37,55,1.8296811544469054,54,31.917
37,56,1.8615976980376074,55,31.917
37,57,1.8935142416283095,56,31.917
37,58,1.9254307852190116,57,31.917
37,59,1.9573473288097136,58,31.917
37,60,1.9892638724004157,59,31.917
37,61,2.0211804159911178,60,31.917
37,62,2.05309695958182,61,31.917
37,63,2.085013503172522,62,31.917
37,64,2.116930046763224,63,31.917
37,65,2.148846590353926,64,31.917
37,66,2.180763133944628,65,31.917
37,67,2.21267967753533,66,31.917
37,68,2.244596221126032,67,31.917
37,69,2.2765127647167342,68,31.917
37,70,2.3084293083074363,69,31.917
37,71,2.3403458518981384,70,31.917
37,72,2.3722623954888404,71,31.917
37,73,2.4041789390795425,72,31.917
37,74,2.4360954826702446,73,31.917
37,75,2.4680120262609466,74,31.917
37,76,2.4999285698516487,75,31.917
37,77,2.5318451134423507,76,31.917
37,78,2.563761657033053,77,31.917
37,79,2.595678200623755,78,31.917
37,80,2.627594744214457,79,31.917
37,81,2.659511287805159,80,31.917
37,82,2.691427831395861,81,31.917
37,83,2.723344374986563,82,31.917
37,84,2.755260918577265,83,31.917
37,85,2.7871774621679672,84,31.917
37,86,2.8190940057586693,85,31.917
37,87,2.8510105493493714,86,31.917
37,88,2.8829270929400734,87,31.917
37,89,2.9148436365307755,88,31.917
37,90,2.9467601801214776,89,31.917
37,91,2.9786767237121796,90,31.917
37,92,3.0105932673028817,91,31.917
37,93,3.0425098108935837,92,31.917
37,94,3.074426354484286,93,31.917
37,95,3.106342898074988,94,31.917
37,96,3.13825944166569,95,31.917
37,97,3.170175985256392,96,31.917
37,98,3.202092528847094,97,31.917
37,99,3.234009072437796,98,31.917
37,100,3.265925616028498,99,31.917
37,101,3.2978421596192002,100,31.917
37,102,3.3297587032099023,101,31.917
37,103,3.3616752468006044,102,31.917
37,104,3.3935917903913064,103,31.917
37,105,3.4255083339820085,104,31.917
37,106,3.4574248775727106,105,31.917
37,107,3.4893414211634126,106,31.917
37,108,3.5212579647541147,107,31.917
37,109,3.5531745083448167,108,31.917
37,110,3.585091051935519,109,31.917
37,111,3.617007595526221,110,31.917
37,112,3.648924139116923,111,31.917
37,113,3.680840682707625,112,31.917
37,114,3.7127219768798416,113,31.881
37,115,3.7446032710520583,114,31.881
37,116,3.776484565224275,115,31.881
37,117,3.8083658593964915,116,31.881
37,118,3.840247153568708,117,31.881
37,119,3.872128447740925,118,31.881
37,120,3.9040097419131414,119,31.881
37,121,3.935891036085358,120,31.881
37,122,3.9677723302575747,121,31.881
37,123,3.9996536244297913,122,31.881
37,124,4.0315349186020075,123,31.881
37,125,4.063416212774224,124,31.881
37,126,4.095297506946441,125,31.881
37,127,4.127178801118657,126,31.881
37,128,4.159060095290874,127,31.881
38,1,0.11099784846434642,0,110.998
38,2,0.14281418272347868,1,31.816
38,3,0.17463051698261092,2,31.816
38,4,0.20644685124174317,3,31.816
38,5,0.2382631855008754,4,31.816
38,6,0.27007951976000766,5,31.816
38,7,0.3018958540191399,6,31.816
38,8,0.3337121882782721,7,31.816
38,9,0.3655285225374043,8,31.816
38,10,0.3973448567965365,9,31.816
38,11,0.42916119105566874,10,31.816
38,12,0.46097752531480096,11,31.816
38,13,0.4927938595739332,12,31.816
38,14,0.5246101938330654,13,31.816
38,15,0.5564265280921976,14,31.816
38,16,0.5882428623513298,15,31.816
38,17,0.620059196610462,16,31.816
38,18,0.6518755308695943,17,31.816
38,19,0.6836918651287265,18,31.816
38,20,0.7155081993878587,19,31.816
38,21,0.7473245336469909,20,31.816
38,22,0.7791408679061231,21,31.816
38,23,0.8109572021652554,22,31.816
38,24,0.8427735364243876,23,31.816
38,25,0.8745898706835198,24,31.816
38,26,0.906406204942652,25,31.816
38,27,0.9382225392017842,26,31.816
38,28,0.9700388734609164,27,31.816
38,29,1.0018552077200487,28,31.816
38,30,1.0336715419791809,29,31.816
38,31,1.065487876238313,30,31.816
38,32,1.0973042104974453,31,31.816
38,33,1.1291205447565775,32,31.816
38,34,1.1609368790157097,33,31.816
38,35,1.192753213274842,34,31.816
38,36,1.2245695475339742,35,31.816
38,37,1.2563858817931064,36,31.816
38,38,1.2882022160522386,37,31.816
38,39,1.3200185503113708,38,31.816
38,40,1.351834884570503,39,31.816
38,41,1.3836512188296353,40,31.816
38,42,1.4154675530887675,41,31.816
38,43,1.4472838873478997,42,31.816
38,44,1.479100221607032,43,31.816
38,45,1.5109165558661641,44,31.816
38,46,1.5427328901252964,45,31.816
38,47,1.5745492243844286,46,31.816
38,48,1.6063655586435608,47,31.816
38,49,1.638181892902693,48,31.816
38,50,1.670098436493395,49,31.917
38,51,1.7020149800840971,50,31.917
38,52,1.7339315236747992,51,31.917
38,53,1.7658480672655013,52,31.917
38,54,1.7977646108562033,53,31.917
38,55,1.8296811544469054,54,31.917
38,56,1.8615976980376074,55,31.917
38,57,1.8935142416283095,56,31.917
38,58,1.9254307852190116,57,31.917
38,59,1.9573473288097136,58,31.917
38,60,1.9892638724004157,59,31.917
38,61,2.0211804159911178,60,31.917
38,62,2.05309695958182,61,31.917
38,63,2.085013503172522,62,31.917
38,64,2.116930046763224,63,31.917
38,65,2.148846590353926,64,31.917
38,66,2.180763133944628,65,31.917
38,67,2.21267967753533,66,31.917
38,68,2.244596221126032,67,31.917
38,69,2.2765127647167342,68,31.917
38,70,2.3084293083074363,69,31.917
38,71,2.3403458518981384,70,31.917
38,72,2.3722623954888404,71,31.917
38,73,2.4041789390795425,72,31.917
38,74,2.4360954826702446,73,31.917
38,75,2.4680120262609466,74,31.917
38,76,2.4999285698516487,75,31.917
38,77,2.5318451134423507,76,31.917
38,78,2.563761657033053,77,31.917
38,79,2.595678200623755,78,31.917
38,80,2.627594744214457,79,31.917
38,81,2.659511287805159,80,31.917
38,82,2.691427831395861,81,31.917
38,83,2.723344374986563,82,31.917
38,84,2.755260918577265,83,31.917
38,85,2.7871774621679672,84,31.917
38,86,2.8190940057586693,85,31.917
38,87,2.8510105493493714,86,31.917
38,88,2.8829270929400734,87,31.917
38,89,2.9148436365307755,88,31.917
38,90,2.9467601801214776,89,31.917
38,91,2.9786767237121796,90,31.917
38,92,3.0105932673028817,91,31.917
38,93,3.0425098108935837,92,31.917
38,94,3.074426354484286,93,31.917
38,95,3.106342898074988,94,31.917
38,96,3.13825944166569,95,31.917
38,97,3.170175985256392,96,31.917
38,98,3.202092528847094,97,31.917
38,99,3.234009072437796,98,31.917
38,100,3.265925616028498,99,31.917
38,101,3.2978421596192002,100,31.917
38,102,3.3297587032099023,101,31.917
38,103,3.3616752468006044,102,31.917
38,104,3.3935917903913064,103,31.917
38,105,3.4255083339820085,104,31.917
38,106,3.4574248775727106,105,31.917
38,107,3.4893414211634126,106,31.917
38,108,3.5212579647541147,107,31.917
38,109,3.5531745083448167,108,31.917
38,110,3.585091051935519,109,31.917
38,111,3.617007595526221,110,31.917
38,112,3.648924139116923,111,31.917
38,113,3.680840682707625,112,31.917
38,114,3.7127219768798416,113,31.881
38,115,3.7446032710520583,114,31.881
38,116,3.776484565224275,115,31.881
38,117,3.8083658593964915,116,31.881
38,118,3.840247153568708,117,31.881
38,119,3.872128447740925,118,31.881
38,120,3.9040097419131414,119,31.881
38,121,3.935891036085358,120,31.881
38,122,3.9677723302575747,121,31.881
38,123,3.9996536244297913,122,31.881
38,124,4.0315349186020075,123,31.881
38,125,4.063416212774224,124,31.881
38,126,4.095297506946441,125,31.881
38,127,4.127178801118657,126,31.881
38,128,4.159060095290874,127,31.881
39,1,0.11099784846434642,0,110.998
39,2,0.14281418272347868,1,31.816
39,3,0.17463051698261092,2,31.816
39,4,0.20644685124174317,3,31.816
39,5,0.2382631855008754,4,31.816
39,6,0.27007951976000766,5,31.816
39,7,0.3018958540191399,6,31.816
39,8,0.3337121882782721,7,31.816
39,9,0.3655285225374043,8,31.816
39,10,0.3973448567965365,9,31.816
39,11,0.42916119105566874,10,31.816
39,12,0.46097752531480096,11,31.816
39,13,0.4927938595739332,12,31.816
39,14,0.5246101938330654,13,31.816
39,15,0.5564265280921976,14,31.816
39,16,0.5882428623513298,15,31.816
39,17,0.620059196610462,16,31.816
39,18,0.6518755308695943,17,31.816
39,19,0.6836918651287265,18,31.816
39,20,0.7155081993878587,19,31.816
39,21,0.7473245336469909,20,31.816
39,22,0.7791408679061231,21,31.816
39,23,0.8109572021652554,22,31.816
39,24,0.8427735364243876,23,31.816
39,25,0.8745898706835198,24,31.816
39,26,0.906406204942652,25,31.816
39,27,0.9382225392017842,26,31.816
39,28,0.9700388734609164,27,31.816
39,29,1.0018552077200487,28,31.816
39,30,1.0336715419791809,29,31.816
39,31,1.065487876238313,30,31.816
39,32,1.0973042104974453,31,31.816
39,33,1.1291205447565775,32,31.816
39,34,1.1609368790157097,33,31.816
39,35,1.192753213274842,34,31.816
39,36,1.2245695475339742,35,31.816
39,37,1.2563858817931064,36,31.816
39,38,1.2882022160522386,37,31.816
39,39,1.3200185503113708,38,31.816
39,40,1.351834884570503,39,31.816
39,41,1.3836512188296353,40,31.816
39,42,1.4154675530887675,41,31.816
39,43,1.4472838873478997,42,31.816
39,44,1.479100221607032,43,31.816
39,45,1.5109165558661641,44,31.816
39,46,1.5427328901252964,45,31.816
39,47,1.5745492243844286,46,31.816
39,48,1.6063655586435608,47,31.816
39,49,1.638181892902693,48,31.816
39,50,1.670098436493395,49,31.917
39,51,1.7020149800840971,50,31.917
39,52,1.7339315236747992,51,31.917
39,53,1.7658480672655013,52,31.917
39,54,1.7977646108562033,53,31.917
39,55,1.8296811544469054,54,31.917
39,56,1.8615976980376074,55,31.917
39,57,1.8935142416283095,56,31.917
39,58,1.9254307852190116,57,31.917
39,59,1.9573473288097136,58,31.917
39,60,1.9892638724004157,59,31.917
39,61,2.0211804159911178,60,31.917
39,62,2.05309695958182,61,31.917
39,63,2.085013503172522,62,31.917
39,64,2.116930046763224,63,31.917
39,65,2.148846590353926,64,31.917
39,66,2.180763133944628,65,31.917
39,67,2.21267967753533,66,31.917
39,68,2.244596221126032,67,31.917
39,69,2.2765127647167342,68,31.917
39,70,2.3084293083074363,69,31.917
39,71,2.3403458518981384,70,31.917
39,72,2.3722623954888404,71,31.917
39,73,2.4041789390795425,72,31.917
39,74,2.4360954826702446,73,31.917
39,75,2.4680120262609466,74,31.917
39,76,2.4999285698516487,75,31.917
39,77,2.5318451134423507,76,31.917
39,78,2.563761657033053,77,31.917
39,79,2.595678200623755,78,31.917
39,80,2.627594744214457,79,31.917
39,81,2.659511287805159,80,31.917
39,82,2.691427831395861,81,31.917
39,83,2.723344374986563,82,31.917
39,84,2.755260918577265,83,31.917
39,85,2.7871774621679672,84,31.917
39,86,2.8190940057586693,85,31.917
39,87,2.8510105493493714,86,31.917
39,88,2.8829270929400734,87,31.917
39,89,2.9148436365307755,88,31.917
39,90,2.9467601801214776,89,31.917
39,91,2.9786767237121796,90,31.917
39,92,3.0105932673028817,91,31.917
39,93,3.0425098108935837,92,31.917
39,94,3.074426354484286,93,31.917
39,95,3.106342898074988,94,31.917
39,96,3.13825944166569,95,31.917
39,97,3.170175985256392,96,31.917
39,98,3.202092528847094,97,31.917
39,99,3.234009072437796,98,31.917
39,100,3.265925616028498,99,31.917
39,101,3.2978421596192002,100,31.917
39,102,3.3297587032099023,101,31.917
39,103,3.3616752468006044,102,31.917
39,104,3.3935917903913064,103,31.917
39,105,3.4255083339820085,104,31.917
39,106,3.4574248775727106,105,31.917
39,107,3.4893414211634126,106,31.917
39,108,3.5212579647541147,107,31.917
39,109,3.5531745083448167,108,31.917
39,110,3.585091051935519,109,31.917
39,111,3.617007595526221,110,31.917
39,112,3.648924139116923,111,31.917
39,113,3.680840682707625,112,31.917
39,114,3.7127219768798416,113,31.881
39,115,3.7446032710520583,114,31.881
39,116,3.776484565224275,115,31.881
39,117,3.8083658593964915,116,31.881
39,118,3.840247153568708,117,31.881
39,119,3.872128447740925,118,31.881
39,120,3.9040097419131414,119,31.881
39,121,3.935891036085358,120,31.881
39,122,3.9677723302575747,121,31.881
39,123,3.9996536244297913,122,31.881
39,124,4.0315349186020075,123,31.881
39,125,4.063416212774224,124,31.881
39,126,4.095297506946441,125,31.881
39,127,4.127178801118657,126,31.881
39,128,4.159060095290874,127,31.881
40,1,0.11099784846434642,0,110.998
40,2,0.14281418272347868,1,31.816
40,3,0.17463051698261092,2,31.816
40,4,0.20644685124174317,3,31.816
40,5,0.2382631855008754,4,31.816
40,6,0.27007951976000766,5,31.816
40,7,0.3018958540191399,6,31.816
40,8,0.3337121882782721,7,31.816
40,9,0.3655285225374043,8,31.816
40,10,0.3973448567965365,9,31.816
40,11,0.42916119105566874,10,31.816
40,12,0.46097752531480096,11,31.816
40,13,0.4927938595739332,12,31.816
40,14,0.5246101938330654,13,31.816
40,15,0.5564265280921976,14,31.816
40,16,0.5882428623513298,15,31.816
40,17,0.620059196610462,16,31.816
40,18,0.6518755308695943,17,31.816
40,19,0.6836918651287265,18,31.816
40,20,0.7155081993878587,19,31.816
40,21,0.7473245336469909,20,31.816
40,22,0.7791408679061231,21,31.816
40,23,0.8109572021652554,22,31.816
40,24,0.8427735364243876,23,31.816
40,25,0.8745898706835198,24,31.816
40,26,0.906406204942652,25,31.816
40,27,0.9382225392017842,26,31.816
40,28,0.9700388734609164,27,31.816
40,29,1.0018552077200487,28,31.816
40,30,1.0336715419791809,29,31.816
40,31,1.065487876238313,30,31.816
40,32,1.0973042104974453,31,31.816
40,33,1.1291205447565775,32,31.816
40,34,1.1609368790157097,33,31.816
40,35,1.192753213274842,34,31.816
40,36,1.2245695475339742,35,31.816
40,37,1.2563858817931064,36,31.816
40,38,1.2882022160522386,37,31.816
40,39,1.3200185503113708,38,31.816
40,40,1.351834884570503,39,31.816
40,41,1.3836512188296353,40,31.816
40,42,1.4154675530887675,41,31.816
40,43,1.4472838873478997,42,31.816
40,44,1.479100221607032,43,31.816
40,45,1.5109165558661641,44,31.816
40,46,1.5427328901252964,45,31.816
40,47,1.5745492243844286,46,31.816
40,48,1.6063655586435608,47,31.816
40,49,1.638181892902693,48,31.816
40,50,1.670098436493395,49,31.917
40,51,1.7020149800840971,50,31.917
40,52,1.7339315236747992,51,31.917
40,53,1.7658480672655013,52,31.917
40,54,1.7977646108562033,53,31.917
40,55,1.8296811544469054,54,31.917
40,56,1.8615976980376074,55,31.917
40,57,1.8935142416283095,56,31.917
40,58,1.9254307852190116,57,31.917
40,59,1.9573473288097136,58,31.917
40,60,1.9892638724004157,59,31.917
40,61,2.0211804159911178,60,31.917
40,62,2.05309695958182,61,31.917
40,63,2.085013503172522,62,31.917
40,64,2.116930046763224,63,31.917
40,65,2.148846590353926,64,31.917
40,66,2.180763133944628,65,31.917
40,67,2.21267967753533,66,31.917
40,68,2.244596221126032,67,31.917
40,69,2.2765127647167342,68,31.917
40,70,2.3084293083074363,69,31.917
40,71,2.3403458518981384,70,31.917
40,72,2.3722623954888404,71,31.917
40,73,2.4041789390795425,72,31.917
40,74,2.4360954826702446,73,31.917
40,75,2.4680120262609466,74,31.917
40,76,2.4999285698516487,75,31.917
40,77,2.5318451134423507,76,31.917
40,78,2.563761657033053,77,31.917
40,79,2.595678200623755,78,31.917
40,80,2.627594744214457,79,31.917
40,81,2.659511287805159,80,31.917
40,82,2.691427831395861,81,31.917
40,83,2.723344374986563,82,31.917
40,84,2.755260918577265,83,31.917
40,85,2.7871774621679672,84,31.917
40,86,2.8190940057586693,85,31.917
40,87,2.8510105493493714,86,31.917
40,88,2.8829270929400734,87,31.917
40,89,2.9148436365307755,88,31.917
40,90,2.9467601801214776,89,31.917
40,91,2.9786767237121796,90,31.917
40,92,3.0105932673028817,91,31.917
40,93,3.0425098108935837,92,31.917
40,94,3.074426354484286,93,31.917
40,95,3.106342898074988,94,31.917
40,96,3.13825944166569,95,31.917
40,97,3.170175985256392,96,31.917
40,98,3.202092528847094,97,31.917
40,99,3.234009072437796,98,31.917
40,100,3.265925616028498,99,31.917
40,101,3.2978421596192002,100,31.917
40,102,3.3297587032099023,101,31.917
40,103,3.3616752468006044,102,31.917
40,104,3.3935917903913064,103,31.917
40,105,3.4255083339820085,104,31.917
40,106,3.4574248775727106,105,31.917
40,107,3.4893414211634126,106,31.917
40,108,3.5212579647541147,107,31.917
40,109,3.5531745083448167,108,31.917
40,110,3.585091051935519,109,31.917
40,111,3.617007595526221,110,31.917
40,112,3.648924139116923,111,31.917
40,113,3.680840682707625,112,31.917
40,114,3.7127219768798416,113,31.881
40,115,3.7446032710520583,114,31.881
40,116,3.776484565224275,115,31.881
40,117,3.8083658593964915,116,31.881
40,118,3.840247153568708,117,31.881
40,119,3.872128447740925,118,31.881
40,120,3.9040097419131414,119,31.881
40,121,3.935891036085358,120,31.881
40,122,3.9677723302575747,121,31.881
40,123,3.9996536244297913,122,31.881
40,124,4.0315349186020075,123,31.881
40,125,4.063416212774224,124,31.881
40,126,4.095297506946441,125,31.881
40,127,4.127178801118657,126,31.881
40,128,4.159060095290874,127,31.881
41,1,0.11099784846434642,0,110.998
41,2,0.14281418272347868,1,31.816
41,3,0.17463051698261092,2,31.816
41,4,0.20644685124174317,3,31.816
41,5,0.2382631855008754,4,31.816
41,6,0.27007951976000766,5,31.816
41,7,0.3018958540191399,6,31.816
41,8,0.3337121882782721,7,31.816
41,9,0.3655285225374043,8,31.816
41,10,0.3973448567965365,9,31.816
41,11,0.42916119105566874,10,31.816
41,12,0.46097752531480096,11,31.816
41,13,0.4927938595739332,12,31.816
41,14,0.5246101938330654,13,31.816
41,15,0.5564265280921976,14,31.816
41,16,0.5882428623513298,15,31.816
41,17,0.620059196610462,16,31.816
41,18,0.6518755308695943,17,31.816
41,19,0.6836918651287265,18,31.816
41,20,0.7155081993878587,19,31.816
41,21,0.7473245336469909,20,31.816
41,22,0.7791408679061231,21,31.816
41,23,0.8109572021652554,22,31.816
41,24,0.8427735364243876,23,31.816
41,25,0.8745898706835198,24,31.816
41,26,0.906406204942652,25,31.816
41,27,0.9382225392017842,26,31.816
41,28,0.9700388734609164,27,31.816
41,29,1.0018552077200487,28,31.816
41,30,1.0336715419791809,29,31.816
41,31,1.065487876238313,30,31.816
41,32,1.0973042104974453,31,31.816
41,33,1.1291205447565775,32,31.816
41,34,1.1609368790157097,33,31.816
41,35,1.192753213274842,34,31.816
41,36,1.2245695475339742,35,31.816
41,37,1.2563858817931064,36,31.816
41,38,1.2882022160522386,37,31.816
41,39,1.3200185503113708,38,31.816
41,40,1.351834884570503,39,31.816
41,41,1.3836512188296353,40,31.816
41,42,1.4154675530887675,41,31.816
41,43,1.4472838873478997,42,31.816
41,44,1.479100221607032,43,31.816
41,45,1.5109165558661641,44,31.816
41,46,1.5427328901252964,45,31.816
41,47,1.5745492243844286,46,31.816
41,48,1.6063655586435608,47,31.816
41,49,1.638181892902693,48,31.816
41,50,1.670098436493395,49,31.917
41,51,1.7020149800840971,50,31.917
41,52,1.7339315236747992,51,31.917
41,53,1.7658480672655013,52,31.917
41,54,1.7977646108562033,53,31.917
41,55,1.8296811544469054,54,31.917
41,56,1.8615976980376074,55,31.917
41,57,1.8935142416283095,56,31.917
41,58,1.9254307852190116,57,31.917
41,59,1.9573473288097136,58,31.917
41,60,1.9892638724004157,59,31.917
41,61,2.0211804159911178,60,31.917
41,62,2.05309695958182,61,31.917
41,63,2.085013503172522,62,31.917
41,64,2.116930046763224,63,31.917
41,65,2.148846590353926,64,31.917
41,66,2.180763133944628,65,31.917
41,67,2.21267967753533,66,31.917
41,68,2.244596221126032,67,31.917
41,69,2.2765127647167342,68,31.917
41,70,2.3084293083074363,69,31.917
41,71,2.3403458518981384,70,31.917
41,72,2.3722623954888404,71,31.917
41,73,2.4041789390795425,72,31.917
41,74,2.4360954826702446,73,31.917
41,75,2.4680120262609466,74,31.917
41,76,2.4999285698516487,75,31.917
41,77,2.5318451134423507,76,31.917
41,78,2.563761657033053,77,31.917
41,79,2.595678200623755,78,31.917
41,80,2.627594744214457,79,31.917
41,81,2.659511287805159,80,31.917
41,82,2.691427831395861,81,31.917
41,83,2.723344374986563,82,31.917
41,84,2.755260918577265,83,31.917
41,85,2.7871774621679672,84,31.917
41,86,2.8190940057586693,85,31.917
41,87,2.8510105493493714,86,31.917
41,88,2.8829270929400734,87,31.917
41,89,2.9148436365307755,88,31.917
41,90,2.9467601801214776,89,31.917
41,91,2.9786767237121796,90,31.917
41,92,3.0105932673028817,91,31.917
41,93,3.0425098108935837,92,31.917
41,94,3.074426354484286,93,31.917
41,95,3.106342898074988,94,31.917
41,96,3.13825944166569,95,31.917
41,97,3.170175985256392,96,31.917
41,98,3.202092528847094,97,31.917
41,99,3.234009072437796,98,31.917
41,100,3.265925616028498,99,31.917
41,101,3.2978421596192002,100,31.917
41,102,3.3297587032099023,101,31.917
41,103,3.3616752468006044,102,31.917
41,104,3.3935917903913064,103,31.917
41,105,3.4255083339820085,104,31.917
41,106,3.4574248775727106,105,31.917
41,107,3.4893414211634126,106,31.917
41,108,3.5212579647541147,107,31.917
41,109,3.5531745083448167,108,31.917
41,110,3.585091051935519,109,31.917
41,111,3.617007595526221,110,31.917
41,112,3.648924139116923,111,31.917
41,113,3.680840682707625,112,31.917
41,114,3.7127219768798416,113,31.881
41,115,3.7446032710520583,114,31.881
41,116,3.776484565224275,115,31.881
41,117,3.8083658593964915,116,31.881
41,118,3.840247153568708,117,31.881
41,119,3.872128447740925,118,31.881
41,120,3.9040097419131414,119,31.881
41,121,3.935891036085358,120,31.881
41,122,3.9677723302575747,121,31.881
41,123,3.9996536244297913,122,31.881
41,124,4.0315349186020075,123,31.881
41,125,4.063416212774224,124,31.881
41,126,4.095297506946441,125,31.881
41,127,4.127178801118657,126,31.881
41,128,4.159060095290874,127,31.881
42,1,0.11099784846434642,0,110.998
42,2,0.14281418272347868,1,31.816
42,3,0.17463051698261092,2,31.816
42,4,0.20644685124174317,3,31.816
42,5,0.2382631855008754,4,31.816
42,6,0.27007951976000766,5,31.816
42,7,0.3018958540191399,6,31.816
42,8,0.3337121882782721,7,31.816
42,9,0.3655285225374043,8,31.816
42,10,0.3973448567965365,9,31.816
42,11,0.42916119105566874,10,31.816
42,12,0.46097752531480096,11,31.816
42,13,0.4927938595739332,12,31.816
42,14,0.5246101938330654,13,31.816
42,15,0.5564265280921976,14,31.816
42,16,0.5882428623513298,15,31.816
42,17,0.620059196610462,16,31.816
42,18,0.6518755308695943,17,31.816
42,19,0.6836918651287265,18,31.816
42,20,0.7155081993878587,19,31.816
42,21,0.7473245336469909,20,31.816
42,22,0.7791408679061231,21,31.816
42,23,0.8109572021652554,22,31.816
42,24,0.8427735364243876,23,31.816
42,25,0.8745898706835198,24,31.816
42,26,0.906406204942652,25,31.816
42,27,0.9382225392017842,26,31.816
42,28,0.9700388734609164,27,31.816
42,29,1.0018552077200487,28,31.816
42,30,1.0336715419791809,29,31.816
42,31,1.065487876238313,30,31.816
42,32,1.0973042104974453,31,31.816
42,33,1.1291205447565775,32,31.816
42,34,1.1609368790157097,33,31.816
42,35,1.192753213274842,34,31.816
42,36,1.2245695475339742,35,31.816
42,37,1.2563858817931064,36,31.816
42,38,1.2882022160522386,37,31.816
42,39,1.3200185503113708,38,31.816
42,40,1.351834884570503,39,31.816
42,41,1.3836512188296353,40,31.816
42,42,1.4154675530887675,41,31.816
42,43,1.4472838873478997,42,31.816
42,44,1.479100221607032,43,31.816
42,45,1.5109165558661641,44,31.816
42,46,1.5427328901252964,45,31.816
42,47,1.5745492243844286,46,31.816
42,48,1.6063655586435608,47,31.816
42,49,1.638181892902693,48,31.816
42,50,1.670098436493395,49,31.917
42,51,1.7020149800840971,50,31.917
42,52,1.7339315236747992,51,31.917
42,53,1.7658480672655013,52,31.917
42,54,1.7977646108562033,53,31.917
42,55,1.8296811544469054,54,31.917
42,56,1.8615976980376074,55,31.917
42,57,1.8935142416283095,56,31.917
42,58,1.9254307852190116,57,31.917
42,59,1.9573473288097136,58,31.917
42,60,1.9892638724004157,59,31.917
42,61,2.0211804159911178,60,31.917
42,62,2.05309695958182,61,31.917
42,63,2.085013503172522,62,31.917
42,64,2.116930046763224,63,31.917
42,65,2.148846590353926,64,31.917
42,66,2.180763133944628,65,31.917
42,67,2.21267967753533,66,31.917
42,68,2.244596221126032,67,31.917
42,69,2.2765127647167342,68,31.917
42,70,2.3084293083074363,69,31.917
42,71,2.3403458518981384,70,31.917
42,72,2.3722623954888404,71,31.917
42,73,2.4041789390795425,72,31.917
42,74,2.4360954826702446,73,31.917
42,75,2.4680120262609466,74,31.917
42,76,2.4999285698516487,75,31.917
42,77,2.5318451134423507,76,31.917
42,78,2.563761657033053,77,31.917
42,79,2.595678200623755,78,31.917
42,80,2.627594744214457,79,31.917
42,81,2.659511287805159,80,31.917
42,82,2.691427831395861,81,31.917
42,83,2.723344374986563,82,31.917
42,84,2.755260918577265,83,31.917
42,85,2.7871774621679672,84,31.917
42,86,2.8190940057586693,85,31.917
42,87,2.8510105493493714,86,31.917
42,88,2.8829270929400734,87,31.917
42,89,2.9148436365307755,88,31.917
42,90,2.9467601801214776,89,31.917
42,91,2.9786767237121796,90,31.917
42,92,3.0105932673028817,91,31.917
42,93,3.0425098108935837,92,31.917
42,94,3.074426354484286,93,31.917
42,95,3.106342898074988,94,31.917
42,96,3.13825944166569,95,31.917
42,97,3.170175985256392,96,31.917
42,98,3.202092528847094,97,31.917
42,99,3.234009072437796,98,31.917
42,100,3.265925616028498,99,31.917
42,101,3.2978421596192002,100,31.917
42,102,3.3297587032099023,101,31.917
42,103,3.3616752468006044,102,31.917
42,104,3.3935917903913064,103,31.917
42,105,3.4255083339820085,104,31.917
42,106,3.4574248775727106,105,31.917
42,107,3.4893414211634126,106,31.917
42,108,3.5212579647541147,107,31.917
42,109,3.5531745083448167,108,31.917
42,110,3.585091051935519,109,31.917
42,111,3.617007595526221,110,31.917
42,112,3.648924139116923,111,31.917
42,113,3.680840682707625,112,31.917
42,114,3.7127219768798416,113,31.881
42,115,3.7446032710520583,114,31.881
42,116,3.776484565224275,115,31.881
42,117,3.8083658593964915,116,31.881
42,118,3.840247153568708,117,31.881
42,119,3.872128447740925,118,31.881
42,120,3.9040097419131414,119,31.881
42,121,3.935891036085358,120,31.881
42,122,3.9677723302575747,121,31.881
42,123,3.9996536244297913,122,31.881
42,124,4.0315349186020075,123,31.881
42,125,4.063416212774224,124,31.881
42,126,4.095297506946441,125,31.881
42,127,4.127178801118657,126,31.881
42,128,4.159060095290874,127,31.881
43,1,0.11099784846434642,0,110.998
43,2,0.14281418272347868,1,31.816
43,3,0.17463051698261092,2,31.816
43,4,0.20644685124174317,3,31.816
43,5,0.2382631855008754,4,31.816
43,6,0.27007951976000766,5,31.816
43,7,0.3018958540191399,6,31.816
43,8,0.3337121882782721,7,31.816
43,9,0.3655285225374043,8,31.816
43,10,0.3973448567965365,9,31.816
43,11,0.42916119105566874,10,31.816
43,12,0.46097752531480096,11,31.816
43,13,0.4927938595739332,12,31.816
43,14,0.5246101938330654,13,31.816
43,15,0.5564265280921976,14,31.816
43,16,0.5882428623513298,15,31.816
43,17,0.620059196610462,16,31.816
43,18,0.6518755308695943,17,31.816
43,19,0.6836918651287265,18,31.816
43,20,0.7155081993878587,19,31.816
43,21,0.7473245336469909,20,31.816
43,22,0.7791408679061231,21,31.816
43,23,0.8109572021652554,22,31.816
43,24,0.8427735364243876,23,31.816
43,25,0.8745898706835198,24,31.816
43,26,0.906406204942652,25,31.816
43,27,0.9382225392017842,26,31.816
43,28,0.9700388734609164,27,31.816
43,29,1.0018552077200487,28,31.816
43,30,1.0336715419791809,29,31.816
43,31,1.065487876238313,30,31.816
43,32,1.0973042104974453,31,31.816
43,33,1.1291205447565775,32,31.816
43,34,1.1609368790157097,33,31.816
43,35,1.192753213274842,34,31.816
43,36,1.2245695475339742,35,31.816
43,37,1.2563858817931064,36,31.816
43,38,1.2882022160522386,37,31.816
43,39,1.3200185503113708,38,31.816
43,40,1.351834884570503,39,31.816
43,41,1.3836512188296353,40,31.816
43,42,1.4154675530887675,41,31.816
43,43,1.4472838873478997,42,31.816
43,44,1.479100221607032,43,31.816
43,45,1.5109165558661641,44,31.816
43,46,1.5427328901252964,45,31.816
43,47,1.5745492243844286,46,31.816
43,48,1.6063655586435608,47,31.816
43,49,1.638181892902693,48,31.816
43,50,1.670098436493395,49,31.917
43,51,1.7020149800840971,50,31.917
43,52,1.7339315236747992,51,31.917
43,53,1.7658480672655013,52,31.917
43,54,1.7977646108562033,53,31.917
43,55,1.8296811544469054,54,31.917
43,56,1.8615976980376074,55,31.917
43,57,1.8935142416283095,56,31.917
43,58,1.9254307852190116,57,31.917
43,59,1.9573473288097136,58,31.917
43,60,1.9892638724004157,59,31.917
43,61,2.0211804159911178,60,31.917
43,62,2.05309695958182,61,31.917
43,63,2.085013503172522,62,31.917
43,64,2.116930046763224,63,31.917
43,65,2.148846590353926,64,31.917
43,66,2.180763133944628,65,31.917
43,67,2.21267967753533,66,31.917
43,68,2.244596221126032,67,31.917
43,69,2.2765127647167342,68,31.917
43,70,2.3084293083074363,69,31.917
43,71,2.3403458518981384,70,31.917
43,72,2.3722623954888404,71,31.917
43,73,2.4041789390795425,72,31.917
43,74,2.4360954826702446,73,31.917
43,75,2.4680120262609466,74,31.917
43,76,2.4999285698516487,75,31.917
43,77,2.5318451134423507,76,31.917
43,78,2.563761657033053,77,31.917
43,79,2.595678200623755,78,31.917
43,80,2.627594744214457,79,31.917
43,81,2.659511287805159,80,31.917
43,82,2.691427831395861,81,31.917
43,83,2.723344374986563,82,31.917
43,84,2.755260918577265,83,31.917
43,85,2.7871774621679672,84,31.917
43,86,2.8190940057586693,85,31.917
43,87,2.8510105493493714,86,31.917
43,88,2.8829270929400734,87,31.917
43,89,2.9148436365307755,88,31.917
43,90,2.9467601801214776,89,31.917
43,91,2.9786767237121796,90,31.917
43,92,3.0105932673028817,91,31.917
43,93,3.0425098108935837,92,31.917
43,94,3.074426354484286,93,31.917
43,95,3.106342898074988,94,31.917
43,96,3.13825944166569,95,31.917
43,97,3.170175985256392,96,31.917
43,98,3.202092528847094,97,31.917
43,99,3.234009072437796,98,31.917
43,100,3.265925616028498,99,31.917
43,101,3.2978421596192002,100,31.917
43,102,3.3297587032099023,101,31.917
43,103,3.3616752468006044,102,31.917
43,104,3.3935917903913064,103,31.917
43,105,3.4255083339820085,104,31.917
43,106,3.4574248775727106,105,31.917
43,107,3.4893414211634126,106,31.917
43,108,3.5212579647541147,107,31.917
43,109,3.5531745083448167,108,31.917
43,110,3.585091051935519,109,31.917
43,111,3.617007595526221,110,31.917
43,112,3.648924139116923,111,31.917
43,113,3.680840682707625,112,31.917
43,114,3.7127219768798416,113,31.881
43,115,3.7446032710520583,114,31.881
43,116,3.776484565224275,115,31.881
43,117,3.8083658593964915,116,31.881
43,118,3.840247153568708,117,31.881
43,119,3.872128447740925,118,31.881
43,120,3.9040097419131414,119,31.881
43,121,3.935891036085358,120,31.881
43,122,3.9677723302575747,121,31.881
43,123,3.9996536244297913,122,31.881
43,124,4.0315349186020075,123,31.881
43,125,4.063416212774224,124,31.881
43,126,4.095297506946441,125,31.881
43,127,4.127178801118657,126,31.881
43,128,4.159060095290874,127,31.881
44,1,0.11099784846434642,0,110.998
44,2,0.14281418272347868,1,31.816
44,3,0.17463051698261092,2,31.816
44,4,0.20644685124174317,3,31.816
44,5,0.2382631855008754,4,31.816
44,6,0.27007951976000766,5,31.816
44,7,0.3018958540191399,6,31.816
44,8,0.3337121882782721,7,31.816
44,9,0.3655285225374043,8,31.816
44,10,0.3973448567965365,9,31.816
44,11,0.42916119105566874,10,31.816
44,12,0.46097752531480096,11,31.816
44,13,0.4927938595739332,12,31.816
44,14,0.5246101938330654,13,31.816
44,15,0.5564265280921976,14,31.816
44,16,0.5882428623513298,15,31.816
44,17,0.620059196610462,16,31.816
44,18,0.6518755308695943,17,31.816
44,19,0.6836918651287265,18,31.816
44,20,0.7155081993878587,19,31.816
44,21,0.7473245336469909,20,31.816
44,22,0.7791408679061231,21,31.816
44,23,0.8109572021652554,22,31.816
44,24,0.8427735364243876,23,31.816
44,25,0.8745898706835198,24,31.816
44,26,0.906406204942652,25,31.816
44,27,0.9382225392017842,26,31.816
44,28,0.9700388734609164,27,31.816
44,29,1.0018552077200487,28,31.816
44,30,1.0336715419791809,29,31.816
44,31,1.065487876238313,30,31.816
44,32,1.0973042104974453,31,31.816
44,33,1.1291205447565775,32,31.816
44,34,1.1609368790157097,33,31.816
44,35,1.192753213274842,34,31.816
44,36,1.2245695475339742,35,31.816
44,37,1.2563858817931064,36,31.816
44,38,1.2882022160522386,37,31.816
44,39,1.3200185503113708,38,31.816
44,40,1.351834884570503,39,31.816
44,41,1.3836512188296353,40,31.816
44,42,1.4154675530887675,41,31.816
44,43,1.4472838873478997,42,31.816
44,44,1.479100221607032,43,31.816
44,45,1.5109165558661641,44,31.816
44,46,1.5427328901252964,45,31.816
44,47,1.5745492243844286,46,31.816
44,48,1.6063655586435608,47,31.816
44,49,1.638181892902693,48,31.816
44,50,1.670098436493395,49,31.917
44,51,1.7020149800840971,50,31.917
44,52,1.7339315236747992,51,31.917
44,53,1.7658480672655013,52,31.917
44,54,1.7977646108562033,53,31.917
44,55,1.8296811544469054,54,31.917
44,56,1.8615976980376074,55,31.917
44,57,1.8935142416283095,56,31.917
44,58,1.9254307852190116,57,31.917
44,59,1.9573473288097136,58,31.917
44,60,1.9892638724004157,59,31.917
44,61,2.0211804159911178,60,31.917
44,62,2.05309695958182,61,31.917
44,63,2.085013503172522,62,31.917
44,64,2.116930046763224,63,31.917
44,65,2.148846590353926,64,31.917
44,66,2.180763133944628,65,31.917
44,67,2.21267967753533,66,31.917
44,68,2.244596221126032,67,31.917
44,69,2.2765127647167342,68,31.917
44,70,2.3084293083074363,69,31.917
44,71,2.3403458518981384,70,31.917
44,72,2.3722623954888404,71,31.917
44,73,2.4041789390795425,72,31.917
44,74,2.4360954826702446,73,31.917
44,75,2.4680120262609466,74,31.917
44,76,2.4999285698516487,75,31.917
44,77,2.5318451134423507,76,31.917
44,78,2.563761657033053,77,31.917
44,79,2.595678200623755,78,31.917
44,80,2.627594744214457,79,31.917
44,81,2.659511287805159,80,31.917
44,82,2.691427831395861,81,31.917
44,83,2.723344374986563,82,31.917
44,84,2.755260918577265,83,31.917
44,85,2.7871774621679672,84,31.917
44,86,2.8190940057586693,85,31.917
44,87,2.8510105493493714,86,31.917
44,88,2.8829270929400734,87,31.917
44,89,2.9148436365307755,88,31.917
44,90,2.9467601801214776,89,31.917
44,91,2.9786767237121796,90,31.917
44,92,3.0105932673028817,91,31.917
44,93,3.0425098108935837,92,31.917
44,94,3.074426354484286,93,31.917
44,95,3.106342898074988,94,31.917
44,96,3.13825944166569,95,31.917
44,97,3.170175985256392,96,31.917
44,98,3.202092528847094,97,31.917
44,99,3.234009072437796,98,31.917
44,100,3.265925616028498,99,31.917
44,101,3.2978421596192002,100,31.917
44,102,3.3297587032099023,101,31.917
44,103,3.3616752468006044,102,31.917
44,104,3.3935917903913064,103,31.917
44,105,3.4255083339820085,104,31.917
44,106,3.4574248775727106,105,31.917
44,107,3.4893414211634126,106,31.917
44,108,3.5212579647541147,107,31.917
44,109,3.5531745083448167,108,31.917
44,110,3.585091051935519,109,31.917
44,111,3.617007595526221,110,31.917
44,112,3.648924139116923,111,31.917
44,113,3.680840682707625,112,31.917
44,114,3.7127219768798416,113,31.881
44,115,3.7446032710520583,114,31.881
44,116,3.776484565224275,115,31.881
44,117,3.8083658593964915,116,31.881
44,118,3.840247153568708,117,31.881
44,119,3.872128447740925,118,31.881
44,120,3.9040097419131414,119,31.881
44,121,3.935891036085358,120,31.881
44,122,3.9677723302575747,121,31.881
44,123,3.9996536244297913,122,31.881
44,124,4.0315349186020075,123,31.881
44,125,4.063416212774224,124,31.881
44,126,4.095297506946441,125,31.881
44,127,4.127178801118657,126,31.881
44,128,4.159060095290874,127,31.881
45,1,0.11099784846434642,0,110.998
45,2,0.14281418272347868,1,31.816
45,3,0.17463051698261092,2,31.816
45,4,0.20644685124174317,3,31.816
45,5,0.2382631855008754,4,31.816
45,6,0.27007951976000766,5,31.816
45,7,0.3018958540191399,6,31.816
45,8,0.3337121882782721,7,31.816
45,9,0.3655285225374043,8,31.816
45,10,0.3973448567965365,9,31.816
45,11,0.42916119105566874,10,31.816
45,12,0.46097752531480096,11,31.816
45,13,0.4927938595739332,12,31.816
45,14,0.5246101938330654,13,31.816
45,15,0.5564265280921976,14,31.816
45,16,0.5882428623513298,15,31.816
45,17,0.620059196610462,16,31.816
45,18,0.6518755308695943,17,31.816
45,19,0.6836918651287265,18,31.816
45,20,0.7155081993878587,19,31.816
45,21,0.7473245336469909,20,31.816
45,22,0.7791408679061231,21,31.816
45,23,0.8109572021652554,22,31.816
45,24,0.8427735364243876,23,31.816
45,25,0.8745898706835198,24,31.816
45,26,0.906406204942652,25,31.816
45,27,0.9382225392017842,26,31.816
45,28,0.9700388734609164,27,31.816
45,29,1.0018552077200487,28,31.816
45,30,1.0336715419791809,29,31.816
45,31,1.065487876238313,30,31.816
45,32,1.0973042104974453,31,31.816
45,33,1.1291205447565775,32,31.816
45,34,1.1609368790157097,33,31.816
45,35,1.192753213274842,34,31.816
45,36,1.2245695475339742,35,31.816
45,37,1.2563858817931064,36,31.816
45,38,1.2882022160522386,37,31.816
45,39,1.3200185503113708,38,31.816
45,40,1.351834884570503,39,31.816
45,41,1.3836512188296353,40,31.816
45,42,1.4154675530887675,41,31.816
45,43,1.4472838873478997,42,31.816
45,44,1.479100221607032,43,31.816
45,45,1.5109165558661641,44,31.816
45,46,1.5427328901252964,45,31.816
45,47,1.5745492243844286,46,31.816
45,48,1.6063655586435608,47,31.816
45,49,1.638181892902693,48,31.816
45,50,1.670098436493395,49,31.917
45,51,1.7020149800840971,50,31.917
45,52,1.7339315236747992,51,31.917
45,53,1.7658480672655013,52,31.917
45,54,1.7977646108562033,53,31.917
45,55,1.8296811544469054,54,31.917
45,56,1.8615976980376074,55,31.917
45,57,1.8935142416283095,56,31.917
45,58,1.9254307852190116,57,31.917
45,59,1.9573473288097136,58,31.917
45,60,1.9892638724004157,59,31.917
45,61,2.0211804159911178,60,31.917
45,62,2.05309695958182,61,31.917
45,63,2.085013503172522,62,31.917
45,64,2.116930046763224,63,31.917
45,65,2.148846590353926,64,31.917
45,66,2.180763133944628,65,31.917
45,67,2.21267967753533,66,31.917
45,68,2.244596221126032,67,31.917
45,69,2.2765127647167342,68,31.917
45,70,2.3084293083074363,69,31.917
45,71,2.3403458518981384,70,31.917
45,72,2.3722623954888404,71,31.917
45,73,2.4041789390795425,72,31.917
45,74,2.4360954826702446,73,31.917
45,75,2.4680120262609466,74,31.917
45,76,2.4999285698516487,75,31.917
45,77,2.5318451134423507,76,31.917
45,78,2.563761657033053,77,31.917
45,79,2.595678200623755,78,31.917
45,80,2.627594744214457,79,31.917
45,81,2.659511287805159,80,31.917
45,82,2.691427831395861,81,31.917
45,83,2.723344374986563,82,31.917
45,84,2.755260918577265,83,31.917
45,85,2.7871774621679672,84,31.917
45,86,2.8190940057586693,85,31.917
45,87,2.8510105493493714,86,31.917
45,88,2.8829270929400734,87,31.917
45,89,2.9148436365307755,88,31.917
45,90,2.9467601801214776,89,31.917
45,91,2.9786767237121796,90,31.917
45,92,3.0105932673028817,91,31.917
45,93,3.0425098108935837,92,31.917
45,94,3.074426354484286,93,31.917
45,95,3.106342898074988,94,31.917
45,96,3.13825944166569,95,31.917
45,97,3.170175985256392,96,31.917
45,98,3.202092528847094,97,31.917
45,99,3.234009072437796,98,31.917
45,100,3.265925616028498,99,31.917
45,101,3.2978421596192002,100,31.917
45,102,3.3297587032099023,101,31.917
45,103,3.3616752468006044,102,31.917
45,104,3.3935917903913064,103,31.917
45,105,3.4255083339820085,104,31.917
45,106,3.4574248775727106,105,31.917
45,107,3.4893414211634126,106,31.917
45,108,3.5212579647541147,107,31.917
45,109,3.5531745083448167,108,31.917
45,110,3.585091051935519,109,31.917
45,111,3.617007595526221,110,31.917
45,112,3.648924139116923,111,31.917
45,113,3.680840682707625,112,31.917
45,114,3.7127219768798416,113,31.881
45,115,3.7446032710520583,114,31.881
45,116,3.776484565224275,115,31.881
45,117,3.8083658593964915,116,31.881
45,118,3.840247153568708,117,31.881
45,119,3.872128447740925,118,31.881
45,120,3.9040097419131414,119,31.881
45,121,3.935891036085358,120,31.881
45,122,3.9677723302575747,121,31.881
45,123,3.9996536244297913,122,31.881
45,124,4.0315349186020075,123,31.881
45,125,4.063416212774224,124,31.881
45,126,4.095297506946441,125,31.881
45,127,4.127178801118657,126,31.881
45,128,4.159060095290874,127,31.881
46,1,0.11099784846434642,0,110.998
46,2,0.14281418272347868,1,31.816
46,3,0.17463051698261092,2,31.816
46,4,0.20644685124174317,3,31.816
46,5,0.2382631855008754,4,31.816
46,6,0.27007951976000766,5,31.816
46,7,0.3018958540191399,6,31.816
46,8,0.3337121882782721,7,31.816
46,9,0.3655285225374043,8,31.816
46,10,0.3973448567965365,9,31.816
46,11,0.42916119105566874,10,31.816
46,12,0.46097752531480096,11,31.816
46,13,0.4927938595739332,12,31.816
46,14,0.5246101938330654,13,31.816
46,15,0.5564265280921976,14,31.816
46,16,0.5882428623513298,15,31.816
46,17,0.620059196610462,16,31.816
46,18,0.6518755308695943,17,31.816
46,19,0.6836918651287265,18,31.816
46,20,0.7155081993878587,19,31.816
46,21,0.7473245336469909,20,31.816
46,22,0.7791408679061231,21,31.816
46,23,0.8109572021652554,22,31.816
46,24,0.8427735364243876,23,31.816
46,25,0.8745898706835198,24,31.816
46,26,0.906406204942652,25,31.816
46,27,0.9382225392017842,26,31.816
46,28,0.9700388734609164,27,31.816
46,29,1.0018552077200487,28,31.816
46,30,1.0336715419791809,29,31.816
46,31,1.065487876238313,30,31.816
46,32,1.0973042104974453,31,31.816
46,33,1.1291205447565775,32,31.816
46,34,1.1609368790157097,33,31.816
46,35,1.192753213274842,34,31.816
46,36,1.2245695475339742,35,31.816
46,37,1.2563858817931064,36,31.816
46,38,1.2882022160522386,37,31.816
46,39,1.3200185503113708,38,31.816
46,40,1.351834884570503,39,31.816
46,41,1.3836512188296353,40,31.816
46,42,1.4154675530887675,41,31.816
46,43,1.4472838873478997,42,31.816
46,44,1.479100221607032,43,31.816
46,45,1.5109165558661641,44,31.816
46,46,1.5427328901252964,45,31.816
46,47,1.5745492243844286,46,31.816
46,48,1.6063655586435608,47,31.816
46,49,1.638181892902693,48,31.816
46,50,1.670098436493395,49,31.917
46,51,1.7020149800840971,50,31.917
46,52,1.7339315236747992,51,31.917
46,53,1.7658480672655013,52,31.917
46,54,1.7977646108562033,53,31.917
46,55,1.8296811544469054,54,31.917
46,56,1.8615976980376074,55,31.917
46,57,1.8935142416283095,56,31.917
46,58,1.9254307852190116,57,31.917
46,59,1.9573473288097136,58,31.917
46,60,1.9892638724004157,59,31.917
46,61,2.0211804159911178,60,31.917
46,62,2.05309695958182,61,31.917
46,63,2.085013503172522,62,31.917
46,64,2.116930046763224,63,31.917
46,65,2.148846590353926,64,31.917
46,66,2.180763133944628,65,31.917
46,67,2.21267967753533,66,31.917
46,68,2.244596221126032,67,31.917
46,69,2.2765127647167342,68,31.917
46,70,2.3084293083074363,69,31.917
46,71,2.3403458518981384,70,31.917
46,72,2.3722623954888404,71,31.917
46,73,2.4041789390795425,72,31.917
46,74,2.4360954826702446,73,31.917
46,75,2.4680120262609466,74,31.917
46,76,2.4999285698516487,75,31.917
46,77,2.5318451134423507,76,31.917
46,78,2.563761657033053,77,31.917
46,79,2.595678200623755,78,31.917
46,80,2.627594744214457,79,31.917
46,81,2.659511287805159,80,31.917
46,82,2.691427831395861,81,31.917
46,83,2.723344374986563,82,31.917
46,84,2.755260918577265,83,31.917
46,85,2.7871774621679672,84,31.917
46,86,2.8190940057586693,85,31.917
46,87,2.8510105493493714,86,31.917
46,88,2.8829270929400734,87,31.917
46,89,2.9148436365307755,88,31.917
46,90,2.9467601801214776,89,31.917
46,91,2.9786767237121796,90,31.917
46,92,3.0105932673028817,91,31.917
46,93,3.0425098108935837,92,31.917
46,94,3.074426354484286,93,31.917
46,95,3.106342898074988,94,31.917
46,96,3.13825944166569,95,31.917
46,97,3.170175985256392,96,31.917
46,98,3.202092528847094,97,31.917
46,99,3.234009072437796,98,31.917
46,100,3.265925616028498,99,31.917
46,101,3.2978421596192002,100,31.917
46,102,3.3297587032099023,101,31.917
46,103,3.3616752468006044,102,31.917
46,104,3.3935917903913064,103,31.917
46,105,3.4255083339820085,104,31.917
46,106,3.4574248775727106,105,31.917
46,107,3.4893414211634126,106,31.917
46,108,3.5212579647541147,107,31.917
46,109,3.5531745083448167,108,31.917
46,110,3.585091051935519,109,31.917
46,111,3.617007595526221,110,31.917
46,112,3.648924139116923,111,31.917
46,113,3.680840682707625,112,31.917
46,114,3.7127219768798416,113,31.881
46,115,3.7446032710520583,114,31.881
46,116,3.776484565224275,115,31.881
46,117,3.8083658593964915,116,31.881
46,118,3.840247153568708,117,31.881
46,119,3.872128447740925,118,31.881
46,120,3.9040097419131414,119,31.881
46,121,3.935891036085358,120,31.881
46,122,3.9677723302575747,121,31.881
46,123,3.9996536244297913,122,31.881
46,124,4.0315349186020075,123,31.881
46,125,4.063416212774224,124,31.881
46,126,4.095297506946441,125,31.881
46,127,4.127178801118657,126,31.881
46,128,4.159060095290874,127,31.881
47,1,0.11099784846434642,0,110.998
47,2,0.14281418272347868,1,31.816
47,3,0.17463051698261092,2,31.816
47,4,0.20644685124174317,3,31.816
47,5,0.2382631855008754,4,31.816
47,6,0.27007951976000766,5,31.816
47,7,0.3018958540191399,6,31.816
47,8,0.3337121882782721,7,31.816
47,9,0.3655285225374043,8,31.816
47,10,0.3973448567965365,9,31.816
47,11,0.42916119105566874,10,31.816
47,12,0.46097752531480096,11,31.816
47,13,0.4927938595739332,12,31.816
47,14,0.5246101938330654,13,31.816
47,15,0.5564265280921976,14,31.816
47,16,0.5882428623513298,15,31.816
47,17,0.620059196610462,16,31.816
47,18,0.6518755308695943,17,31.816
47,19,0.6836918651287265,18,31.816
47,20,0.7155081993878587,19,31.816
47,21,0.7473245336469909,20,31.816
47,22,0.7791408679061231,21,31.816
47,23,0.8109572021652554,22,31.816
47,24,0.8427735364243876,23,31.816
47,25,0.8745898706835198,24,31.816
47,26,0.906406204942652,25,31.816
47,27,0.9382225392017842,26,31.816
47,28,0.9700388734609164,27,31.816
47,29,1.0018552077200487,28,31.816
47,30,1.0336715419791809,29,31.816
47,31,1.065487876238313,30,31.816
47,32,1.0973042104974453,31,31.816
47,33,1.1291205447565775,32,31.816
47,34,1.1609368790157097,33,31.816
47,35,1.192753213274842,34,31.816
47,36,1.2245695475339742,35,31.816
47,37,1.2563858817931064,36,31.816
47,38,1.2882022160522386,37,31.816
47,39,1.3200185503113708,38,31.816
47,40,1.351834884570503,39,31.816
47,41,1.3836512188296353,40,31.816
47,42,1.4154675530887675,41,31.816
47,43,1.4472838873478997,42,31.816
47,44,1.479100221607032,43,31.816
47,45,1.5109165558661641,44,31.816
47,46,1.5427328901252964,45,31.816
47,47,1.5745492243844286,46,31.816
47,48,1.6063655586435608,47,31.816
47,49,1.638181892902693,48,31.816
47,50,1.670098436493395,49,31.917
47,51,1.7020149800840971,50,31.917
47,52,1.7339315236747992,51,31.917
47,53,1.7658480672655013,52,31.917
47,54,1.7977646108562033,53,31.917
47,55,1.8296811544469054,54,31.917
47,56,1.8615976980376074,55,31.917
47,57,1.8935142416283095,56,31.917
47,58,1.9254307852190116,57,31.917
47,59,1.9573473288097136,58,31.917
47,60,1.9892638724004157,59,31.917
47,61,2.0211804159911178,60,31.917
47,62,2.05309695958182,61,31.917
47,63,2.085013503172522,62,31.917
47,64,2.116930046763224,63,31.917
47,65,2.148846590353926,64,31.917
47,66,2.180763133944628,65,31.917
47,67,2.21267967753533,66,31.917
47,68,2.244596221126032,67,31.917
47,69,2.2765127647167342,68,31.917
47,70,2.3084293083074363,69,31.917
47,71,2.3403458518981384,70,31.917
47,72,2.3722623954888404,71,31.917
47,73,2.4041789390795425,72,31.917
47,74,2.4360954826702446,73,31.917
47,75,2.4680120262609466,74,31.917
47,76,2.4999285698516487,75,31.917
47,77,2.5318451134423507,76,31.917
47,78,2.563761657033053,77,31.917
47,79,2.595678200623755,78,31.917
47,80,2.627594744214457,79,31.917
47,81,2.659511287805159,80,31.917
47,82,2.691427831395861,81,31.917
47,83,2.723344374986563,82,31.917
47,84,2.755260918577265,83,31.917
47,85,2.7871774621679672,84,31.917
47,86,2.8190940057586693,85,31.917
47,87,2.8510105493493714,86,31.917
47,88,2.8829270929400734,87,31.917
47,89,2.9148436365307755,88,31.917
47,90,2.9467601801214776,89,31.917
47,91,2.9786767237121796,90,31.917
47,92,3.0105932673028817,91,31.917
47,93,3.0425098108935837,92,31.917
47,94,3.074426354484286,93,31.917
47,95,3.106342898074988,94,31.917
47,96,3.13825944166569,95,31.917
47,97,3.170175985256392,96,31.917
47,98,3.202092528847094,97,31.917
47,99,3.234009072437796,98,31.917
47,100,3.265925616028498,99,31.917
47,101,3.2978421596192002,100,31.917
47,102,3.3297587032099023,101,31.917
47,103,3.3616752468006044,102,31.917
47,104,3.3935917903913064,103,31.917
47,105,3.4255083339820085,104,31.917
47,106,3.4574248775727106,105,31.917
47,107,3.4893414211634126,106,31.917
47,108,3.5212579647541147,107,31.917
47,109,3.5531745083448167,108,31.917
47,110,3.585091051935519,109,31.917
47,111,3.617007595526221,110,31.917
47,112,3.648924139116923,111,31.917
47,113,3.680840682707625,112,31.917
47,114,3.7127219768798416,113,31.881
47,115,3.7446032710520583,114,31.881
47,116,3.776484565224275,115,31.881
47,117,3.8083658593964915,116,31.881
47,118,3.840247153568708,117,31.881
47,119,3.872128447740925,118,31.881
47,120,3.9040097419131414,119,31.881
47,121,3.935891036085358,120,31.881
47,122,3.9677723302575747,121,31.881
47,123,3.9996536244297913,122,31.881
47,124,4.0315349186020075,123,31.881
47,125,4.063416212774224,124,31.881
47,126,4.095297506946441,125,31.881
47,127,4.127178801118657,126,31.881
47,128,4.159060095290874,127,31.881
48,1,0.11099784846434642,0,110.998
48,2,0.14281418272347868,1,31.816
48,3,0.17463051698261092,2,31.816
48,4,0.20644685124174317,3,31.816
48,5,0.2382631855008754,4,31.816
48,6,0.27007951976000766,5,31.816
48,7,0.3018958540191399,6,31.816
48,8,0.3337121882782721,7,31.816
48,9,0.3655285225374043,8,31.816
48,10,0.3973448567965365,9,31.816
48,11,0.42916119105566874,10,31.816
48,12,0.46097752531480096,11,31.816
48,13,0.4927938595739332,12,31.816
48,14,0.5246101938330654,13,31.816
48,15,0.5564265280921976,14,31.816
48,16,0.5882428623513298,15,31.816
48,17,0.620059196610462,16,31.816
48,18,0.6518755308695943,17,31.816
48,19,0.6836918651287265,18,31.816
48,20,0.7155081993878587,19,31.816
48,21,0.7473245336469909,20,31.816
48,22,0.7791408679061231,21,31.816
48,23,0.8109572021652554,22,31.816
48,24,0.8427735364243876,23,31.816
48,25,0.8745898706835198,24,31.816
48,26,0.906406204942652,25,31.816
48,27,0.9382225392017842,26,31.816
48,28,0.9700388734609164,27,31.816
48,29,1.0018552077200487,28,31.816
48,30,1.0336715419791809,29,31.816
48,31,1.065487876238313,30,31.816
48,32,1.0973042104974453,31,31.816
48,33,1.1291205447565775,32,31.816
48,34,1.1609368790157097,33,31.816
48,35,1.192753213274842,34,31.816
48,36,1.2245695475339742,35,31.816
48,37,1.2563858817931064,36,31.816
48,38,1.2882022160522386,37,31.816
48,39,1.3200185503113708,38,31.816
48,40,1.351834884570503,39,31.816
48,41,1.3836512188296353,40,31.816
48,42,1.4154675530887675,41,31.816
48,43,1.4472838873478997,42,31.816
48,44,1.479100221607032,43,31.816
48,45,1.5109165558661641,44,31.816
48,46,1.5427328901252964,45,31.816
48,47,1.5745492243844286,46,31.816
48,48,1.6063655586435608,47,31.816
48,49,1.638181892902693,48,31.816
48,50,1.670098436493395,49,31.917
48,51,1.7020149800840971,50,31.917
48,52,1.7339315236747992,51,31.917
48,53,1.7658480672655013,52,31.917
48,54,1.7977646108562033,53,31.917
48,55,1.8296811544469054,54,31.917
48,56,1.8615976980376074,55,31.917
48,57,1.8935142416283095,56,31.917
48,58,1.9254307852190116,57,31.917
48,59,1.9573473288097136,58,31.917
48,60,1.9892638724004157,59,31.917
48,61,2.0211804159911178,60,31.917
48,62,2.05309695958182,61,31.917
48,63,2.085013503172522,62,31.917
48,64,2.116930046763224,63,31.917
48,65,2.148846590353926,64,31.917
48,66,2.180763133944628,65,31.917
48,67,2.21267967753533,66,31.917
48,68,2.244596221126032,67,31.917
48,69,2.2765127647167342,68,31.917
48,70,2.3084293083074363,69,31.917
48,71,2.3403458518981384,70,31.917
48,72,2.3722623954888404,71,31.917
48,73,2.4041789390795425,72,31.917
48,74,2.4360954826702446,73,31.917
48,75,2.4680120262609466,74,31.917
48,76,2.4999285698516487,75,31.917
48,77,2.5318451134423507,76,31.917
48,78,2.563761657033053,77,31.917
48,79,2.595678200623755,78,31.917
48,80,2.627594744214457,79,31.917
48,81,2.659511287805159,80,31.917
48,82,2.691427831395861,81,31.917
48,83,2.723344374986563,82,31.917
48,84,2.755260918577265,83,31.917
48,85,2.7871774621679672,84,31.917
48,86,2.8190940057586693,85,31.917
48,87,2.8510105493493714,86,31.917
48,88,2.8829270929400734,87,31.917
48,89,2.9148436365307755,88,31.917
48,90,2.9467601801214776,89,31.917
48,91,2.9786767237121796,90,31.917
48,92,3.0105932673028817,91,31.917
48,93,3.0425098108935837,92,31.917
48,94,3.074426354484286,93,31.917
48,95,3.106342898074988,94,31.917
48,96,3.13825944166569,95,31.917
48,97,3.170175985256392,96,31.917
48,98,3.202092528847094,97,31.917
48,99,3.234009072437796,98,31.917
48,100,3.265925616028498,99,31.917
48,101,3.2978421596192002,100,31.917
48,102,3.3297587032099023,101,31.917
48,103,3.3616752468006044,102,31.917
48,104,3.3935917903913064,103,31.917
48,105,3.4255083339820085,104,31.917
48,106,3.4574248775727106,105,31.917
48,107,3.4893414211634126,106,31.917
48,108,3.5212579647541147,107,31.917
48,109,3.5531745083448167,108,31.917
48,110,3.585091051935519,109,31.917
48,111,3.617007595526221,110,31.917
48,112,3.648924139116923,111,31.917
48,113,3.680840682707625,112,31.917
48,114,3.7127219768798416,113,31.881
48,115,3.7446032710520583,114,31.881
48,116,3.776484565224275,115,31.881
48,117,3.8083658593964915,116,31.881
48,118,3.840247153568708,117,31.881
48,119,3.872128447740925,118,31.881
48,120,3.9040097419131414,119,31.881
48,121,3.935891036085358,120,31.881
48,122,3.9677723302575747,121,31.881
48,123,3.9996536244297913,122,31.881
48,124,4.0315349186020075,123,31.881
48,125,4.063416212774224,124,31.881
48,126,4.095297506946441,125,31.881
48,127,4.127178801118657,126,31.881
48,128,4.159060095290874,127,31.881
49,1,0.11099784846434642,0,110.998
49,2,0.14281418272347868,1,31.816
49,3,0.17463051698261092,2,31.816
49,4,0.20644685124174317,3,31.816
49,5,0.2382631855008754,4,31.816
49,6,0.27007951976000766,5,31.816
49,7,0.3018958540191399,6,31.816
49,8,0.3337121882782721,7,31.816
49,9,0.3655285225374043,8,31.816
49,10,0.3973448567965365,9,31.816
49,11,0.42916119105566874,10,31.816
49,12,0.46097752531480096,11,31.816
49,13,0.4927938595739332,12,31.816
49,14,0.5246101938330654,13,31.816
49,15,0.5564265280921976,14,31.816
49,16,0.5882428623513298,15,31.816
49,17,0.620059196610462,16,31.816
49,18,0.6518755308695943,17,31.816
49,19,0.6836918651287265,18,31.816
49,20,0.7155081993878587,19,31.816
49,21,0.7473245336469909,20,31.816
49,22,0.7791408679061231,21,31.816
49,23,0.8109572021652554,22,31.816
49,24,0.8427735364243876,23,31.816
49,25,0.8745898706835198,24,31.816
49,26,0.906406204942652,25,31.816
49,27,0.9382225392017842,26,31.816
49,28,0.9700388734609164,27,31.816
49,29,1.0018552077200487,28,31.816
49,30,1.0336715419791809,29,31.816
49,31,1.065487876238313,30,31.816
49,32,1.0973042104974453,31,31.816
49,33,1.1291205447565775,32,31.816
49,34,1.1609368790157097,33,31.816
49,35,1.192753213274842,34,31.816
49,36,1.2245695475339742,35,31.816
49,37,1.2563858817931064,36,31.816
49,38,1.2882022160522386,37,31.816
49,39,1.3200185503113708,38,31.816
49,40,1.351834884570503,39,31.816
49,41,1.3836512188296353,40,31.816
49,42,1.4154675530887675,41,31.816
49,43,1.4472838873478997,42,31.816
49,44,1.479100221607032,43,31.816
49,45,1.5109165558661641,44,31.816
49,46,1.5427328901252964,45,31.816
49,47,1.5745492243844286,46,31.816
49,48,1.6063655586435608,47,31.816
49,49,1.638181892902693,48,31.816
49,50,1.670098436493395,49,31.917
49,51,1.7020149800840971,50,31.917
49,52,1.7339315236747992,51,31.917
49,53,1.7658480672655013,52,31.917
49,54,1.7977646108562033,53,31.917
49,55,1.8296811544469054,54,31.917
49,56,1.8615976980376074,55,31.917
49,57,1.8935142416283095,56,31.917
49,58,1.9254307852190116,57,31.917
49,59,1.9573473288097136,58,31.917
49,60,1.9892638724004157,59,31.917
49,61,2.0211804159911178,60,31.917
49,62,2.05309695958182,61,31.917
49,63,2.085013503172522,62,31.917
49,64,2.116930046763224,63,31.917
49,65,2.148846590353926,64,31.917
49,66,2.180763133944628,65,31.917
49,67,2.21267967753533,66,31.917
49,68,2.244596221126032,67,31.917
49,69,2.2765127647167342,68,31.917
49,70,2.3084293083074363,69,31.917
49,71,2.3403458518981384,70,31.917
49,72,2.3722623954888404,71,31.917
49,73,2.4041789390795425,72,31.917
49,74,2.4360954826702446,73,31.917
49,75,2.4680120262609466,74,31.917
49,76,2.4999285698516487,75,31.917
49,77,2.5318451134423507,76,31.917
49,78,2.563761657033053,77,31.917
49,79,2.595678200623755,78,31.917
49,80,2.627594744214457,79,31.917
49,81,2.659511287805159,80,31.917
49,82,2.691427831395861,81,31.917
49,83,2.723344374986563,82,31.917
49,84,2.755260918577265,83,31.917
49,85,2.7871774621679672,84,31.917
49,86,2.8190940057586693,85,31.917
49,87,2.8510105493493714,86,31.917
49,88,2.8829270929400734,87,31.917
49,89,2.9148436365307755,88,31.917
49,90,2.9467601801214776,89,31.917
49,91,2.9786767237121796,90,31.917
49,92,3.0105932673028817,91,31.917
49,93,3.0425098108935837,92,31.917
49,94,3.074426354484286,93,31.917
49,95,3.106342898074988,94,31.917
49,96,3.13825944166569,95,31.917
49,97,3.170175985256392,96,31.917
49,98,3.202092528847094,97,31.917
49,99,3.234009072437796,98,31.917
49,100,3.265925616028498,99,31.917
49,101,3.2978421596192002,100,31.917
49,102,3.3297587032099023,101,31.917
49,103,3.3616752468006044,102,31.917
49,104,3.3935917903913064,103,31.917
49,105,3.4255083339820085,104,31.917
49,106,3.4574248775727106,105,31.917
49,107,3.4893414211634126,106,31.917
49,108,3.5212579647541147,107,31.917
49,109,3.5531745083448167,108,31.917
49,110,3.585091051935519,109,31.917
49,111,3.617007595526221,110,31.917
49,112,3.648924139116923,111,31.917
49,113,3.680840682707625,112,31.917
49,114,3.7127219768798416,113,31.881
49,115,3.7446032710520583,114,31.881
49,116,3.776484565224275,115,31.881
49,117,3.8083658593964915,116,31.881
49,118,3.840247153568708,117,31.881
49,119,3.872128447740925,118,31.881
49,120,3.9040097419131414,119,31.881
49,121,3.935891036085358,120,31.881
49,122,3.9677723302575747,121,31.881
49,123,3.9996536244297913,122,31.881
49,124,4.0315349186020075,123,31.881
49,125,4.063416212774224,124,31.881
49,126,4.095297506946441,125,31.881
49,127,4.127178801118657,126,31.881
49,128,4.159060095290874,127,31.881
50,1,0.11099784846434642,0,110.998
50,2,0.14281418272347868,1,31.816
50,3,0.17463051698261092,2,31.816
50,4,0.20644685124174317,3,31.816
50,5,0.2382631855008754,4,31.816
50,6,0.27007951976000766,5,31.816
50,7,0.3018958540191399,6,31.816
50,8,0.3337121882782721,7,31.816
50,9,0.3655285225374043,8,31.816
50,10,0.3973448567965365,9,31.816
50,11,0.42916119105566874,10,31.816
50,12,0.46097752531480096,11,31.816
50,13,0.4927938595739332,12,31.816
50,14,0.5246101938330654,13,31.816
50,15,0.5564265280921976,14,31.816
50,16,0.5882428623513298,15,31.816
50,17,0.620059196610462,16,31.816
50,18,0.6518755308695943,17,31.816
50,19,0.6836918651287265,18,31.816
50,20,0.7155081993878587,19,31.816
50,21,0.7473245336469909,20,31.816
50,22,0.7791408679061231,21,31.816
50,23,0.8109572021652554,22,31.816
50,24,0.8427735364243876,23,31.816
50,25,0.8745898706835198,24,31.816
50,26,0.906406204942652,25,31.816
50,27,0.9382225392017842,26,31.816
50,28,0.9700388734609164,27,31.816
50,29,1.0018552077200487,28,31.816
50,30,1.0336715419791809,29,31.816
50,31,1.065487876238313,30,31.816
50,32,1.0973042104974453,31,31.816
50,33,1.1291205447565775,32,31.816
50,34,1.1609368790157097,33,31.816
50,35,1.192753213274842,34,31.816
50,36,1.2245695475339742,35,31.816
50,37,1.2563858817931064,36,31.816
50,38,1.2882022160522386,37,31.816
50,39,1.3200185503113708,38,31.816
50,40,1.351834884570503,39,31.816
50,41,1.3836512188296353,40,31.816
50,42,1.4154675530887675,41,31.816
50,43,1.4472838873478997,42,31.816
50,44,1.479100221607032,43,31.816
50,45,1.5109165558661641,44,31.816
50,46,1.5427328901252964,45,31.816
50,47,1.5745492243844286,46,31.816
50,48,1.6063655586435608,47,31.816
50,49,1.638181892902693,48,31.816
50,50,1.670098436493395,49,31.917
50,51,1.7020149800840971,50,31.917
50,52,1.7339315236747992,51,31.917
50,53,1.7658480672655013,52,31.917
50,54,1.7977646108562033,53,31.917
50,55,1.8296811544469054,54,31.917
50,56,1.8615976980376074,55,31.917
50,57,1.8935142416283095,56,31.917
50,58,1.9254307852190116,57,31.917
50,59,1.9573473288097136,58,31.917
50,60,1.9892638724004157,59,31.917
50,61,2.0211804159911178,60,31.917
50,62,2.05309695958182,61,31.917
50,63,2.085013503172522,62,31.917
50,64,2.116930046763224,63,31.917
50,65,2.148846590353926,64,31.917
50,66,2.180763133944628,65,31.917
50,67,2.21267967753533,66,31.917
50,68,2.244596221126032,67,31.917
50,69,2.2765127647167342,68,31.917
50,70,2.3084293083074363,69,31.917
50,71,2.3403458518981384,70,31.917
50,72,2.3722623954888404,71,31.917
50,73,2.4041789390795425,72,31.917
50,74,2.4360954826702446,73,31.917
50,75,2.4680120262609466,74,31.917
50,76,2.4999285698516487,75,31.917
50,77,2.5318451134423507,76,31.917
50,78,2.563761657033053,77,31.917
50,79,2.595678200623755,78,31.917
50,80,2.627594744214457,79,31.917
50,81,2.659511287805159,80,31.917
50,82,2.691427831395861,81,31.917
50,83,2.723344374986563,82,31.917
50,84,2.755260918577265,83,31.917
50,85,2.7871774621679672,84,31.917
50,86,2.8190940057586693,85,31.917
50,87,2.8510105493493714,86,31.917
50,88,2.8829270929400734,87,31.917
50,89,2.9148436365307755,88,31.917
50,90,2.9467601801214776,89,31.917
50,91,2.9786767237121796,90,31.917
50,92,3.0105932673028817,91,31.917
50,93,3.0425098108935837,92,31.917
50,94,3.074426354484286,93,31.917
50,95,3.106342898074988,94,31.917
50,96,3.13825944166569,95,31.917
50,97,3.170175985256392,96,31.917
50,98,3.202092528847094,97,31.917
50,99,3.234009072437796,98,31.917
50,100,3.265925616028498,99,31.917
50,101,3.2978421596192002,100,31.917
50,102,3.3297587032099023,101,31.917
50,103,3.3616752468006044,102,31.917
50,104,3.3935917903913064,103,31.917
50,105,3.4255083339820085,104,31.917
50,106,3.4574248775727106,105,31.917
50,107,3.4893414211634126,106,31.917
50,108,3.5212579647541147,107,31.917
50,109,3.5531745083448167,108,31.917
50,110,3.585091051935519,109,31.917
50,111,3.617007595526221,110,31.917
50,112,3.648924139116923,111,31.917
50,113,3.680840682707625,112,31.917
50,114,3.7127219768798416,113,31.881
50,115,3.7446032710520583,114,31.881
50,116,3.776484565224275,115,31.881
50,117,3.8083658593964915,116,31.881
50,118,3.840247153568708,117,31.881
50,119,3.872128447740925,118,31.881
50,120,3.9040097419131414,119,31.881
50,121,3.935891036085358,120,31.881
50,122,3.9677723302575747,121,31.881
50,123,3.9996536244297913,122,31.881
50,124,4.0315349186020075,123,31.881
50,125,4.063416212774224,124,31.881
50,126,4.095297506946441,125,31.881
50,127,4.127178801118657,126,31.881
50,128,4.159060095290874,127,31.881
51,1,0.11099784846434642,0,110.998
51,2,0.14281418272347868,1,31.816
51,3,0.17463051698261092,2,31.816
51,4,0.20644685124174317,3,31.816
51,5,0.2382631855008754,4,31.816
51,6,0.27007951976000766,5,31.816
51,7,0.3018958540191399,6,31.816
51,8,0.3337121882782721,7,31.816
51,9,0.3655285225374043,8,31.816
51,10,0.3973448567965365,9,31.816
51,11,0.42916119105566874,10,31.816
51,12,0.46097752531480096,11,31.816
51,13,0.4927938595739332,12,31.816
51,14,0.5246101938330654,13,31.816
51,15,0.5564265280921976,14,31.816
51,16,0.5882428623513298,15,31.816
51,17,0.620059196610462,16,31.816
51,18,0.6518755308695943,17,31.816
51,19,0.6836918651287265,18,31.816
51,20,0.7155081993878587,19,31.816
51,21,0.7473245336469909,20,31.816
51,22,0.7791408679061231,21,31.816
51,23,0.8109572021652554,22,31.816
51,24,0.8427735364243876,23,31.816
51,25,0.8745898706835198,24,31.816
51,26,0.906406204942652,25,31.816
51,27,0.9382225392017842,26,31.816
51,28,0.9700388734609164,27,31.816
51,29,1.0018552077200487,28,31.816
51,30,1.0336715419791809,29,31.816
51,31,1.065487876238313,30,31.816
51,32,1.0973042104974453,31,31.816
51,33,1.1291205447565775,32,31.816
51,34,1.1609368790157097,33,31.816
51,35,1.192753213274842,34,31.816
51,36,1.2245695475339742,35,31.816
51,37,1.2563858817931064,36,31.816
51,38,1.2882022160522386,37,31.816
51,39,1.3200185503113708,38,31.816
51,40,1.351834884570503,39,31.816
51,41,1.3836512188296353,40,31.816
51,42,1.4154675530887675,41,31.816
51,43,1.4472838873478997,42,31.816
51,44,1.479100221607032,43,31.816
51,45,1.5109165558661641,44,31.816
51,46,1.5427328901252964,45,31.816
51,47,1.5745492243844286,46,31.816
51,48,1.6063655586435608,47,31.816
51,49,1.638181892902693,48,31.816
51,50,1.670098436493395,49,31.917
51,51,1.7020149800840971,50,31.917
51,52,1.7339315236747992,51,31.917
51,53,1.7658480672655013,52,31.917
51,54,1.7977646108562033,53,31.917
51,55,1.8296811544469054,54,31.917
51,56,1.8615976980376074,55,31.917
51,57,1.8935142416283095,56,31.917
51,58,1.9254307852190116,57,31.917
51,59,1.9573473288097136,58,31.917
51,60,1.9892638724004157,59,31.917
51,61,2.0211804159911178,60,31.917
51,62,2.05309695958182,61,31.917
51,63,2.085013503172522,62,31.917
51,64,2.116930046763224,63,31.917
51,65,2.148846590353926,64,31.917
51,66,2.180763133944628,65,31.917
51,67,2.21267967753533,66,31.917
51,68,2.244596221126032,67,31.917
51,69,2.2765127647167342,68,31.917
51,70,2.3084293083074363,69,31.917
51,71,2.3403458518981384,70,31.917
51,72,2.3722623954888404,71,31.917
51,73,2.4041789390795425,72,31.917
51,74,2.4360954826702446,73,31.917
51,75,2.4680120262609466,74,31.917
51,76,2.4999285698516487,75,31.917
51,77,2.5318451134423507,76,31.917
51,78,2.563761657033053,77,31.917
51,79,2.595678200623755,78,31.917
51,80,2.627594744214457,79,31.917
51,81,2.659511287805159,80,31.917
51,82,2.691427831395861,81,31.917
51,83,2.723344374986563,82,31.917
51,84,2.755260918577265,83,31.917
51,85,2.7871774621679672,84,31.917
51,86,2.8190940057586693,85,31.917
51,87,2.8510105493493714,86,31.917
51,88,2.8829270929400734,87,31.917
51,89,2.9148436365307755,88,31.917
51,90,2.9467601801214776,89,31.917
51,91,2.9786767237121796,90,31.917
51,92,3.0105932673028817,91,31.917
51,93,3.0425098108935837,92,31.917
51,94,3.074426354484286,93,31.917
51,95,3.106342898074988,94,31.917
51,96,3.13825944166569,95,31.917
51,97,3.170175985256392,96,31.917
51,98,3.202092528847094,97,31.917
51,99,3.234009072437796,98,31.917
51,100,3.265925616028498,99,31.917
51,101,3.2978421596192002,100,31.917
51,102,3.3297587032099023,101,31.917
51,103,3.3616752468006044,102,31.917
51,104,3.3935917903913064,103,31.917
51,105,3.4255083339820085,104,31.917
51,106,3.4574248775727106,105,31.917
51,107,3.4893414211634126,106,31.917
51,108,3.5212579647541147,107,31.917
51,109,3.5531745083448167,108,31.917
51,110,3.585091051935519,109,31.917
51,111,3.617007595526221,110,31.917
51,112,3.648924139116923,111,31.917
51,113,3.680840682707625,112,31.917
51,114,3.7127219768798416,113,31.881
51,115,3.7446032710520583,114,31.881
51,116,3.776484565224275,115,31.881
51,117,3.8083658593964915,116,31.881
51,118,3.840247153568708,117,31.881
51,119,3.872128447740925,118,31.881
51,120,3.9040097419131414,119,31.881
51,121,3.935891036085358,120,31.881
51,122,3.9677723302575747,121,31.881
51,123,3.9996536244297913,122,31.881
51,124,4.0315349186020075,123,31.881
51,125,4.063416212774224,124,31.881
51,126,4.095297506946441,125,31.881
51,127,4.127178801118657,126,31.881
51,128,4.159060095290874,127,31.881
52,1,0.11099784846434642,0,110.998
52,2,0.14281418272347868,1,31.816
52,3,0.17463051698261092,2,31.816
52,4,0.20644685124174317,3,31.816
52,5,0.2382631855008754,4,31.816
52,6,0.27007951976000766,5,31.816
52,7,0.3018958540191399,6,31.816
52,8,0.3337121882782721,7,31.816
52,9,0.3655285225374043,8,31.816
52,10,0.3973448567965365,9,31.816
52,11,0.42916119105566874,10,31.816
52,12,0.46097752531480096,11,31.816
52,13,0.4927938595739332,12,31.816
52,14,0.5246101938330654,13,31.816
52,15,0.5564265280921976,14,31.816
52,16,0.5882428623513298,15,31.816
52,17,0.620059196610462,16,31.816
52,18,0.6518755308695943,17,31.816
52,19,0.6836918651287265,18,31.816
52,20,0.7155081993878587,19,31.816
52,21,0.7473245336469909,20,31.816
52,22,0.7791408679061231,21,31.816
52,23,0.8109572021652554,22,31.816
52,24,0.8427735364243876,23,31.816
52,25,0.8745898706835198,24,31.816
52,26,0.906406204942652,25,31.816
52,27,0.9382225392017842,26,31.816
52,28,0.9700388734609164,27,31.816
52,29,1.0018552077200487,28,31.816
52,30,1.0336715419791809,29,31.816
52,31,1.065487876238313,30,31.816
52,32,1.0973042104974453,31,31.816
52,33,1.1291205447565775,32,31.816
52,34,1.1609368790157097,33,31.816
52,35,1.192753213274842,34,31.816
52,36,1.2245695475339742,35,31.816
52,37,1.2563858817931064,36,31.816
52,38,1.2882022160522386,37,31.816
52,39,1.3200185503113708,38,31.816
52,40,1.351834884570503,39,31.816
52,41,1.3836512188296353,40,31.816
52,42,1.4154675530887675,41,31.816
52,43,1.4472838873478997,42,31.816
52,44,1.479100221607032,43,31.816
52,45,1.5109165558661641,44,31.816
52,46,1.5427328901252964,45,31.816
52,47,1.5745492243844286,46,31.816
52,48,1.6063655586435608,47,31.816
52,49,1.638181892902693,48,31.816
52,50,1.670098436493395,49,31.917
52,51,1.7020149800840971,50,31.917
52,52,1.7339315236747992,51,31.917
52,53,1.7658480672655013,52,31.917
52,54,1.7977646108562033,53,31.917
52,55,1.8296811544469054,54,31.917
52,56,1.8615976980376074,55,31.917
52,57,1.8935142416283095,56,31.917
52,58,1.9254307852190116,57,31.917
52,59,1.9573473288097136,58,31.917
52,60,1.9892638724004157,59,31.917
52,61,2.0211804159911178,60,31.917
52,62,2.05309695958182,61,31.917
52,63,2.085013503172522,62,31.917
52,64,2.116930046763224,63,31.917
52,65,2.148846590353926,64,31.917
52,66,2.180763133944628,65,31.917
52,67,2.21267967753533,66,31.917
52,68,2.244596221126032,67,31.917
52,69,2.2765127647167342,68,31.917
52,70,2.3084293083074363,69,31.917
52,71,2.3403458518981384,70,31.917
52,72,2.3722623954888404,71,31.917
52,73,2.4041789390795425,72,31.917
52,74,2.4360954826702446,73,31.917
52,75,2.4680120262609466,74,31.917
52,76,2.4999285698516487,75,31.917
52,77,2.5318451134423507,76,31.917
52,78,2.563761657033053,77,31.917
52,79,2.595678200623755,78,31.917
52,80,2.627594744214457,79,31.917
52,81,2.659511287805159,80,31.917
52,82,2.691427831395861,81,31.917
52,83,2.723344374986563,82,31.917
52,84,2.755260918577265,83,31.917
52,85,2.7871774621679672,84,31.917
52,86,2.8190940057586693,85,31.917
52,87,2.8510105493493714,86,31.917
52,88,2.8829270929400734,87,31.917
52,89,2.9148436365307755,88,31.917
52,90,2.9467601801214776,89,31.917
52,91,2.9786767237121796,90,31.917
52,92,3.0105932673028817,91,31.917
52,93,3.0425098108935837,92,31.917
52,94,3.074426354484286,93,31.917
52,95,3.106342898074988,94,31.917
52,96,3.13825944166569,95,31.917
52,97,3.170175985256392,96,31.917
52,98,3.202092528847094,97,31.917
52,99,3.234009072437796,98,31.917
52,100,3.265925616028498,99,31.917
52,101,3.2978421596192002,100,31.917
52,102,3.3297587032099023,101,31.917
52,103,3.3616752468006044,102,31.917
52,104,3.3935917903913064,103,31.917
52,105,3.4255083339820085,104,31.917
52,106,3.4574248775727106,105,31.917
52,107,3.4893414211634126,106,31.917
52,108,3.5212579647541147,107,31.917
52,109,3.5531745083448167,108,31.917
52,110,3.585091051935519,109,31.917
52,111,3.617007595526221,110,31.917
52,112,3.648924139116923,111,31.917
52,113,3.680840682707625,112,31.917
52,114,3.7127219768798416,113,31.881
52,115,3.7446032710520583,114,31.881
52,116,3.776484565224275,115,31.881
52,117,3.8083658593964915,116,31.881
52,118,3.840247153568708,117,31.881
52,119,3.872128447740925,118,31.881
52,120,3.9040097419131414,119,31.881
52,121,3.935891036085358,120,31.881
52,122,3.9677723302575747,121,31.881
52,123,3.9996536244297913,122,31.881
52,124,4.0315349186020075,123,31.881
52,125,4.063416212774224,124,31.881
52,126,4.095297506946441,125,31.881
52,127,4.127178801118657,126,31.881
52,128,4.159060095290874,127,31.881
53,1,0.11099784846434642,0,110.998
53,2,0.14281418272347868,1,31.816
53,3,0.17463051698261092,2,31.816
53,4,0.20644685124174317,3,31.816
53,5,0.2382631855008754,4,31.816
53,6,0.27007951976000766,5,31.816
53,7,0.3018958540191399,6,31.816
53,8,0.3337121882782721,7,31.816
53,9,0.3655285225374043,8,31.816
53,10,0.3973448567965365,9,31.816
53,11,0.42916119105566874,10,31.816
53,12,0.46097752531480096,11,31.816
53,13,0.4927938595739332,12,31.816
53,14,0.5246101938330654,13,31.816
53,15,0.5564265280921976,14,31.816
53,16,0.5882428623513298,15,31.816
53,17,0.620059196610462,16,31.816
53,18,0.6518755308695943,17,31.816
53,19,0.6836918651287265,18,31.816
53,20,0.7155081993878587,19,31.816
53,21,0.7473245336469909,20,31.816
53,22,0.7791408679061231,21,31.816
53,23,0.8109572021652554,22,31.816
53,24,0.8427735364243876,23,31.816
53,25,0.8745898706835198,24,31.816
53,26,0.906406204942652,25,31.816
53,27,0.9382225392017842,26,31.816
53,28,0.9700388734609164,27,31.816
53,29,1.0018552077200487,28,31.816
53,30,1.0336715419791809,29,31.816
53,31,1.065487876238313,30,31.816
53,32,1.0973042104974453,31,31.816
53,33,1.1291205447565775,32,31.816
53,34,1.1609368790157097,33,31.816
53,35,1.192753213274842,34,31.816
53,36,1.2245695475339742,35,31.816
53,37,1.2563858817931064,36,31.816
53,38,1.2882022160522386,37,31.816
53,39,1.3200185503113708,38,31.816
53,40,1.351834884570503,39,31.816
53,41,1.3836512188296353,40,31.816
53,42,1.4154675530887675,41,31.816
53,43,1.4472838873478997,42,31.816
53,44,1.479100221607032,43,31.816
53,45,1.5109165558661641,44,31.816
53,46,1.5427328901252964,45,31.816
53,47,1.5745492243844286,46,31.816
53,48,1.6063655586435608,47,31.816
53,49,1.638181892902693,48,31.816
53,50,1.670098436493395,49,31.917
53,51,1.7020149800840971,50,31.917
53,52,1.7339315236747992,51,31.917
53,53,1.7658480672655013,52,31.917
53,54,1.7977646108562033,53,31.917
53,55,1.8296811544469054,54,31.917
53,56,1.8615976980376074,55,31.917
53,57,1.8935142416283095,56,31.917
53,58,1.9254307852190116,57,31.917
53,59,1.9573473288097136,58,31.917
53,60,1.9892638724004157,59,31.917
53,61,2.0211804159911178,60,31.917
53,62,2.05309695958182,61,31.917
53,63,2.085013503172522,62,31.917
53,64,2.116930046763224,63,31.917
53,65,2.148846590353926,64,31.917
53,66,2.180763133944628,65,31.917
53,67,2.21267967753533,66,31.917
53,68,2.244596221126032,67,31.917
53,69,2.2765127647167342,68,31.917
53,70,2.3084293083074363,69,31.917
53,71,2.3403458518981384,70,31.917
53,72,2.3722623954888404,71,31.917
53,73,2.4041789390795425,72,31.917
53,74,2.4360954826702446,73,31.917
53,75,2.4680120262609466,74,31.917
53,76,2.4999285698516487,75,31.917
53,77,2.5318451134423507,76,31.917
53,78,2.563761657033053,77,31.917
53,79,2.595678200623755,78,31.917
53,80,2.627594744214457,79,31.917
53,81,2.659511287805159,80,31.917
53,82,2.691427831395861,81,31.917
53,83,2.723344374986563,82,31.917
53,84,2.755260918577265,83,31.917
53,85,2.7871774621679672,84,31.917
53,86,2.8190940057586693,85,31.917
53,87,2.8510105493493714,86,31.917
53,88,2.8829270929400734,87,31.917
53,89,2.9148436365307755,88,31.917
53,90,2.9467601801214776,89,31.917
53,91,2.9786767237121796,90,31.917
53,92,3.0105932673028817,91,31.917
53,93,3.0425098108935837,92,31.917
53,94,3.074426354484286,93,31.917
53,95,3.106342898074988,94,31.917
53,96,3.13825944166569,95,31.917
53,97,3.170175985256392,96,31.917
53,98,3.202092528847094,97,31.917
53,99,3.234009072437796,98,31.917
53,100,3.265925616028498,99,31.917
53,101,3.2978421596192002,100,31.917
53,102,3.3297587032099023,101,31.917
53,103,3.3616752468006044,102,31.917
53,104,3.3935917903913064,103,31.917
53,105,3.4255083339820085,104,31.917
53,106,3.4574248775727106,105,31.917
53,107,3.4893414211634126,106,31.917
53,108,3.5212579647541147,107,31.917
53,109,3.5531745083448167,108,31.917
53,110,3.585091051935519,109,31.917
53,111,3.617007595526221,110,31.917
53,112,3.648924139116923,111,31.917
53,113,3.680840682707625,112,31.917
53,114,3.7127219768798416,113,31.881
53,115,3.7446032710520583,114,31.881
53,116,3.776484565224275,115,31.881
53,117,3.8083658593964915,116,31.881
53,118,3.840247153568708,117,31.881
53,119,3.872128447740925,118,31.881
53,120,3.9040097419131414,119,31.881
53,121,3.935891036085358,120,31.881
53,122,3.9677723302575747,121,31.881
53,123,3.9996536244297913,122,31.881
53,124,4.0315349186020075,123,31.881
53,125,4.063416212774224,124,31.881
53,126,4.095297506946441,125,31.881
53,127,4.127178801118657,126,31.881
53,128,4.159060095290874,127,31.881
54,1,0.11099784846434642,0,110.998
54,2,0.14281418272347868,1,31.816
54,3,0.17463051698261092,2,31.816
54,4,0.20644685124174317,3,31.816
54,5,0.2382631855008754,4,31.816
54,6,0.27007951976000766,5,31.816
54,7,0.3018958540191399,6,31.816
54,8,0.3337121882782721,7,31.816
54,9,0.3655285225374043,8,31.816
54,10,0.3973448567965365,9,31.816
54,11,0.42916119105566874,10,31.816
54,12,0.46097752531480096,11,31.816
54,13,0.4927938595739332,12,31.816
54,14,0.5246101938330654,13,31.816
54,15,0.5564265280921976,14,31.816
54,16,0.5882428623513298,15,31.816
54,17,0.620059196610462,16,31.816
54,18,0.6518755308695943,17,31.816
54,19,0.6836918651287265,18,31.816
54,20,0.7155081993878587,19,31.816
54,21,0.7473245336469909,20,31.816
54,22,0.7791408679061231,21,31.816
54,23,0.8109572021652554,22,31.816
54,24,0.8427735364243876,23,31.816
54,25,0.8745898706835198,24,31.816
54,26,0.906406204942652,25,31.816
54,27,0.9382225392017842,26,31.816
54,28,0.9700388734609164,27,31.816
54,29,1.0018552077200487,28,31.816
54,30,1.0336715419791809,29,31.816
54,31,1.065487876238313,30,31.816
54,32,1.0973042104974453,31,31.816
54,33,1.1291205447565775,32,31.816
54,34,1.1609368790157097,33,31.816
54,35,1.192753213274842,34,31.816
54,36,1.2245695475339742,35,31.816
54,37,1.2563858817931064,36,31.816
54,38,1.2882022160522386,37,31.816
54,39,1.3200185503113708,38,31.816
54,40,1.351834884570503,39,31.816
54,41,1.3836512188296353,40,31.816
54,42,1.4154675530887675,41,31.816
54,43,1.4472838873478997,42,31.816
54,44,1.479100221607032,43,31.816
54,45,1.5109165558661641,44,31.816
54,46,1.5427328901252964,45,31.816
54,47,1.5745492243844286,46,31.816
54,48,1.6063655586435608,47,31.816
54,49,1.638181892902693,48,31.816
54,50,1.670098436493395,49,31.917
54,51,1.7020149800840971,50,31.917
54,52,1.7339315236747992,51,31.917
54,53,1.7658480672655013,52,31.917
54,54,1.7977646108562033,53,31.917
54,55,1.8296811544469054,54,31.917
54,56,1.8615976980376074,55,31.917
54,57,1.8935142416283095,56,31.917
54,58,1.9254307852190116,57,31.917
54,59,1.9573473288097136,58,31.917
54,60,1.9892638724004157,59,31.917
54,61,2.0211804159911178,60,31.917
54,62,2.05309695958182,61,31.917
54,63,2.085013503172522,62,31.917
54,64,2.116930046763224,63,31.917
54,65,2.148846590353926,64,31.917
54,66,2.180763133944628,65,31.917
54,67,2.21267967753533,66,31.917
54,68,2.244596221126032,67,31.917
54,69,2.2765127647167342,68,31.917
54,70,2.3084293083074363,69,31.917
54,71,2.3403458518981384,70,31.917
54,72,2.3722623954888404,71,31.917
54,73,2.4041789390795425,72,31.917
54,74,2.4360954826702446,73,31.917
54,75,2.4680120262609466,74,31.917
54,76,2.4999285698516487,75,31.917
54,77,2.5318451134423507,76,31.917
54,78,2.563761657033053,77,31.917
54,79,2.595678200623755,78,31.917
54,80,2.627594744214457,79,31.917
54,81,2.659511287805159,80,31.917
54,82,2.691427831395861,81,31.917
54,83,2.723344374986563,82,31.917
54,84,2.755260918577265,83,31.917
54,85,2.7871774621679672,84,31.917
54,86,2.8190940057586693,85,31.917
54,87,2.8510105493493714,86,31.917
54,88,2.8829270929400734,87,31.917
54,89,2.9148436365307755,88,31.917
54,90,2.9467601801214776,89,31.917
54,91,2.9786767237121796,90,31.917
54,92,3.0105932673028817,91,31.917
54,93,3.0425098108935837,92,31.917
54,94,3.074426354484286,93,31.917
54,95,3.106342898074988,94,31.917
54,96,3.13825944166569,95,31.917
54,97,3.170175985256392,96,31.917
54,98,3.202092528847094,97,31.917
54,99,3.234009072437796,98,31.917
54,100,3.265925616028498,99,31.917
54,101,3.2978421596192002,100,31.917
54,102,3.3297587032099023,101,31.917
54,103,3.3616752468006044,102,31.917
54,104,3.3935917903913064,103,31.917
54,105,3.4255083339820085,104,31.917
54,106,3.4574248775727106,105,31.917
54,107,3.4893414211634126,106,31.917
54,108,3.5212579647541147,107,31.917
54,109,3.5531745083448167,108,31.917
54,110,3.585091051935519,109,31.917
54,111,3.617007595526221,110,31.917
54,112,3.648924139116923,111,31.917
54,113,3.680840682707625,112,31.917
54,114,3.7127219768798416,113,31.881
54,115,3.7446032710520583,114,31.881
54,116,3.776484565224275,115,31.881
54,117,3.8083658593964915,116,31.881
54,118,3.840247153568708,117,31.881
54,119,3.872128447740925,118,31.881
54,120,3.9040097419131414,119,31.881
54,121,3.935891036085358,120,31.881
54,122,3.9677723302575747,121,31.881
54,123,3.9996536244297913,122,31.881
54,124,4.0315349186020075,123,31.881
54,125,4.063416212774224,124,31.881
54,126,4.095297506946441,125,31.881
54,127,4.127178801118657,126,31.881
54,128,4.159060095290874,127,31.881
55,1,0.11099784846434642,0,110.998
55,2,0.14281418272347868,1,31.816
55,3,0.17463051698261092,2,31.816
55,4,0.20644685124174317,3,31.816
55,5,0.2382631855008754,4,31.816
55,6,0.27007951976000766,5,31.816
55,7,0.3018958540191399,6,31.816
55,8,0.3337121882782721,7,31.816
55,9,0.3655285225374043,8,31.816
55,10,0.3973448567965365,9,31.816
55,11,0.42916119105566874,10,31.816
55,12,0.46097752531480096,11,31.816
55,13,0.4927938595739332,12,31.816
55,14,0.5246101938330654,13,31.816
55,15,0.5564265280921976,14,31.816
55,16,0.5882428623513298,15,31.816
55,17,0.620059196610462,16,31.816
55,18,0.6518755308695943,17,31.816
55,19,0.6836918651287265,18,31.816
55,20,0.7155081993878587,19,31.816
55,21,0.7473245336469909,20,31.816
55,22,0.7791408679061231,21,31.816
55,23,0.8109572021652554,22,31.816
55,24,0.8427735364243876,23,31.816
55,25,0.8745898706835198,24,31.816
55,26,0.906406204942652,25,31.816
55,27,0.9382225392017842,26,31.816
55,28,0.9700388734609164,27,31.816
55,29,1.0018552077200487,28,31.816
55,30,1.0336715419791809,29,31.816
55,31,1.065487876238313,30,31.816
55,32,1.0973042104974453,31,31.816
55,33,1.1291205447565775,32,31.816
55,34,1.1609368790157097,33,31.816
55,35,1.192753213274842,34,31.816
55,36,1.2245695475339742,35,31.816
55,37,1.2563858817931064,36,31.816
55,38,1.2882022160522386,37,31.816
55,39,1.3200185503113708,38,31.816
55,40,1.351834884570503,39,31.816
55,41,1.3836512188296353,40,31.816
55,42,1.4154675530887675,41,31.816
55,43,1.4472838873478997,42,31.816
55,44,1.479100221607032,43,31.816
55,45,1.5109165558661641,44,31.816
55,46,1.5427328901252964,45,31.816
55,47,1.5745492243844286,46,31.816
55,48,1.6063655586435608,47,31.816
55,49,1.638181892902693,48,31.816
55,50,1.670098436493395,49,31.917
55,51,1.7020149800840971,50,31.917
55,52,1.7339315236747992,51,31.917
55,53,1.7658480672655013,52,31.917
55,54,1.7977646108562033,53,31.917
55,55,1.8296811544469054,54,31.917
55,56,1.8615976980376074,55,31.917
55,57,1.8935142416283095,56,31.917
55,58,1.9254307852190116,57,31.917
55,59,1.9573473288097136,58,31.917
55,60,1.9892638724004157,59,31.917
55,61,2.0211804159911178,60,31.917
55,62,2.05309695958182,61,31.917
55,63,2.085013503172522,62,31.917
55,64,2.116930046763224,63,31.917
55,65,2.148846590353926,64,31.917
55,66,2.180763133944628,65,31.917
55,67,2.21267967753533,66,31.917
55,68,2.244596221126032,67,31.917
55,69,2.2765127647167342,68,31.917
55,70,2.3084293083074363,69,31.917
55,71,2.3403458518981384,70,31.917
55,72,2.3722623954888404,71,31.917
55,73,2.4041789390795425,72,31.917
55,74,2.4360954826702446,73,31.917
55,75,2.4680120262609466,74,31.917
55,76,2.4999285698516487,75,31.917
55,77,2.5318451134423507,76,31.917
55,78,2.563761657033053,77,31.917
55,79,2.595678200623755,78,31.917
55,80,2.627594744214457,79,31.917
55,81,2.659511287805159,80,31.917
55,82,2.691427831395861,81,31.917
55,83,2.723344374986563,82,31.917
55,84,2.755260918577265,83,31.917
55,85,2.7871774621679672,84,31.917
55,86,2.8190940057586693,85,31.917
55,87,2.8510105493493714,86,31.917
55,88,2.8829270929400734,87,31.917
55,89,2.9148436365307755,88,31.917
55,90,2.9467601801214776,89,31.917
55,91,2.9786767237121796,90,31.917
55,92,3.0105932673028817,91,31.917
55,93,3.0425098108935837,92,31.917
55,94,3.074426354484286,93,31.917
55,95,3.106342898074988,94,31.917
55,96,3.13825944166569,95,31.917
55,97,3.170175985256392,96,31.917
55,98,3.202092528847094,97,31.917
55,99,3.234009072437796,98,31.917
55,100,3.265925616028498,99,31.917
55,101,3.2978421596192002,100,31.917
55,102,3.3297587032099023,101,31.917
55,103,3.3616752468006044,102,31.917
55,104,3.3935917903913064,103,31.917
55,105,3.4255083339820085,104,31.917
55,106,3.4574248775727106,105,31.917
55,107,3.4893414211634126,106,31.917
55,108,3.5212579647541147,107,31.917
55,109,3.5531745083448167,108,31.917
55,110,3.585091051935519,109,31.917
55,111,3.617007595526221,110,31.917
55,112,3.648924139116923,111,31.917
55,113,3.680840682707625,112,31.917
55,114,3.7127219768798416,113,31.881
55,115,3.7446032710520583,114,31.881
55,116,3.776484565224275,115,31.881
55,117,3.8083658593964915,116,31.881
55,118,3.840247153568708,117,31.881
55,119,3.872128447740925,118,31.881
55,120,3.9040097419131414,119,31.881
55,121,3.935891036085358,120,31.881
55,122,3.9677723302575747,121,31.881
55,123,3.9996536244297913,122,31.881
55,124,4.0315349186020075,123,31.881
55,125,4.063416212774224,124,31.881
55,126,4.095297506946441,125,31.881
55,127,4.127178801118657,126,31.881
55,128,4.159060095290874,127,31.881
56,1,0.11099784846434642,0,110.998
56,2,0.14281418272347868,1,31.816
56,3,0.17463051698261092,2,31.816
56,4,0.20644685124174317,3,31.816
56,5,0.2382631855008754,4,31.816
56,6,0.27007951976000766,5,31.816
56,7,0.3018958540191399,6,31.816
56,8,0.3337121882782721,7,31.816
56,9,0.3655285225374043,8,31.816
56,10,0.3973448567965365,9,31.816
56,11,0.42916119105566874,10,31.816
56,12,0.46097752531480096,11,31.816
56,13,0.4927938595739332,12,31.816
56,14,0.5246101938330654,13,31.816
56,15,0.5564265280921976,14,31.816
56,16,0.5882428623513298,15,31.816
56,17,0.620059196610462,16,31.816
56,18,0.6518755308695943,17,31.816
56,19,0.6836918651287265,18,31.816
56,20,0.7155081993878587,19,31.816
56,21,0.7473245336469909,20,31.816
56,22,0.7791408679061231,21,31.816
56,23,0.8109572021652554,22,31.816
56,24,0.8427735364243876,23,31.816
56,25,0.8745898706835198,24,31.816
56,26,0.906406204942652,25,31.816
56,27,0.9382225392017842,26,31.816
56,28,0.9700388734609164,27,31.816
56,29,1.0018552077200487,28,31.816
56,30,1.0336715419791809,29,31.816
56,31,1.065487876238313,30,31.816
56,32,1.0973042104974453,31,31.816
56,33,1.1291205447565775,32,31.816
56,34,1.1609368790157097,33,31.816
56,35,1.192753213274842,34,31.816
56,36,1.2245695475339742,35,31.816
56,37,1.2563858817931064,36,31.816
56,38,1.2882022160522386,37,31.816
56,39,1.3200185503113708,38,31.816
56,40,1.351834884570503,39,31.816
56,41,1.3836512188296353,40,31.816
56,42,1.4154675530887675,41,31.816
56,43,1.4472838873478997,42,31.816
56,44,1.479100221607032,43,31.816
56,45,1.5109165558661641,44,31.816
56,46,1.5427328901252964,45,31.816
56,47,1.5745492243844286,46,31.816
56,48,1.6063655586435608,47,31.816
56,49,1.638181892902693,48,31.816
56,50,1.670098436493395,49,31.917
56,51,1.7020149800840971,50,31.917
56,52,1.7339315236747992,51,31.917
56,53,1.7658480672655013,52,31.917
56,54,1.7977646108562033,53,31.917
56,55,1.8296811544469054,54,31.917
56,56,1.8615976980376074,55,31.917
56,57,1.8935142416283095,56,31.917
56,58,1.9254307852190116,57,31.917
56,59,1.9573473288097136,58,31.917
56,60,1.9892638724004157,59,31.917
56,61,2.0211804159911178,60,31.917
56,62,2.05309695958182,61,31.917
56,63,2.085013503172522,62,31.917
56,64,2.116930046763224,63,31.917
56,65,2.148846590353926,64,31.917
56,66,2.180763133944628,65,31.917
56,67,2.21267967753533,66,31.917
56,68,2.244596221126032,67,31.917
56,69,2.2765127647167342,68,31.917
56,70,2.3084293083074363,69,31.917
56,71,2.3403458518981384,70,31.917
56,72,2.3722623954888404,71,31.917
56,73,2.4041789390795425,72,31.917
56,74,2.4360954826702446,73,31.917
56,75,2.4680120262609466,74,31.917
56,76,2.4999285698516487,75,31.917
56,77,2.5318451134423507,76,31.917
56,78,2.563761657033053,77,31.917
56,79,2.595678200623755,78,31.917
56,80,2.627594744214457,79,31.917
56,81,2.659511287805159,80,31.917
56,82,2.691427831395861,81,31.917
56,83,2.723344374986563,82,31.917
56,84,2.755260918577265,83,31.917
56,85,2.7871774621679672,84,31.917
56,86,2.8190940057586693,85,31.917
56,87,2.8510105493493714,86,31.917
56,88,2.8829270929400734,87,31.917
56,89,2.9148436365307755,88,31.917
56,90,2.9467601801214776,89,31.917
56,91,2.9786767237121796,90,31.917
56,92,3.0105932673028817,91,31.917
56,93,3.0425098108935837,92,31.917
56,94,3.074426354484286,93,31.917
56,95,3.106342898074988,94,31.917
56,96,3.13825944166569,95,31.917
56,97,3.170175985256392,96,31.917
56,98,3.202092528847094,97,31.917
56,99,3.234009072437796,98,31.917
56,100,3.265925616028498,99,31.917
56,101,3.2978421596192002,100,31.917
56,102,3.3297587032099023,101,31.917
56,103,3.3616752468006044,102,31.917
56,104,3.3935917903913064,103,31.917
56,105,3.4255083339820085,104,31.917
56,106,3.4574248775727106,105,31.917
56,107,3.4893414211634126,106,31.917
56,108,3.5212579647541147,107,31.917
56,109,3.5531745083448167,108,31.917
56,110,3.585091051935519,109,31.917
56,111,3.617007595526221,110,31.917
56,112,3.648924139116923,111,31.917
56,113,3.680840682707625,112,31.917
56,114,3.7127219768798416,113,31.881
56,115,3.7446032710520583,114,31.881
56,116,3.776484565224275,115,31.881
56,117,3.8083658593964915,116,31.881
56,118,3.840247153568708,117,31.881
56,119,3.872128447740925,118,31.881
56,120,3.9040097419131414,119,31.881
56,121,3.935891036085358,120,31.881
56,122,3.9677723302575747,121,31.881
56,123,3.9996536244297913,122,31.881
56,124,4.0315349186020075,123,31.881
56,125,4.063416212774224,124,31.881
56,126,4.095297506946441,125,31.881
56,127,4.127178801118657,126,31.881
56,128,4.159060095290874,127,31.881
57,1,0.11099784846434642,0,110.998
57,2,0.14281418272347868,1,31.816
57,3,0.17463051698261092,2,31.816
57,4,0.20644685124174317,3,31.816
57,5,0.2382631855008754,4,31.816
57,6,0.27007951976000766,5,31.816
57,7,0.3018958540191399,6,31.816
57,8,0.3337121882782721,7,31.816
57,9,0.3655285225374043,8,31.816
57,10,0.3973448567965365,9,31.816
57,11,0.42916119105566874,10,31.816
57,12,0.46097752531480096,11,31.816
57,13,0.4927938595739332,12,31.816
57,14,0.5246101938330654,13,31.816
57,15,0.5564265280921976,14,31.816
57,16,0.5882428623513298,15,31.816
57,17,0.620059196610462,16,31.816
57,18,0.6518755308695943,17,31.816
57,19,0.6836918651287265,18,31.816
57,20,0.7155081993878587,19,31.816
57,21,0.7473245336469909,20,31.816
57,22,0.7791408679061231,21,31.816
57,23,0.8109572021652554,22,31.816
57,24,0.8427735364243876,23,31.816
57,25,0.8745898706835198,24,31.816
57,26,0.906406204942652,25,31.816
57,27,0.9382225392017842,26,31.816
57,28,0.9700388734609164,27,31.816
57,29,1.0018552077200487,28,31.816
57,30,1.0336715419791809,29,31.816
57,31,1.065487876238313,30,31.816
57,32,1.0973042104974453,31,31.816
57,33,1.1291205447565775,32,31.816
57,34,1.1609368790157097,33,31.816
57,35,1.192753213274842,34,31.816
57,36,1.2245695475339742,35,31.816
57,37,1.2563858817931064,36,31.816
57,38,1.2882022160522386,37,31.816
57,39,1.3200185503113708,38,31.816
57,40,1.351834884570503,39,31.816
57,41,1.3836512188296353,40,31.816
57,42,1.4154675530887675,41,31.816
57,43,1.4472838873478997,42,31.816
57,44,1.479100221607032,43,31.816
57,45,1.5109165558661641,44,31.816
57,46,1.5427328901252964,45,31.816
57,47,1.5745492243844286,46,31.816
57,48,1.6063655586435608,47,31.816
57,49,1.638181892902693,48,31.816
57,50,1.670098436493395,49,31.917
57,51,1.7020149800840971,50,31.917
57,52,1.7339315236747992,51,31.917
57,53,1.7658480672655013,52,31.917
57,54,1.7977646108562033,53,31.917
57,55,1.8296811544469054,54,31.917
57,56,1.8615976980376074,55,31.917
57,57,1.8935142416283095,56,31.917
57,58,1.9254307852190116,57,31.917
57,59,1.9573473288097136,58,31.917
57,60,1.9892638724004157,59,31.917
57,61,2.0211804159911178,60,31.917
57,62,2.05309695958182,61,31.917
57,63,2.085013503172522,62,31.917
57,64,2.116930046763224,63,31.917
57,65,2.148846590353926,64,31.917
57,66,2.180763133944628,65,31.917
57,67,2.21267967753533,66,31.917
57,68,2.244596221126032,67,31.917
57,69,2.2765127647167342,68,31.917
57,70,2.3084293083074363,69,31.917
57,71,2.3403458518981384,70,31.917
57,72,2.3722623954888404,71,31.917
57,73,2.4041789390795425,72,31.917
57,74,2.4360954826702446,73,31.917
57,75,2.4680120262609466,74,31.917
57,76,2.4999285698516487,75,31.917
57,77,2.5318451134423507,76,31.917
57,78,2.563761657033053,77,31.917
57,79,2.595678200623755,78,31.917
57,80,2.627594744214457,79,31.917
57,81,2.659511287805159,80,31.917
57,82,2.691427831395861,81,31.917
57,83,2.723344374986563,82,31.917
57,84,2.755260918577265,83,31.917
57,85,2.7871774621679672,84,31.917
57,86,2.8190940057586693,85,31.917
57,87,2.8510105493493714,86,31.917
57,88,2.8829270929400734,87,31.917
57,89,2.9148436365307755,88,31.917
57,90,2.9467601801214776,89,31.917
57,91,2.9786767237121796,90,31.917
57,92,3.0105932673028817,91,31.917
57,93,3.0425098108935837,92,31.917
57,94,3.074426354484286,93,31.917
57,95,3.106342898074988,94,31.917
57,96,3.13825944166569,95,31.917
57,97,3.170175985256392,96,31.917
57,98,3.202092528847094,97,31.917
57,99,3.234009072437796,98,31.917
57,100,3.265925616028498,99,31.917
57,101,3.2978421596192002,100,31.917
57,102,3.3297587032099023,101,31.917
57,103,3.3616752468006044,102,31.917
57,104,3.3935917903913064,103,31.917
57,105,3.4255083339820085,104,31.917
57,106,3.4574248775727106,105,31.917
57,107,3.4893414211634126,106,31.917
57,108,3.5212579647541147,107,31.917
57,109,3.5531745083448167,108,31.917
57,110,3.585091051935519,109,31.917
57,111,3.617007595526221,110,31.917
57,112,3.648924139116923,111,31.917
57,113,3.680840682707625,112,31.917
57,114,3.7127219768798416,113,31.881
57,115,3.7446032710520583,114,31.881
57,116,3.776484565224275,115,31.881
57,117,3.8083658593964915,116,31.881
57,118,3.840247153568708,117,31.881
57,119,3.872128447740925,118,31.881
57,120,3.9040097419131414,119,31.881
57,121,3.935891036085358,120,31.881
57,122,3.9677723302575747,121,31.881
57,123,3.9996536244297913,122,31.881
57,124,4.0315349186020075,123,31.881
57,125,4.063416212774224,124,31.881
57,126,4.095297506946441,125,31.881
57,127,4.127178801118657,126,31.881
57,128,4.159060095290874,127,31.881
58,1,0.11099784846434642,0,110.998
58,2,0.14281418272347868,1,31.816
58,3,0.17463051698261092,2,31.816
58,4,0.20644685124174317,3,31.816
58,5,0.2382631855008754,4,31.816
58,6,0.27007951976000766,5,31.816
58,7,0.3018958540191399,6,31.816
58,8,0.3337121882782721,7,31.816
58,9,0.3655285225374043,8,31.816
58,10,0.3973448567965365,9,31.816
58,11,0.42916119105566874,10,31.816
58,12,0.46097752531480096,11,31.816
58,13,0.4927938595739332,12,31.816
58,14,0.5246101938330654,13,31.816
58,15,0.5564265280921976,14,31.816
58,16,0.5882428623513298,15,31.816
58,17,0.620059196610462,16,31.816
58,18,0.6518755308695943,17,31.816
58,19,0.6836918651287265,18,31.816
58,20,0.7155081993878587,19,31.816
58,21,0.7473245336469909,20,31.816
58,22,0.7791408679061231,21,31.816
58,23,0.8109572021652554,22,31.816
58,24,0.8427735364243876,23,31.816
58,25,0.8745898706835198,24,31.816
58,26,0.906406204942652,25,31.816
58,27,0.9382225392017842,26,31.816
58,28,0.9700388734609164,27,31.816
58,29,1.0018552077200487,28,31.816
58,30,1.0336715419791809,29,31.816
58,31,1.065487876238313,30,31.816
58,32,1.0973042104974453,31,31.816
58,33,1.1291205447565775,32,31.816
58,34,1.1609368790157097,33,31.816
58,35,1.192753213274842,34,31.816
58,36,1.2245695475339742,35,31.816
58,37,1.2563858817931064,36,31.816
58,38,1.2882022160522386,37,31.816
58,39,1.3200185503113708,38,31.816
58,40,1.351834884570503,39,31.816
58,41,1.3836512188296353,40,31.816
58,42,1.4154675530887675,41,31.816
58,43,1.4472838873478997,42,31.816
58,44,1.479100221607032,43,31.816
58,45,1.5109165558661641,44,31.816
58,46,1.5427328901252964,45,31.816
58,47,1.5745492243844286,46,31.816
58,48,1.6063655586435608,47,31.816
58,49,1.638181892902693,48,31.816
58,50,1.670098436493395,49,31.917
58,51,1.7020149800840971,50,31.917
58,52,1.7339315236747992,51,31.917
58,53,1.7658480672655013,52,31.917
58,54,1.7977646108562033,53,31.917
58,55,1.8296811544469054,54,31.917
58,56,1.8615976980376074,55,31.917
58,57,1.8935142416283095,56,31.917
58,58,1.9254307852190116,57,31.917
58,59,1.9573473288097136,58,31.917
58,60,1.9892638724004157,59,31.917
58,61,2.0211804159911178,60,31.917
58,62,2.05309695958182,61,31.917
58,63,2.085013503172522,62,31.917
58,64,2.116930046763224,63,31.917
58,65,2.148846590353926,64,31.917
58,66,2.180763133944628,65,31.917
58,67,2.21267967753533,66,31.917
58,68,2.244596221126032,67,31.917
58,69,2.2765127647167342,68,31.917
58,70,2.3084293083074363,69,31.917
58,71,2.3403458518981384,70,31.917
58,72,2.3722623954888404,71,31.917
58,73,2.4041789390795425,72,31.917
58,74,2.4360954826702446,73,31.917
58,75,2.4680120262609466,74,31.917
58,76,2.4999285698516487,75,31.917
58,77,2.5318451134423507,76,31.917
58,78,2.563761657033053,77,31.917
58,79,2.595678200623755,78,31.917
58,80,2.627594744214457,79,31.917
58,81,2.659511287805159,80,31.917
58,82,2.691427831395861,81,31.917
58,83,2.723344374986563,82,31.917
58,84,2.755260918577265,83,31.917
58,85,2.7871774621679672,84,31.917
58,86,2.8190940057586693,85,31.917
58,87,2.8510105493493714,86,31.917
58,88,2.8829270929400734,87,31.917
58,89,2.9148436365307755,88,31.917
58,90,2.9467601801214776,89,31.917
58,91,2.9786767237121796,90,31.917
58,92,3.0105932673028817,91,31.917
58,93,3.0425098108935837,92,31.917
58,94,3.074426354484286,93,31.917
58,95,3.106342898074988,94,31.917
58,96,3.13825944166569,95,31.917
58,97,3.170175985256392,96,31.917
58,98,3.202092528847094,97,31.917
58,99,3.234009072437796,98,31.917
58,100,3.265925616028498,99,31.917
58,101,3.2978421596192002,100,31.917
58,102,3.3297587032099023,101,31.917
58,103,3.3616752468006044,102,31.917
58,104,3.3935917903913064,103,31.917
58,105,3.4255083339820085,104,31.917
58,106,3.4574248775727106,105,31.917
58,107,3.4893414211634126,106,31.917
58,108,3.5212579647541147,107,31.917
58,109,3.5531745083448167,108,31.917
58,110,3.585091051935519,109,31.917
58,111,3.617007595526221,110,31.917
58,112,3.648924139116923,111,31.917
58,113,3.680840682707625,112,31.917
58,114,3.7127219768798416,113,31.881
58,115,3.7446032710520583,114,31.881
58,116,3.776484565224275,115,31.881
58,117,3.8083658593964915,116,31.881
58,118,3.840247153568708,117,31.881
58,119,3.872128447740925,118,31.881
58,120,3.9040097419131414,119,31.881
58,121,3.935891036085358,120,31.881
58,122,3.9677723302575747,121,31.881
58,123,3.9996536244297913,122,31.881
58,124,4.0315349186020075,123,31.881
58,125,4.063416212774224,124,31.881
58,126,4.095297506946441,125,31.881
58,127,4.127178801118657,126,31.881
58,128,4.159060095290874,127,31.881
59,1,0.11099784846434642,0,110.998
59,2,0.14281418272347868,1,31.816
59,3,0.17463051698261092,2,31.816
59,4,0.20644685124174317,3,31.816
59,5,0.2382631855008754,4,31.816
59,6,0.27007951976000766,5,31.816
59,7,0.3018958540191399,6,31.816
59,8,0.3337121882782721,7,31.816
59,9,0.3655285225374043,8,31.816
59,10,0.3973448567965365,9,31.816
59,11,0.42916119105566874,10,31.816
59,12,0.46097752531480096,11,31.816
59,13,0.4927938595739332,12,31.816
59,14,0.5246101938330654,13,31.816
59,15,0.5564265280921976,14,31.816
59,16,0.5882428623513298,15,31.816
59,17,0.620059196610462,16,31.816
59,18,0.6518755308695943,17,31.816
59,19,0.6836918651287265,18,31.816
59,20,0.7155081993878587,19,31.816
59,21,0.7473245336469909,20,31.816
59,22,0.7791408679061231,21,31.816
59,23,0.8109572021652554,22,31.816
59,24,0.8427735364243876,23,31.816
59,25,0.8745898706835198,24,31.816
59,26,0.906406204942652,25,31.816
59,27,0.9382225392017842,26,31.816
59,28,0.9700388734609164,27,31.816
59,29,1.0018552077200487,28,31.816
59,30,1.0336715419791809,29,31.816
59,31,1.065487876238313,30,31.816
59,32,1.0973042104974453,31,31.816
59,33,1.1291205447565775,32,31.816
59,34,1.1609368790157097,33,31.816
59,35,1.192753213274842,34,31.816
59,36,1.2245695475339742,35,31.816
59,37,1.2563858817931064,36,31.816
59,38,1.2882022160522386,37,31.816
59,39,1.3200185503113708,38,31.816
59,40,1.351834884570503,39,31.816
59,41,1.3836512188296353,40,31.816
59,42,1.4154675530887675,41,31.816
59,43,1.4472838873478997,42,31.816
59,44,1.479100221607032,43,31.816
59,45,1.5109165558661641,44,31.816
59,46,1.5427328901252964,45,31.816
59,47,1.5745492243844286,46,31.816
59,48,1.6063655586435608,47,31.816
59,49,1.638181892902693,48,31.816
59,50,1.670098436493395,49,31.917
59,51,1.7020149800840971,50,31.917
59,52,1.7339315236747992,51,31.917
59,53,1.7658480672655013,52,31.917
59,54,1.7977646108562033,53,31.917
59,55,1.8296811544469054,54,31.917
59,56,1.8615976980376074,55,31.917
59,57,1.8935142416283095,56,31.917
59,58,1.9254307852190116,57,31.917
59,59,1.9573473288097136,58,31.917
59,60,1.9892638724004157,59,31.917
59,61,2.0211804159911178,60,31.917
59,62,2.05309695958182,61,31.917
59,63,2.085013503172522,62,31.917
59,64,2.116930046763224,63,31.917
59,65,2.148846590353926,64,31.917
59,66,2.180763133944628,65,31.917
59,67,2.21267967753533,66,31.917
59,68,2.244596221126032,67,31.917
59,69,2.2765127647167342,68,31.917
59,70,2.3084293083074363,69,31.917
59,71,2.3403458518981384,70,31.917
59,72,2.3722623954888404,71,31.917
59,73,2.4041789390795425,72,31.917
59,74,2.4360954826702446,73,31.917
59,75,2.4680120262609466,74,31.917
59,76,2.4999285698516487,75,31.917
59,77,2.5318451134423507,76,31.917
59,78,2.563761657033053,77,31.917
59,79,2.595678200623755,78,31.917
59,80,2.627594744214457,79,31.917
59,81,2.659511287805159,80,31.917
59,82,2.691427831395861,81,31.917
59,83,2.723344374986563,82,31.917
59,84,2.755260918577265,83,31.917
59,85,2.7871774621679672,84,31.917
59,86,2.8190940057586693,85,31.917
59,87,2.8510105493493714,86,31.917
59,88,2.8829270929400734,87,31.917
59,89,2.9148436365307755,88,31.917
59,90,2.9467601801214776,89,31.917
59,91,2.9786767237121796,90,31.917
59,92,3.0105932673028817,91,31.917
59,93,3.0425098108935837,92,31.917
59,94,3.074426354484286,93,31.917
59,95,3.106342898074988,94,31.917
59,96,3.13825944166569,95,31.917
59,97,3.170175985256392,96,31.917
59,98,3.202092528847094,97,31.917
59,99,3.234009072437796,98,31.917
59,100,3.265925616028498,99,31.917
59,101,3.2978421596192002,100,31.917
59,102,3.3297587032099023,101,31.917
59,103,3.3616752468006044,102,31.917
59,104,3.3935917903913064,103,31.917
59,105,3.4255083339820085,104,31.917
59,106,3.4574248775727106,105,31.917
59,107,3.4893414211634126,106,31.917
59,108,3.5212579647541147,107,31.917
59,109,3.5531745083448167,108,31.917
59,110,3.585091051935519,109,31.917
59,111,3.617007595526221,110,31.917
59,112,3.648924139116923,111,31.917
59,113,3.680840682707625,112,31.917
59,114,3.7127219768798416,113,31.881
59,115,3.7446032710520583,114,31.881
59,116,3.776484565224275,115,31.881
59,117,3.8083658593964915,116,31.881
59,118,3.840247153568708,117,31.881
59,119,3.872128447740925,118,31.881
59,120,3.9040097419131414,119,31.881
59,121,3.935891036085358,120,31.881
59,122,3.9677723302575747,121,31.881
59,123,3.9996536244297913,122,31.881
59,124,4.0315349186020075,123,31.881
59,125,4.063416212774224,124,31.881
59,126,4.095297506946441,125,31.881
59,127,4.127178801118657,126,31.881
59,128,4.159060095290874,127,31.881
60,1,0.11099784846434642,0,110.998
60,2,0.14281418272347868,1,31.816
60,3,0.17463051698261092,2,31.816
60,4,0.20644685124174317,3,31.816
60,5,0.2382631855008754,4,31.816
60,6,0.27007951976000766,5,31.816
60,7,0.3018958540191399,6,31.816
60,8,0.3337121882782721,7,31.816
60,9,0.3655285225374043,8,31.816
60,10,0.3973448567965365,9,31.816
60,11,0.42916119105566874,10,31.816
60,12,0.46097752531480096,11,31.816
60,13,0.4927938595739332,12,31.816
60,14,0.5246101938330654,13,31.816
60,15,0.5564265280921976,14,31.816
60,16,0.5882428623513298,15,31.816
60,17,0.620059196610462,16,31.816
60,18,0.6518755308695943,17,31.816
60,19,0.6836918651287265,18,31.816
60,20,0.7155081993878587,19,31.816
60,21,0.7473245336469909,20,31.816
60,22,0.7791408679061231,21,31.816
60,23,0.8109572021652554,22,31.816
60,24,0.8427735364243876,23,31.816
60,25,0.8745898706835198,24,31.816
60,26,0.906406204942652,25,31.816
60,27,0.9382225392017842,26,31.816
60,28,0.9700388734609164,27,31.816
60,29,1.0018552077200487,28,31.816
60,30,1.0336715419791809,29,31.816
60,31,1.065487876238313,30,31.816
60,32,1.0973042104974453,31,31.816
60,33,1.1291205447565775,32,31.816
60,34,1.1609368790157097,33,31.816
60,35,1.192753213274842,34,31.816
60,36,1.2245695475339742,35,31.816
60,37,1.2563858817931064,36,31.816
60,38,1.2882022160522386,37,31.816
60,39,1.3200185503113708,38,31.816
60,40,1.351834884570503,39,31.816
60,41,1.3836512188296353,40,31.816
60,42,1.4154675530887675,41,31.816
60,43,1.4472838873478997,42,31.816
60,44,1.479100221607032,43,31.816
60,45,1.5109165558661641,44,31.816
60,46,1.5427328901252964,45,31.816
60,47,1.5745492243844286,46,31.816
60,48,1.6063655586435608,47,31.816
60,49,1.638181892902693,48,31.816
60,50,1.670098436493395,49,31.917
60,51,1.7020149800840971,50,31.917
60,52,1.7339315236747992,51,31.917
60,53,1.7658480672655013,52,31.917
60,54,1.7977646108562033,53,31.917
60,55,1.8296811544469054,54,31.917
60,56,1.8615976980376074,55,31.917
60,57,1.8935142416283095,56,31.917
60,58,1.9254307852190116,57,31.917
60,59,1.9573473288097136,58,31.917
60,60,1.9892638724004157,59,31.917
60,61,2.0211804159911178,60,31.917
60,62,2.05309695958182,61,31.917
60,63,2.085013503172522,62,31.917
60,64,2.116930046763224,63,31.917
60,65,2.148846590353926,64,31.917
60,66,2.180763133944628,65,31.917
60,67,2.21267967753533,66,31.917
60,68,2.244596221126032,67,31.917
60,69,2.2765127647167342,68,31.917
60,70,2.3084293083074363,69,31.917
60,71,2.3403458518981384,70,31.917
60,72,2.3722623954888404,71,31.917
60,73,2.4041789390795425,72,31.917
60,74,2.4360954826702446,73,31.917
60,75,2.4680120262609466,74,31.917
60,76,2.4999285698516487,75,31.917
60,77,2.5318451134423507,76,31.917
60,78,2.563761657033053,77,31.917
60,79,2.595678200623755,78,31.917
60,80,2.627594744214457,79,31.917
60,81,2.659511287805159,80,31.917
60,82,2.691427831395861,81,31.917
60,83,2.723344374986563,82,31.917
60,84,2.755260918577265,83,31.917
60,85,2.7871774621679672,84,31.917
60,86,2.8190940057586693,85,31.917
60,87,2.8510105493493714,86,31.917
60,88,2.8829270929400734,87,31.917
60,89,2.9148436365307755,88,31.917
60,90,2.9467601801214776,89,31.917
60,91,2.9786767237121796,90,31.917
60,92,3.0105932673028817,91,31.917
60,93,3.0425098108935837,92,31.917
60,94,3.074426354484286,93,31.917
60,95,3.106342898074988,94,31.917
60,96,3.13825944166569,95,31.917
60,97,3.170175985256392,96,31.917
60,98,3.202092528847094,97,31.917
60,99,3.234009072437796,98,31.917
60,100,3.265925616028498,99,31.917
60,101,3.2978421596192002,100,31.917
60,102,3.3297587032099023,101,31.917
60,103,3.3616752468006044,102,31.917
60,104,3.3935917903913064,103,31.917
60,105,3.4255083339820085,104,31.917
60,106,3.4574248775727106,105,31.917
60,107,3.4893414211634126,106,31.917
60,108,3.5212579647541147,107,31.917
60,109,3.5531745083448167,108,31.917
60,110,3.585091051935519,109,31.917
60,111,3.617007595526221,110,31.917
60,112,3.648924139116923,111,31.917
60,113,3.680840682707625,112,31.917
60,114,3.7127219768798416,113,31.881
60,115,3.7446032710520583,114,31.881
60,116,3.776484565224275,115,31.881
60,117,3.8083658593964915,116,31.881
60,118,3.840247153568708,117,31.881
60,119,3.872128447740925,118,31.881
60,120,3.9040097419131414,119,31.881
60,121,3.935891036085358,120,31.881
60,122,3.9677723302575747,121,31.881
60,123,3.9996536244297913,122,31.881
60,124,4.0315349186020075,123,31.881
60,125,4.063416212774224,124,31.881
60,126,4.095297506946441,125,31.881
60,127,4.127178801118657,126,31.881
60,128,4.159060095290874,127,31.881
61,1,0.11099784846434642,0,110.998
61,2,0.14281418272347868,1,31.816
61,3,0.17463051698261092,2,31.816
61,4,0.20644685124174317,3,31.816
61,5,0.2382631855008754,4,31.816
61,6,0.27007951976000766,5,31.816
61,7,0.3018958540191399,6,31.816
61,8,0.3337121882782721,7,31.816
61,9,0.3655285225374043,8,31.816
61,10,0.3973448567965365,9,31.816
61,11,0.42916119105566874,10,31.816
61,12,0.46097752531480096,11,31.816
61,13,0.4927938595739332,12,31.816
61,14,0.5246101938330654,13,31.816
61,15,0.5564265280921976,14,31.816
61,16,0.5882428623513298,15,31.816
61,17,0.620059196610462,16,31.816
61,18,0.6518755308695943,17,31.816
61,19,0.6836918651287265,18,31.816
61,20,0.7155081993878587,19,31.816
61,21,0.7473245336469909,20,31.816
61,22,0.7791408679061231,21,31.816
61,23,0.8109572021652554,22,31.816
61,24,0.8427735364243876,23,31.816
61,25,0.8745898706835198,24,31.816
61,26,0.906406204942652,25,31.816
61,27,0.9382225392017842,26,31.816
61,28,0.9700388734609164,27,31.816
61,29,1.0018552077200487,28,31.816
61,30,1.0336715419791809,29,31.816
61,31,1.065487876238313,30,31.816
61,32,1.0973042104974453,31,31.816
61,33,1.1291205447565775,32,31.816
61,34,1.1609368790157097,33,31.816
61,35,1.192753213274842,34,31.816
61,36,1.2245695475339742,35,31.816
61,37,1.2563858817931064,36,31.816
61,38,1.2882022160522386,37,31.816
61,39,1.3200185503113708,38,31.816
61,40,1.351834884570503,39,31.816
61,41,1.3836512188296353,40,31.816
61,42,1.4154675530887675,41,31.816
61,43,1.4472838873478997,42,31.816
61,44,1.479100221607032,43,31.816
61,45,1.5109165558661641,44,31.816
61,46,1.5427328901252964,45,31.816
61,47,1.5745492243844286,46,31.816
61,48,1.6063655586435608,47,31.816
61,49,1.638181892902693,48,31.816
61,50,1.670098436493395,49,31.917
61,51,1.7020149800840971,50,31.917
61,52,1.7339315236747992,51,31.917
61,53,1.7658480672655013,52,31.917
61,54,1.7977646108562033,53,31.917
61,55,1.8296811544469054,54,31.917
61,56,1.8615976980376074,55,31.917
61,57,1.8935142416283095,56,31.917
61,58,1.9254307852190116,57,31.917
61,59,1.9573473288097136,58,31.917
61,60,1.9892638724004157,59,31.917
61,61,2.0211804159911178,60,31.917
61,62,2.05309695958182,61,31.917
61,63,2.085013503172522,62,31.917
61,64,2.116930046763224,63,31.917
61,65,2.148846590353926,64,31.917
61,66,2.180763133944628,65,31.917
61,67,2.21267967753533,66,31.917
61,68,2.244596221126032,67,31.917
61,69,2.2765127647167342,68,31.917
61,70,2.3084293083074363,69,31.917
61,71,2.3403458518981384,70,31.917
61,72,2.3722623954888404,71,31.917
61,73,2.4041789390795425,72,31.917
61,74,2.4360954826702446,73,31.917
61,75,2.4680120262609466,74,31.917
61,76,2.4999285698516487,75,31.917
61,77,2.5318451134423507,76,31.917
61,78,2.563761657033053,77,31.917
61,79,2.595678200623755,78,31.917
61,80,2.627594744214457,79,31.917
61,81,2.659511287805159,80,31.917
61,82,2.691427831395861,81,31.917
61,83,2.723344374986563,82,31.917
61,84,2.755260918577265,83,31.917
61,85,2.7871774621679672,84,31.917
61,86,2.8190940057586693,85,31.917
61,87,2.8510105493493714,86,31.917
61,88,2.8829270929400734,87,31.917
61,89,2.9148436365307755,88,31.917
61,90,2.9467601801214776,89,31.917
61,91,2.9786767237121796,90,31.917
61,92,3.0105932673028817,91,31.917
61,93,3.0425098108935837,92,31.917
61,94,3.074426354484286,93,31.917
61,95,3.106342898074988,94,31.917
61,96,3.13825944166569,95,31.917
61,97,3.170175985256392,96,31.917
61,98,3.202092528847094,97,31.917
61,99,3.234009072437796,98,31.917
61,100,3.265925616028498,99,31.917
61,101,3.2978421596192002,100,31.917
61,102,3.3297587032099023,101,31.917
61,103,3.3616752468006044,102,31.917
61,104,3.3935917903913064,103,31.917
61,105,3.4255083339820085,104,31.917
61,106,3.4574248775727106,105,31.917
61,107,3.4893414211634126,106,31.917
61,108,3.5212579647541147,107,31.917
61,109,3.5531745083448167,108,31.917
61,110,3.585091051935519,109,31.917
61,111,3.617007595526221,110,31.917
61,112,3.648924139116923,111,31.917
61,113,3.680840682707625,112,31.917
61,114,3.7127219768798416,113,31.881
61,115,3.7446032710520583,114,31.881
61,116,3.776484565224275,115,31.881
61,117,3.8083658593964915,116,31.881
61,118,3.840247153568708,117,31.881
61,119,3.872128447740925,118,31.881
61,120,3.9040097419131414,119,31.881
61,121,3.935891036085358,120,31.881
61,122,3.9677723302575747,121,31.881
61,123,3.9996536244297913,122,31.881
61,124,4.0315349186020075,123,31.881
61,125,4.063416212774224,124,31.881
61,126,4.095297506946441,125,31.881
61,127,4.127178801118657,126,31.881
61,128,4.159060095290874,127,31.881
62,1,0.11099784846434642,0,110.998
62,2,0.14281418272347868,1,31.816
62,3,0.17463051698261092,2,31.816
62,4,0.20644685124174317,3,31.816
62,5,0.2382631855008754,4,31.816
62,6,0.27007951976000766,5,31.816
62,7,0.3018958540191399,6,31.816
62,8,0.3337121882782721,7,31.816
62,9,0.3655285225374043,8,31.816
62,10,0.3973448567965365,9,31.816
62,11,0.42916119105566874,10,31.816
62,12,0.46097752531480096,11,31.816
62,13,0.4927938595739332,12,31.816
62,14,0.5246101938330654,13,31.816
62,15,0.5564265280921976,14,31.816
62,16,0.5882428623513298,15,31.816
62,17,0.620059196610462,16,31.816
62,18,0.6518755308695943,17,31.816
62,19,0.6836918651287265,18,31.816
62,20,0.7155081993878587,19,31.816
62,21,0.7473245336469909,20,31.816
62,22,0.7791408679061231,21,31.816
62,23,0.8109572021652554,22,31.816
62,24,0.8427735364243876,23,31.816
62,25,0.8745898706835198,24,31.816
62,26,0.906406204942652,25,31.816
62,27,0.9382225392017842,26,31.816
62,28,0.9700388734609164,27,31.816
62,29,1.0018552077200487,28,31.816
62,30,1.0336715419791809,29,31.816
62,31,1.065487876238313,30,31.816
62,32,1.0973042104974453,31,31.816
62,33,1.1291205447565775,32,31.816
62,34,1.1609368790157097,33,31.816
62,35,1.192753213274842,34,31.816
62,36,1.2245695475339742,35,31.816
62,37,1.2563858817931064,36,31.816
62,38,1.2882022160522386,37,31.816
62,39,1.3200185503113708,38,31.816
62,40,1.351834884570503,39,31.816
62,41,1.3836512188296353,40,31.816
62,42,1.4154675530887675,41,31.816
62,43,1.4472838873478997,42,31.816
62,44,1.479100221607032,43,31.816
62,45,1.5109165558661641,44,31.816
62,46,1.5427328901252964,45,31.816
62,47,1.5745492243844286,46,31.816
62,48,1.6063655586435608,47,31.816
62,49,1.638181892902693,48,31.816
62,50,1.670098436493395,49,31.917
62,51,1.7020149800840971,50,31.917
62,52,1.7339315236747992,51,31.917
62,53,1.7658480672655013,52,31.917
62,54,1.7977646108562033,53,31.917
62,55,1.8296811544469054,54,31.917
62,56,1.8615976980376074,55,31.917
62,57,1.8935142416283095,56,31.917
62,58,1.9254307852190116,57,31.917
62,59,1.9573473288097136,58,31.917
62,60,1.9892638724004157,59,31.917
62,61,2.0211804159911178,60,31.917
62,62,2.05309695958182,61,31.917
62,63,2.085013503172522,62,31.917
62,64,2.116930046763224,63,31.917
62,65,2.148846590353926,64,31.917
62,66,2.180763133944628,65,31.917
62,67,2.21267967753533,66,31.917
62,68,2.244596221126032,67,31.917
62,69,2.2765127647167342,68,31.917
62,70,2.3084293083074363,69,31.917
62,71,2.3403458518981384,70,31.917
62,72,2.3722623954888404,71,31.917
62,73,2.4041789390795425,72,31.917
62,74,2.4360954826702446,73,31.917
62,75,2.4680120262609466,74,31.917
62,76,2.4999285698516487,75,31.917
62,77,2.5318451134423507,76,31.917
62,78,2.563761657033053,77,31.917
62,79,2.595678200623755,78,31.917
62,80,2.627594744214457,79,31.917
62,81,2.659511287805159,80,31.917
62,82,2.691427831395861,81,31.917
62,83,2.723344374986563,82,31.917
62,84,2.755260918577265,83,31.917
62,85,2.7871774621679672,84,31.917
62,86,2.8190940057586693,85,31.917
62,87,2.8510105493493714,86,31.917
62,88,2.8829270929400734,87,31.917
62,89,2.9148436365307755,88,31.917
62,90,2.9467601801214776,89,31.917
62,91,2.9786767237121796,90,31.917
62,92,3.0105932673028817,91,31.917
62,93,3.0425098108935837,92,31.917
62,94,3.074426354484286,93,31.917
62,95,3.106342898074988,94,31.917
62,96,3.13825944166569,95,31.917
62,97,3.170175985256392,96,31.917
62,98,3.202092528847094,97,31.917
62,99,3.234009072437796,98,31.917
62,100,3.265925616028498,99,31.917
62,101,3.2978421596192002,100,31.917
62,102,3.3297587032099023,101,31.917
62,103,3.3616752468006044,102,31.917
62,104,3.3935917903913064,103,31.917
62,105,3.4255083339820085,104,31.917
62,106,3.4574248775727106,105,31.917
62,107,3.4893414211634126,106,31.917
62,108,3.5212579647541147,107,31.917
62,109,3.5531745083448167,108,31.917
62,110,3.585091051935519,109,31.917
62,111,3.617007595526221,110,31.917
62,112,3.648924139116923,111,31.917
62,113,3.680840682707625,112,31.917
62,114,3.7127219768798416,113,31.881
62,115,3.7446032710520583,114,31.881
62,116,3.776484565224275,115,31.881
62,117,3.8083658593964915,116,31.881
62,118,3.840247153568708,117,31.881
62,119,3.872128447740925,118,31.881
62,120,3.9040097419131414,119,31.881
62,121,3.935891036085358,120,31.881
62,122,3.9677723302575747,121,31.881
62,123,3.9996536244297913,122,31.881
62,124,4.0315349186020075,123,31.881
62,125,4.063416212774224,124,31.881
62,126,4.095297506946441,125,31.881
62,127,4.127178801118657,126,31.881
62,128,4.159060095290874,127,31.881
63,1,0.11099784846434642,0,110.998
63,2,0.14281418272347868,1,31.816
63,3,0.17463051698261092,2,31.816
63,4,0.20644685124174317,3,31.816
63,5,0.2382631855008754,4,31.816
63,6,0.27007951976000766,5,31.816
63,7,0.3018958540191399,6,31.816
63,8,0.3337121882782721,7,31.816
63,9,0.3655285225374043,8,31.816
63,10,0.3973448567965365,9,31.816
63,11,0.42916119105566874,10,31.816
63,12,0.46097752531480096,11,31.816
63,13,0.4927938595739332,12,31.816
63,14,0.5246101938330654,13,31.816
63,15,0.5564265280921976,14,31.816
63,16,0.5882428623513298,15,31.816
63,17,0.620059196610462,16,31.816
63,18,0.6518755308695943,17,31.816
63,19,0.6836918651287265,18,31.816
63,20,0.7155081993878587,19,31.816
63,21,0.7473245336469909,20,31.816
63,22,0.7791408679061231,21,31.816
63,23,0.8109572021652554,22,31.816
63,24,0.8427735364243876,23,31.816
63,25,0.8745898706835198,24,31.816
63,26,0.906406204942652,25,31.816
63,27,0.9382225392017842,26,31.816
63,28,0.9700388734609164,27,31.816
63,29,1.0018552077200487,28,31.816
63,30,1.0336715419791809,29,31.816
63,31,1.065487876238313,30,31.816
63,32,1.0973042104974453,31,31.816
63,33,1.1291205447565775,32,31.816
63,34,1.1609368790157097,33,31.816
63,35,1.192753213274842,34,31.816
63,36,1.2245695475339742,35,31.816
63,37,1.2563858817931064,36,31.816
63,38,1.2882022160522386,37,31.816
63,39,1.3200185503113708,38,31.816
63,40,1.351834884570503,39,31.816
63,41,1.3836512188296353,40,31.816
63,42,1.4154675530887675,41,31.816
63,43,1.4472838873478997,42,31.816
63,44,1.479100221607032,43,31.816
63,45,1.5109165558661641,44,31.816
63,46,1.5427328901252964,45,31.816
63,47,1.5745492243844286,46,31.816
63,48,1.6063655586435608,47,31.816
63,49,1.638181892902693,48,31.816
63,50,1.670098436493395,49,31.917
63,51,1.7020149800840971,50,31.917
63,52,1.7339315236747992,51,31.917
63,53,1.7658480672655013,52,31.917
63,54,1.7977646108562033,53,31.917
63,55,1.8296811544469054,54,31.917
63,56,1.8615976980376074,55,31.917
63,57,1.8935142416283095,56,31.917
63,58,1.9254307852190116,57,31.917
63,59,1.9573473288097136,58,31.917
63,60,1.9892638724004157,59,31.917
63,61,2.0211804159911178,60,31.917
63,62,2.05309695958182,61,31.917
63,63,2.085013503172522,62,31.917
63,64,2.116930046763224,63,31.917
63,65,2.148846590353926,64,31.917
63,66,2.180763133944628,65,31.917
63,67,2.21267967753533,66,31.917
63,68,2.244596221126032,67,31.917
63,69,2.2765127647167342,68,31.917
63,70,2.3084293083074363,69,31.917
63,71,2.3403458518981384,70,31.917
63,72,2.3722623954888404,71,31.917
63,73,2.4041789390795425,72,31.917
63,74,2.4360954826702446,73,31.917
63,75,2.4680120262609466,74,31.917
63,76,2.4999285698516487,75,31.917
63,77,2.5318451134423507,76,31.917
63,78,2.563761657033053,77,31.917
63,79,2.595678200623755,78,31.917
63,80,2.627594744214457,79,31.917
63,81,2.659511287805159,80,31.917
63,82,2.691427831395861,81,31.917
63,83,2.723344374986563,82,31.917
63,84,2.755260918577265,83,31.917
63,85,2.7871774621679672,84,31.917
63,86,2.8190940057586693,85,31.917
63,87,2.8510105493493714,86,31.917
63,88,2.8829270929400734,87,31.917
63,89,2.9148436365307755,88,31.917
63,90,2.9467601801214776,89,31.917
63,91,2.9786767237121796,90,31.917
63,92,3.0105932673028817,91,31.917
63,93,3.0425098108935837,92,31.917
63,94,3.074426354484286,93,31.917
63,95,3.106342898074988,94,31.917
63,96,3.13825944166569,95,31.917
63,97,3.170175985256392,96,31.917
63,98,3.202092528847094,97,31.917
63,99,3.234009072437796,98,31.917
63,100,3.265925616028498,99,31.917
63,101,3.2978421596192002,100,31.917
63,102,3.3297587032099023,101,31.917
63,103,3.3616752468006044,102,31.917
63,104,3.3935917903913064,103,31.917
63,105,3.4255083339820085,104,31.917
63,106,3.4574248775727106,105,31.917
63,107,3.4893414211634126,106,31.917
63,108,3.5212579647541147,107,31.917
63,109,3.5531745083448167,108,31.917
63,110,3.585091051935519,109,31.917
63,111,3.617007595526221,110,31.917
63,112,3.648924139116923,111,31.917
63,113,3.680840682707625,112,31.917
63,114,3.7127219768798416,113,31.881
63,115,3.7446032710520583,114,31.881
63,116,3.776484565224275,115,31.881
63,117,3.8083658593964915,116,31.881
63,118,3.840247153568708,117,31.881
63,119,3.872128447740925,118,31.881
63,120,3.9040097419131414,119,31.881
63,121,3.935891036085358,120,31.881
63,122,3.9677723302575747,121,31.881
63,123,3.9996536244297913,122,31.881
63,124,4.0315349186020075,123,31.881
63,125,4.063416212774224,124,31.881
63,126,4.095297506946441,125,31.881
63,127,4.127178801118657,126,31.881
63,128,4.159060095290874,127,31.881
