request,token,time_s,step,gap_ms
0,1,0.19135430537861545,0,191.354
0,2,0.22768361245053415,1,36.329
0,3,0.2640129195224528,2,36.329
0,4,0.3003422265943715,3,36.329
0,5,0.33667153366629016,4,36.329
0,6,0.3730008407382088,5,36.329
0,7,0.4093301478101275,6,36.329
0,8,0.44565945488204617,7,36.329
0,9,0.48198876195396484,8,36.329
0,10,0.5183180690258835,9,36.329
0,11,0.5546473760978022,10,36.329
0,12,0.590976683169721,11,36.329
0,13,0.6273059902416397,12,36.329
0,14,0.6636352973135584,13,36.329
0,15,0.6999646043854771,14,36.329
0,16,0.7362939114573959,15,36.329
0,17,0.7726232185293146,16,36.329
0,18,0.8089525256012333,17,36.329
0,19,0.845281832673152,18,36.329
0,20,0.8816111397450708,19,36.329
0,21,0.9179404468169895,20,36.329
0,22,0.9542697538889082,21,36.329
0,23,0.990599060960827,22,36.329
0,24,1.0269283680327457,23,36.329
0,25,1.0632576751046643,24,36.329
0,26,1.099586982176583,25,36.329
0,27,1.1359162892485015,26,36.329
0,28,1.1722455963204201,27,36.329
0,29,1.2085749033923388,28,36.329
0,30,1.2449042104642574,29,36.329
0,31,1.281233517536176,30,36.329
0,32,1.3175628246080946,31,36.329
0,33,1.3538921316800132,32,36.329
0,34,1.3902214387519318,33,36.329
0,35,1.4265507458238504,34,36.329
0,36,1.462880052895769,35,36.329
0,37,1.4992093599676877,36,36.329
0,38,1.5355386670396063,37,36.329
0,39,1.571867974111525,38,36.329
0,40,1.6081972811834435,39,36.329
0,41,1.6445265882553621,40,36.329
0,42,1.6808558953272807,41,36.329
0,43,1.7171852023991994,42,36.329
0,44,1.753514509471118,43,36.329
0,45,1.7898438165430366,44,36.329
0,46,1.8261731236149552,45,36.329
0,47,1.8625024306868738,46,36.329
0,48,1.8988317377587924,47,36.329
0,49,1.935161044830711,48,36.329
0,50,1.971667037018126,49,36.506
0,51,2.008173029205541,50,36.506
0,52,2.0446790213929558,51,36.506
0,53,2.0811850135803707,52,36.506
0,54,2.1176910057677856,53,36.506
0,55,2.1541969979552005,54,36.506
0,56,2.1907029901426154,55,36.506
0,57,2.2272089823300303,56,36.506
0,58,2.263714974517445,57,36.506
0,59,2.30022096670486,58,36.506
0,60,2.336726958892275,59,36.506
0,61,2.37323295107969,60,36.506
0,62,2.409738943267105,61,36.506
0,63,2.4462449354545197,62,36.506
0,64,2.4827509276419346,63,36.506
0,65,2.5192569198293495,64,36.506
0,66,2.5557629120167644,65,36.506
0,67,2.5922689042041793,66,36.506
0,68,2.6287748963915942,67,36.506
0,69,2.665280888579009,68,36.506
0,70,2.701786880766424,69,36.506
0,71,2.738292872953839,70,36.506
0,72,2.774798865141254,71,36.506
0,73,2.8113048573286687,72,36.506
0,74,2.8478108495160837,73,36.506
0,75,2.8843168417034986,74,36.506
0,76,2.9208228338909135,75,36.506
0,77,2.9573288260783284,76,36.506
0,78,2.9938348182657433,77,36.506
0,79,3.030340810453158,78,36.506
0,80,3.066846802640573,79,36.506
0,81,3.103352794827988,80,36.506
0,82,3.139858787015403,81,36.506
0,83,3.176364779202818,82,36.506
0,84,3.2128707713902327,83,36.506
0,85,3.2493767635776476,84,36.506
0,86,3.2858827557650625,85,36.506
0,87,3.3223887479524774,86,36.506
0,88,3.3588947401398923,87,36.506
0,89,3.395400732327307,88,36.506
0,90,3.431906724514722,89,36.506
0,91,3.468412716702137,90,36.506
0,92,3.504918708889552,91,36.506
0,93,3.541424701076967,92,36.506
0,94,3.5779306932643817,93,36.506
0,95,3.6144366854517966,94,36.506
0,96,3.6509426776392115,95,36.506
0,97,3.6874486698266264,96,36.506
0,98,3.7239546620140414,97,36.506
0,99,3.7604606542014563,98,36.506
0,100,3.796966646388871,99,36.506
0,101,3.833472638576286,100,36.506
0,102,3.869978630763701,101,36.506
0,103,3.906484622951116,102,36.506
0,104,3.9429906151385308,103,36.506
0,105,3.9794966073259457,104,36.506
0,106,4.016002599513361,105,36.506
0,107,4.052508591700776,106,36.506
0,108,4.089014583888191,107,36.506
0,109,4.125520576075606,108,36.506
0,110,4.162026568263021,109,36.506
0,111,4.1985325604504355,110,36.506
0,112,4.2350385526378505,111,36.506
0,113,4.271544544825265,112,36.506
0,114,4.308106286320949,113,36.562
0,115,4.344668027816632,114,36.562
0,116,4.3812297693123154,115,36.562
0,117,4.417791510807999,116,36.562
0,118,4.454353252303682,117,36.562
0,119,4.4909149937993655,118,36.562
0,120,4.527476735295049,119,36.562
0,121,4.564038476790732,120,36.562
0,122,4.600600218286416,121,36.562
0,123,4.637161959782099,122,36.562
0,124,4.673723701277782,123,36.562
0,125,4.710285442773466,124,36.562
0,126,4.746847184269149,125,36.562
0,127,4.7834089257648325,126,36.562
0,128,4.819970667260516,127,36.562
1,1,0.19135430537861545,0,191.354
1,2,0.22768361245053415,1,36.329
1,3,0.2640129195224528,2,36.329
1,4,0.3003422265943715,3,36.329
1,5,0.33667153366629016,4,36.329
1,6,0.3730008407382088,5,36.329
1,7,0.4093301478101275,6,36.329
1,8,0.44565945488204617,7,36.329
1,9,0.48198876195396484,8,36.329
1,10,0.5183180690258835,9,36.329
1,11,0.5546473760978022,10,36.329
1,12,0.590976683169721,11,36.329
1,13,0.6273059902416397,12,36.329
1,14,0.6636352973135584,13,36.329
1,15,0.6999646043854771,14,36.329
1,16,0.7362939114573959,15,36.329
1,17,0.7726232185293146,16,36.329
1,18,0.8089525256012333,17,36.329
1,19,0.845281832673152,18,36.329
1,20,0.8816111397450708,19,36.329
1,21,0.9179404468169895,20,36.329
1,22,0.9542697538889082,21,36.329
1,23,0.990599060960827,22,36.329
1,24,1.0269283680327457,23,36.329
1,25,1.0632576751046643,24,36.329
1,26,1.099586982176583,25,36.329
1,27,1.1359162892485015,26,36.329
1,28,1.1722455963204201,27,36.329
1,29,1.2085749033923388,28,36.329
1,30,1.2449042104642574,29,36.329
1,31,1.281233517536176,30,36.329
1,32,1.3175628246080946,31,36.329
1,33,1.3538921316800132,32,36.329
1,34,1.3902214387519318,33,36.329
1,35,1.4265507458238504,34,36.329
1,36,1.462880052895769,35,36.329
1,37,1.4992093599676877,36,36.329
1,38,1.5355386670396063,37,36.329
1,39,1.571867974111525,38,36.329
1,40,1.6081972811834435,39,36.329
1,41,1.6445265882553621,40,36.329
1,42,1.6808558953272807,41,36.329
1,43,1.7171852023991994,42,36.329
1,44,1.753514509471118,43,36.329
1,45,1.7898438165430366,44,36.329
1,46,1.8261731236149552,45,36.329
1,47,1.8625024306868738,46,36.329
1,48,1.8988317377587924,47,36.329
1,49,1.935161044830711,48,36.329
1,50,1.971667037018126,49,36.506
1,51,2.008173029205541,50,36.506
1,52,2.0446790213929558,51,36.506
1,53,2.0811850135803707,52,36.506
1,54,2.1176910057677856,53,36.506
1,55,2.1541969979552005,54,36.506
1,56,2.1907029901426154,55,36.506
1,57,2.2272089823300303,56,36.506
1,58,2.263714974517445,57,36.506
1,59,2.30022096670486,58,36.506
1,60,2.336726958892275,59,36.506
1,61,2.37323295107969,60,36.506
1,62,2.409738943267105,61,36.506
1,63,2.4462449354545197,62,36.506
1,64,2.4827509276419346,63,36.506
1,65,2.5192569198293495,64,36.506
1,66,2.5557629120167644,65,36.506
1,67,2.5922689042041793,66,36.506
1,68,2.6287748963915942,67,36.506
1,69,2.665280888579009,68,36.506
1,70,2.701786880766424,69,36.506
1,71,2.738292872953839,70,36.506
1,72,2.774798865141254,71,36.506
1,73,2.8113048573286687,72,36.506
1,74,2.8478108495160837,73,36.506
1,75,2.8843168417034986,74,36.506
1,76,2.9208228338909135,75,36.506
1,77,2.9573288260783284,76,36.506
1,78,2.9938348182657433,77,36.506
1,79,3.030340810453158,78,36.506
1,80,3.066846802640573,79,36.506
1,81,3.103352794827988,80,36.506
1,82,3.139858787015403,81,36.506
1,83,3.176364779202818,82,36.506
1,84,3.2128707713902327,83,36.506
1,85,3.2493767635776476,84,36.506
1,86,3.2858827557650625,85,36.506
1,87,3.3223887479524774,86,36.506
1,88,3.3588947401398923,87,36.506
1,89,3.395400732327307,88,36.506
1,90,3.431906724514722,89,36.506
1,91,3.468412716702137,90,36.506
1,92,3.504918708889552,91,36.506
1,93,3.541424701076967,92,36.506
1,94,3.5779306932643817,93,36.506
1,95,3.6144366854517966,94,36.506
1,96,3.6509426776392115,95,36.506
1,97,3.6874486698266264,96,36.506
1,98,3.7239546620140414,97,36.506
1,99,3.7604606542014563,98,36.506
1,100,3.796966646388871,99,36.506
1,101,3.833472638576286,100,36.506
1,102,3.869978630763701,101,36.506
1,103,3.906484622951116,102,36.506
1,104,3.9429906151385308,103,36.506
1,105,3.9794966073259457,104,36.506
1,106,4.016002599513361,105,36.506
1,107,4.052508591700776,106,36.506
1,108,4.089014583888191,107,36.506
1,109,4.125520576075606,108,36.506
1,110,4.162026568263021,109,36.506
1,111,4.1985325604504355,110,36.506
1,112,4.2350385526378505,111,36.506
1,113,4.271544544825265,112,36.506
1,114,4.308106286320949,113,36.562
1,115,4.344668027816632,114,36.562
1,116,4.3812297693123154,115,36.562
1,117,4.417791510807999,116,36.562
1,118,4.454353252303682,117,36.562
1,119,4.4909149937993655,118,36.562
1,120,4.527476735295049,119,36.562
1,121,4.564038476790732,120,36.562
1,122,4.600600218286416,121,36.562
1,123,4.637161959782099,122,36.562
1,124,4.673723701277782,123,36.562
1,125,4.710285442773466,124,36.562
1,126,4.746847184269149,125,36.562
1,127,4.7834089257648325,126,36.562
1,128,4.819970667260516,127,36.562
2,1,0.19135430537861545,0,191.354
2,2,0.22768361245053415,1,36.329
2,3,0.2640129195224528,2,36.329
2,4,0.3003422265943715,3,36.329
2,5,0.33667153366629016,4,36.329
2,6,0.3730008407382088,5,36.329
2,7,0.4093301478101275,6,36.329
2,8,0.44565945488204617,7,36.329
2,9,0.48198876195396484,8,36.329
2,10,0.5183180690258835,9,36.329
2,11,0.5546473760978022,10,36.329
2,12,0.590976683169721,11,36.329
2,13,0.6273059902416397,12,36.329
2,14,0.6636352973135584,13,36.329
2,15,0.6999646043854771,14,36.329
2,16,0.7362939114573959,15,36.329
2,17,0.7726232185293146,16,36.329
2,18,0.8089525256012333,17,36.329
2,19,0.845281832673152,18,36.329
2,20,0.8816111397450708,19,36.329
2,21,0.9179404468169895,20,36.329
2,22,0.9542697538889082,21,36.329
2,23,0.990599060960827,22,36.329
2,24,1.0269283680327457,23,36.329
2,25,1.0632576751046643,24,36.329
2,26,1.099586982176583,25,36.329
2,27,1.1359162892485015,26,36.329
2,28,1.1722455963204201,27,36.329
2,29,1.2085749033923388,28,36.329
2,30,1.2449042104642574,29,36.329
2,31,1.281233517536176,30,36.329
2,32,1.3175628246080946,31,36.329
2,33,1.3538921316800132,32,36.329
2,34,1.3902214387519318,33,36.329
2,35,1.4265507458238504,34,36.329
2,36,1.462880052895769,35,36.329
2,37,1.4992093599676877,36,36.329
2,38,1.5355386670396063,37,36.329
2,39,1.571867974111525,38,36.329
2,40,1.6081972811834435,39,36.329
2,41,1.6445265882553621,40,36.329
2,42,1.6808558953272807,41,36.329
2,43,1.7171852023991994,42,36.329
2,44,1.753514509471118,43,36.329
2,45,1.7898438165430366,44,36.329
2,46,1.8261731236149552,45,36.329
2,47,1.8625024306868738,46,36.329
2,48,1.8988317377587924,47,36.329
2,49,1.935161044830711,48,36.329
2,50,1.971667037018126,49,36.506
2,51,2.008173029205541,50,36.506
2,52,2.0446790213929558,51,36.506
2,53,2.0811850135803707,52,36.506
2,54,2.1176910057677856,53,36.506
2,55,2.1541969979552005,54,36.506
2,56,2.1907029901426154,55,36.506
2,57,2.2272089823300303,56,36.506
2,58,2.263714974517445,57,36.506
2,59,2.30022096670486,58,36.506
2,60,2.336726958892275,59,36.506
2,61,2.37323295107969,60,36.506
2,62,2.409738943267105,61,36.506
2,63,2.4462449354545197,62,36.506
2,64,2.4827509276419346,63,36.506
2,65,2.5192569198293495,64,36.506
2,66,2.5557629120167644,65,36.506
2,67,2.5922689042041793,66,36.506
2,68,2.6287748963915942,67,36.506
2,69,2.665280888579009,68,36.506
2,70,2.701786880766424,69,36.506
2,71,2.738292872953839,70,36.506
2,72,2.774798865141254,71,36.506
2,73,2.8113048573286687,72,36.506
2,74,2.8478108495160837,73,36.506
2,75,2.8843168417034986,74,36.506
2,76,2.9208228338909135,75,36.506
2,77,2.9573288260783284,76,36.506
2,78,2.9938348182657433,77,36.506
2,79,3.030340810453158,78,36.506
2,80,3.066846802640573,79,36.506
2,81,3.103352794827988,80,36.506
2,82,3.139858787015403,81,36.506
2,83,3.176364779202818,82,36.506
2,84,3.2128707713902327,83,36.506
2,85,3.2493767635776476,84,36.506
2,86,3.2858827557650625,85,36.506
2,87,3.3223887479524774,86,36.506
2,88,3.3588947401398923,87,36.506
2,89,3.395400732327307,88,36.506
2,90,3.431906724514722,89,36.506
2,91,3.468412716702137,90,36.506
2,92,3.504918708889552,91,36.506
2,93,3.541424701076967,92,36.506
2,94,3.5779306932643817,93,36.506
2,95,3.6144366854517966,94,36.506
2,96,3.6509426776392115,95,36.506
2,97,3.6874486698266264,96,36.506
2,98,3.7239546620140414,97,36.506
2,99,3.7604606542014563,98,36.506
2,100,3.796966646388871,99,36.506
2,101,3.833472638576286,100,36.506
2,102,3.869978630763701,101,36.506
2,103,3.906484622951116,102,36.506
2,104,3.9429906151385308,103,36.506
2,105,3.9794966073259457,104,36.506
2,106,4.016002599513361,105,36.506
2,107,4.052508591700776,106,36.506
2,108,4.089014583888191,107,36.506
2,109,4.125520576075606,108,36.506
2,110,4.162026568263021,109,36.506
2,111,4.1985325604504355,110,36.506
2,112,4.2350385526378505,111,36.506
2,113,4.271544544825265,112,36.506
2,114,4.308106286320949,113,36.562
2,115,4.344668027816632,114,36.562
2,116,4.3812297693123154,115,36.562
2,117,4.417791510807999,116,36.562
2,118,4.454353252303682,117,36.562
2,119,4.4909149937993655,118,36.562
2,120,4.527476735295049,119,36.562
2,121,4.564038476790732,120,36.562
2,122,4.600600218286416,121,36.562
2,123,4.637161959782099,122,36.562
2,124,4.673723701277782,123,36.562
2,125,4.710285442773466,124,36.562
2,126,4.746847184269149,125,36.562
2,127,4.7834089257648325,126,36.562
2,128,4.819970667260516,127,36.562
3,1,0.19135430537861545,0,191.354
3,2,0.22768361245053415,1,36.329
3,3,0.2640129195224528,2,36.329
3,4,0.3003422265943715,3,36.329
3,5,0.33667153366629016,4,36.329
3,6,0.3730008407382088,5,36.329
3,7,0.4093301478101275,6,36.329
3,8,0.44565945488204617,7,36.329
3,9,0.48198876195396484,8,36.329
3,10,0.5183180690258835,9,36.329
3,11,0.5546473760978022,10,36.329
3,12,0.590976683169721,11,36.329
3,13,0.6273059902416397,12,36.329
3,14,0.6636352973135584,13,36.329
3,15,0.6999646043854771,14,36.329
3,16,0.7362939114573959,15,36.329
3,17,0.7726232185293146,16,36.329
3,18,0.8089525256012333,17,36.329
3,19,0.845281832673152,18,36.329
3,20,0.8816111397450708,19,36.329
3,21,0.9179404468169895,20,36.329
3,22,0.9542697538889082,21,36.329
3,23,0.990599060960827,22,36.329
3,24,1.0269283680327457,23,36.329
3,25,1.0632576751046643,24,36.329
3,26,1.099586982176583,25,36.329
3,27,1.1359162892485015,26,36.329
3,28,1.1722455963204201,27,36.329
3,29,1.2085749033923388,28,36.329
3,30,1.2449042104642574,29,36.329
3,31,1.281233517536176,30,36.329
3,32,1.3175628246080946,31,36.329
3,33,1.3538921316800132,32,36.329
3,34,1.3902214387519318,33,36.329
3,35,1.4265507458238504,34,36.329
3,36,1.462880052895769,35,36.329
3,37,1.4992093599676877,36,36.329
3,38,1.5355386670396063,37,36.329
3,39,1.571867974111525,38,36.329
3,40,1.6081972811834435,39,36.329
3,41,1.6445265882553621,40,36.329
3,42,1.6808558953272807,41,36.329
3,43,1.7171852023991994,42,36.329
3,44,1.753514509471118,43,36.329
3,45,1.7898438165430366,44,36.329
3,46,1.8261731236149552,45,36.329
3,47,1.8625024306868738,46,36.329
3,48,1.8988317377587924,47,36.329
3,49,1.935161044830711,48,36.329
3,50,1.971667037018126,49,36.506
3,51,2.008173029205541,50,36.506
3,52,2.0446790213929558,51,36.506
3,53,2.0811850135803707,52,36.506
3,54,2.1176910057677856,53,36.506
3,55,2.1541969979552005,54,36.506
3,56,2.1907029901426154,55,36.506
3,57,2.2272089823300303,56,36.506
3,58,2.263714974517445,57,36.506
3,59,2.30022096670486,58,36.506
3,60,2.336726958892275,59,36.506
3,61,2.37323295107969,60,36.506
3,62,2.409738943267105,61,36.506
3,63,2.4462449354545197,62,36.506
3,64,2.4827509276419346,63,36.506
3,65,2.5192569198293495,64,36.506
3,66,2.5557629120167644,65,36.506
3,67,2.5922689042041793,66,36.506
3,68,2.6287748963915942,67,36.506
3,69,2.665280888579009,68,36.506
3,70,2.701786880766424,69,36.506
3,71,2.738292872953839,70,36.506
3,72,2.774798865141254,71,36.506
3,73,2.8113048573286687,72,36.506
3,74,2.8478108495160837,73,36.506
3,75,2.8843168417034986,74,36.506
3,76,2.9208228338909135,75,36.506
3,77,2.9573288260783284,76,36.506
3,78,2.9938348182657433,77,36.506
3,79,3.030340810453158,78,36.506
3,80,3.066846802640573,79,36.506
3,81,3.103352794827988,80,36.506
3,82,3.139858787015403,81,36.506
3,83,3.176364779202818,82,36.506
3,84,3.2128707713902327,83,36.506
3,85,3.2493767635776476,84,36.506
3,86,3.2858827557650625,85,36.506
3,87,3.3223887479524774,86,36.506
3,88,3.3588947401398923,87,36.506
3,89,3.395400732327307,88,36.506
3,90,3.431906724514722,89,36.506
3,91,3.468412716702137,90,36.506
3,92,3.504918708889552,91,36.506
3,93,3.541424701076967,92,36.506
3,94,3.5779306932643817,93,36.506
3,95,3.6144366854517966,94,36.506
3,96,3.6509426776392115,95,36.506
3,97,3.6874486698266264,96,36.506
3,98,3.7239546620140414,97,36.506
3,99,3.7604606542014563,98,36.506
3,100,3.796966646388871,99,36.506
3,101,3.833472638576286,100,36.506
3,102,3.869978630763701,101,36.506
3,103,3.906484622951116,102,36.506
3,104,3.9429906151385308,103,36.506
3,105,3.9794966073259457,104,36.506
3,106,4.016002599513361,105,36.506
3,107,4.052508591700776,106,36.506
3,108,4.089014583888191,107,36.506
3,109,4.125520576075606,108,36.506
3,110,4.162026568263021,109,36.506
3,111,4.1985325604504355,110,36.506
3,112,4.2350385526378505,111,36.506
3,113,4.271544544825265,112,36.506
3,114,4.308106286320949,113,36.562
3,115,4.344668027816632,114,36.562
3,116,4.3812297693123154,115,36.562
3,117,4.417791510807999,116,36.562
3,118,4.454353252303682,117,36.562
3,119,4.4909149937993655,118,36.562
3,120,4.527476735295049,119,36.562
3,121,4.564038476790732,120,36.562
3,122,4.600600218286416,121,36.562
3,123,4.637161959782099,122,36.562
3,124,4.673723701277782,123,36.562
3,125,4.710285442773466,124,36.562
3,126,4.746847184269149,125,36.562
3,127,4.7834089257648325,126,36.562
3,128,4.819970667260516,127,36.562
4,1,0.19135430537861545,0,191.354
4,2,0.22768361245053415,1,36.329
4,3,0.2640129195224528,2,36.329
4,4,0.3003422265943715,3,36.329
4,5,0.33667153366629016,4,36.329
4,6,0.3730008407382088,5,36.329
4,7,0.4093301478101275,6,36.329
4,8,0.44565945488204617,7,36.329
4,9,0.48198876195396484,8,36.329
4,10,0.5183180690258835,9,36.329
4,11,0.5546473760978022,10,36.329
4,12,0.590976683169721,11,36.329
4,13,0.6273059902416397,12,36.329
4,14,0.6636352973135584,13,36.329
4,15,0.6999646043854771,14,36.329
4,16,0.7362939114573959,15,36.329
4,17,0.7726232185293146,16,36.329
4,18,0.8089525256012333,17,36.329
4,19,0.845281832673152,18,36.329
4,20,0.8816111397450708,19,36.329
4,21,0.9179404468169895,20,36.329
4,22,0.9542697538889082,21,36.329
4,23,0.990599060960827,22,36.329
4,24,1.0269283680327457,23,36.329
4,25,1.0632576751046643,24,36.329
4,26,1.099586982176583,25,36.329
4,27,1.1359162892485015,26,36.329
4,28,1.1722455963204201,27,36.329
4,29,1.2085749033923388,28,36.329
4,30,1.2449042104642574,29,36.329
4,31,1.281233517536176,30,36.329
4,32,1.3175628246080946,31,36.329
4,33,1.3538921316800132,32,36.329
4,34,1.3902214387519318,33,36.329
4,35,1.4265507458238504,34,36.329
4,36,1.462880052895769,35,36.329
4,37,1.4992093599676877,36,36.329
4,38,1.5355386670396063,37,36.329
4,39,1.571867974111525,38,36.329
4,40,1.6081972811834435,39,36.329
4,41,1.6445265882553621,40,36.329
4,42,1.6808558953272807,41,36.329
4,43,1.7171852023991994,42,36.329
4,44,1.753514509471118,43,36.329
4,45,1.7898438165430366,44,36.329
4,46,1.8261731236149552,45,36.329
4,47,1.8625024306868738,46,36.329
4,48,1.8988317377587924,47,36.329
4,49,1.935161044830711,48,36.329
4,50,1.971667037018126,49,36.506
4,51,2.008173029205541,50,36.506
4,52,2.0446790213929558,51,36.506
4,53,2.0811850135803707,52,36.506
4,54,2.1176910057677856,53,36.506
4,55,2.1541969979552005,54,36.506
4,56,2.1907029901426154,55,36.506
4,57,2.2272089823300303,56,36.506
4,58,2.263714974517445,57,36.506
4,59,2.30022096670486,58,36.506
4,60,2.336726958892275,59,36.506
4,61,2.37323295107969,60,36.506
4,62,2.409738943267105,61,36.506
4,63,2.4462449354545197,62,36.506
4,64,2.4827509276419346,63,36.506
4,65,2.5192569198293495,64,36.506
4,66,2.5557629120167644,65,36.506
4,67,2.5922689042041793,66,36.506
4,68,2.6287748963915942,67,36.506
4,69,2.665280888579009,68,36.506
4,70,2.701786880766424,69,36.506
4,71,2.738292872953839,70,36.506
4,72,2.774798865141254,71,36.506
4,73,2.8113048573286687,72,36.506
4,74,2.8478108495160837,73,36.506
4,75,2.8843168417034986,74,36.506
4,76,2.9208228338909135,75,36.506
4,77,2.9573288260783284,76,36.506
4,78,2.9938348182657433,77,36.506
4,79,3.030340810453158,78,36.506
4,80,3.066846802640573,79,36.506
4,81,3.103352794827988,80,36.506
4,82,3.139858787015403,81,36.506
4,83,3.176364779202818,82,36.506
4,84,3.2128707713902327,83,36.506
4,85,3.2493767635776476,84,36.506
4,86,3.2858827557650625,85,36.506
4,87,3.3223887479524774,86,36.506
4,88,3.3588947401398923,87,36.506
4,89,3.395400732327307,88,36.506
4,90,3.431906724514722,89,36.506
4,91,3.468412716702137,90,36.506
4,92,3.504918708889552,91,36.506
4,93,3.541424701076967,92,36.506
4,94,3.5779306932643817,93,36.506
4,95,3.6144366854517966,94,36.506
4,96,3.6509426776392115,95,36.506
4,97,3.6874486698266264,96,36.506
4,98,3.7239546620140414,97,36.506
4,99,3.7604606542014563,98,36.506
4,100,3.796966646388871,99,36.506
4,101,3.833472638576286,100,36.506
4,102,3.869978630763701,101,36.506
4,103,3.906484622951116,102,36.506
4,104,3.9429906151385308,103,36.506
4,105,3.9794966073259457,104,36.506
4,106,4.016002599513361,105,36.506
4,107,4.052508591700776,106,36.506
4,108,4.089014583888191,107,36.506
4,109,4.125520576075606,108,36.506
4,110,4.162026568263021,109,36.506
4,111,4.1985325604504355,110,36.506
4,112,4.2350385526378505,111,36.506
4,113,4.271544544825265,112,36.506
4,114,4.308106286320949,113,36.562
4,115,4.344668027816632,114,36.562
4,116,4.3812297693123154,115,36.562
4,117,4.417791510807999,116,36.562
4,118,4.454353252303682,117,36.562
4,119,4.4909149937993655,118,36.562
4,120,4.527476735295049,119,36.562
4,121,4.564038476790732,120,36.562
4,122,4.600600218286416,121,36.562
4,123,4.637161959782099,122,36.562
4,124,4.673723701277782,123,36.562
4,125,4.710285442773466,124,36.562
4,126,4.746847184269149,125,36.562
4,127,4.7834089257648325,126,36.562
4,128,4.819970667260516,127,36.562
5,1,0.19135430537861545,0,191.354
5,2,0.22768361245053415,1,36.329
5,3,0.2640129195224528,2,36.329
5,4,0.3003422265943715,3,36.329
5,5,0.33667153366629016,4,36.329
5,6,0.3730008407382088,5,36.329
5,7,0.4093301478101275,6,36.329
5,8,0.44565945488204617,7,36.329
5,9,0.48198876195396484,8,36.329
5,10,0.5183180690258835,9,36.329
5,11,0.5546473760978022,10,36.329
5,12,0.590976683169721,11,36.329
5,13,0.6273059902416397,12,36.329
5,14,0.6636352973135584,13,36.329
5,15,0.6999646043854771,14,36.329
5,16,0.7362939114573959,15,36.329
5,17,0.7726232185293146,16,36.329
5,18,0.8089525256012333,17,36.329
5,19,0.845281832673152,18,36.329
5,20,0.8816111397450708,19,36.329
5,21,0.9179404468169895,20,36.329
5,22,0.9542697538889082,21,36.329
5,23,0.990599060960827,22,36.329
5,24,1.0269283680327457,23,36.329
5,25,1.0632576751046643,24,36.329
5,26,1.099586982176583,25,36.329
5,27,1.1359162892485015,26,36.329
5,28,1.1722455963204201,27,36.329
5,29,1.2085749033923388,28,36.329
5,30,1.2449042104642574,29,36.329
5,31,1.281233517536176,30,36.329
5,32,1.3175628246080946,31,36.329
5,33,1.3538921316800132,32,36.329
5,34,1.3902214387519318,33,36.329
5,35,1.4265507458238504,34,36.329
5,36,1.462880052895769,35,36.329
5,37,1.4992093599676877,36,36.329
5,38,1.5355386670396063,37,36.329
5,39,1.571867974111525,38,36.329
5,40,1.6081972811834435,39,36.329
5,41,1.6445265882553621,40,36.329
5,42,1.6808558953272807,41,36.329
5,43,1.7171852023991994,42,36.329
5,44,1.753514509471118,43,36.329
5,45,1.7898438165430366,44,36.329
5,46,1.8261731236149552,45,36.329
5,47,1.8625024306868738,46,36.329
5,48,1.8988317377587924,47,36.329
5,49,1.935161044830711,48,36.329
5,50,1.971667037018126,49,36.506
5,51,2.008173029205541,50,36.506
5,52,2.0446790213929558,51,36.506
5,53,2.0811850135803707,52,36.506
5,54,2.1176910057677856,53,36.506
5,55,2.1541969979552005,54,36.506
5,56,2.1907029901426154,55,36.506
5,57,2.2272089823300303,56,36.506
5,58,2.263714974517445,57,36.506
5,59,2.30022096670486,58,36.506
5,60,2.336726958892275,59,36.506
5,61,2.37323295107969,60,36.506
5,62,2.409738943267105,61,36.506
5,63,2.4462449354545197,62,36.506
5,64,2.4827509276419346,63,36.506
5,65,2.5192569198293495,64,36.506
5,66,2.5557629120167644,65,36.506
5,67,2.5922689042041793,66,36.506
5,68,2.6287748963915942,67,36.506
5,69,2.665280888579009,68,36.506
5,70,2.701786880766424,69,36.506
5,71,2.738292872953839,70,36.506
5,72,2.774798865141254,71,36.506
5,73,2.8113048573286687,72,36.506
5,74,2.8478108495160837,73,36.506
5,75,2.8843168417034986,74,36.506
5,76,2.9208228338909135,75,36.506
5,77,2.9573288260783284,76,36.506
5,78,2.9938348182657433,77,36.506
5,79,3.030340810453158,78,36.506
5,80,3.066846802640573,79,36.506
5,81,3.103352794827988,80,36.506
5,82,3.139858787015403,81,36.506
5,83,3.176364779202818,82,36.506
5,84,3.2128707713902327,83,36.506
5,85,3.2493767635776476,84,36.506
5,86,3.2858827557650625,85,36.506
5,87,3.3223887479524774,86,36.506
5,88,3.3588947401398923,87,36.506
5,89,3.395400732327307,88,36.506
5,90,3.431906724514722,89,36.506
5,91,3.468412716702137,90,36.506
5,92,3.504918708889552,91,36.506
5,93,3.541424701076967,92,36.506
5,94,3.5779306932643817,93,36.506
5,95,3.6144366854517966,94,36.506
5,96,3.6509426776392115,95,36.506
5,97,3.6874486698266264,96,36.506
5,98,3.7239546620140414,97,36.506
5,99,3.7604606542014563,98,36.506
5,100,3.796966646388871,99,36.506
5,101,3.833472638576286,100,36.506
5,102,3.869978630763701,101,36.506
5,103,3.906484622951116,102,36.506
5,104,3.9429906151385308,103,36.506
5,105,3.9794966073259457,104,36.506
5,106,4.016002599513361,105,36.506
5,107,4.052508591700776,106,36.506
5,108,4.089014583888191,107,36.506
5,109,4.125520576075606,108,36.506
5,110,4.162026568263021,109,36.506
5,111,4.1985325604504355,110,36.506
5,112,4.2350385526378505,111,36.506
5,113,4.271544544825265,112,36.506
5,114,4.308106286320949,113,36.562
5,115,4.344668027816632,114,36.562
5,116,4.3812297693123154,115,36.562
5,117,4.417791510807999,116,36.562
5,118,4.454353252303682,117,36.562
5,119,4.4909149937993655,118,36.562
5,120,4.527476735295049,119,36.562
5,121,4.564038476790732,120,36.562
5,122,4.600600218286416,121,36.562
5,123,4.637161959782099,122,36.562
5,124,4.673723701277782,123,36.562
5,125,4.710285442773466,124,36.562
5,126,4.746847184269149,125,36.562
5,127,4.7834089257648325,126,36.562
5,128,4.819970667260516,127,36.562
6,1,0.19135430537861545,0,191.354
6,2,0.22768361245053415,1,36.329
6,3,0.2640129195224528,2,36.329
6,4,0.3003422265943715,3,36.329
6,5,0.33667153366629016,4,36.329
6,6,0.3730008407382088,5,36.329
6,7,0.4093301478101275,6,36.329
6,8,0.44565945488204617,7,36.329
6,9,0.48198876195396484,8,36.329
6,10,0.5183180690258835,9,36.329
6,11,0.5546473760978022,10,36.329
6,12,0.590976683169721,11,36.329
6,13,0.6273059902416397,12,36.329
6,14,0.6636352973135584,13,36.329
6,15,0.6999646043854771,14,36.329
6,16,0.7362939114573959,15,36.329
6,17,0.7726232185293146,16,36.329
6,18,0.8089525256012333,17,36.329
6,19,0.845281832673152,18,36.329
6,20,0.8816111397450708,19,36.329
6,21,0.9179404468169895,20,36.329
6,22,0.9542697538889082,21,36.329
6,23,0.990599060960827,22,36.329
6,24,1.0269283680327457,23,36.329
6,25,1.0632576751046643,24,36.329
6,26,1.099586982176583,25,36.329
6,27,1.1359162892485015,26,36.329
6,28,1.1722455963204201,27,36.329
6,29,1.2085749033923388,28,36.329
6,30,1.2449042104642574,29,36.329
6,31,1.281233517536176,30,36.329
6,32,1.3175628246080946,31,36.329
6,33,1.3538921316800132,32,36.329
6,34,1.3902214387519318,33,36.329
6,35,1.4265507458238504,34,36.329
6,36,1.462880052895769,35,36.329
6,37,1.4992093599676877,36,36.329
6,38,1.5355386670396063,37,36.329
6,39,1.571867974111525,38,36.329
6,40,1.6081972811834435,39,36.329
6,41,1.6445265882553621,40,36.329
6,42,1.6808558953272807,41,36.329
6,43,1.7171852023991994,42,36.329
6,44,1.753514509471118,43,36.329
6,45,1.7898438165430366,44,36.329
6,46,1.8261731236149552,45,36.329
6,47,1.8625024306868738,46,36.329
6,48,1.8988317377587924,47,36.329
6,49,1.935161044830711,48,36.329
6,50,1.971667037018126,49,36.506
6,51,2.008173029205541,50,36.506
6,52,2.0446790213929558,51,36.506
6,53,2.0811850135803707,52,36.506
6,54,2.1176910057677856,53,36.506
6,55,2.1541969979552005,54,36.506
6,56,2.1907029901426154,55,36.506
6,57,2.2272089823300303,56,36.506
6,58,2.263714974517445,57,36.506
6,59,2.30022096670486,58,36.506
6,60,2.336726958892275,59,36.506
6,61,2.37323295107969,60,36.506
6,62,2.409738943267105,61,36.506
6,63,2.4462449354545197,62,36.506
6,64,2.4827509276419346,63,36.506
6,65,2.5192569198293495,64,36.506
6,66,2.5557629120167644,65,36.506
6,67,2.5922689042041793,66,36.506
6,68,2.6287748963915942,67,36.506
6,69,2.665280888579009,68,36.506
6,70,2.701786880766424,69,36.506
6,71,2.738292872953839,70,36.506
6,72,2.774798865141254,71,36.506
6,73,2.8113048573286687,72,36.506
6,74,2.8478108495160837,73,36.506
6,75,2.8843168417034986,74,36.506
6,76,2.9208228338909135,75,36.506
6,77,2.9573288260783284,76,36.506
6,78,2.9938348182657433,77,36.506
6,79,3.030340810453158,78,36.506
6,80,3.066846802640573,79,36.506
6,81,3.103352794827988,80,36.506
6,82,3.139858787015403,81,36.506
6,83,3.176364779202818,82,36.506
6,84,3.2128707713902327,83,36.506
6,85,3.2493767635776476,84,36.506
6,86,3.2858827557650625,85,36.506
6,87,3.3223887479524774,86,36.506
6,88,3.3588947401398923,87,36.506
6,89,3.395400732327307,88,36.506
6,90,3.431906724514722,89,36.506
6,91,3.468412716702137,90,36.506
6,92,3.504918708889552,91,36.506
6,93,3.541424701076967,92,36.506
6,94,3.5779306932643817,93,36.506
6,95,3.6144366854517966,94,36.506
6,96,3.6509426776392115,95,36.506
6,97,3.6874486698266264,96,36.506
6,98,3.7239546620140414,97,36.506
6,99,3.7604606542014563,98,36.506
6,100,3.796966646388871,99,36.506
6,101,3.833472638576286,100,36.506
6,102,3.869978630763701,101,36.506
6,103,3.906484622951116,102,36.506
6,104,3.9429906151385308,103,36.506
6,105,3.9794966073259457,104,36.506
6,106,4.016002599513361,105,36.506
6,107,4.052508591700776,106,36.506
6,108,4.089014583888191,107,36.506
6,109,4.125520576075606,108,36.506
6,110,4.162026568263021,109,36.506
6,111,4.1985325604504355,110,36.506
6,112,4.2350385526378505,111,36.506
6,113,4.271544544825265,112,36.506
6,114,4.308106286320949,113,36.562
6,115,4.344668027816632,114,36.562
6,116,4.3812297693123154,115,36.562
6,117,4.417791510807999,116,36.562
6,118,4.454353252303682,117,36.562
6,119,4.4909149937993655,118,36.562
6,120,4.527476735295049,119,36.562
6,121,4.564038476790732,120,36.562
6,122,4.600600218286416,121,36.562
6,123,4.637161959782099,122,36.562
6,124,4.673723701277782,123,36.562
6,125,4.710285442773466,124,36.562
6,126,4.746847184269149,125,36.562
6,127,4.7834089257648325,126,36.562
6,128,4.819970667260516,127,36.562
7,1,0.19135430537861545,0,191.354
7,2,0.22768361245053415,1,36.329
7,3,0.2640129195224528,2,36.329
7,4,0.3003422265943715,3,36.329
7,5,0.33667153366629016,4,36.329
7,6,0.3730008407382088,5,36.329
7,7,0.4093301478101275,6,36.329
7,8,0.44565945488204617,7,36.329
7,9,0.48198876195396484,8,36.329
7,10,0.5183180690258835,9,36.329
7,11,0.5546473760978022,10,36.329
7,12,0.590976683169721,11,36.329
7,13,0.6273059902416397,12,36.329
7,14,0.6636352973135584,13,36.329
7,15,0.6999646043854771,14,36.329
7,16,0.7362939114573959,15,36.329
7,17,0.7726232185293146,16,36.329
7,18,0.8089525256012333,17,36.329
7,19,0.845281832673152,18,36.329
7,20,0.8816111397450708,19,36.329
7,21,0.9179404468169895,20,36.329
7,22,0.9542697538889082,21,36.329
7,23,0.990599060960827,22,36.329
7,24,1.0269283680327457,23,36.329
7,25,1.0632576751046643,24,36.329
7,26,1.099586982176583,25,36.329
7,27,1.1359162892485015,26,36.329
7,28,1.1722455963204201,27,36.329
7,29,1.2085749033923388,28,36.329
7,30,1.2449042104642574,29,36.329
7,31,1.281233517536176,30,36.329
7,32,1.3175628246080946,31,36.329
7,33,1.3538921316800132,32,36.329
7,34,1.3902214387519318,33,36.329
7,35,1.4265507458238504,34,36.329
7,36,1.462880052895769,35,36.329
7,37,1.4992093599676877,36,36.329
7,38,1.5355386670396063,37,36.329
7,39,1.571867974111525,38,36.329
7,40,1.6081972811834435,39,36.329
7,41,1.6445265882553621,40,36.329
7,42,1.6808558953272807,41,36.329
7,43,1.7171852023991994,42,36.329
7,44,1.753514509471118,43,36.329
7,45,1.7898438165430366,44,36.329
7,46,1.8261731236149552,45,36.329
7,47,1.8625024306868738,46,36.329
7,48,1.8988317377587924,47,36.329
7,49,1.935161044830711,48,36.329
7,50,1.971667037018126,49,36.506
7,51,2.008173029205541,50,36.506
7,52,2.0446790213929558,51,36.506
7,53,2.0811850135803707,52,36.506
7,54,2.1176910057677856,53,36.506
7,55,2.1541969979552005,54,36.506
7,56,2.1907029901426154,55,36.506
7,57,2.2272089823300303,56,36.506
7,58,2.263714974517445,57,36.506
7,59,2.30022096670486,58,36.506
7,60,2.336726958892275,59,36.506
7,61,2.37323295107969,60,36.506
7,62,2.409738943267105,61,36.506
7,63,2.4462449354545197,62,36.506
7,64,2.4827509276419346,63,36.506
7,65,2.5192569198293495,64,36.506
7,66,2.5557629120167644,65,36.506
7,67,2.5922689042041793,66,36.506
7,68,2.6287748963915942,67,36.506
7,69,2.665280888579009,68,36.506
7,70,2.701786880766424,69,36.506
7,71,2.738292872953839,70,36.506
7,72,2.774798865141254,71,36.506
7,73,2.8113048573286687,72,36.506
7,74,2.8478108495160837,73,36.506
7,75,2.8843168417034986,74,36.506
7,76,2.9208228338909135,75,36.506
7,77,2.9573288260783284,76,36.506
7,78,2.9938348182657433,77,36.506
7,79,3.030340810453158,78,36.506
7,80,3.066846802640573,79,36.506
7,81,3.103352794827988,80,36.506
7,82,3.139858787015403,81,36.506
7,83,3.176364779202818,82,36.506
7,84,3.2128707713902327,83,36.506
7,85,3.2493767635776476,84,36.506
7,86,3.2858827557650625,85,36.506
7,87,3.3223887479524774,86,36.506
7,88,3.3588947401398923,87,36.506
7,89,3.395400732327307,88,36.506
7,90,3.431906724514722,89,36.506
7,91,3.468412716702137,90,36.506
7,92,3.504918708889552,91,36.506
7,93,3.541424701076967,92,36.506
7,94,3.5779306932643817,93,36.506
7,95,3.6144366854517966,94,36.506
7,96,3.6509426776392115,95,36.506
7,97,3.6874486698266264,96,36.506
7,98,3.7239546620140414,97,36.506
7,99,3.7604606542014563,98,36.506
7,100,3.796966646388871,99,36.506
7,101,3.833472638576286,100,36.506
7,102,3.869978630763701,101,36.506
7,103,3.906484622951116,102,36.506
7,104,3.9429906151385308,103,36.506
7,105,3.9794966073259457,104,36.506
7,106,4.016002599513361,105,36.506
7,107,4.052508591700776,106,36.506
7,108,4.089014583888191,107,36.506
7,109,4.125520576075606,108,36.506
7,110,4.162026568263021,109,36.506
7,111,4.1985325604504355,110,36.506
7,112,4.2350385526378505,111,36.506
7,113,4.271544544825265,112,36.506
7,114,4.308106286320949,113,36.562
7,115,4.344668027816632,114,36.562
7,116,4.3812297693123154,115,36.562
7,117,4.417791510807999,116,36.562
7,118,4.454353252303682,117,36.562
7,119,4.4909149937993655,118,36.562
7,120,4.527476735295049,119,36.562
7,121,4.564038476790732,120,36.562
7,122,4.600600218286416,121,36.562
7,123,4.637161959782099,122,36.562
7,124,4.673723701277782,123,36.562
7,125,4.710285442773466,124,36.562
7,126,4.746847184269149,125,36.562
7,127,4.7834089257648325,126,36.562
7,128,4.819970667260516,127,36.562
8,1,0.19135430537861545,0,191.354
8,2,0.22768361245053415,1,36.329
8,3,0.2640129195224528,2,36.329
8,4,0.3003422265943715,3,36.329
8,5,0.33667153366629016,4,36.329
8,6,0.3730008407382088,5,36.329
8,7,0.4093301478101275,6,36.329
8,8,0.44565945488204617,7,36.329
8,9,0.48198876195396484,8,36.329
8,10,0.5183180690258835,9,36.329
8,11,0.5546473760978022,10,36.329
8,12,0.590976683169721,11,36.329
8,13,0.6273059902416397,12,36.329
8,14,0.6636352973135584,13,36.329
8,15,0.6999646043854771,14,36.329
8,16,0.7362939114573959,15,36.329
8,17,0.7726232185293146,16,36.329
8,18,0.8089525256012333,17,36.329
8,19,0.845281832673152,18,36.329
8,20,0.8816111397450708,19,36.329
8,21,0.9179404468169895,20,36.329
8,22,0.9542697538889082,21,36.329
8,23,0.990599060960827,22,36.329
8,24,1.0269283680327457,23,36.329
8,25,1.0632576751046643,24,36.329
8,26,1.099586982176583,25,36.329
8,27,1.1359162892485015,26,36.329
8,28,1.1722455963204201,27,36.329
8,29,1.2085749033923388,28,36.329
8,30,1.2449042104642574,29,36.329
8,31,1.281233517536176,30,36.329
8,32,1.3175628246080946,31,36.329
8,33,1.3538921316800132,32,36.329
8,34,1.3902214387519318,33,36.329
8,35,1.4265507458238504,34,36.329
8,36,1.462880052895769,35,36.329
8,37,1.4992093599676877,36,36.329
8,38,1.5355386670396063,37,36.329
8,39,1.571867974111525,38,36.329
8,40,1.6081972811834435,39,36.329
8,41,1.6445265882553621,40,36.329
8,42,1.6808558953272807,41,36.329
8,43,1.7171852023991994,42,36.329
8,44,1.753514509471118,43,36.329
8,45,1.7898438165430366,44,36.329
8,46,1.8261731236149552,45,36.329
8,47,1.8625024306868738,46,36.329
8,48,1.8988317377587924,47,36.329
8,49,1.935161044830711,48,36.329
8,50,1.971667037018126,49,36.506
8,51,2.008173029205541,50,36.506
8,52,2.0446790213929558,51,36.506
8,53,2.0811850135803707,52,36.506
8,54,2.1176910057677856,53,36.506
8,55,2.1541969979552005,54,36.506
8,56,2.1907029901426154,55,36.506
8,57,2.2272089823300303,56,36.506
8,58,2.263714974517445,57,36.506
8,59,2.30022096670486,58,36.506
8,60,2.336726958892275,59,36.506
8,61,2.37323295107969,60,36.506
8,62,2.409738943267105,61,36.506
8,63,2.4462449354545197,62,36.506
8,64,2.4827509276419346,63,36.506
8,65,2.5192569198293495,64,36.506
8,66,2.5557629120167644,65,36.506
8,67,2.5922689042041793,66,36.506
8,68,2.6287748963915942,67,36.506
8,69,2.665280888579009,68,36.506
8,70,2.701786880766424,69,36.506
8,71,2.738292872953839,70,36.506
8,72,2.774798865141254,71,36.506
8,73,2.8113048573286687,72,36.506
8,74,2.8478108495160837,73,36.506
8,75,2.8843168417034986,74,36.506
8,76,2.9208228338909135,75,36.506
8,77,2.9573288260783284,76,36.506
8,78,2.9938348182657433,77,36.506
8,79,3.030340810453158,78,36.506
8,80,3.066846802640573,79,36.506
8,81,3.103352794827988,80,36.506
8,82,3.139858787015403,81,36.506
8,83,3.176364779202818,82,36.506
8,84,3.2128707713902327,83,36.506
8,85,3.2493767635776476,84,36.506
8,86,3.2858827557650625,85,36.506
8,87,3.3223887479524774,86,36.506
8,88,3.3588947401398923,87,36.506
8,89,3.395400732327307,88,36.506
8,90,3.431906724514722,89,36.506
8,91,3.468412716702137,90,36.506
8,92,3.504918708889552,91,36.506
8,93,3.541424701076967,92,36.506
8,94,3.5779306932643817,93,36.506
8,95,3.6144366854517966,94,36.506
8,96,3.6509426776392115,95,36.506
8,97,3.6874486698266264,96,36.506
8,98,3.7239546620140414,97,36.506
8,99,3.7604606542014563,98,36.506
8,100,3.796966646388871,99,36.506
8,101,3.833472638576286,100,36.506
8,102,3.869978630763701,101,36.506
8,103,3.906484622951116,102,36.506
8,104,3.9429906151385308,103,36.506
8,105,3.9794966073259457,104,36.506
8,106,4.016002599513361,105,36.506
8,107,4.052508591700776,106,36.506
8,108,4.089014583888191,107,36.506
8,109,4.125520576075606,108,36.506
8,110,4.162026568263021,109,36.506
8,111,4.1985325604504355,110,36.506
8,112,4.2350385526378505,111,36.506
8,113,4.271544544825265,112,36.506
8,114,4.308106286320949,113,36.562
8,115,4.344668027816632,114,36.562
8,116,4.3812297693123154,115,36.562
8,117,4.417791510807999,116,36.562
8,118,4.454353252303682,117,36.562
8,119,4.4909149937993655,118,36.562
8,120,4.527476735295049,119,36.562
8,121,4.564038476790732,120,36.562
8,122,4.600600218286416,121,36.562
8,123,4.637161959782099,122,36.562
8,124,4.673723701277782,123,36.562
8,125,4.710285442773466,124,36.562
8,126,4.746847184269149,125,36.562
8,127,4.7834089257648325,126,36.562
8,128,4.819970667260516,127,36.562
9,1,0.19135430537861545,0,191.354
9,2,0.22768361245053415,1,36.329
9,3,0.2640129195224528,2,36.329
9,4,0.3003422265943715,3,36.329
9,5,0.33667153366629016,4,36.329
9,6,0.3730008407382088,5,36.329
9,7,0.4093301478101275,6,36.329
9,8,0.44565945488204617,7,36.329
9,9,0.48198876195396484,8,36.329
9,10,0.5183180690258835,9,36.329
9,11,0.5546473760978022,10,36.329
9,12,0.590976683169721,11,36.329
9,13,0.6273059902416397,12,36.329
9,14,0.6636352973135584,13,36.329
9,15,0.6999646043854771,14,36.329
9,16,0.7362939114573959,15,36.329
9,17,0.7726232185293146,16,36.329
9,18,0.8089525256012333,17,36.329
9,19,0.845281832673152,18,36.329
9,20,0.8816111397450708,19,36.329
9,21,0.9179404468169895,20,36.329
9,22,0.9542697538889082,21,36.329
9,23,0.990599060960827,22,36.329
9,24,1.0269283680327457,23,36.329
9,25,1.0632576751046643,24,36.329
9,26,1.099586982176583,25,36.329
9,27,1.1359162892485015,26,36.329
9,28,1.1722455963204201,27,36.329
9,29,1.2085749033923388,28,36.329
9,30,1.2449042104642574,29,36.329
9,31,1.281233517536176,30,36.329
9,32,1.3175628246080946,31,36.329
9,33,1.3538921316800132,32,36.329
9,34,1.3902214387519318,33,36.329
9,35,1.4265507458238504,34,36.329
9,36,1.462880052895769,35,36.329
9,37,1.4992093599676877,36,36.329
9,38,1.5355386670396063,37,36.329
9,39,1.571867974111525,38,36.329
9,40,1.6081972811834435,39,36.329
9,41,1.6445265882553621,40,36.329
9,42,1.6808558953272807,41,36.329
9,43,1.7171852023991994,42,36.329
9,44,1.753514509471118,43,36.329
9,45,1.7898438165430366,44,36.329
9,46,1.8261731236149552,45,36.329
9,47,1.8625024306868738,46,36.329
9,48,1.8988317377587924,47,36.329
9,49,1.935161044830711,48,36.329
9,50,1.971667037018126,49,36.506
9,51,2.008173029205541,50,36.506
9,52,2.0446790213929558,51,36.506
9,53,2.0811850135803707,52,36.506
9,54,2.1176910057677856,53,36.506
9,55,2.1541969979552005,54,36.506
9,56,2.1907029901426154,55,36.506
9,57,2.2272089823300303,56,36.506
9,58,2.263714974517445,57,36.506
9,59,2.30022096670486,58,36.506
9,60,2.336726958892275,59,36.506
9,61,2.37323295107969,60,36.506
9,62,2.409738943267105,61,36.506
9,63,2.4462449354545197,62,36.506
9,64,2.4827509276419346,63,36.506
9,65,2.5192569198293495,64,36.506
9,66,2.5557629120167644,65,36.506
9,67,2.5922689042041793,66,36.506
9,68,2.6287748963915942,67,36.506
9,69,2.665280888579009,68,36.506
9,70,2.701786880766424,69,36.506
9,71,2.738292872953839,70,36.506
9,72,2.774798865141254,71,36.506
9,73,2.8113048573286687,72,36.506
9,74,2.8478108495160837,73,36.506
9,75,2.8843168417034986,74,36.506
9,76,2.9208228338909135,75,36.506
9,77,2.9573288260783284,76,36.506
9,78,2.9938348182657433,77,36.506
9,79,3.030340810453158,78,36.506
9,80,3.066846802640573,79,36.506
9,81,3.103352794827988,80,36.506
9,82,3.139858787015403,81,36.506
9,83,3.176364779202818,82,36.506
9,84,3.2128707713902327,83,36.506
9,85,3.2493767635776476,84,36.506
9,86,3.2858827557650625,85,36.506
9,87,3.3223887479524774,86,36.506
9,88,3.3588947401398923,87,36.506
9,89,3.395400732327307,88,36.506
9,90,3.431906724514722,89,36.506
9,91,3.468412716702137,90,36.506
9,92,3.504918708889552,91,36.506
9,93,3.541424701076967,92,36.506
9,94,3.5779306932643817,93,36.506
9,95,3.6144366854517966,94,36.506
9,96,3.6509426776392115,95,36.506
9,97,3.6874486698266264,96,36.506
9,98,3.7239546620140414,97,36.506
9,99,3.7604606542014563,98,36.506
9,100,3.796966646388871,99,36.506
9,101,3.833472638576286,100,36.506
9,102,3.869978630763701,101,36.506
9,103,3.906484622951116,102,36.506
9,104,3.9429906151385308,103,36.506
9,105,3.9794966073259457,104,36.506
9,106,4.016002599513361,105,36.506
9,107,4.052508591700776,106,36.506
9,108,4.089014583888191,107,36.506
9,109,4.125520576075606,108,36.506
9,110,4.162026568263021,109,36.506
9,111,4.1985325604504355,110,36.506
9,112,4.2350385526378505,111,36.506
9,113,4.271544544825265,112,36.506
9,114,4.308106286320949,113,36.562
9,115,4.344668027816632,114,36.562
9,116,4.3812297693123154,115,36.562
9,117,4.417791510807999,116,36.562
9,118,4.454353252303682,117,36.562
9,119,4.4909149937993655,118,36.562
9,120,4.527476735295049,119,36.562
9,121,4.564038476790732,120,36.562
9,122,4.600600218286416,121,36.562
9,123,4.637161959782099,122,36.562
9,124,4.673723701277782,123,36.562
9,125,4.710285442773466,124,36.562
9,126,4.746847184269149,125,36.562
9,127,4.7834089257648325,126,36.562
9,128,4.819970667260516,127,36.562
10,1,0.19135430537861545,0,191.354
10,2,0.22768361245053415,1,36.329
10,3,0.2640129195224528,2,36.329
10,4,0.3003422265943715,3,36.329
10,5,0.33667153366629016,4,36.329
10,6,0.3730008407382088,5,36.329
10,7,0.4093301478101275,6,36.329
10,8,0.44565945488204617,7,36.329
10,9,0.48198876195396484,8,36.329
10,10,0.5183180690258835,9,36.329
10,11,0.5546473760978022,10,36.329
10,12,0.590976683169721,11,36.329
10,13,0.6273059902416397,12,36.329
10,14,0.6636352973135584,13,36.329
10,15,0.6999646043854771,14,36.329
10,16,0.7362939114573959,15,36.329
10,17,0.7726232185293146,16,36.329
10,18,0.8089525256012333,17,36.329
10,19,0.845281832673152,18,36.329
10,20,0.8816111397450708,19,36.329
10,21,0.9179404468169895,20,36.329
10,22,0.9542697538889082,21,36.329
10,23,0.990599060960827,22,36.329
10,24,1.0269283680327457,23,36.329
10,25,1.0632576751046643,24,36.329
10,26,1.099586982176583,25,36.329
10,27,1.1359162892485015,26,36.329
10,28,1.1722455963204201,27,36.329
10,29,1.2085749033923388,28,36.329
10,30,1.2449042104642574,29,36.329
10,31,1.281233517536176,30,36.329
10,32,1.3175628246080946,31,36.329
10,33,1.3538921316800132,32,36.329
10,34,1.3902214387519318,33,36.329
10,35,1.4265507458238504,34,36.329
10,36,1.462880052895769,35,36.329
10,37,1.4992093599676877,36,36.329
10,38,1.5355386670396063,37,36.329
10,39,1.571867974111525,38,36.329
10,40,1.6081972811834435,39,36.329
10,41,1.6445265882553621,40,36.329
10,42,1.6808558953272807,41,36.329
10,43,1.7171852023991994,42,36.329
10,44,1.753514509471118,43,36.329
10,45,1.7898438165430366,44,36.329
10,46,1.8261731236149552,45,36.329
10,47,1.8625024306868738,46,36.329
10,48,1.8988317377587924,47,36.329
10,49,1.935161044830711,48,36.329
10,50,1.971667037018126,49,36.506
10,51,2.008173029205541,50,36.506
10,52,2.0446790213929558,51,36.506
10,53,2.0811850135803707,52,36.506
10,54,2.1176910057677856,53,36.506
10,55,2.1541969979552005,54,36.506
10,56,2.1907029901426154,55,36.506
10,57,2.2272089823300303,56,36.506
10,58,2.263714974517445,57,36.506
10,59,2.30022096670486,58,36.506
10,60,2.336726958892275,59,36.506
10,61,2.37323295107969,60,36.506
10,62,2.409738943267105,61,36.506
10,63,2.4462449354545197,62,36.506
10,64,2.4827509276419346,63,36.506
10,65,2.5192569198293495,64,36.506
10,66,2.5557629120167644,65,36.506
10,67,2.5922689042041793,66,36.506
10,68,2.6287748963915942,67,36.506
10,69,2.665280888579009,68,36.506
10,70,2.701786880766424,69,36.506
10,71,2.738292872953839,70,36.506
10,72,2.774798865141254,71,36.506
10,73,2.8113048573286687,72,36.506
10,74,2.8478108495160837,73,36.506
10,75,2.8843168417034986,74,36.506
10,76,2.9208228338909135,75,36.506
10,77,2.9573288260783284,76,36.506
10,78,2.9938348182657433,77,36.506
10,79,3.030340810453158,78,36.506
10,80,3.066846802640573,79,36.506
10,81,3.103352794827988,80,36.506
10,82,3.139858787015403,81,36.506
10,83,3.176364779202818,82,36.506
10,84,3.2128707713902327,83,36.506
10,85,3.2493767635776476,84,36.506
10,86,3.2858827557650625,85,36.506
10,87,3.3223887479524774,86,36.506
10,88,3.3588947401398923,87,36.506
10,89,3.395400732327307,88,36.506
10,90,3.431906724514722,89,36.506
10,91,3.468412716702137,90,36.506
10,92,3.504918708889552,91,36.506
10,93,3.541424701076967,92,36.506
10,94,3.5779306932643817,93,36.506
10,95,3.6144366854517966,94,36.506
10,96,3.6509426776392115,95,36.506
10,97,3.6874486698266264,96,36.506
10,98,3.7239546620140414,97,36.506
10,99,3.7604606542014563,98,36.506
10,100,3.796966646388871,99,36.506
10,101,3.833472638576286,100,36.506
10,102,3.869978630763701,101,36.506
10,103,3.906484622951116,102,36.506
10,104,3.9429906151385308,103,36.506
10,105,3.9794966073259457,104,36.506
10,106,4.016002599513361,105,36.506
10,107,4.052508591700776,106,36.506
10,108,4.089014583888191,107,36.506
10,109,4.125520576075606,108,36.506
10,110,4.162026568263021,109,36.506
10,111,4.1985325604504355,110,36.506
10,112,4.2350385526378505,111,36.506
10,113,4.271544544825265,112,36.506
10,114,4.308106286320949,113,36.562
10,115,4.344668027816632,114,36.562
10,116,4.3812297693123154,115,36.562
10,117,4.417791510807999,116,36.562
10,118,4.454353252303682,117,36.562
10,119,4.4909149937993655,118,36.562
10,120,4.527476735295049,119,36.562
10,121,4.564038476790732,120,36.562
10,122,4.600600218286416,121,36.562
10,123,4.637161959782099,122,36.562
10,124,4.673723701277782,123,36.562
10,125,4.710285442773466,124,36.562
10,126,4.746847184269149,125,36.562
10,127,4.7834089257648325,126,36.562
10,128,4.819970667260516,127,36.562
11,1,0.19135430537861545,0,191.354
11,2,0.22768361245053415,1,36.329
11,3,0.2640129195224528,2,36.329
11,4,0.3003422265943715,3,36.329
11,5,0.33667153366629016,4,36.329
11,6,0.3730008407382088,5,36.329
11,7,0.4093301478101275,6,36.329
11,8,0.44565945488204617,7,36.329
11,9,0.48198876195396484,8,36.329
11,10,0.5183180690258835,9,36.329
11,11,0.5546473760978022,10,36.329
11,12,0.590976683169721,11,36.329
11,13,0.6273059902416397,12,36.329
11,14,0.6636352973135584,13,36.329
11,15,0.6999646043854771,14,36.329
11,16,0.7362939114573959,15,36.329
11,17,0.7726232185293146,16,36.329
11,18,0.8089525256012333,17,36.329
11,19,0.845281832673152,18,36.329
11,20,0.8816111397450708,19,36.329
11,21,0.9179404468169895,20,36.329
11,22,0.9542697538889082,21,36.329
11,23,0.990599060960827,22,36.329
11,24,1.0269283680327457,23,36.329
11,25,1.0632576751046643,24,36.329
11,26,1.099586982176583,25,36.329
11,27,1.1359162892485015,26,36.329
11,28,1.1722455963204201,27,36.329
11,29,1.2085749033923388,28,36.329
11,30,1.2449042104642574,29,36.329
11,31,1.281233517536176,30,36.329
11,32,1.3175628246080946,31,36.329
11,33,1.3538921316800132,32,36.329
11,34,1.3902214387519318,33,36.329
11,35,1.4265507458238504,34,36.329
11,36,1.462880052895769,35,36.329
11,37,1.4992093599676877,36,36.329
11,38,1.5355386670396063,37,36.329
11,39,1.571867974111525,38,36.329
11,40,1.6081972811834435,39,36.329
11,41,1.6445265882553621,40,36.329
11,42,1.6808558953272807,41,36.329
11,43,1.7171852023991994,42,36.329
11,44,1.753514509471118,43,36.329
11,45,1.7898438165430366,44,36.329
11,46,1.8261731236149552,45,36.329
11,47,1.8625024306868738,46,36.329
11,48,1.8988317377587924,47,36.329
11,49,1.935161044830711,48,36.329
11,50,1.971667037018126,49,36.506
11,51,2.008173029205541,50,36.506
11,52,2.0446790213929558,51,36.506
11,53,2.0811850135803707,52,36.506
11,54,2.1176910057677856,53,36.506
11,55,2.1541969979552005,54,36.506
11,56,2.1907029901426154,55,36.506
11,57,2.2272089823300303,56,36.506
11,58,2.263714974517445,57,36.506
11,59,2.30022096670486,58,36.506
11,60,2.336726958892275,59,36.506
11,61,2.37323295107969,60,36.506
11,62,2.409738943267105,61,36.506
11,63,2.4462449354545197,62,36.506
11,64,2.4827509276419346,63,36.506
11,65,2.5192569198293495,64,36.506
11,66,2.5557629120167644,65,36.506
11,67,2.5922689042041793,66,36.506
11,68,2.6287748963915942,67,36.506
11,69,2.665280888579009,68,36.506
11,70,2.701786880766424,69,36.506
11,71,2.738292872953839,70,36.506
11,72,2.774798865141254,71,36.506
11,73,2.8113048573286687,72,36.506
11,74,2.8478108495160837,73,36.506
11,75,2.8843168417034986,74,36.506
11,76,2.9208228338909135,75,36.506
11,77,2.9573288260783284,76,36.506
11,78,2.9938348182657433,77,36.506
11,79,3.030340810453158,78,36.506
11,80,3.066846802640573,79,36.506
11,81,3.103352794827988,80,36.506
11,82,3.139858787015403,81,36.506
11,83,3.176364779202818,82,36.506
11,84,3.2128707713902327,83,36.506
11,85,3.2493767635776476,84,36.506
11,86,3.2858827557650625,85,36.506
11,87,3.3223887479524774,86,36.506
11,88,3.3588947401398923,87,36.506
11,89,3.395400732327307,88,36.506
11,90,3.431906724514722,89,36.506
11,91,3.468412716702137,90,36.506
11,92,3.504918708889552,91,36.506
11,93,3.541424701076967,92,36.506
11,94,3.5779306932643817,93,36.506
11,95,3.6144366854517966,94,36.506
11,96,3.6509426776392115,95,36.506
11,97,3.6874486698266264,96,36.506
11,98,3.7239546620140414,97,36.506
11,99,3.7604606542014563,98,36.506
11,100,3.796966646388871,99,36.506
11,101,3.833472638576286,100,36.506
11,102,3.869978630763701,101,36.506
11,103,3.906484622951116,102,36.506
11,104,3.9429906151385308,103,36.506
11,105,3.9794966073259457,104,36.506
11,106,4.016002599513361,105,36.506
11,107,4.052508591700776,106,36.506
11,108,4.089014583888191,107,36.506
11,109,4.125520576075606,108,36.506
11,110,4.162026568263021,109,36.506
11,111,4.1985325604504355,110,36.506
11,112,4.2350385526378505,111,36.506
11,113,4.271544544825265,112,36.506
11,114,4.308106286320949,113,36.562
11,115,4.344668027816632,114,36.562
11,116,4.3812297693123154,115,36.562
11,117,4.417791510807999,116,36.562
11,118,4.454353252303682,117,36.562
11,119,4.4909149937993655,118,36.562
11,120,4.527476735295049,119,36.562
11,121,4.564038476790732,120,36.562
11,122,4.600600218286416,121,36.562
11,123,4.637161959782099,122,36.562
11,124,4.673723701277782,123,36.562
11,125,4.710285442773466,124,36.562
11,126,4.746847184269149,125,36.562
11,127,4.7834089257648325,126,36.562
11,128,4.819970667260516,127,36.562
12,1,0.19135430537861545,0,191.354
12,2,0.22768361245053415,1,36.329
12,3,0.2640129195224528,2,36.329
12,4,0.3003422265943715,3,36.329
12,5,0.33667153366629016,4,36.329
12,6,0.3730008407382088,5,36.329
12,7,0.4093301478101275,6,36.329
12,8,0.44565945488204617,7,36.329
12,9,0.48198876195396484,8,36.329
12,10,0.5183180690258835,9,36.329
12,11,0.5546473760978022,10,36.329
12,12,0.590976683169721,11,36.329
12,13,0.6273059902416397,12,36.329
12,14,0.6636352973135584,13,36.329
12,15,0.6999646043854771,14,36.329
12,16,0.7362939114573959,15,36.329
12,17,0.7726232185293146,16,36.329
12,18,0.8089525256012333,17,36.329
12,19,0.845281832673152,18,36.329
12,20,0.8816111397450708,19,36.329
12,21,0.9179404468169895,20,36.329
12,22,0.9542697538889082,21,36.329
12,23,0.990599060960827,22,36.329
12,24,1.0269283680327457,23,36.329
12,25,1.0632576751046643,24,36.329
12,26,1.099586982176583,25,36.329
12,27,1.1359162892485015,26,36.329
12,28,1.1722455963204201,27,36.329
12,29,1.2085749033923388,28,36.329
12,30,1.2449042104642574,29,36.329
12,31,1.281233517536176,30,36.329
12,32,1.3175628246080946,31,36.329
12,33,1.3538921316800132,32,36.329
12,34,1.3902214387519318,33,36.329
12,35,1.4265507458238504,34,36.329
12,36,1.462880052895769,35,36.329
12,37,1.4992093599676877,36,36.329
12,38,1.5355386670396063,37,36.329
12,39,1.571867974111525,38,36.329
12,40,1.6081972811834435,39,36.329
12,41,1.6445265882553621,40,36.329
12,42,1.6808558953272807,41,36.329
12,43,1.7171852023991994,42,36.329
12,44,1.753514509471118,43,36.329
12,45,1.7898438165430366,44,36.329
12,46,1.8261731236149552,45,36.329
12,47,1.8625024306868738,46,36.329
12,48,1.8988317377587924,47,36.329
12,49,1.935161044830711,48,36.329
12,50,1.971667037018126,49,36.506
12,51,2.008173029205541,50,36.506
12,52,2.0446790213929558,51,36.506
12,53,2.0811850135803707,52,36.506
12,54,2.1176910057677856,53,36.506
12,55,2.1541969979552005,54,36.506
12,56,2.1907029901426154,55,36.506
12,57,2.2272089823300303,56,36.506
12,58,2.263714974517445,57,36.506
12,59,2.30022096670486,58,36.506
12,60,2.336726958892275,59,36.506
12,61,2.37323295107969,60,36.506
12,62,2.409738943267105,61,36.506
12,63,2.4462449354545197,62,36.506
12,64,2.4827509276419346,63,36.506
12,65,2.5192569198293495,64,36.506
12,66,2.5557629120167644,65,36.506
12,67,2.5922689042041793,66,36.506
12,68,2.6287748963915942,67,36.506
12,69,2.665280888579009,68,36.506
12,70,2.701786880766424,69,36.506
12,71,2.738292872953839,70,36.506
12,72,2.774798865141254,71,36.506
12,73,2.8113048573286687,72,36.506
12,74,2.8478108495160837,73,36.506
12,75,2.8843168417034986,74,36.506
12,76,2.9208228338909135,75,36.506
12,77,2.9573288260783284,76,36.506
12,78,2.9938348182657433,77,36.506
12,79,3.030340810453158,78,36.506
12,80,3.066846802640573,79,36.506
12,81,3.103352794827988,80,36.506
12,82,3.139858787015403,81,36.506
12,83,3.176364779202818,82,36.506
12,84,3.2128707713902327,83,36.506
12,85,3.2493767635776476,84,36.506
12,86,3.2858827557650625,85,36.506
12,87,3.3223887479524774,86,36.506
12,88,3.3588947401398923,87,36.506
12,89,3.395400732327307,88,36.506
12,90,3.431906724514722,89,36.506
12,91,3.468412716702137,90,36.506
12,92,3.504918708889552,91,36.506
12,93,3.541424701076967,92,36.506
12,94,3.5779306932643817,93,36.506
12,95,3.6144366854517966,94,36.506
12,96,3.6509426776392115,95,36.506
12,97,3.6874486698266264,96,36.506
12,98,3.7239546620140414,97,36.506
12,99,3.7604606542014563,98,36.506
12,100,3.796966646388871,99,36.506
12,101,3.833472638576286,100,36.506
12,102,3.869978630763701,101,36.506
12,103,3.906484622951116,102,36.506
12,104,3.9429906151385308,103,36.506
12,105,3.9794966073259457,104,36.506
12,106,4.016002599513361,105,36.506
12,107,4.052508591700776,106,36.506
12,108,4.089014583888191,107,36.506
12,109,4.125520576075606,108,36.506
12,110,4.162026568263021,109,36.506
12,111,4.1985325604504355,110,36.506
12,112,4.2350385526378505,111,36.506
12,113,4.271544544825265,112,36.506
12,114,4.308106286320949,113,36.562
12,115,4.344668027816632,114,36.562
12,116,4.3812297693123154,115,36.562
12,117,4.417791510807999,116,36.562
12,118,4.454353252303682,117,36.562
12,119,4.4909149937993655,118,36.562
12,120,4.527476735295049,119,36.562
12,121,4.564038476790732,120,36.562
12,122,4.600600218286416,121,36.562
12,123,4.637161959782099,122,36.562
12,124,4.673723701277782,123,36.562
12,125,4.710285442773466,124,36.562
12,126,4.746847184269149,125,36.562
12,127,4.7834089257648325,126,36.562
12,128,4.819970667260516,127,36.562
13,1,0.19135430537861545,0,191.354
13,2,0.22768361245053415,1,36.329
13,3,0.2640129195224528,2,36.329
13,4,0.3003422265943715,3,36.329
13,5,0.33667153366629016,4,36.329
13,6,0.3730008407382088,5,36.329
13,7,0.4093301478101275,6,36.329
13,8,0.44565945488204617,7,36.329
13,9,0.48198876195396484,8,36.329
13,10,0.5183180690258835,9,36.329
13,11,0.5546473760978022,10,36.329
13,12,0.590976683169721,11,36.329
13,13,0.6273059902416397,12,36.329
13,14,0.6636352973135584,13,36.329
13,15,0.6999646043854771,14,36.329
13,16,0.7362939114573959,15,36.329
13,17,0.7726232185293146,16,36.329
13,18,0.8089525256012333,17,36.329
13,19,0.845281832673152,18,36.329
13,20,0.8816111397450708,19,36.329
13,21,0.9179404468169895,20,36.329
13,22,0.9542697538889082,21,36.329
13,23,0.990599060960827,22,36.329
13,24,1.0269283680327457,23,36.329
13,25,1.0632576751046643,24,36.329
13,26,1.099586982176583,25,36.329
13,27,1.1359162892485015,26,36.329
13,28,1.1722455963204201,27,36.329
13,29,1.2085749033923388,28,36.329
13,30,1.2449042104642574,29,36.329
13,31,1.281233517536176,30,36.329
13,32,1.3175628246080946,31,36.329
13,33,1.3538921316800132,32,36.329
13,34,1.3902214387519318,33,36.329
13,35,1.4265507458238504,34,36.329
13,36,1.462880052895769,35,36.329
13,37,1.4992093599676877,36,36.329
13,38,1.5355386670396063,37,36.329
13,39,1.571867974111525,38,36.329
13,40,1.6081972811834435,39,36.329
13,41,1.6445265882553621,40,36.329
13,42,1.6808558953272807,41,36.329
13,43,1.7171852023991994,42,36.329
13,44,1.753514509471118,43,36.329
13,45,1.7898438165430366,44,36.329
13,46,1.8261731236149552,45,36.329
13,47,1.8625024306868738,46,36.329
13,48,1.8988317377587924,47,36.329
13,49,1.935161044830711,48,36.329
13,50,1.971667037018126,49,36.506
13,51,2.008173029205541,50,36.506
13,52,2.0446790213929558,51,36.506
13,53,2.0811850135803707,52,36.506
13,54,2.1176910057677856,53,36.506
13,55,2.1541969979552005,54,36.506
13,56,2.1907029901426154,55,36.506
13,57,2.2272089823300303,56,36.506
13,58,2.263714974517445,57,36.506
13,59,2.30022096670486,58,36.506
13,60,2.336726958892275,59,36.506
13,61,2.37323295107969,60,36.506
13,62,2.409738943267105,61,36.506
13,63,2.4462449354545197,62,36.506
13,64,2.4827509276419346,63,36.506
13,65,2.5192569198293495,64,36.506
13,66,2.5557629120167644,65,36.506
13,67,2.5922689042041793,66,36.506
13,68,2.6287748963915942,67,36.506
13,69,2.665280888579009,68,36.506
13,70,2.701786880766424,69,36.506
13,71,2.738292872953839,70,36.506
13,72,2.774798865141254,71,36.506
13,73,2.8113048573286687,72,36.506
13,74,2.8478108495160837,73,36.506
13,75,2.8843168417034986,74,36.506
13,76,2.9208228338909135,75,36.506
13,77,2.9573288260783284,76,36.506
13,78,2.9938348182657433,77,36.506
13,79,3.030340810453158,78,36.506
13,80,3.066846802640573,79,36.506
13,81,3.103352794827988,80,36.506
13,82,3.139858787015403,81,36.506
13,83,3.176364779202818,82,36.506
13,84,3.2128707713902327,83,36.506
13,85,3.2493767635776476,84,36.506
13,86,3.2858827557650625,85,36.506
13,87,3.3223887479524774,86,36.506
13,88,3.3588947401398923,87,36.506
13,89,3.395400732327307,88,36.506
13,90,3.431906724514722,89,36.506
13,91,3.468412716702137,90,36.506
13,92,3.504918708889552,91,36.506
13,93,3.541424701076967,92,36.506
13,94,3.5779306932643817,93,36.506
13,95,3.6144366854517966,94,36.506
13,96,3.6509426776392115,95,36.506
13,97,3.6874486698266264,96,36.506
13,98,3.7239546620140414,97,36.506
13,99,3.7604606542014563,98,36.506
13,100,3.796966646388871,99,36.506
13,101,3.833472638576286,100,36.506
13,102,3.869978630763701,101,36.506
13,103,3.906484622951116,102,36.506
13,104,3.9429906151385308,103,36.506
13,105,3.9794966073259457,104,36.506
13,106,4.016002599513361,105,36.506
13,107,4.052508591700776,106,36.506
13,108,4.089014583888191,107,36.506
13,109,4.125520576075606,108,36.506
13,110,4.162026568263021,109,36.506
13,111,4.1985325604504355,110,36.506
13,112,4.2350385526378505,111,36.506
13,113,4.271544544825265,112,36.506
13,114,4.308106286320949,113,36.562
13,115,4.344668027816632,114,36.562
13,116,4.3812297693123154,115,36.562
13,117,4.417791510807999,116,36.562
13,118,4.454353252303682,117,36.562
13,119,4.4909149937993655,118,36.562
13,120,4.527476735295049,119,36.562
13,121,4.564038476790732,120,36.562
13,122,4.600600218286416,121,36.562
13,123,4.637161959782099,122,36.562
13,124,4.673723701277782,123,36.562
13,125,4.710285442773466,124,36.562
13,126,4.746847184269149,125,36.562
13,127,4.7834089257648325,126,36.562
13,128,4.819970667260516,127,36.562
14,1,0.19135430537861545,0,191.354
14,2,0.22768361245053415,1,36.329
14,3,0.2640129195224528,2,36.329
14,4,0.3003422265943715,3,36.329
14,5,0.33667153366629016,4,36.329
14,6,0.3730008407382088,5,36.329
14,7,0.4093301478101275,6,36.329
14,8,0.44565945488204617,7,36.329
14,9,0.48198876195396484,8,36.329
14,10,0.5183180690258835,9,36.329
14,11,0.5546473760978022,10,36.329
14,12,0.590976683169721,11,36.329
14,13,0.6273059902416397,12,36.329
14,14,0.6636352973135584,13,36.329
14,15,0.6999646043854771,14,36.329
14,16,0.7362939114573959,15,36.329
14,17,0.7726232185293146,16,36.329
14,18,0.8089525256012333,17,36.329
14,19,0.845281832673152,18,36.329
14,20,0.8816111397450708,19,36.329
14,21,0.9179404468169895,20,36.329
14,22,0.9542697538889082,21,36.329
14,23,0.990599060960827,22,36.329
14,24,1.0269283680327457,23,36.329
14,25,1.0632576751046643,24,36.329
14,26,1.099586982176583,25,36.329
14,27,1.1359162892485015,26,36.329
14,28,1.1722455963204201,27,36.329
14,29,1.2085749033923388,28,36.329
14,30,1.2449042104642574,29,36.329
14,31,1.281233517536176,30,36.329
14,32,1.3175628246080946,31,36.329
14,33,1.3538921316800132,32,36.329
14,34,1.3902214387519318,33,36.329
14,35,1.4265507458238504,34,36.329
14,36,1.462880052895769,35,36.329
14,37,1.4992093599676877,36,36.329
14,38,1.5355386670396063,37,36.329
14,39,1.571867974111525,38,36.329
14,40,1.6081972811834435,39,36.329
14,41,1.6445265882553621,40,36.329
14,42,1.6808558953272807,41,36.329
14,43,1.7171852023991994,42,36.329
14,44,1.753514509471118,43,36.329
14,45,1.7898438165430366,44,36.329
14,46,1.8261731236149552,45,36.329
14,47,1.8625024306868738,46,36.329
14,48,1.8988317377587924,47,36.329
14,49,1.935161044830711,48,36.329
14,50,1.971667037018126,49,36.506
14,51,2.008173029205541,50,36.506
14,52,2.0446790213929558,51,36.506
14,53,2.0811850135803707,52,36.506
14,54,2.1176910057677856,53,36.506
14,55,2.1541969979552005,54,36.506
14,56,2.1907029901426154,55,36.506
14,57,2.2272089823300303,56,36.506
14,58,2.263714974517445,57,36.506
14,59,2.30022096670486,58,36.506
14,60,2.336726958892275,59,36.506
14,61,2.37323295107969,60,36.506
14,62,2.409738943267105,61,36.506
14,63,2.4462449354545197,62,36.506
14,64,2.4827509276419346,63,36.506
14,65,2.5192569198293495,64,36.506
14,66,2.5557629120167644,65,36.506
14,67,2.5922689042041793,66,36.506
14,68,2.6287748963915942,67,36.506
14,69,2.665280888579009,68,36.506
14,70,2.701786880766424,69,36.506
14,71,2.738292872953839,70,36.506
14,72,2.774798865141254,71,36.506
14,73,2.8113048573286687,72,36.506
14,74,2.8478108495160837,73,36.506
14,75,2.8843168417034986,74,36.506
14,76,2.9208228338909135,75,36.506
14,77,2.9573288260783284,76,36.506
14,78,2.9938348182657433,77,36.506
14,79,3.030340810453158,78,36.506
14,80,3.066846802640573,79,36.506
14,81,3.103352794827988,80,36.506
14,82,3.139858787015403,81,36.506
14,83,3.176364779202818,82,36.506
14,84,3.2128707713902327,83,36.506
14,85,3.2493767635776476,84,36.506
14,86,3.2858827557650625,85,36.506
14,87,3.3223887479524774,86,36.506
14,88,3.3588947401398923,87,36.506
14,89,3.395400732327307,88,36.506
14,90,3.431906724514722,89,36.506
14,91,3.468412716702137,90,36.506
14,92,3.504918708889552,91,36.506
14,93,3.541424701076967,92,36.506
14,94,3.5779306932643817,93,36.506
14,95,3.6144366854517966,94,36.506
14,96,3.6509426776392115,95,36.506
14,97,3.6874486698266264,96,36.506
14,98,3.7239546620140414,97,36.506
14,99,3.7604606542014563,98,36.506
14,100,3.796966646388871,99,36.506
14,101,3.833472638576286,100,36.506
14,102,3.869978630763701,101,36.506
14,103,3.906484622951116,102,36.506
14,104,3.9429906151385308,103,36.506
14,105,3.9794966073259457,104,36.506
14,106,4.016002599513361,105,36.506
14,107,4.052508591700776,106,36.506
14,108,4.089014583888191,107,36.506
14,109,4.125520576075606,108,36.506
14,110,4.162026568263021,109,36.506
14,111,4.1985325604504355,110,36.506
14,112,4.2350385526378505,111,36.506
14,113,4.271544544825265,112,36.506
14,114,4.308106286320949,113,36.562
14,115,4.344668027816632,114,36.562
14,116,4.3812297693123154,115,36.562
14,117,4.417791510807999,116,36.562
14,118,4.454353252303682,117,36.562
14,119,4.4909149937993655,118,36.562
14,120,4.527476735295049,119,36.562
14,121,4.564038476790732,120,36.562
14,122,4.600600218286416,121,36.562
14,123,4.637161959782099,122,36.562
14,124,4.673723701277782,123,36.562
14,125,4.710285442773466,124,36.562
14,126,4.746847184269149,125,36.562
14,127,4.7834089257648325,126,36.562
14,128,4.819970667260516,127,36.562
15,1,0.19135430537861545,0,191.354
15,2,0.22768361245053415,1,36.329
15,3,0.2640129195224528,2,36.329
15,4,0.3003422265943715,3,36.329
15,5,0.33667153366629016,4,36.329
15,6,0.3730008407382088,5,36.329
15,7,0.4093301478101275,6,36.329
15,8,0.44565945488204617,7,36.329
15,9,0.48198876195396484,8,36.329
15,10,0.5183180690258835,9,36.329
15,11,0.5546473760978022,10,36.329
15,12,0.590976683169721,11,36.329
15,13,0.6273059902416397,12,36.329
15,14,0.6636352973135584,13,36.329
15,15,0.6999646043854771,14,36.329
15,16,0.7362939114573959,15,36.329
15,17,0.7726232185293146,16,36.329
15,18,0.8089525256012333,17,36.329
15,19,0.845281832673152,18,36.329
15,20,0.8816111397450708,19,36.329
15,21,0.9179404468169895,20,36.329
15,22,0.9542697538889082,21,36.329
15,23,0.990599060960827,22,36.329
15,24,1.0269283680327457,23,36.329
15,25,1.0632576751046643,24,36.329
15,26,1.099586982176583,25,36.329
15,27,1.1359162892485015,26,36.329
15,28,1.1722455963204201,27,36.329
15,29,1.2085749033923388,28,36.329
15,30,1.2449042104642574,29,36.329
15,31,1.281233517536176,30,36.329
15,32,1.3175628246080946,31,36.329
15,33,1.3538921316800132,32,36.329
15,34,1.3902214387519318,33,36.329
15,35,1.4265507458238504,34,36.329
15,36,1.462880052895769,35,36.329
15,37,1.4992093599676877,36,36.329
15,38,1.5355386670396063,37,36.329
15,39,1.571867974111525,38,36.329
15,40,1.6081972811834435,39,36.329
15,41,1.6445265882553621,40,36.329
15,42,1.6808558953272807,41,36.329
15,43,1.7171852023991994,42,36.329
15,44,1.753514509471118,43,36.329
15,45,1.7898438165430366,44,36.329
15,46,1.8261731236149552,45,36.329
15,47,1.8625024306868738,46,36.329
15,48,1.8988317377587924,47,36.329
15,49,1.935161044830711,48,36.329
15,50,1.971667037018126,49,36.506
15,51,2.008173029205541,50,36.506
15,52,2.0446790213929558,51,36.506
15,53,2.0811850135803707,52,36.506
15,54,2.1176910057677856,53,36.506
15,55,2.1541969979552005,54,36.506
15,56,2.1907029901426154,55,36.506
15,57,2.2272089823300303,56,36.506
15,58,2.263714974517445,57,36.506
15,59,2.30022096670486,58,36.506
15,60,2.336726958892275,59,36.506
15,61,2.37323295107969,60,36.506
15,62,2.409738943267105,61,36.506
15,63,2.4462449354545197,62,36.506
15,64,2.4827509276419346,63,36.506
15,65,2.5192569198293495,64,36.506
15,66,2.5557629120167644,65,36.506
15,67,2.5922689042041793,66,36.506
15,68,2.6287748963915942,67,36.506
15,69,2.665280888579009,68,36.506
15,70,2.701786880766424,69,36.506
15,71,2.738292872953839,70,36.506
15,72,2.774798865141254,71,36.506
15,73,2.8113048573286687,72,36.506
15,74,2.8478108495160837,73,36.506
15,75,2.8843168417034986,74,36.506
15,76,2.9208228338909135,75,36.506
15,77,2.9573288260783284,76,36.506
15,78,2.9938348182657433,77,36.506
15,79,3.030340810453158,78,36.506
15,80,3.066846802640573,79,36.506
15,81,3.103352794827988,80,36.506
15,82,3.139858787015403,81,36.506
15,83,3.176364779202818,82,36.506
15,84,3.2128707713902327,83,36.506
15,85,3.2493767635776476,84,36.506
15,86,3.2858827557650625,85,36.506
15,87,3.3223887479524774,86,36.506
15,88,3.3588947401398923,87,36.506
15,89,3.395400732327307,88,36.506
15,90,3.431906724514722,89,36.506
15,91,3.468412716702137,90,36.506
15,92,3.504918708889552,91,36.506
15,93,3.541424701076967,92,36.506
15,94,3.5779306932643817,93,36.506
15,95,3.6144366854517966,94,36.506
15,96,3.6509426776392115,95,36.506
15,97,3.6874486698266264,96,36.506
15,98,3.7239546620140414,97,36.506
15,99,3.7604606542014563,98,36.506
15,100,3.796966646388871,99,36.506
15,101,3.833472638576286,100,36.506
15,102,3.869978630763701,101,36.506
15,103,3.906484622951116,102,36.506
15,104,3.9429906151385308,103,36.506
15,105,3.9794966073259457,104,36.506
15,106,4.016002599513361,105,36.506
15,107,4.052508591700776,106,36.506
15,108,4.089014583888191,107,36.506
15,109,4.125520576075606,108,36.506
15,110,4.162026568263021,109,36.506
15,111,4.1985325604504355,110,36.506
15,112,4.2350385526378505,111,36.506
15,113,4.271544544825265,112,36.506
15,114,4.308106286320949,113,36.562
15,115,4.344668027816632,114,36.562
15,116,4.3812297693123154,115,36.562
15,117,4.417791510807999,116,36.562
15,118,4.454353252303682,117,36.562
15,119,4.4909149937993655,118,36.562
15,120,4.527476735295049,119,36.562
15,121,4.564038476790732,120,36.562
15,122,4.600600218286416,121,36.562
15,123,4.637161959782099,122,36.562
15,124,4.673723701277782,123,36.562
15,125,4.710285442773466,124,36.562
15,126,4.746847184269149,125,36.562
15,127,4.7834089257648325,126,36.562
15,128,4.819970667260516,127,36.562
16,1,0.19135430537861545,0,191.354
16,2,0.22768361245053415,1,36.329
16,3,0.2640129195224528,2,36.329
16,4,0.3003422265943715,3,36.329
16,5,0.33667153366629016,4,36.329
16,6,0.3730008407382088,5,36.329
16,7,0.4093301478101275,6,36.329
16,8,0.44565945488204617,7,36.329
16,9,0.48198876195396484,8,36.329
16,10,0.5183180690258835,9,36.329
16,11,0.5546473760978022,10,36.329
16,12,0.590976683169721,11,36.329
16,13,0.6273059902416397,12,36.329
16,14,0.6636352973135584,13,36.329
16,15,0.6999646043854771,14,36.329
16,16,0.7362939114573959,15,36.329
16,17,0.7726232185293146,16,36.329
16,18,0.8089525256012333,17,36.329
16,19,0.845281832673152,18,36.329
16,20,0.8816111397450708,19,36.329
16,21,0.9179404468169895,20,36.329
16,22,0.9542697538889082,21,36.329
16,23,0.990599060960827,22,36.329
16,24,1.0269283680327457,23,36.329
16,25,1.0632576751046643,24,36.329
16,26,1.099586982176583,25,36.329
16,27,1.1359162892485015,26,36.329
16,28,1.1722455963204201,27,36.329
16,29,1.2085749033923388,28,36.329
16,30,1.2449042104642574,29,36.329
16,31,1.281233517536176,30,36.329
16,32,1.3175628246080946,31,36.329
16,33,1.3538921316800132,32,36.329
16,34,1.3902214387519318,33,36.329
16,35,1.4265507458238504,34,36.329
16,36,1.462880052895769,35,36.329
16,37,1.4992093599676877,36,36.329
16,38,1.5355386670396063,37,36.329
16,39,1.571867974111525,38,36.329
16,40,1.6081972811834435,39,36.329
16,41,1.6445265882553621,40,36.329
16,42,1.6808558953272807,41,36.329
16,43,1.7171852023991994,42,36.329
16,44,1.753514509471118,43,36.329
16,45,1.7898438165430366,44,36.329
16,46,1.8261731236149552,45,36.329
16,47,1.8625024306868738,46,36.329
16,48,1.8988317377587924,47,36.329
16,49,1.935161044830711,48,36.329
16,50,1.971667037018126,49,36.506
16,51,2.008173029205541,50,36.506
16,52,2.0446790213929558,51,36.506
16,53,2.0811850135803707,52,36.506
16,54,2.1176910057677856,53,36.506
16,55,2.1541969979552005,54,36.506
16,56,2.1907029901426154,55,36.506
16,57,2.2272089823300303,56,36.506
16,58,2.263714974517445,57,36.506
16,59,2.30022096670486,58,36.506
16,60,2.336726958892275,59,36.506
16,61,2.37323295107969,60,36.506
16,62,2.409738943267105,61,36.506
16,63,2.4462449354545197,62,36.506
16,64,2.4827509276419346,63,36.506
16,65,2.5192569198293495,64,36.506
16,66,2.5557629120167644,65,36.506
16,67,2.5922689042041793,66,36.506
16,68,2.6287748963915942,67,36.506
16,69,2.665280888579009,68,36.506
16,70,2.701786880766424,69,36.506
16,71,2.738292872953839,70,36.506
16,72,2.774798865141254,71,36.506
16,73,2.8113048573286687,72,36.506
16,74,2.8478108495160837,73,36.506
16,75,2.8843168417034986,74,36.506
16,76,2.9208228338909135,75,36.506
16,77,2.9573288260783284,76,36.506
16,78,2.9938348182657433,77,36.506
16,79,3.030340810453158,78,36.506
16,80,3.066846802640573,79,36.506
16,81,3.103352794827988,80,36.506
16,82,3.139858787015403,81,36.506
16,83,3.176364779202818,82,36.506
16,84,3.2128707713902327,83,36.506
16,85,3.2493767635776476,84,36.506
16,86,3.2858827557650625,85,36.506
16,87,3.3223887479524774,86,36.506
16,88,3.3588947401398923,87,36.506
16,89,3.395400732327307,88,36.506
16,90,3.431906724514722,89,36.506
16,91,3.468412716702137,90,36.506
16,92,3.504918708889552,91,36.506
16,93,3.541424701076967,92,36.506
16,94,3.5779306932643817,93,36.506
16,95,3.6144366854517966,94,36.506
16,96,3.6509426776392115,95,36.506
16,97,3.6874486698266264,96,36.506
16,98,3.7239546620140414,97,36.506
16,99,3.7604606542014563,98,36.506
16,100,3.796966646388871,99,36.506
16,101,3.833472638576286,100,36.506
16,102,3.869978630763701,101,36.506
16,103,3.906484622951116,102,36.506
16,104,3.9429906151385308,103,36.506
16,105,3.9794966073259457,104,36.506
16,106,4.016002599513361,105,36.506
16,107,4.052508591700776,106,36.506
16,108,4.089014583888191,107,36.506
16,109,4.125520576075606,108,36.506
16,110,4.162026568263021,109,36.506
16,111,4.1985325604504355,110,36.506
16,112,4.2350385526378505,111,36.506
16,113,4.271544544825265,112,36.506
16,114,4.308106286320949,113,36.562
16,115,4.344668027816632,114,36.562
16,116,4.3812297693123154,115,36.562
16,117,4.417791510807999,116,36.562
16,118,4.454353252303682,117,36.562
16,119,4.4909149937993655,118,36.562
16,120,4.527476735295049,119,36.562
16,121,4.564038476790732,120,36.562
16,122,4.600600218286416,121,36.562
16,123,4.637161959782099,122,36.562
16,124,4.673723701277782,123,36.562
16,125,4.710285442773466,124,36.562
16,126,4.746847184269149,125,36.562
16,127,4.7834089257648325,126,36.562
16,128,4.819970667260516,127,36.562
17,1,0.19135430537861545,0,191.354
17,2,0.22768361245053415,1,36.329
17,3,0.2640129195224528,2,36.329
17,4,0.3003422265943715,3,36.329
17,5,0.33667153366629016,4,36.329
17,6,0.3730008407382088,5,36.329
17,7,0.4093301478101275,6,36.329
17,8,0.44565945488204617,7,36.329
17,9,0.48198876195396484,8,36.329
17,10,0.5183180690258835,9,36.329
17,11,0.5546473760978022,10,36.329
17,12,0.590976683169721,11,36.329
17,13,0.6273059902416397,12,36.329
17,14,0.6636352973135584,13,36.329
17,15,0.6999646043854771,14,36.329
17,16,0.7362939114573959,15,36.329
17,17,0.7726232185293146,16,36.329
17,18,0.8089525256012333,17,36.329
17,19,0.845281832673152,18,36.329
17,20,0.8816111397450708,19,36.329
17,21,0.9179404468169895,20,36.329
17,22,0.9542697538889082,21,36.329
17,23,0.990599060960827,22,36.329
17,24,1.0269283680327457,23,36.329
17,25,1.0632576751046643,24,36.329
17,26,1.099586982176583,25,36.329
17,27,1.1359162892485015,26,36.329
17,28,1.1722455963204201,27,36.329
17,29,1.2085749033923388,28,36.329
17,30,1.2449042104642574,29,36.329
17,31,1.281233517536176,30,36.329
17,32,1.3175628246080946,31,36.329
17,33,1.3538921316800132,32,36.329
17,34,1.3902214387519318,33,36.329
17,35,1.4265507458238504,34,36.329
17,36,1.462880052895769,35,36.329
17,37,1.4992093599676877,36,36.329
17,38,1.5355386670396063,37,36.329
17,39,1.571867974111525,38,36.329
17,40,1.6081972811834435,39,36.329
17,41,1.6445265882553621,40,36.329
17,42,1.6808558953272807,41,36.329
17,43,1.7171852023991994,42,36.329
17,44,1.753514509471118,43,36.329
17,45,1.7898438165430366,44,36.329
17,46,1.8261731236149552,45,36.329
17,47,1.8625024306868738,46,36.329
17,48,1.8988317377587924,47,36.329
17,49,1.935161044830711,48,36.329
17,50,1.971667037018126,49,36.506
17,51,2.008173029205541,50,36.506
17,52,2.0446790213929558,51,36.506
17,53,2.0811850135803707,52,36.506
17,54,2.1176910057677856,53,36.506
17,55,2.1541969979552005,54,36.506
17,56,2.1907029901426154,55,36.506
17,57,2.2272089823300303,56,36.506
17,58,2.263714974517445,57,36.506
17,59,2.30022096670486,58,36.506
17,60,2.336726958892275,59,36.506
17,61,2.37323295107969,60,36.506
17,62,2.409738943267105,61,36.506
17,63,2.4462449354545197,62,36.506
17,64,2.4827509276419346,63,36.506
17,65,2.5192569198293495,64,36.506
17,66,2.5557629120167644,65,36.506
17,67,2.5922689042041793,66,36.506
17,68,2.6287748963915942,67,36.506
17,69,2.665280888579009,68,36.506
17,70,2.701786880766424,69,36.506
17,71,2.738292872953839,70,36.506
17,72,2.774798865141254,71,36.506
17,73,2.8113048573286687,72,36.506
17,74,2.8478108495160837,73,36.506
17,75,2.8843168417034986,74,36.506
17,76,2.9208228338909135,75,36.506
17,77,2.9573288260783284,76,36.506
17,78,2.9938348182657433,77,36.506
17,79,3.030340810453158,78,36.506
17,80,3.066846802640573,79,36.506
17,81,3.103352794827988,80,36.506
17,82,3.139858787015403,81,36.506
17,83,3.176364779202818,82,36.506
17,84,3.2128707713902327,83,36.506
17,85,3.2493767635776476,84,36.506
17,86,3.2858827557650625,85,36.506
17,87,3.3223887479524774,86,36.506
17,88,3.3588947401398923,87,36.506
17,89,3.395400732327307,88,36.506
17,90,3.431906724514722,89,36.506
17,91,3.468412716702137,90,36.506
17,92,3.504918708889552,91,36.506
17,93,3.541424701076967,92,36.506
17,94,3.5779306932643817,93,36.506
17,95,3.6144366854517966,94,36.506
17,96,3.6509426776392115,95,36.506
17,97,3.6874486698266264,96,36.506
17,98,3.7239546620140414,97,36.506
17,99,3.7604606542014563,98,36.506
17,100,3.796966646388871,99,36.506
17,101,3.833472638576286,100,36.506
17,102,3.869978630763701,101,36.506
17,103,3.906484622951116,102,36.506
17,104,3.9429906151385308,103,36.506
17,105,3.9794966073259457,104,36.506
17,106,4.016002599513361,105,36.506
17,107,4.052508591700776,106,36.506
17,108,4.089014583888191,107,36.506
17,109,4.125520576075606,108,36.506
17,110,4.162026568263021,109,36.506
17,111,4.1985325604504355,110,36.506
17,112,4.2350385526378505,111,36.506
17,113,4.271544544825265,112,36.506
17,114,4.308106286320949,113,36.562
17,115,4.344668027816632,114,36.562
17,116,4.3812297693123154,115,36.562
17,117,4.417791510807999,116,36.562
17,118,4.454353252303682,117,36.562
17,119,4.4909149937993655,118,36.562
17,120,4.527476735295049,119,36.562
17,121,4.564038476790732,120,36.562
17,122,4.600600218286416,121,36.562
17,123,4.637161959782099,122,36.562
17,124,4.673723701277782,123,36.562
17,125,4.710285442773466,124,36.562
17,126,4.746847184269149,125,36.562
17,127,4.7834089257648325,126,36.562
17,128,4.819970667260516,127,36.562
18,1,0.19135430537861545,0,191.354
18,2,0.22768361245053415,1,36.329
18,3,0.2640129195224528,2,36.329
18,4,0.3003422265943715,3,36.329
18,5,0.33667153366629016,4,36.329
18,6,0.3730008407382088,5,36.329
18,7,0.4093301478101275,6,36.329
18,8,0.44565945488204617,7,36.329
18,9,0.48198876195396484,8,36.329
18,10,0.5183180690258835,9,36.329
18,11,0.5546473760978022,10,36.329
18,12,0.590976683169721,11,36.329
18,13,0.6273059902416397,12,36.329
18,14,0.6636352973135584,13,36.329
18,15,0.6999646043854771,14,36.329
18,16,0.7362939114573959,15,36.329
18,17,0.7726232185293146,16,36.329
18,18,0.8089525256012333,17,36.329
18,19,0.845281832673152,18,36.329
18,20,0.8816111397450708,19,36.329
18,21,0.9179404468169895,20,36.329
18,22,0.9542697538889082,21,36.329
18,23,0.990599060960827,22,36.329
18,24,1.0269283680327457,23,36.329
18,25,1.0632576751046643,24,36.329
18,26,1.099586982176583,25,36.329
18,27,1.1359162892485015,26,36.329
18,28,1.1722455963204201,27,36.329
18,29,1.2085749033923388,28,36.329
18,30,1.2449042104642574,29,36.329
18,31,1.281233517536176,30,36.329
18,32,1.3175628246080946,31,36.329
18,33,1.3538921316800132,32,36.329
18,34,1.3902214387519318,33,36.329
18,35,1.4265507458238504,34,36.329
18,36,1.462880052895769,35,36.329
18,37,1.4992093599676877,36,36.329
18,38,1.5355386670396063,37,36.329
18,39,1.571867974111525,38,36.329
18,40,1.6081972811834435,39,36.329
18,41,1.6445265882553621,40,36.329
18,42,1.6808558953272807,41,36.329
18,43,1.7171852023991994,42,36.329
18,44,1.753514509471118,43,36.329
18,45,1.7898438165430366,44,36.329
18,46,1.8261731236149552,45,36.329
18,47,1.8625024306868738,46,36.329
18,48,1.8988317377587924,47,36.329
18,49,1.935161044830711,48,36.329
18,50,1.971667037018126,49,36.506
18,51,2.008173029205541,50,36.506
18,52,2.0446790213929558,51,36.506
18,53,2.0811850135803707,52,36.506
18,54,2.1176910057677856,53,36.506
18,55,2.1541969979552005,54,36.506
18,56,2.1907029901426154,55,36.506
18,57,2.2272089823300303,56,36.506
18,58,2.263714974517445,57,36.506
18,59,2.30022096670486,58,36.506
18,60,2.336726958892275,59,36.506
18,61,2.37323295107969,60,36.506
18,62,2.409738943267105,61,36.506
18,63,2.4462449354545197,62,36.506
18,64,2.4827509276419346,63,36.506
18,65,2.5192569198293495,64,36.506
18,66,2.5557629120167644,65,36.506
18,67,2.5922689042041793,66,36.506
18,68,2.6287748963915942,67,36.506
18,69,2.665280888579009,68,36.506
18,70,2.701786880766424,69,36.506
18,71,2.738292872953839,70,36.506
18,72,2.774798865141254,71,36.506
18,73,2.8113048573286687,72,36.506
18,74,2.8478108495160837,73,36.506
18,75,2.8843168417034986,74,36.506
18,76,2.9208228338909135,75,36.506
18,77,2.9573288260783284,76,36.506
18,78,2.9938348182657433,77,36.506
18,79,3.030340810453158,78,36.506
18,80,3.066846802640573,79,36.506
18,81,3.103352794827988,80,36.506
18,82,3.139858787015403,81,36.506
18,83,3.176364779202818,82,36.506
18,84,3.2128707713902327,83,36.506
18,85,3.2493767635776476,84,36.506
18,86,3.2858827557650625,85,36.506
18,87,3.3223887479524774,86,36.506
18,88,3.3588947401398923,87,36.506
18,89,3.395400732327307,88,36.506
18,90,3.431906724514722,89,36.506
18,91,3.468412716702137,90,36.506
18,92,3.504918708889552,91,36.506
18,93,3.541424701076967,92,36.506
18,94,3.5779306932643817,93,36.506
18,95,3.6144366854517966,94,36.506
18,96,3.6509426776392115,95,36.506
18,97,3.6874486698266264,96,36.506
18,98,3.7239546620140414,97,36.506
18,99,3.7604606542014563,98,36.506
18,100,3.796966646388871,99,36.506
18,101,3.833472638576286,100,36.506
18,102,3.869978630763701,101,36.506
18,103,3.906484622951116,102,36.506
18,104,3.9429906151385308,103,36.506
18,105,3.9794966073259457,104,36.506
18,106,4.016002599513361,105,36.506
18,107,4.052508591700776,106,36.506
18,108,4.089014583888191,107,36.506
18,109,4.125520576075606,108,36.506
18,110,4.162026568263021,109,36.506
18,111,4.1985325604504355,110,36.506
18,112,4.2350385526378505,111,36.506
18,113,4.271544544825265,112,36.506
18,114,4.308106286320949,113,36.562
18,115,4.344668027816632,114,36.562
18,116,4.3812297693123154,115,36.562
18,117,4.417791510807999,116,36.562
18,118,4.454353252303682,117,36.562
18,119,4.4909149937993655,118,36.562
18,120,4.527476735295049,119,36.562
18,121,4.564038476790732,120,36.562
18,122,4.600600218286416,121,36.562
18,123,4.637161959782099,122,36.562
18,124,4.673723701277782,123,36.562
18,125,4.710285442773466,124,36.562
18,126,4.746847184269149,125,36.562
18,127,4.7834089257648325,126,36.562
18,128,4.819970667260516,127,36.562
19,1,0.19135430537861545,0,191.354
19,2,0.22768361245053415,1,36.329
19,3,0.2640129195224528,2,36.329
19,4,0.3003422265943715,3,36.329
19,5,0.33667153366629016,4,36.329
19,6,0.3730008407382088,5,36.329
19,7,0.4093301478101275,6,36.329
19,8,0.44565945488204617,7,36.329
19,9,0.48198876195396484,8,36.329
19,10,0.5183180690258835,9,36.329
19,11,0.5546473760978022,10,36.329
19,12,0.590976683169721,11,36.329
19,13,0.6273059902416397,12,36.329
19,14,0.6636352973135584,13,36.329
19,15,0.6999646043854771,14,36.329
19,16,0.7362939114573959,15,36.329
19,17,0.7726232185293146,16,36.329
19,18,0.8089525256012333,17,36.329
19,19,0.845281832673152,18,36.329
19,20,0.8816111397450708,19,36.329
19,21,0.9179404468169895,20,36.329
19,22,0.9542697538889082,21,36.329
19,23,0.990599060960827,22,36.329
19,24,1.0269283680327457,23,36.329
19,25,1.0632576751046643,24,36.329
19,26,1.099586982176583,25,36.329
19,27,1.1359162892485015,26,36.329
19,28,1.1722455963204201,27,36.329
19,29,1.2085749033923388,28,36.329
19,30,1.2449042104642574,29,36.329
19,31,1.281233517536176,30,36.329
19,32,1.3175628246080946,31,36.329
19,33,1.3538921316800132,32,36.329
19,34,1.3902214387519318,33,36.329
19,35,1.4265507458238504,34,36.329
19,36,1.462880052895769,35,36.329
19,37,1.4992093599676877,36,36.329
19,38,1.5355386670396063,37,36.329
19,39,1.571867974111525,38,36.329
19,40,1.6081972811834435,39,36.329
19,41,1.6445265882553621,40,36.329
19,42,1.6808558953272807,41,36.329
19,43,1.7171852023991994,42,36.329
19,44,1.753514509471118,43,36.329
19,45,1.7898438165430366,44,36.329
19,46,1.8261731236149552,45,36.329
19,47,1.8625024306868738,46,36.329
19,48,1.8988317377587924,47,36.329
19,49,1.935161044830711,48,36.329
19,50,1.971667037018126,49,36.506
19,51,2.008173029205541,50,36.506
19,52,2.0446790213929558,51,36.506
19,53,2.0811850135803707,52,36.506
19,54,2.1176910057677856,53,36.506
19,55,2.1541969979552005,54,36.506
19,56,2.1907029901426154,55,36.506
19,57,2.2272089823300303,56,36.506
19,58,2.263714974517445,57,36.506
19,59,2.30022096670486,58,36.506
19,60,2.336726958892275,59,36.506
19,61,2.37323295107969,60,36.506
19,62,2.409738943267105,61,36.506
19,63,2.4462449354545197,62,36.506
19,64,2.4827509276419346,63,36.506
19,65,2.5192569198293495,64,36.506
19,66,2.5557629120167644,65,36.506
19,67,2.5922689042041793,66,36.506
19,68,2.6287748963915942,67,36.506
19,69,2.665280888579009,68,36.506
19,70,2.701786880766424,69,36.506
19,71,2.738292872953839,70,36.506
19,72,2.774798865141254,71,36.506
19,73,2.8113048573286687,72,36.506
19,74,2.8478108495160837,73,36.506
19,75,2.8843168417034986,74,36.506
19,76,2.9208228338909135,75,36.506
19,77,2.9573288260783284,76,36.506
19,78,2.9938348182657433,77,36.506
19,79,3.030340810453158,78,36.506
19,80,3.066846802640573,79,36.506
19,81,3.103352794827988,80,36.506
19,82,3.139858787015403,81,36.506
19,83,3.176364779202818,82,36.506
19,84,3.2128707713902327,83,36.506
19,85,3.2493767635776476,84,36.506
19,86,3.2858827557650625,85,36.506
19,87,3.3223887479524774,86,36.506
19,88,3.3588947401398923,87,36.506
19,89,3.395400732327307,88,36.506
19,90,3.431906724514722,89,36.506
19,91,3.468412716702137,90,36.506
19,92,3.504918708889552,91,36.506
19,93,3.541424701076967,92,36.506
19,94,3.5779306932643817,93,36.506
19,95,3.6144366854517966,94,36.506
19,96,3.6509426776392115,95,36.506
19,97,3.6874486698266264,96,36.506
19,98,3.7239546620140414,97,36.506
19,99,3.7604606542014563,98,36.506
19,100,3.796966646388871,99,36.506
19,101,3.833472638576286,100,36.506
19,102,3.869978630763701,101,36.506
19,103,3.906484622951116,102,36.506
19,104,3.9429906151385308,103,36.506
19,105,3.9794966073259457,104,36.506
19,106,4.016002599513361,105,36.506
19,107,4.052508591700776,106,36.506
19,108,4.089014583888191,107,36.506
19,109,4.125520576075606,108,36.506
19,110,4.162026568263021,109,36.506
19,111,4.1985325604504355,110,36.506
19,112,4.2350385526378505,111,36.506
19,113,4.271544544825265,112,36.506
19,114,4.308106286320949,113,36.562
19,115,4.344668027816632,114,36.562
19,116,4.3812297693123154,115,36.562
19,117,4.417791510807999,116,36.562
19,118,4.454353252303682,117,36.562
19,119,4.4909149937993655,118,36.562
19,120,4.527476735295049,119,36.562
19,121,4.564038476790732,120,36.562
19,122,4.600600218286416,121,36.562
19,123,4.637161959782099,122,36.562
19,124,4.673723701277782,123,36.562
19,125,4.710285442773466,124,36.562
19,126,4.746847184269149,125,36.562
19,127,4.7834089257648325,126,36.562
19,128,4.819970667260516,127,36.562
20,1,0.19135430537861545,0,191.354
20,2,0.22768361245053415,1,36.329
20,3,0.2640129195224528,2,36.329
20,4,0.3003422265943715,3,36.329
20,5,0.33667153366629016,4,36.329
20,6,0.3730008407382088,5,36.329
20,7,0.4093301478101275,6,36.329
20,8,0.44565945488204617,7,36.329
20,9,0.48198876195396484,8,36.329
20,10,0.5183180690258835,9,36.329
20,11,0.5546473760978022,10,36.329
20,12,0.590976683169721,11,36.329
20,13,0.6273059902416397,12,36.329
20,14,0.6636352973135584,13,36.329
20,15,0.6999646043854771,14,36.329
20,16,0.7362939114573959,15,36.329
20,17,0.7726232185293146,16,36.329
20,18,0.8089525256012333,17,36.329
20,19,0.845281832673152,18,36.329
20,20,0.8816111397450708,19,36.329
20,21,0.9179404468169895,20,36.329
20,22,0.9542697538889082,21,36.329
20,23,0.990599060960827,22,36.329
20,24,1.0269283680327457,23,36.329
20,25,1.0632576751046643,24,36.329
20,26,1.099586982176583,25,36.329
20,27,1.1359162892485015,26,36.329
20,28,1.1722455963204201,27,36.329
20,29,1.2085749033923388,28,36.329
20,30,1.2449042104642574,29,36.329
20,31,1.281233517536176,30,36.329
20,32,1.3175628246080946,31,36.329
20,33,1.3538921316800132,32,36.329
20,34,1.3902214387519318,33,36.329
20,35,1.4265507458238504,34,36.329
20,36,1.462880052895769,35,36.329
20,37,1.4992093599676877,36,36.329
20,38,1.5355386670396063,37,36.329
20,39,1.571867974111525,38,36.329
20,40,1.6081972811834435,39,36.329
20,41,1.6445265882553621,40,36.329
20,42,1.6808558953272807,41,36.329
20,43,1.7171852023991994,42,36.329
20,44,1.753514509471118,43,36.329
20,45,1.7898438165430366,44,36.329
20,46,1.8261731236149552,45,36.329
20,47,1.8625024306868738,46,36.329
20,48,1.8988317377587924,47,36.329
20,49,1.935161044830711,48,36.329
20,50,1.971667037018126,49,36.506
20,51,2.008173029205541,50,36.506
20,52,2.0446790213929558,51,36.506
20,53,2.0811850135803707,52,36.506
20,54,2.1176910057677856,53,36.506
20,55,2.1541969979552005,54,36.506
20,56,2.1907029901426154,55,36.506
20,57,2.2272089823300303,56,36.506
20,58,2.263714974517445,57,36.506
20,59,2.30022096670486,58,36.506
20,60,2.336726958892275,59,36.506
20,61,2.37323295107969,60,36.506
20,62,2.409738943267105,61,36.506
20,63,2.4462449354545197,62,36.506
20,64,2.4827509276419346,63,36.506
20,65,2.5192569198293495,64,36.506
20,66,2.5557629120167644,65,36.506
20,67,2.5922689042041793,66,36.506
20,68,2.6287748963915942,67,36.506
20,69,2.665280888579009,68,36.506
20,70,2.701786880766424,69,36.506
20,71,2.738292872953839,70,36.506
20,72,2.774798865141254,71,36.506
20,73,2.8113048573286687,72,36.506
20,74,2.8478108495160837,73,36.506
20,75,2.8843168417034986,74,36.506
20,76,2.9208228338909135,75,36.506
20,77,2.9573288260783284,76,36.506
20,78,2.9938348182657433,77,36.506
20,79,3.030340810453158,78,36.506
20,80,3.066846802640573,79,36.506
20,81,3.103352794827988,80,36.506
20,82,3.139858787015403,81,36.506
20,83,3.176364779202818,82,36.506
20,84,3.2128707713902327,83,36.506
20,85,3.2493767635776476,84,36.506
20,86,3.2858827557650625,85,36.506
20,87,3.3223887479524774,86,36.506
20,88,3.3588947401398923,87,36.506
20,89,3.395400732327307,88,36.506
20,90,3.431906724514722,89,36.506
20,91,3.468412716702137,90,36.506
20,92,3.504918708889552,91,36.506
20,93,3.541424701076967,92,36.506
20,94,3.5779306932643817,93,36.506
20,95,3.6144366854517966,94,36.506
20,96,3.6509426776392115,95,36.506
20,97,3.6874486698266264,96,36.506
20,98,3.7239546620140414,97,36.506
20,99,3.7604606542014563,98,36.506
20,100,3.796966646388871,99,36.506
20,101,3.833472638576286,100,36.506
20,102,3.869978630763701,101,36.506
20,103,3.906484622951116,102,36.506
20,104,3.9429906151385308,103,36.506
20,105,3.9794966073259457,104,36.506
20,106,4.016002599513361,105,36.506
20,107,4.052508591700776,106,36.506
20,108,4.089014583888191,107,36.506
20,109,4.125520576075606,108,36.506
20,110,4.162026568263021,109,36.506
20,111,4.1985325604504355,110,36.506
20,112,4.2350385526378505,111,36.506
20,113,4.271544544825265,112,36.506
20,114,4.308106286320949,113,36.562
20,115,4.344668027816632,114,36.562
20,116,4.3812297693123154,115,36.562
20,117,4.417791510807999,116,36.562
20,118,4.454353252303682,117,36.562
20,119,4.4909149937993655,118,36.562
20,120,4.527476735295049,119,36.562
20,121,4.564038476790732,120,36.562
20,122,4.600600218286416,121,36.562
20,123,4.637161959782099,122,36.562
20,124,4.673723701277782,123,36.562
20,125,4.710285442773466,124,36.562
20,126,4.746847184269149,125,36.562
20,127,4.7834089257648325,126,36.562
20,128,4.819970667260516,127,36.562
21,1,0.19135430537861545,0,191.354
21,2,0.22768361245053415,1,36.329
21,3,0.2640129195224528,2,36.329
21,4,0.3003422265943715,3,36.329
21,5,0.33667153366629016,4,36.329
21,6,0.3730008407382088,5,36.329
21,7,0.4093301478101275,6,36.329
21,8,0.44565945488204617,7,36.329
21,9,0.48198876195396484,8,36.329
21,10,0.5183180690258835,9,36.329
21,11,0.5546473760978022,10,36.329
21,12,0.590976683169721,11,36.329
21,13,0.6273059902416397,12,36.329
21,14,0.6636352973135584,13,36.329
21,15,0.6999646043854771,14,36.329
21,16,0.7362939114573959,15,36.329
21,17,0.7726232185293146,16,36.329
21,18,0.8089525256012333,17,36.329
21,19,0.845281832673152,18,36.329
21,20,0.8816111397450708,19,36.329
21,21,0.9179404468169895,20,36.329
21,22,0.9542697538889082,21,36.329
21,23,0.990599060960827,22,36.329
21,24,1.0269283680327457,23,36.329
21,25,1.0632576751046643,24,36.329
21,26,1.099586982176583,25,36.329
21,27,1.1359162892485015,26,36.329
21,28,1.1722455963204201,27,36.329
21,29,1.2085749033923388,28,36.329
21,30,1.2449042104642574,29,36.329
21,31,1.281233517536176,30,36.329
21,32,1.3175628246080946,31,36.329
21,33,1.3538921316800132,32,36.329
21,34,1.3902214387519318,33,36.329
21,35,1.4265507458238504,34,36.329
21,36,1.462880052895769,35,36.329
21,37,1.4992093599676877,36,36.329
21,38,1.5355386670396063,37,36.329
21,39,1.571867974111525,38,36.329
21,40,1.6081972811834435,39,36.329
21,41,1.6445265882553621,40,36.329
21,42,1.6808558953272807,41,36.329
21,43,1.7171852023991994,42,36.329
21,44,1.753514509471118,43,36.329
21,45,1.7898438165430366,44,36.329
21,46,1.8261731236149552,45,36.329
21,47,1.8625024306868738,46,36.329
21,48,1.8988317377587924,47,36.329
21,49,1.935161044830711,48,36.329
21,50,1.971667037018126,49,36.506
21,51,2.008173029205541,50,36.506
21,52,2.0446790213929558,51,36.506
21,53,2.0811850135803707,52,36.506
21,54,2.1176910057677856,53,36.506
21,55,2.1541969979552005,54,36.506
21,56,2.1907029901426154,55,36.506
21,57,2.2272089823300303,56,36.506
21,58,2.263714974517445,57,36.506
21,59,2.30022096670486,58,36.506
21,60,2.336726958892275,59,36.506
21,61,2.37323295107969,60,36.506
21,62,2.409738943267105,61,36.506
21,63,2.4462449354545197,62,36.506
21,64,2.4827509276419346,63,36.506
21,65,2.5192569198293495,64,36.506
21,66,2.5557629120167644,65,36.506
21,67,2.5922689042041793,66,36.506
21,68,2.6287748963915942,67,36.506
21,69,2.665280888579009,68,36.506
21,70,2.701786880766424,69,36.506
21,71,2.738292872953839,70,36.506
21,72,2.774798865141254,71,36.506
21,73,2.8113048573286687,72,36.506
21,74,2.8478108495160837,73,36.506
21,75,2.8843168417034986,74,36.506
21,76,2.9208228338909135,75,36.506
21,77,2.9573288260783284,76,36.506
21,78,2.9938348182657433,77,36.506
21,79,3.030340810453158,78,36.506
21,80,3.066846802640573,79,36.506
21,81,3.103352794827988,80,36.506
21,82,3.139858787015403,81,36.506
21,83,3.176364779202818,82,36.506
21,84,3.2128707713902327,83,36.506
21,85,3.2493767635776476,84,36.506
21,86,3.2858827557650625,85,36.506
21,87,3.3223887479524774,86,36.506
21,88,3.3588947401398923,87,36.506
21,89,3.395400732327307,88,36.506
21,90,3.431906724514722,89,36.506
21,91,3.468412716702137,90,36.506
21,92,3.504918708889552,91,36.506
21,93,3.541424701076967,92,36.506
21,94,3.5779306932643817,93,36.506
21,95,3.6144366854517966,94,36.506
21,96,3.6509426776392115,95,36.506
21,97,3.6874486698266264,96,36.506
21,98,3.7239546620140414,97,36.506
21,99,3.7604606542014563,98,36.506
21,100,3.796966646388871,99,36.506
21,101,3.833472638576286,100,36.506
21,102,3.869978630763701,101,36.506
21,103,3.906484622951116,102,36.506
21,104,3.9429906151385308,103,36.506
21,105,3.9794966073259457,104,36.506
21,106,4.016002599513361,105,36.506
21,107,4.052508591700776,106,36.506
21,108,4.089014583888191,107,36.506
21,109,4.125520576075606,108,36.506
21,110,4.162026568263021,109,36.506
21,111,4.1985325604504355,110,36.506
21,112,4.2350385526378505,111,36.506
21,113,4.271544544825265,112,36.506
21,114,4.308106286320949,113,36.562
21,115,4.344668027816632,114,36.562
21,116,4.3812297693123154,115,36.562
21,117,4.417791510807999,116,36.562
21,118,4.454353252303682,117,36.562
21,119,4.4909149937993655,118,36.562
21,120,4.527476735295049,119,36.562
21,121,4.564038476790732,120,36.562
21,122,4.600600218286416,121,36.562
21,123,4.637161959782099,122,36.562
21,124,4.673723701277782,123,36.562
21,125,4.710285442773466,124,36.562
21,126,4.746847184269149,125,36.562
21,127,4.7834089257648325,126,36.562
21,128,4.819970667260516,127,36.562
22,1,0.19135430537861545,0,191.354
22,2,0.22768361245053415,1,36.329
22,3,0.2640129195224528,2,36.329
22,4,0.3003422265943715,3,36.329
22,5,0.33667153366629016,4,36.329
22,6,0.3730008407382088,5,36.329
22,7,0.4093301478101275,6,36.329
22,8,0.44565945488204617,7,36.329
22,9,0.48198876195396484,8,36.329
22,10,0.5183180690258835,9,36.329
22,11,0.5546473760978022,10,36.329
22,12,0.590976683169721,11,36.329
22,13,0.6273059902416397,12,36.329
22,14,0.6636352973135584,13,36.329
22,15,0.6999646043854771,14,36.329
22,16,0.7362939114573959,15,36.329
22,17,0.7726232185293146,16,36.329
22,18,0.8089525256012333,17,36.329
22,19,0.845281832673152,18,36.329
22,20,0.8816111397450708,19,36.329
22,21,0.9179404468169895,20,36.329
22,22,0.9542697538889082,21,36.329
22,23,0.990599060960827,22,36.329
22,24,1.0269283680327457,23,36.329
22,25,1.0632576751046643,24,36.329
22,26,1.099586982176583,25,36.329
22,27,1.1359162892485015,26,36.329
22,28,1.1722455963204201,27,36.329
22,29,1.2085749033923388,28,36.329
22,30,1.2449042104642574,29,36.329
22,31,1.281233517536176,30,36.329
22,32,1.3175628246080946,31,36.329
22,33,1.3538921316800132,32,36.329
22,34,1.3902214387519318,33,36.329
22,35,1.4265507458238504,34,36.329
22,36,1.462880052895769,35,36.329
22,37,1.4992093599676877,36,36.329
22,38,1.5355386670396063,37,36.329
22,39,1.571867974111525,38,36.329
22,40,1.6081972811834435,39,36.329
22,41,1.6445265882553621,40,36.329
22,42,1.6808558953272807,41,36.329
22,43,1.7171852023991994,42,36.329
22,44,1.753514509471118,43,36.329
22,45,1.7898438165430366,44,36.329
22,46,1.8261731236149552,45,36.329
22,47,1.8625024306868738,46,36.329
22,48,1.8988317377587924,47,36.329
22,49,1.935161044830711,48,36.329
22,50,1.971667037018126,49,36.506
22,51,2.008173029205541,50,36.506
22,52,2.0446790213929558,51,36.506
22,53,2.0811850135803707,52,36.506
22,54,2.1176910057677856,53,36.506
22,55,2.1541969979552005,54,36.506
22,56,2.1907029901426154,55,36.506
22,57,2.2272089823300303,56,36.506
22,58,2.263714974517445,57,36.506
22,59,2.30022096670486,58,36.506
22,60,2.336726958892275,59,36.506
22,61,2.37323295107969,60,36.506
22,62,2.409738943267105,61,36.506
22,63,2.4462449354545197,62,36.506
22,64,2.4827509276419346,63,36.506
22,65,2.5192569198293495,64,36.506
22,66,2.5557629120167644,65,36.506
22,67,2.5922689042041793,66,36.506
22,68,2.6287748963915942,67,36.506
22,69,2.665280888579009,68,36.506
22,70,2.701786880766424,69,36.506
22,71,2.738292872953839,70,36.506
22,72,2.774798865141254,71,36.506
22,73,2.8113048573286687,72,36.506
22,74,2.8478108495160837,73,36.506
22,75,2.8843168417034986,74,36.506
22,76,2.9208228338909135,75,36.506
22,77,2.9573288260783284,76,36.506
22,78,2.9938348182657433,77,36.506
22,79,3.030340810453158,78,36.506
22,80,3.066846802640573,79,36.506
22,81,3.103352794827988,80,36.506
22,82,3.139858787015403,81,36.506
22,83,3.176364779202818,82,36.506
22,84,3.2128707713902327,83,36.506
22,85,3.2493767635776476,84,36.506
22,86,3.2858827557650625,85,36.506
22,87,3.3223887479524774,86,36.506
22,88,3.3588947401398923,87,36.506
22,89,3.395400732327307,88,36.506
22,90,3.431906724514722,89,36.506
22,91,3.468412716702137,90,36.506
22,92,3.504918708889552,91,36.506
22,93,3.541424701076967,92,36.506
22,94,3.5779306932643817,93,36.506
22,95,3.6144366854517966,94,36.506
22,96,3.6509426776392115,95,36.506
22,97,3.6874486698266264,96,36.506
22,98,3.7239546620140414,97,36.506
22,99,3.7604606542014563,98,36.506
22,100,3.796966646388871,99,36.506
22,101,3.833472638576286,100,36.506
22,102,3.869978630763701,101,36.506
22,103,3.906484622951116,102,36.506
22,104,3.9429906151385308,103,36.506
22,105,3.9794966073259457,104,36.506
22,106,4.016002599513361,105,36.506
22,107,4.052508591700776,106,36.506
22,108,4.089014583888191,107,36.506
22,109,4.125520576075606,108,36.506
22,110,4.162026568263021,109,36.506
22,111,4.1985325604504355,110,36.506
22,112,4.2350385526378505,111,36.506
22,113,4.271544544825265,112,36.506
22,114,4.308106286320949,113,36.562
22,115,4.344668027816632,114,36.562
22,116,4.3812297693123154,115,36.562
22,117,4.417791510807999,116,36.562
22,118,4.454353252303682,117,36.562
22,119,4.4909149937993655,118,36.562
22,120,4.527476735295049,119,36.562
22,121,4.564038476790732,120,36.562
22,122,4.600600218286416,121,36.562
22,123,4.637161959782099,122,36.562
22,124,4.673723701277782,123,36.562
22,125,4.710285442773466,124,36.562
22,126,4.746847184269149,125,36.562
22,127,4.7834089257648325,126,36.562
22,128,4.819970667260516,127,36.562
23,1,0.19135430537861545,0,191.354
23,2,0.22768361245053415,1,36.329
23,3,0.2640129195224528,2,36.329
23,4,0.3003422265943715,3,36.329
23,5,0.33667153366629016,4,36.329
23,6,0.3730008407382088,5,36.329
23,7,0.4093301478101275,6,36.329
23,8,0.44565945488204617,7,36.329
23,9,0.48198876195396484,8,36.329
23,10,0.5183180690258835,9,36.329
23,11,0.5546473760978022,10,36.329
23,12,0.590976683169721,11,36.329
23,13,0.6273059902416397,12,36.329
23,14,0.6636352973135584,13,36.329
23,15,0.6999646043854771,14,36.329
23,16,0.7362939114573959,15,36.329
23,17,0.7726232185293146,16,36.329
23,18,0.8089525256012333,17,36.329
23,19,0.845281832673152,18,36.329
23,20,0.8816111397450708,19,36.329
23,21,0.9179404468169895,20,36.329
23,22,0.9542697538889082,21,36.329
23,23,0.990599060960827,22,36.329
23,24,1.0269283680327457,23,36.329
23,25,1.0632576751046643,24,36.329
23,26,1.099586982176583,25,36.329
23,27,1.1359162892485015,26,36.329
23,28,1.1722455963204201,27,36.329
23,29,1.2085749033923388,28,36.329
23,30,1.2449042104642574,29,36.329
23,31,1.281233517536176,30,36.329
23,32,1.3175628246080946,31,36.329
23,33,1.3538921316800132,32,36.329
23,34,1.3902214387519318,33,36.329
23,35,1.4265507458238504,34,36.329
23,36,1.462880052895769,35,36.329
23,37,1.4992093599676877,36,36.329
23,38,1.5355386670396063,37,36.329
23,39,1.571867974111525,38,36.329
23,40,1.6081972811834435,39,36.329
23,41,1.6445265882553621,40,36.329
23,42,1.6808558953272807,41,36.329
23,43,1.7171852023991994,42,36.329
23,44,1.753514509471118,43,36.329
23,45,1.7898438165430366,44,36.329
23,46,1.8261731236149552,45,36.329
23,47,1.8625024306868738,46,36.329
23,48,1.8988317377587924,47,36.329
23,49,1.935161044830711,48,36.329
23,50,1.971667037018126,49,36.506
23,51,2.008173029205541,50,36.506
23,52,2.0446790213929558,51,36.506
23,53,2.0811850135803707,52,36.506
23,54,2.1176910057677856,53,36.506
23,55,2.1541969979552005,54,36.506
23,56,2.1907029901426154,55,36.506
23,57,2.2272089823300303,56,36.506
23,58,2.263714974517445,57,36.506
23,59,2.30022096670486,58,36.506
23,60,2.336726958892275,59,36.506
23,61,2.37323295107969,60,36.506
23,62,2.409738943267105,61,36.506
23,63,2.4462449354545197,62,36.506
23,64,2.4827509276419346,63,36.506
23,65,2.5192569198293495,64,36.506
23,66,2.5557629120167644,65,36.506
23,67,2.5922689042041793,66,36.506
23,68,2.6287748963915942,67,36.506
23,69,2.665280888579009,68,36.506
23,70,2.701786880766424,69,36.506
23,71,2.738292872953839,70,36.506
23,72,2.774798865141254,71,36.506
23,73,2.8113048573286687,72,36.506
23,74,2.8478108495160837,73,36.506
23,75,2.8843168417034986,74,36.506
23,76,2.9208228338909135,75,36.506
23,77,2.9573288260783284,76,36.506
23,78,2.9938348182657433,77,36.506
23,79,3.030340810453158,78,36.506
23,80,3.066846802640573,79,36.506
23,81,3.103352794827988,80,36.506
23,82,3.139858787015403,81,36.506
23,83,3.176364779202818,82,36.506
23,84,3.2128707713902327,83,36.506
23,85,3.2493767635776476,84,36.506
23,86,3.2858827557650625,85,36.506
23,87,3.3223887479524774,86,36.506
23,88,3.3588947401398923,87,36.506
23,89,3.395400732327307,88,36.506
23,90,3.431906724514722,89,36.506
23,91,3.468412716702137,90,36.506
23,92,3.504918708889552,91,36.506
23,93,3.541424701076967,92,36.506
23,94,3.5779306932643817,93,36.506
23,95,3.6144366854517966,94,36.506
23,96,3.6509426776392115,95,36.506
23,97,3.6874486698266264,96,36.506
23,98,3.7239546620140414,97,36.506
23,99,3.7604606542014563,98,36.506
23,100,3.796966646388871,99,36.506
23,101,3.833472638576286,100,36.506
23,102,3.869978630763701,101,36.506
23,103,3.906484622951116,102,36.506
23,104,3.9429906151385308,103,36.506
23,105,3.9794966073259457,104,36.506
23,106,4.016002599513361,105,36.506
23,107,4.052508591700776,106,36.506
23,108,4.089014583888191,107,36.506
23,109,4.125520576075606,108,36.506
23,110,4.162026568263021,109,36.506
23,111,4.1985325604504355,110,36.506
23,112,4.2350385526378505,111,36.506
23,113,4.271544544825265,112,36.506
23,114,4.308106286320949,113,36.562
23,115,4.344668027816632,114,36.562
23,116,4.3812297693123154,115,36.562
23,117,4.417791510807999,116,36.562
23,118,4.454353252303682,117,36.562
23,119,4.4909149937993655,118,36.562
23,120,4.527476735295049,119,36.562
23,121,4.564038476790732,120,36.562
23,122,4.600600218286416,121,36.562
23,123,4.637161959782099,122,36.562
23,124,4.673723701277782,123,36.562
23,125,4.710285442773466,124,36.562
23,126,4.746847184269149,125,36.562
23,127,4.7834089257648325,126,36.562
23,128,4.819970667260516,127,36.562
24,1,0.19135430537861545,0,191.354
24,2,0.22768361245053415,1,36.329
24,3,0.2640129195224528,2,36.329
24,4,0.3003422265943715,3,36.329
24,5,0.33667153366629016,4,36.329
24,6,0.3730008407382088,5,36.329
24,7,0.4093301478101275,6,36.329
24,8,0.44565945488204617,7,36.329
24,9,0.48198876195396484,8,36.329
24,10,0.5183180690258835,9,36.329
24,11,0.5546473760978022,10,36.329
24,12,0.590976683169721,11,36.329
24,13,0.6273059902416397,12,36.329
24,14,0.6636352973135584,13,36.329
24,15,0.6999646043854771,14,36.329
24,16,0.7362939114573959,15,36.329
24,17,0.7726232185293146,16,36.329
24,18,0.8089525256012333,17,36.329
24,19,0.845281832673152,18,36.329
24,20,0.8816111397450708,19,36.329
24,21,0.9179404468169895,20,36.329
24,22,0.9542697538889082,21,36.329
24,23,0.990599060960827,22,36.329
24,24,1.0269283680327457,23,36.329
24,25,1.0632576751046643,24,36.329
24,26,1.099586982176583,25,36.329
24,27,1.1359162892485015,26,36.329
24,28,1.1722455963204201,27,36.329
24,29,1.2085749033923388,28,36.329
24,30,1.2449042104642574,29,36.329
24,31,1.281233517536176,30,36.329
24,32,1.3175628246080946,31,36.329
24,33,1.3538921316800132,32,36.329
24,34,1.3902214387519318,33,36.329
24,35,1.4265507458238504,34,36.329
24,36,1.462880052895769,35,36.329
24,37,1.4992093599676877,36,36.329
24,38,1.5355386670396063,37,36.329
24,39,1.571867974111525,38,36.329
24,40,1.6081972811834435,39,36.329
24,41,1.6445265882553621,40,36.329
24,42,1.6808558953272807,41,36.329
24,43,1.7171852023991994,42,36.329
24,44,1.753514509471118,43,36.329
24,45,1.7898438165430366,44,36.329
24,46,1.8261731236149552,45,36.329
24,47,1.8625024306868738,46,36.329
24,48,1.8988317377587924,47,36.329
24,49,1.935161044830711,48,36.329
24,50,1.971667037018126,49,36.506
24,51,2.008173029205541,50,36.506
24,52,2.0446790213929558,51,36.506
24,53,2.0811850135803707,52,36.506
24,54,2.1176910057677856,53,36.506
24,55,2.1541969979552005,54,36.506
24,56,2.1907029901426154,55,36.506
24,57,2.2272089823300303,56,36.506
24,58,2.263714974517445,57,36.506
24,59,2.30022096670486,58,36.506
24,60,2.336726958892275,59,36.506
24,61,2.37323295107969,60,36.506
24,62,2.409738943267105,61,36.506
24,63,2.4462449354545197,62,36.506
24,64,2.4827509276419346,63,36.506
24,65,2.5192569198293495,64,36.506
24,66,2.5557629120167644,65,36.506
24,67,2.5922689042041793,66,36.506
24,68,2.6287748963915942,67,36.506
24,69,2.665280888579009,68,36.506
24,70,2.701786880766424,69,36.506
24,71,2.738292872953839,70,36.506
24,72,2.774798865141254,71,36.506
24,73,2.8113048573286687,72,36.506
24,74,2.8478108495160837,73,36.506
24,75,2.8843168417034986,74,36.506
24,76,2.9208228338909135,75,36.506
24,77,2.9573288260783284,76,36.506
24,78,2.9938348182657433,77,36.506
24,79,3.030340810453158,78,36.506
24,80,3.066846802640573,79,36.506
24,81,3.103352794827988,80,36.506
24,82,3.139858787015403,81,36.506
24,83,3.176364779202818,82,36.506
24,84,3.2128707713902327,83,36.506
24,85,3.2493767635776476,84,36.506
24,86,3.2858827557650625,85,36.506
24,87,3.3223887479524774,86,36.506
24,88,3.3588947401398923,87,36.506
24,89,3.395400732327307,88,36.506
24,90,3.431906724514722,89,36.506
24,91,3.468412716702137,90,36.506
24,92,3.504918708889552,91,36.506
24,93,3.541424701076967,92,36.506
24,94,3.5779306932643817,93,36.506
24,95,3.6144366854517966,94,36.506
24,96,3.6509426776392115,95,36.506
24,97,3.6874486698266264,96,36.506
24,98,3.7239546620140414,97,36.506
24,99,3.7604606542014563,98,36.506
24,100,3.796966646388871,99,36.506
24,101,3.833472638576286,100,36.506
24,102,3.869978630763701,101,36.506
24,103,3.906484622951116,102,36.506
24,104,3.9429906151385308,103,36.506
24,105,3.9794966073259457,104,36.506
24,106,4.016002599513361,105,36.506
24,107,4.052508591700776,106,36.506
24,108,4.089014583888191,107,36.506
24,109,4.125520576075606,108,36.506
24,110,4.162026568263021,109,36.506
24,111,4.1985325604504355,110,36.506
24,112,4.2350385526378505,111,36.506
24,113,4.271544544825265,112,36.506
24,114,4.308106286320949,113,36.562
24,115,4.344668027816632,114,36.562
24,116,4.3812297693123154,115,36.562
24,117,4.417791510807999,116,36.562
24,118,4.454353252303682,117,36.562
24,119,4.4909149937993655,118,36.562
24,120,4.527476735295049,119,36.562
24,121,4.564038476790732,120,36.562
24,122,4.600600218286416,121,36.562
24,123,4.637161959782099,122,36.562
24,124,4.673723701277782,123,36.562
24,125,4.710285442773466,124,36.562
24,126,4.746847184269149,125,36.562
24,127,4.7834089257648325,126,36.562
24,128,4.819970667260516,127,36.562
25,1,0.19135430537861545,0,191.354
25,2,0.22768361245053415,1,36.329
25,3,0.2640129195224528,2,36.329
25,4,0.3003422265943715,3,36.329
25,5,0.33667153366629016,4,36.329
25,6,0.3730008407382088,5,36.329
25,7,0.4093301478101275,6,36.329
25,8,0.44565945488204617,7,36.329
25,9,0.48198876195396484,8,36.329
25,10,0.5183180690258835,9,36.329
25,11,0.5546473760978022,10,36.329
25,12,0.590976683169721,11,36.329
25,13,0.6273059902416397,12,36.329
25,14,0.6636352973135584,13,36.329
25,15,0.6999646043854771,14,36.329
25,16,0.7362939114573959,15,36.329
25,17,0.7726232185293146,16,36.329
25,18,0.8089525256012333,17,36.329
25,19,0.845281832673152,18,36.329
25,20,0.8816111397450708,19,36.329
25,21,0.9179404468169895,20,36.329
25,22,0.9542697538889082,21,36.329
25,23,0.990599060960827,22,36.329
25,24,1.0269283680327457,23,36.329
25,25,1.0632576751046643,24,36.329
25,26,1.099586982176583,25,36.329
25,27,1.1359162892485015,26,36.329
25,28,1.1722455963204201,27,36.329
25,29,1.2085749033923388,28,36.329
25,30,1.2449042104642574,29,36.329
25,31,1.281233517536176,30,36.329
25,32,1.3175628246080946,31,36.329
25,33,1.3538921316800132,32,36.329
25,34,1.3902214387519318,33,36.329
25,35,1.4265507458238504,34,36.329
25,36,1.462880052895769,35,36.329
25,37,1.4992093599676877,36,36.329
25,38,1.5355386670396063,37,36.329
25,39,1.571867974111525,38,36.329
25,40,1.6081972811834435,39,36.329
25,41,1.6445265882553621,40,36.329
25,42,1.6808558953272807,41,36.329
25,43,1.7171852023991994,42,36.329
25,44,1.753514509471118,43,36.329
25,45,1.7898438165430366,44,36.329
25,46,1.8261731236149552,45,36.329
25,47,1.8625024306868738,46,36.329
25,48,1.8988317377587924,47,36.329
25,49,1.935161044830711,48,36.329
25,50,1.971667037018126,49,36.506
25,51,2.008173029205541,50,36.506
25,52,2.0446790213929558,51,36.506
25,53,2.0811850135803707,52,36.506
25,54,2.1176910057677856,53,36.506
25,55,2.1541969979552005,54,36.506
25,56,2.1907029901426154,55,36.506
25,57,2.2272089823300303,56,36.506
25,58,2.263714974517445,57,36.506
25,59,2.30022096670486,58,36.506
25,60,2.336726958892275,59,36.506
25,61,2.37323295107969,60,36.506
25,62,2.409738943267105,61,36.506
25,63,2.4462449354545197,62,36.506
25,64,2.4827509276419346,63,36.506
25,65,2.5192569198293495,64,36.506
25,66,2.5557629120167644,65,36.506
25,67,2.5922689042041793,66,36.506
25,68,2.6287748963915942,67,36.506
25,69,2.665280888579009,68,36.506
25,70,2.701786880766424,69,36.506
25,71,2.738292872953839,70,36.506
25,72,2.774798865141254,71,36.506
25,73,2.8113048573286687,72,36.506
25,74,2.8478108495160837,73,36.506
25,75,2.8843168417034986,74,36.506
25,76,2.9208228338909135,75,36.506
25,77,2.9573288260783284,76,36.506
25,78,2.9938348182657433,77,36.506
25,79,3.030340810453158,78,36.506
25,80,3.066846802640573,79,36.506
25,81,3.103352794827988,80,36.506
25,82,3.139858787015403,81,36.506
25,83,3.176364779202818,82,36.506
25,84,3.2128707713902327,83,36.506
25,85,3.2493767635776476,84,36.506
25,86,3.2858827557650625,85,36.506
25,87,3.3223887479524774,86,36.506
25,88,3.3588947401398923,87,36.506
25,89,3.395400732327307,88,36.506
25,90,3.431906724514722,89,36.506
25,91,3.468412716702137,90,36.506
25,92,3.504918708889552,91,36.506
25,93,3.541424701076967,92,36.506
25,94,3.5779306932643817,93,36.506
25,95,3.6144366854517966,94,36.506
25,96,3.6509426776392115,95,36.506
25,97,3.6874486698266264,96,36.506
25,98,3.7239546620140414,97,36.506
25,99,3.7604606542014563,98,36.506
25,100,3.796966646388871,99,36.506
25,101,3.833472638576286,100,36.506
25,102,3.869978630763701,101,36.506
25,103,3.906484622951116,102,36.506
25,104,3.9429906151385308,103,36.506
25,105,3.9794966073259457,104,36.506
25,106,4.016002599513361,105,36.506
25,107,4.052508591700776,106,36.506
25,108,4.089014583888191,107,36.506
25,109,4.125520576075606,108,36.506
25,110,4.162026568263021,109,36.506
25,111,4.1985325604504355,110,36.506
25,112,4.2350385526378505,111,36.506
25,113,4.271544544825265,112,36.506
25,114,4.308106286320949,113,36.562
25,115,4.344668027816632,114,36.562
25,116,4.3812297693123154,115,36.562
25,117,4.417791510807999,116,36.562
25,118,4.454353252303682,117,36.562
25,119,4.4909149937993655,118,36.562
25,120,4.527476735295049,119,36.562
25,121,4.564038476790732,120,36.562
25,122,4.600600218286416,121,36.562
25,123,4.637161959782099,122,36.562
25,124,4.673723701277782,123,36.562
25,125,4.710285442773466,124,36.562
25,126,4.746847184269149,125,36.562
25,127,4.7834089257648325,126,36.562
25,128,4.819970667260516,127,36.562
26,1,0.19135430537861545,0,191.354
26,2,0.22768361245053415,1,36.329
26,3,0.2640129195224528,2,36.329
26,4,0.3003422265943715,3,36.329
26,5,0.33667153366629016,4,36.329
26,6,0.3730008407382088,5,36.329
26,7,0.4093301478101275,6,36.329
26,8,0.44565945488204617,7,36.329
26,9,0.48198876195396484,8,36.329
26,10,0.5183180690258835,9,36.329
26,11,0.5546473760978022,10,36.329
26,12,0.590976683169721,11,36.329
26,13,0.6273059902416397,12,36.329
26,14,0.6636352973135584,13,36.329
26,15,0.6999646043854771,14,36.329
26,16,0.7362939114573959,15,36.329
26,17,0.7726232185293146,16,36.329
26,18,0.8089525256012333,17,36.329
26,19,0.845281832673152,18,36.329
26,20,0.8816111397450708,19,36.329
26,21,0.9179404468169895,20,36.329
26,22,0.9542697538889082,21,36.329
26,23,0.990599060960827,22,36.329
26,24,1.0269283680327457,23,36.329
26,25,1.0632576751046643,24,36.329
26,26,1.099586982176583,25,36.329
26,27,1.1359162892485015,26,36.329
26,28,1.1722455963204201,27,36.329
26,29,1.2085749033923388,28,36.329
26,30,1.2449042104642574,29,36.329
26,31,1.281233517536176,30,36.329
26,32,1.3175628246080946,31,36.329
26,33,1.3538921316800132,32,36.329
26,34,1.3902214387519318,33,36.329
26,35,1.4265507458238504,34,36.329
26,36,1.462880052895769,35,36.329
26,37,1.4992093599676877,36,36.329
26,38,1.5355386670396063,37,36.329
26,39,1.571867974111525,38,36.329
26,40,1.6081972811834435,39,36.329
26,41,1.6445265882553621,40,36.329
26,42,1.6808558953272807,41,36.329
26,43,1.7171852023991994,42,36.329
26,44,1.753514509471118,43,36.329
26,45,1.7898438165430366,44,36.329
26,46,1.8261731236149552,45,36.329
26,47,1.8625024306868738,46,36.329
26,48,1.8988317377587924,47,36.329
26,49,1.935161044830711,48,36.329
26,50,1.971667037018126,49,36.506
26,51,2.008173029205541,50,36.506
26,52,2.0446790213929558,51,36.506
26,53,2.0811850135803707,52,36.506
26,54,2.1176910057677856,53,36.506
26,55,2.1541969979552005,54,36.506
26,56,2.1907029901426154,55,36.506
26,57,2.2272089823300303,56,36.506
26,58,2.263714974517445,57,36.506
26,59,2.30022096670486,58,36.506
26,60,2.336726958892275,59,36.506
26,61,2.37323295107969,60,36.506
26,62,2.409738943267105,61,36.506
26,63,2.4462449354545197,62,36.506
26,64,2.4827509276419346,63,36.506
26,65,2.5192569198293495,64,36.506
26,66,2.5557629120167644,65,36.506
26,67,2.5922689042041793,66,36.506
26,68,2.6287748963915942,67,36.506
26,69,2.665280888579009,68,36.506
26,70,2.701786880766424,69,36.506
26,71,2.738292872953839,70,36.506
26,72,2.774798865141254,71,36.506
26,73,2.8113048573286687,72,36.506
26,74,2.8478108495160837,73,36.506
26,75,2.8843168417034986,74,36.506
26,76,2.9208228338909135,75,36.506
26,77,2.9573288260783284,76,36.506
26,78,2.9938348182657433,77,36.506
26,79,3.030340810453158,78,36.506
26,80,3.066846802640573,79,36.506
26,81,3.103352794827988,80,36.506
26,82,3.139858787015403,81,36.506
26,83,3.176364779202818,82,36.506
26,84,3.2128707713902327,83,36.506
26,85,3.2493767635776476,84,36.506
26,86,3.2858827557650625,85,36.506
26,87,3.3223887479524774,86,36.506
26,88,3.3588947401398923,87,36.506
26,89,3.395400732327307,88,36.506
26,90,3.431906724514722,89,36.506
26,91,3.468412716702137,90,36.506
26,92,3.504918708889552,91,36.506
26,93,3.541424701076967,92,36.506
26,94,3.5779306932643817,93,36.506
26,95,3.6144366854517966,94,36.506
26,96,3.6509426776392115,95,36.506
26,97,3.6874486698266264,96,36.506
26,98,3.7239546620140414,97,36.506
26,99,3.7604606542014563,98,36.506
26,100,3.796966646388871,99,36.506
26,101,3.833472638576286,100,36.506
26,102,3.869978630763701,101,36.506
26,103,3.906484622951116,102,36.506
26,104,3.9429906151385308,103,36.506
26,105,3.9794966073259457,104,36.506
26,106,4.016002599513361,105,36.506
26,107,4.052508591700776,106,36.506
26,108,4.089014583888191,107,36.506
26,109,4.125520576075606,108,36.506
26,110,4.162026568263021,109,36.506
26,111,4.1985325604504355,110,36.506
26,112,4.2350385526378505,111,36.506
26,113,4.271544544825265,112,36.506
26,114,4.308106286320949,113,36.562
26,115,4.344668027816632,114,36.562
26,116,4.3812297693123154,115,36.562
26,117,4.417791510807999,116,36.562
26,118,4.454353252303682,117,36.562
26,119,4.4909149937993655,118,36.562
26,120,4.527476735295049,119,36.562
26,121,4.564038476790732,120,36.562
26,122,4.600600218286416,121,36.562
26,123,4.637161959782099,122,36.562
26,124,4.673723701277782,123,36.562
26,125,4.710285442773466,124,36.562
26,126,4.746847184269149,125,36.562
26,127,4.7834089257648325,126,36.562
26,128,4.819970667260516,127,36.562
27,1,0.19135430537861545,0,191.354
27,2,0.22768361245053415,1,36.329
27,3,0.2640129195224528,2,36.329
27,4,0.3003422265943715,3,36.329
27,5,0.33667153366629016,4,36.329
27,6,0.3730008407382088,5,36.329
27,7,0.4093301478101275,6,36.329
27,8,0.44565945488204617,7,36.329
27,9,0.48198876195396484,8,36.329
27,10,0.5183180690258835,9,36.329
27,11,0.5546473760978022,10,36.329
27,12,0.590976683169721,11,36.329
27,13,0.6273059902416397,12,36.329
27,14,0.6636352973135584,13,36.329
27,15,0.6999646043854771,14,36.329
27,16,0.7362939114573959,15,36.329
27,17,0.7726232185293146,16,36.329
27,18,0.8089525256012333,17,36.329
27,19,0.845281832673152,18,36.329
27,20,0.8816111397450708,19,36.329
27,21,0.9179404468169895,20,36.329
27,22,0.9542697538889082,21,36.329
27,23,0.990599060960827,22,36.329
27,24,1.0269283680327457,23,36.329
27,25,1.0632576751046643,24,36.329
27,26,1.099586982176583,25,36.329
27,27,1.1359162892485015,26,36.329
27,28,1.1722455963204201,27,36.329
27,29,1.2085749033923388,28,36.329
27,30,1.2449042104642574,29,36.329
27,31,1.281233517536176,30,36.329
27,32,1.3175628246080946,31,36.329
27,33,1.3538921316800132,32,36.329
27,34,1.3902214387519318,33,36.329
27,35,1.4265507458238504,34,36.329
27,36,1.462880052895769,35,36.329
27,37,1.4992093599676877,36,36.329
27,38,1.5355386670396063,37,36.329
27,39,1.571867974111525,38,36.329
27,40,1.6081972811834435,39,36.329
27,41,1.6445265882553621,40,36.329
27,42,1.6808558953272807,41,36.329
27,43,1.7171852023991994,42,36.329
27,44,1.753514509471118,43,36.329
27,45,1.7898438165430366,44,36.329
27,46,1.8261731236149552,45,36.329
27,47,1.8625024306868738,46,36.329
27,48,1.8988317377587924,47,36.329
27,49,1.935161044830711,48,36.329
27,50,1.971667037018126,49,36.506
27,51,2.008173029205541,50,36.506
27,52,2.0446790213929558,51,36.506
27,53,2.0811850135803707,52,36.506
27,54,2.1176910057677856,53,36.506
27,55,2.1541969979552005,54,36.506
27,56,2.1907029901426154,55,36.506
27,57,2.2272089823300303,56,36.506
27,58,2.263714974517445,57,36.506
27,59,2.30022096670486,58,36.506
27,60,2.336726958892275,59,36.506
27,61,2.37323295107969,60,36.506
27,62,2.409738943267105,61,36.506
27,63,2.4462449354545197,62,36.506
27,64,2.4827509276419346,63,36.506
27,65,2.5192569198293495,64,36.506
27,66,2.5557629120167644,65,36.506
27,67,2.5922689042041793,66,36.506
27,68,2.6287748963915942,67,36.506
27,69,2.665280888579009,68,36.506
27,70,2.701786880766424,69,36.506
27,71,2.738292872953839,70,36.506
27,72,2.774798865141254,71,36.506
27,73,2.8113048573286687,72,36.506
27,74,2.8478108495160837,73,36.506
27,75,2.8843168417034986,74,36.506
27,76,2.9208228338909135,75,36.506
27,77,2.9573288260783284,76,36.506
27,78,2.9938348182657433,77,36.506
27,79,3.030340810453158,78,36.506
27,80,3.066846802640573,79,36.506
27,81,3.103352794827988,80,36.506
27,82,3.139858787015403,81,36.506
27,83,3.176364779202818,82,36.506
27,84,3.2128707713902327,83,36.506
27,85,3.2493767635776476,84,36.506
27,86,3.2858827557650625,85,36.506
27,87,3.3223887479524774,86,36.506
27,88,3.3588947401398923,87,36.506
27,89,3.395400732327307,88,36.506
27,90,3.431906724514722,89,36.506
27,91,3.468412716702137,90,36.506
27,92,3.504918708889552,91,36.506
27,93,3.541424701076967,92,36.506
27,94,3.5779306932643817,93,36.506
27,95,3.6144366854517966,94,36.506
27,96,3.6509426776392115,95,36.506
27,97,3.6874486698266264,96,36.506
27,98,3.7239546620140414,97,36.506
27,99,3.7604606542014563,98,36.506
27,100,3.796966646388871,99,36.506
27,101,3.833472638576286,100,36.506
27,102,3.869978630763701,101,36.506
27,103,3.906484622951116,102,36.506
27,104,3.9429906151385308,103,36.506
27,105,3.9794966073259457,104,36.506
27,106,4.016002599513361,105,36.506
27,107,4.052508591700776,106,36.506
27,108,4.089014583888191,107,36.506
27,109,4.125520576075606,108,36.506
27,110,4.162026568263021,109,36.506
27,111,4.1985325604504355,110,36.506
27,112,4.2350385526378505,111,36.506
27,113,4.271544544825265,112,36.506
27,114,4.308106286320949,113,36.562
27,115,4.344668027816632,114,36.562
27,116,4.3812297693123154,115,36.562
27,117,4.417791510807999,116,36.562
27,118,4.454353252303682,117,36.562
27,119,4.4909149937993655,118,36.562
27,120,4.527476735295049,119,36.562
27,121,4.564038476790732,120,36.562
27,122,4.600600218286416,121,36.562
27,123,4.637161959782099,122,36.562
27,124,4.673723701277782,123,36.562
27,125,4.710285442773466,124,36.562
27,126,4.746847184269149,125,36.562
27,127,4.7834089257648325,126,36.562
27,128,4.819970667260516,127,36.562
28,1,0.19135430537861545,0,191.354
28,2,0.22768361245053415,1,36.329
28,3,0.2640129195224528,2,36.329
28,4,0.3003422265943715,3,36.329
28,5,0.33667153366629016,4,36.329
28,6,0.3730008407382088,5,36.329
28,7,0.4093301478101275,6,36.329
28,8,0.44565945488204617,7,36.329
28,9,0.48198876195396484,8,36.329
28,10,0.5183180690258835,9,36.329
28,11,0.5546473760978022,10,36.329
28,12,0.590976683169721,11,36.329
28,13,0.6273059902416397,12,36.329
28,14,0.6636352973135584,13,36.329
28,15,0.6999646043854771,14,36.329
28,16,0.7362939114573959,15,36.329
28,17,0.7726232185293146,16,36.329
28,18,0.8089525256012333,17,36.329
28,19,0.845281832673152,18,36.329
28,20,0.8816111397450708,19,36.329
28,21,0.9179404468169895,20,36.329
28,22,0.9542697538889082,21,36.329
28,23,0.990599060960827,22,36.329
28,24,1.0269283680327457,23,36.329
28,25,1.0632576751046643,24,36.329
28,26,1.099586982176583,25,36.329
28,27,1.1359162892485015,26,36.329
28,28,1.1722455963204201,27,36.329
28,29,1.2085749033923388,28,36.329
28,30,1.2449042104642574,29,36.329
28,31,1.281233517536176,30,36.329
28,32,1.3175628246080946,31,36.329
28,33,1.3538921316800132,32,36.329
28,34,1.3902214387519318,33,36.329
28,35,1.4265507458238504,34,36.329
28,36,1.462880052895769,35,36.329
28,37,1.4992093599676877,36,36.329
28,38,1.5355386670396063,37,36.329
28,39,1.571867974111525,38,36.329
28,40,1.6081972811834435,39,36.329
28,41,1.6445265882553621,40,36.329
28,42,1.6808558953272807,41,36.329
28,43,1.7171852023991994,42,36.329
28,44,1.753514509471118,43,36.329
28,45,1.7898438165430366,44,36.329
28,46,1.8261731236149552,45,36.329
28,47,1.8625024306868738,46,36.329
28,48,1.8988317377587924,47,36.329
28,49,1.935161044830711,48,36.329
28,50,1.971667037018126,49,36.506
28,51,2.008173029205541,50,36.506
28,52,2.0446790213929558,51,36.506
28,53,2.0811850135803707,52,36.506
28,54,2.1176910057677856,53,36.506
28,55,2.1541969979552005,54,36.506
28,56,2.1907029901426154,55,36.506
28,57,2.2272089823300303,56,36.506
28,58,2.263714974517445,57,36.506
28,59,2.30022096670486,58,36.506
28,60,2.336726958892275,59,36.506
28,61,2.37323295107969,60,36.506
28,62,2.409738943267105,61,36.506
28,63,2.4462449354545197,62,36.506
28,64,2.4827509276419346,63,36.506
28,65,2.5192569198293495,64,36.506
28,66,2.5557629120167644,65,36.506
28,67,2.5922689042041793,66,36.506
28,68,2.6287748963915942,67,36.506
28,69,2.665280888579009,68,36.506
28,70,2.701786880766424,69,36.506
28,71,2.738292872953839,70,36.506
28,72,2.774798865141254,71,36.506
28,73,2.8113048573286687,72,36.506
28,74,2.8478108495160837,73,36.506
28,75,2.8843168417034986,74,36.506
28,76,2.9208228338909135,75,36.506
28,77,2.9573288260783284,76,36.506
28,78,2.9938348182657433,77,36.506
28,79,3.030340810453158,78,36.506
28,80,3.066846802640573,79,36.506
28,81,3.103352794827988,80,36.506
28,82,3.139858787015403,81,36.506
28,83,3.176364779202818,82,36.506
28,84,3.2128707713902327,83,36.506
28,85,3.2493767635776476,84,36.506
28,86,3.2858827557650625,85,36.506
28,87,3.3223887479524774,86,36.506
28,88,3.3588947401398923,87,36.506
28,89,3.395400732327307,88,36.506
28,90,3.431906724514722,89,36.506
28,91,3.468412716702137,90,36.506
28,92,3.504918708889552,91,36.506
28,93,3.541424701076967,92,36.506
28,94,3.5779306932643817,93,36.506
28,95,3.6144366854517966,94,36.506
28,96,3.6509426776392115,95,36.506
28,97,3.6874486698266264,96,36.506
28,98,3.7239546620140414,97,36.506
28,99,3.7604606542014563,98,36.506
28,100,3.796966646388871,99,36.506
28,101,3.833472638576286,100,36.506
28,102,3.869978630763701,101,36.506
28,103,3.906484622951116,102,36.506
28,104,3.9429906151385308,103,36.506
28,105,3.9794966073259457,104,36.506
28,106,4.016002599513361,105,36.506
28,107,4.052508591700776,106,36.506
28,108,4.089014583888191,107,36.506
28,109,4.125520576075606,108,36.506
28,110,4.162026568263021,109,36.506
28,111,4.1985325604504355,110,36.506
28,112,4.2350385526378505,111,36.506
28,113,4.271544544825265,112,36.506
28,114,4.308106286320949,113,36.562
28,115,4.344668027816632,114,36.562
28,116,4.3812297693123154,115,36.562
28,117,4.417791510807999,116,36.562
28,118,4.454353252303682,117,36.562
28,119,4.4909149937993655,118,36.562
28,120,4.527476735295049,119,36.562
28,121,4.564038476790732,120,36.562
28,122,4.600600218286416,121,36.562
28,123,4.637161959782099,122,36.562
28,124,4.673723701277782,123,36.562
28,125,4.710285442773466,124,36.562
28,126,4.746847184269149,125,36.562
28,127,4.7834089257648325,126,36.562
28,128,4.819970667260516,127,36.562
29,1,0.19135430537861545,0,191.354
29,2,0.22768361245053415,1,36.329
29,3,0.2640129195224528,2,36.329
29,4,0.3003422265943715,3,36.329
29,5,0.33667153366629016,4,36.329
29,6,0.3730008407382088,5,36.329
29,7,0.4093301478101275,6,36.329
29,8,0.44565945488204617,7,36.329
29,9,0.48198876195396484,8,36.329
29,10,0.5183180690258835,9,36.329
29,11,0.5546473760978022,10,36.329
29,12,0.590976683169721,11,36.329
29,13,0.6273059902416397,12,36.329
29,14,0.6636352973135584,13,36.329
29,15,0.6999646043854771,14,36.329
29,16,0.7362939114573959,15,36.329
29,17,0.7726232185293146,16,36.329
29,18,0.8089525256012333,17,36.329
29,19,0.845281832673152,18,36.329
29,20,0.8816111397450708,19,36.329
29,21,0.9179404468169895,20,36.329
29,22,0.9542697538889082,21,36.329
29,23,0.990599060960827,22,36.329
29,24,1.0269283680327457,23,36.329
29,25,1.0632576751046643,24,36.329
29,26,1.099586982176583,25,36.329
29,27,1.1359162892485015,26,36.329
29,28,1.1722455963204201,27,36.329
29,29,1.2085749033923388,28,36.329
29,30,1.2449042104642574,29,36.329
29,31,1.281233517536176,30,36.329
29,32,1.3175628246080946,31,36.329
29,33,1.3538921316800132,32,36.329
29,34,1.3902214387519318,33,36.329
29,35,1.4265507458238504,34,36.329
29,36,1.462880052895769,35,36.329
29,37,1.4992093599676877,36,36.329
29,38,1.5355386670396063,37,36.329
29,39,1.571867974111525,38,36.329
29,40,1.6081972811834435,39,36.329
29,41,1.6445265882553621,40,36.329
29,42,1.6808558953272807,41,36.329
29,43,1.7171852023991994,42,36.329
29,44,1.753514509471118,43,36.329
29,45,1.7898438165430366,44,36.329
29,46,1.8261731236149552,45,36.329
29,47,1.8625024306868738,46,36.329
29,48,1.8988317377587924,47,36.329
29,49,1.935161044830711,48,36.329
29,50,1.971667037018126,49,36.506
29,51,2.008173029205541,50,36.506
29,52,2.0446790213929558,51,36.506
29,53,2.0811850135803707,52,36.506
29,54,2.1176910057677856,53,36.506
29,55,2.1541969979552005,54,36.506
29,56,2.1907029901426154,55,36.506
29,57,2.2272089823300303,56,36.506
29,58,2.263714974517445,57,36.506
29,59,2.30022096670486,58,36.506
29,60,2.336726958892275,59,36.506
29,61,2.37323295107969,60,36.506
29,62,2.409738943267105,61,36.506
29,63,2.4462449354545197,62,36.506
29,64,2.4827509276419346,63,36.506
29,65,2.5192569198293495,64,36.506
29,66,2.5557629120167644,65,36.506
29,67,2.5922689042041793,66,36.506
29,68,2.6287748963915942,67,36.506
29,69,2.665280888579009,68,36.506
29,70,2.701786880766424,69,36.506
29,71,2.738292872953839,70,36.506
29,72,2.774798865141254,71,36.506
29,73,2.8113048573286687,72,36.506
29,74,2.8478108495160837,73,36.506
29,75,2.8843168417034986,74,36.506
29,76,2.9208228338909135,75,36.506
29,77,2.9573288260783284,76,36.506
29,78,2.9938348182657433,77,36.506
29,79,3.030340810453158,78,36.506
29,80,3.066846802640573,79,36.506
29,81,3.103352794827988,80,36.506
29,82,3.139858787015403,81,36.506
29,83,3.176364779202818,82,36.506
29,84,3.2128707713902327,83,36.506
29,85,3.2493767635776476,84,36.506
29,86,3.2858827557650625,85,36.506
29,87,3.3223887479524774,86,36.506
29,88,3.3588947401398923,87,36.506
29,89,3.395400732327307,88,36.506
29,90,3.431906724514722,89,36.506
29,91,3.468412716702137,90,36.506
29,92,3.504918708889552,91,36.506
29,93,3.541424701076967,92,36.506
29,94,3.5779306932643817,93,36.506
29,95,3.6144366854517966,94,36.506
29,96,3.6509426776392115,95,36.506
29,97,3.6874486698266264,96,36.506
29,98,3.7239546620140414,97,36.506
29,99,3.7604606542014563,98,36.506
29,100,3.796966646388871,99,36.506
29,101,3.833472638576286,100,36.506
29,102,3.869978630763701,101,36.506
29,103,3.906484622951116,102,36.506
29,104,3.9429906151385308,103,36.506
29,105,3.9794966073259457,104,36.506
29,106,4.016002599513361,105,36.506
29,107,4.052508591700776,106,36.506
29,108,4.089014583888191,107,36.506
29,109,4.125520576075606,108,36.506
29,110,4.162026568263021,109,36.506
29,111,4.1985325604504355,110,36.506
29,112,4.2350385526378505,111,36.506
29,113,4.271544544825265,112,36.506
29,114,4.308106286320949,113,36.562
29,115,4.344668027816632,114,36.562
29,116,4.3812297693123154,115,36.562
29,117,4.417791510807999,116,36.562
29,118,4.454353252303682,117,36.562
29,119,4.4909149937993655,118,36.562
29,120,4.527476735295049,119,36.562
29,121,4.564038476790732,120,36.562
29,122,4.600600218286416,121,36.562
29,123,4.637161959782099,122,36.562
29,124,4.673723701277782,123,36.562
29,125,4.710285442773466,124,36.562
29,126,4.746847184269149,125,36.562
29,127,4.7834089257648325,126,36.562
29,128,4.819970667260516,127,36.562
30,1,0.19135430537861545,0,191.354
30,2,0.22768361245053415,1,36.329
30,3,0.2640129195224528,2,36.329
30,4,0.3003422265943715,3,36.329
30,5,0.33667153366629016,4,36.329
30,6,0.3730008407382088,5,36.329
30,7,0.4093301478101275,6,36.329
30,8,0.44565945488204617,7,36.329
30,9,0.48198876195396484,8,36.329
30,10,0.5183180690258835,9,36.329
30,11,0.5546473760978022,10,36.329
30,12,0.590976683169721,11,36.329
30,13,0.6273059902416397,12,36.329
30,14,0.6636352973135584,13,36.329
30,15,0.6999646043854771,14,36.329
30,16,0.7362939114573959,15,36.329
30,17,0.7726232185293146,16,36.329
30,18,0.8089525256012333,17,36.329
30,19,0.845281832673152,18,36.329
30,20,0.8816111397450708,19,36.329
30,21,0.9179404468169895,20,36.329
30,22,0.9542697538889082,21,36.329
30,23,0.990599060960827,22,36.329
30,24,1.0269283680327457,23,36.329
30,25,1.0632576751046643,24,36.329
30,26,1.099586982176583,25,36.329
30,27,1.1359162892485015,26,36.329
30,28,1.1722455963204201,27,36.329
30,29,1.2085749033923388,28,36.329
30,30,1.2449042104642574,29,36.329
30,31,1.281233517536176,30,36.329
30,32,1.3175628246080946,31,36.329
30,33,1.3538921316800132,32,36.329
30,34,1.3902214387519318,33,36.329
30,35,1.4265507458238504,34,36.329
30,36,1.462880052895769,35,36.329
30,37,1.4992093599676877,36,36.329
30,38,1.5355386670396063,37,36.329
30,39,1.571867974111525,38,36.329
30,40,1.6081972811834435,39,36.329
30,41,1.6445265882553621,40,36.329
30,42,1.6808558953272807,41,36.329
30,43,1.7171852023991994,42,36.329
30,44,1.753514509471118,43,36.329
30,45,1.7898438165430366,44,36.329
30,46,1.8261731236149552,45,36.329
30,47,1.8625024306868738,46,36.329
30,48,1.8988317377587924,47,36.329
30,49,1.935161044830711,48,36.329
30,50,1.971667037018126,49,36.506
30,51,2.008173029205541,50,36.506
30,52,2.0446790213929558,51,36.506
30,53,2.0811850135803707,52,36.506
30,54,2.1176910057677856,53,36.506
30,55,2.1541969979552005,54,36.506
30,56,2.1907029901426154,55,36.506
30,57,2.2272089823300303,56,36.506
30,58,2.263714974517445,57,36.506
30,59,2.30022096670486,58,36.506
30,60,2.336726958892275,59,36.506
30,61,2.37323295107969,60,36.506
30,62,2.409738943267105,61,36.506
30,63,2.4462449354545197,62,36.506
30,64,2.4827509276419346,63,36.506
30,65,2.5192569198293495,64,36.506
30,66,2.5557629120167644,65,36.506
30,67,2.5922689042041793,66,36.506
30,68,2.6287748963915942,67,36.506
30,69,2.665280888579009,68,36.506
30,70,2.701786880766424,69,36.506
30,71,2.738292872953839,70,36.506
30,72,2.774798865141254,71,36.506
30,73,2.8113048573286687,72,36.506
30,74,2.8478108495160837,73,36.506
30,75,2.8843168417034986,74,36.506
30,76,2.9208228338909135,75,36.506
30,77,2.9573288260783284,76,36.506
30,78,2.9938348182657433,77,36.506
30,79,3.030340810453158,78,36.506
30,80,3.066846802640573,79,36.506
30,81,3.103352794827988,80,36.506
30,82,3.139858787015403,81,36.506
30,83,3.176364779202818,82,36.506
30,84,3.2128707713902327,83,36.506
30,85,3.2493767635776476,84,36.506
30,86,3.2858827557650625,85,36.506
30,87,3.3223887479524774,86,36.506
30,88,3.3588947401398923,87,36.506
30,89,3.395400732327307,88,36.506
30,90,3.431906724514722,89,36.506
30,91,3.468412716702137,90,36.506
30,92,3.504918708889552,91,36.506
30,93,3.541424701076967,92,36.506
30,94,3.5779306932643817,93,36.506
30,95,3.6144366854517966,94,36.506
30,96,3.6509426776392115,95,36.506
30,97,3.6874486698266264,96,36.506
30,98,3.7239546620140414,97,36.506
30,99,3.7604606542014563,98,36.506
30,100,3.796966646388871,99,36.506
30,101,3.833472638576286,100,36.506
30,102,3.869978630763701,101,36.506
30,103,3.906484622951116,102,36.506
30,104,3.9429906151385308,103,36.506
30,105,3.9794966073259457,104,36.506
30,106,4.016002599513361,105,36.506
30,107,4.052508591700776,106,36.506
30,108,4.089014583888191,107,36.506
30,109,4.125520576075606,108,36.506
30,110,4.162026568263021,109,36.506
30,111,4.1985325604504355,110,36.506
30,112,4.2350385526378505,111,36.506
30,113,4.271544544825265,112,36.506
30,114,4.308106286320949,113,36.562
30,115,4.344668027816632,114,36.562
30,116,4.3812297693123154,115,36.562
30,117,4.417791510807999,116,36.562
30,118,4.454353252303682,117,36.562
30,119,4.4909149937993655,118,36.562
30,120,4.527476735295049,119,36.562
30,121,4.564038476790732,120,36.562
30,122,4.600600218286416,121,36.562
30,123,4.637161959782099,122,36.562
30,124,4.673723701277782,123,36.562
30,125,4.710285442773466,124,36.562
30,126,4.746847184269149,125,36.562
30,127,4.7834089257648325,126,36.562
30,128,4.819970667260516,127,36.562
31,1,0.19135430537861545,0,191.354
31,2,0.22768361245053415,1,36.329
31,3,0.2640129195224528,2,36.329
31,4,0.3003422265943715,3,36.329
31,5,0.33667153366629016,4,36.329
31,6,0.3730008407382088,5,36.329
31,7,0.4093301478101275,6,36.329
31,8,0.44565945488204617,7,36.329
31,9,0.48198876195396484,8,36.329
31,10,0.5183180690258835,9,36.329
31,11,0.5546473760978022,10,36.329
31,12,0.590976683169721,11,36.329
31,13,0.6273059902416397,12,36.329
31,14,0.6636352973135584,13,36.329
31,15,0.6999646043854771,14,36.329
31,16,0.7362939114573959,15,36.329
31,17,0.7726232185293146,16,36.329
31,18,0.8089525256012333,17,36.329
31,19,0.845281832673152,18,36.329
31,20,0.8816111397450708,19,36.329
31,21,0.9179404468169895,20,36.329
31,22,0.9542697538889082,21,36.329
31,23,0.990599060960827,22,36.329
31,24,1.0269283680327457,23,36.329
31,25,1.0632576751046643,24,36.329
31,26,1.099586982176583,25,36.329
31,27,1.1359162892485015,26,36.329
31,28,1.1722455963204201,27,36.329
31,29,1.2085749033923388,28,36.329
31,30,1.2449042104642574,29,36.329
31,31,1.281233517536176,30,36.329
31,32,1.3175628246080946,31,36.329
31,33,1.3538921316800132,32,36.329
31,34,1.3902214387519318,33,36.329
31,35,1.4265507458238504,34,36.329
31,36,1.462880052895769,35,36.329
31,37,1.4992093599676877,36,36.329
31,38,1.5355386670396063,37,36.329
31,39,1.571867974111525,38,36.329
31,40,1.6081972811834435,39,36.329
31,41,1.6445265882553621,40,36.329
31,42,1.6808558953272807,41,36.329
31,43,1.7171852023991994,42,36.329
31,44,1.753514509471118,43,36.329
31,45,1.7898438165430366,44,36.329
31,46,1.8261731236149552,45,36.329
31,47,1.8625024306868738,46,36.329
31,48,1.8988317377587924,47,36.329
31,49,1.935161044830711,48,36.329
31,50,1.971667037018126,49,36.506
31,51,2.008173029205541,50,36.506
31,52,2.0446790213929558,51,36.506
31,53,2.0811850135803707,52,36.506
31,54,2.1176910057677856,53,36.506
31,55,2.1541969979552005,54,36.506
31,56,2.1907029901426154,55,36.506
31,57,2.2272089823300303,56,36.506
31,58,2.263714974517445,57,36.506
31,59,2.30022096670486,58,36.506
31,60,2.336726958892275,59,36.506
31,61,2.37323295107969,60,36.506
31,62,2.409738943267105,61,36.506
31,63,2.4462449354545197,62,36.506
31,64,2.4827509276419346,63,36.506
31,65,2.5192569198293495,64,36.506
31,66,2.5557629120167644,65,36.506
31,67,2.5922689042041793,66,36.506
31,68,2.6287748963915942,67,36.506
31,69,2.665280888579009,68,36.506
31,70,2.701786880766424,69,36.506
31,71,2.738292872953839,70,36.506
31,72,2.774798865141254,71,36.506
31,73,2.8113048573286687,72,36.506
31,74,2.8478108495160837,73,36.506
31,75,2.8843168417034986,74,36.506
31,76,2.9208228338909135,75,36.506
31,77,2.9573288260783284,76,36.506
31,78,2.9938348182657433,77,36.506
31,79,3.030340810453158,78,36.506
31,80,3.066846802640573,79,36.506
31,81,3.103352794827988,80,36.506
31,82,3.139858787015403,81,36.506
31,83,3.176364779202818,82,36.506
31,84,3.2128707713902327,83,36.506
31,85,3.2493767635776476,84,36.506
31,86,3.2858827557650625,85,36.506
31,87,3.3223887479524774,86,36.506
31,88,3.3588947401398923,87,36.506
31,89,3.395400732327307,88,36.506
31,90,3.431906724514722,89,36.506
31,91,3.468412716702137,90,36.506
31,92,3.504918708889552,91,36.506
31,93,3.541424701076967,92,36.506
31,94,3.5779306932643817,93,36.506
31,95,3.6144366854517966,94,36.506
31,96,3.6509426776392115,95,36.506
31,97,3.6874486698266264,96,36.506
31,98,3.7239546620140414,97,36.506
31,99,3.7604606542014563,98,36.506
31,100,3.796966646388871,99,36.506
31,101,3.833472638576286,100,36.506
31,102,3.869978630763701,101,36.506
31,103,3.906484622951116,102,36.506
31,104,3.9429906151385308,103,36.506
31,105,3.9794966073259457,104,36.506
31,106,4.016002599513361,105,36.506
31,107,4.052508591700776,106,36.506
31,108,4.089014583888191,107,36.506
31,109,4.125520576075606,108,36.506
31,110,4.162026568263021,109,36.506
31,111,4.1985325604504355,110,36.506
31,112,4.2350385526378505,111,36.506
31,113,4.271544544825265,112,36.506
31,114,4.308106286320949,113,36.562
31,115,4.344668027816632,114,36.562
31,116,4.3812297693123154,115,36.562
31,117,4.417791510807999,116,36.562
31,118,4.454353252303682,117,36.562
31,119,4.4909149937993655,118,36.562
31,120,4.527476735295049,119,36.562
31,121,4.564038476790732,120,36.562
31,122,4.600600218286416,121,36.562
31,123,4.637161959782099,122,36.562
31,124,4.673723701277782,123,36.562
31,125,4.710285442773466,124,36.562
31,126,4.746847184269149,125,36.562
31,127,4.7834089257648325,126,36.562
31,128,4.819970667260516,127,36.562
32,1,0.19135430537861545,0,191.354
32,2,0.22768361245053415,1,36.329
32,3,0.2640129195224528,2,36.329
32,4,0.3003422265943715,3,36.329
32,5,0.33667153366629016,4,36.329
32,6,0.3730008407382088,5,36.329
32,7,0.4093301478101275,6,36.329
32,8,0.44565945488204617,7,36.329
32,9,0.48198876195396484,8,36.329
32,10,0.5183180690258835,9,36.329
32,11,0.5546473760978022,10,36.329
32,12,0.590976683169721,11,36.329
32,13,0.6273059902416397,12,36.329
32,14,0.6636352973135584,13,36.329
32,15,0.6999646043854771,14,36.329
32,16,0.7362939114573959,15,36.329
32,17,0.7726232185293146,16,36.329
32,18,0.8089525256012333,17,36.329
32,19,0.845281832673152,18,36.329
32,20,0.8816111397450708,19,36.329
32,21,0.9179404468169895,20,36.329
32,22,0.9542697538889082,21,36.329
32,23,0.990599060960827,22,36.329
32,24,1.0269283680327457,23,36.329
32,25,1.0632576751046643,24,36.329
32,26,1.099586982176583,25,36.329
32,27,1.1359162892485015,26,36.329
32,28,1.1722455963204201,27,36.329
32,29,1.2085749033923388,28,36.329
32,30,1.2449042104642574,29,36.329
32,31,1.281233517536176,30,36.329
32,32,1.3175628246080946,31,36.329
32,33,1.3538921316800132,32,36.329
32,34,1.3902214387519318,33,36.329
32,35,1.4265507458238504,34,36.329
32,36,1.462880052895769,35,36.329
32,37,1.4992093599676877,36,36.329
32,38,1.5355386670396063,37,36.329
32,39,1.571867974111525,38,36.329
32,40,1.6081972811834435,39,36.329
32,41,1.6445265882553621,40,36.329
32,42,1.6808558953272807,41,36.329
32,43,1.7171852023991994,42,36.329
32,44,1.753514509471118,43,36.329
32,45,1.7898438165430366,44,36.329
32,46,1.8261731236149552,45,36.329
32,47,1.8625024306868738,46,36.329
32,48,1.8988317377587924,47,36.329
32,49,1.935161044830711,48,36.329
32,50,1.971667037018126,49,36.506
32,51,2.008173029205541,50,36.506
32,52,2.0446790213929558,51,36.506
32,53,2.0811850135803707,52,36.506
32,54,2.1176910057677856,53,36.506
32,55,2.1541969979552005,54,36.506
32,56,2.1907029901426154,55,36.506
32,57,2.2272089823300303,56,36.506
32,58,2.263714974517445,57,36.506
32,59,2.30022096670486,58,36.506
32,60,2.336726958892275,59,36.506
32,61,2.37323295107969,60,36.506
32,62,2.409738943267105,61,36.506
32,63,2.4462449354545197,62,36.506
32,64,2.4827509276419346,63,36.506
32,65,2.5192569198293495,64,36.506
32,66,2.5557629120167644,65,36.506
32,67,2.5922689042041793,66,36.506
32,68,2.6287748963915942,67,36.506
32,69,2.665280888579009,68,36.506
32,70,2.701786880766424,69,36.506
32,71,2.738292872953839,70,36.506
32,72,2.774798865141254,71,36.506
32,73,2.8113048573286687,72,36.506
32,74,2.8478108495160837,73,36.506
32,75,2.8843168417034986,74,36.506
32,76,2.9208228338909135,75,36.506
32,77,2.9573288260783284,76,36.506
32,78,2.9938348182657433,77,36.506
32,79,3.030340810453158,78,36.506
32,80,3.066846802640573,79,36.506
32,81,3.103352794827988,80,36.506
32,82,3.139858787015403,81,36.506
32,83,3.176364779202818,82,36.506
32,84,3.2128707713902327,83,36.506
32,85,3.2493767635776476,84,36.506
32,86,3.2858827557650625,85,36.506
32,87,3.3223887479524774,86,36.506
32,88,3.3588947401398923,87,36.506
32,89,3.395400732327307,88,36.506
32,90,3.431906724514722,89,36.506
32,91,3.468412716702137,90,36.506
32,92,3.504918708889552,91,36.506
32,93,3.541424701076967,92,36.506
32,94,3.5779306932643817,93,36.506
32,95,3.6144366854517966,94,36.506
32,96,3.6509426776392115,95,36.506
32,97,3.6874486698266264,96,36.506
32,98,3.7239546620140414,97,36.506
32,99,3.7604606542014563,98,36.506
32,100,3.796966646388871,99,36.506
32,101,3.833472638576286,100,36.506
32,102,3.869978630763701,101,36.506
32,103,3.906484622951116,102,36.506
32,104,3.9429906151385308,103,36.506
32,105,3.9794966073259457,104,36.506
32,106,4.016002599513361,105,36.506
32,107,4.052508591700776,106,36.506
32,108,4.089014583888191,107,36.506
32,109,4.125520576075606,108,36.506
32,110,4.162026568263021,109,36.506
32,111,4.1985325604504355,110,36.506
32,112,4.2350385526378505,111,36.506
32,113,4.271544544825265,112,36.506
32,114,4.308106286320949,113,36.562
32,115,4.344668027816632,114,36.562
32,116,4.3812297693123154,115,36.562
32,117,4.417791510807999,116,36.562
32,118,4.454353252303682,117,36.562
32,119,4.4909149937993655,118,36.562
32,120,4.527476735295049,119,36.562
32,121,4.564038476790732,120,36.562
32,122,4.600600218286416,121,36.562
32,123,4.637161959782099,122,36.562
32,124,4.673723701277782,123,36.562
32,125,4.710285442773466,124,36.562
32,126,4.746847184269149,125,36.562
32,127,4.7834089257648325,126,36.562
32,128,4.819970667260516,127,36.562
33,1,0.19135430537861545,0,191.354
33,2,0.22768361245053415,1,36.329
33,3,0.2640129195224528,2,36.329
33,4,0.3003422265943715,3,36.329
33,5,0.33667153366629016,4,36.329
33,6,0.3730008407382088,5,36.329
33,7,0.4093301478101275,6,36.329
33,8,0.44565945488204617,7,36.329
33,9,0.48198876195396484,8,36.329
33,10,0.5183180690258835,9,36.329
33,11,0.5546473760978022,10,36.329
33,12,0.590976683169721,11,36.329
33,13,0.6273059902416397,12,36.329
33,14,0.6636352973135584,13,36.329
33,15,0.6999646043854771,14,36.329
33,16,0.7362939114573959,15,36.329
33,17,0.7726232185293146,16,36.329
33,18,0.8089525256012333,17,36.329
33,19,0.845281832673152,18,36.329
33,20,0.8816111397450708,19,36.329
33,21,0.9179404468169895,20,36.329
33,22,0.9542697538889082,21,36.329
33,23,0.990599060960827,22,36.329
33,24,1.0269283680327457,23,36.329
33,25,1.0632576751046643,24,36.329
33,26,1.099586982176583,25,36.329
33,27,1.1359162892485015,26,36.329
33,28,1.1722455963204201,27,36.329
33,29,1.2085749033923388,28,36.329
33,30,1.2449042104642574,29,36.329
33,31,1.281233517536176,30,36.329
33,32,1.3175628246080946,31,36.329
33,33,1.3538921316800132,32,36.329
33,34,1.3902214387519318,33,36.329
33,35,1.4265507458238504,34,36.329
33,36,1.462880052895769,35,36.329
33,37,1.4992093599676877,36,36.329
33,38,1.5355386670396063,37,36.329
33,39,1.571867974111525,38,36.329
33,40,1.6081972811834435,39,36.329
33,41,1.6445265882553621,40,36.329
33,42,1.6808558953272807,41,36.329
33,43,1.7171852023991994,42,36.329
33,44,1.753514509471118,43,36.329
33,45,1.7898438165430366,44,36.329
33,46,1.8261731236149552,45,36.329
33,47,1.8625024306868738,46,36.329
33,48,1.8988317377587924,47,36.329
33,49,1.935161044830711,48,36.329
33,50,1.971667037018126,49,36.506
33,51,2.008173029205541,50,36.506
33,52,2.0446790213929558,51,36.506
33,53,2.0811850135803707,52,36.506
33,54,2.1176910057677856,53,36.506
33,55,2.1541969979552005,54,36.506
33,56,2.1907029901426154,55,36.506
33,57,2.2272089823300303,56,36.506
33,58,2.263714974517445,57,36.506
33,59,2.30022096670486,58,36.506
33,60,2.336726958892275,59,36.506
33,61,2.37323295107969,60,36.506
33,62,2.409738943267105,61,36.506
33,63,2.4462449354545197,62,36.506
33,64,2.4827509276419346,63,36.506
33,65,2.5192569198293495,64,36.506
33,66,2.5557629120167644,65,36.506
33,67,2.5922689042041793,66,36.506
33,68,2.6287748963915942,67,36.506
33,69,2.665280888579009,68,36.506
33,70,2.701786880766424,69,36.506
33,71,2.738292872953839,70,36.506
33,72,2.774798865141254,71,36.506
33,73,2.8113048573286687,72,36.506
33,74,2.8478108495160837,73,36.506
33,75,2.8843168417034986,74,36.506
33,76,2.9208228338909135,75,36.506
33,77,2.9573288260783284,76,36.506
33,78,2.9938348182657433,77,36.506
33,79,3.030340810453158,78,36.506
33,80,3.066846802640573,79,36.506
33,81,3.103352794827988,80,36.506
33,82,3.139858787015403,81,36.506
33,83,3.176364779202818,82,36.506
33,84,3.2128707713902327,83,36.506
33,85,3.2493767635776476,84,36.506
33,86,3.2858827557650625,85,36.506
33,87,3.3223887479524774,86,36.506
33,88,3.3588947401398923,87,36.506
33,89,3.395400732327307,88,36.506
33,90,3.431906724514722,89,36.506
33,91,3.468412716702137,90,36.506
33,92,3.504918708889552,91,36.506
33,93,3.541424701076967,92,36.506
33,94,3.5779306932643817,93,36.506
33,95,3.6144366854517966,94,36.506
33,96,3.6509426776392115,95,36.506
33,97,3.6874486698266264,96,36.506
33,98,3.7239546620140414,97,36.506
33,99,3.7604606542014563,98,36.506
33,100,3.796966646388871,99,36.506
33,101,3.833472638576286,100,36.506
33,102,3.869978630763701,101,36.506
33,103,3.906484622951116,102,36.506
33,104,3.9429906151385308,103,36.506
33,105,3.9794966073259457,104,36.506
33,106,4.016002599513361,105,36.506
33,107,4.052508591700776,106,36.506
33,108,4.089014583888191,107,36.506
33,109,4.125520576075606,108,36.506
33,110,4.162026568263021,109,36.506
33,111,4.1985325604504355,110,36.506
33,112,4.2350385526378505,111,36.506
33,113,4.271544544825265,112,36.506
33,114,4.308106286320949,113,36.562
33,115,4.344668027816632,114,36.562
33,116,4.3812297693123154,115,36.562
33,117,4.417791510807999,116,36.562
33,118,4.454353252303682,117,36.562
33,119,4.4909149937993655,118,36.562
33,120,4.527476735295049,119,36.562
33,121,4.564038476790732,120,36.562
33,122,4.600600218286416,121,36.562
33,123,4.637161959782099,122,36.562
33,124,4.673723701277782,123,36.562
33,125,4.710285442773466,124,36.562
33,126,4.746847184269149,125,36.562
33,127,4.7834089257648325,126,36.562
33,128,4.819970667260516,127,36.562
34,1,0.19135430537861545,0,191.354
34,2,0.22768361245053415,1,36.329
34,3,0.2640129195224528,2,36.329
34,4,0.3003422265943715,3,36.329
34,5,0.33667153366629016,4,36.329
34,6,0.3730008407382088,5,36.329
34,7,0.4093301478101275,6,36.329
34,8,0.44565945488204617,7,36.329
34,9,0.48198876195396484,8,36.329
34,10,0.5183180690258835,9,36.329
34,11,0.5546473760978022,10,36.329
34,12,0.590976683169721,11,36.329
34,13,0.6273059902416397,12,36.329
34,14,0.6636352973135584,13,36.329
34,15,0.6999646043854771,14,36.329
34,16,0.7362939114573959,15,36.329
34,17,0.7726232185293146,16,36.329
34,18,0.8089525256012333,17,36.329
34,19,0.845281832673152,18,36.329
34,20,0.8816111397450708,19,36.329
34,21,0.9179404468169895,20,36.329
34,22,0.9542697538889082,21,36.329
34,23,0.990599060960827,22,36.329
34,24,1.0269283680327457,23,36.329
34,25,1.0632576751046643,24,36.329
34,26,1.099586982176583,25,36.329
34,27,1.1359162892485015,26,36.329
34,28,1.1722455963204201,27,36.329
34,29,1.2085749033923388,28,36.329
34,30,1.2449042104642574,29,36.329
34,31,1.281233517536176,30,36.329
34,32,1.3175628246080946,31,36.329
34,33,1.3538921316800132,32,36.329
34,34,1.3902214387519318,33,36.329
34,35,1.4265507458238504,34,36.329
34,36,1.462880052895769,35,36.329
34,37,1.4992093599676877,36,36.329
34,38,1.5355386670396063,37,36.329
34,39,1.571867974111525,38,36.329
34,40,1.6081972811834435,39,36.329
34,41,1.6445265882553621,40,36.329
34,42,1.6808558953272807,41,36.329
34,43,1.7171852023991994,42,36.329
34,44,1.753514509471118,43,36.329
34,45,1.7898438165430366,44,36.329
34,46,1.8261731236149552,45,36.329
34,47,1.8625024306868738,46,36.329
34,48,1.8988317377587924,47,36.329
34,49,1.935161044830711,48,36.329
34,50,1.971667037018126,49,36.506
34,51,2.008173029205541,50,36.506
34,52,2.0446790213929558,51,36.506
34,53,2.0811850135803707,52,36.506
34,54,2.1176910057677856,53,36.506
34,55,2.1541969979552005,54,36.506
34,56,2.1907029901426154,55,36.506
34,57,2.2272089823300303,56,36.506
34,58,2.263714974517445,57,36.506
34,59,2.30022096670486,58,36.506
34,60,2.336726958892275,59,36.506
34,61,2.37323295107969,60,36.506
34,62,2.409738943267105,61,36.506
34,63,2.4462449354545197,62,36.506
34,64,2.4827509276419346,63,36.506
34,65,2.5192569198293495,64,36.506
34,66,2.5557629120167644,65,36.506
34,67,2.5922689042041793,66,36.506
34,68,2.6287748963915942,67,36.506
34,69,2.665280888579009,68,36.506
34,70,2.701786880766424,69,36.506
34,71,2.738292872953839,70,36.506
34,72,2.774798865141254,71,36.506
34,73,2.8113048573286687,72,36.506
34,74,2.8478108495160837,73,36.506
34,75,2.8843168417034986,74,36.506
34,76,2.9208228338909135,75,36.506
34,77,2.9573288260783284,76,36.506
34,78,2.9938348182657433,77,36.506
34,79,3.030340810453158,78,36.506
34,80,3.066846802640573,79,36.506
34,81,3.103352794827988,80,36.506
34,82,3.139858787015403,81,36.506
34,83,3.176364779202818,82,36.506
34,84,3.2128707713902327,83,36.506
34,85,3.2493767635776476,84,36.506
34,86,3.2858827557650625,85,36.506
34,87,3.3223887479524774,86,36.506
34,88,3.3588947401398923,87,36.506
34,89,3.395400732327307,88,36.506
34,90,3.431906724514722,89,36.506
34,91,3.468412716702137,90,36.506
34,92,3.504918708889552,91,36.506
34,93,3.541424701076967,92,36.506
34,94,3.5779306932643817,93,36.506
34,95,3.6144366854517966,94,36.506
34,96,3.6509426776392115,95,36.506
34,97,3.6874486698266264,96,36.506
34,98,3.7239546620140414,97,36.506
34,99,3.7604606542014563,98,36.506
34,100,3.796966646388871,99,36.506
34,101,3.833472638576286,100,36.506
34,102,3.869978630763701,101,36.506
34,103,3.906484622951116,102,36.506
34,104,3.9429906151385308,103,36.506
34,105,3.9794966073259457,104,36.506
34,106,4.016002599513361,105,36.506
34,107,4.052508591700776,106,36.506
34,108,4.089014583888191,107,36.506
34,109,4.125520576075606,108,36.506
34,110,4.162026568263021,109,36.506
34,111,4.1985325604504355,110,36.506
34,112,4.2350385526378505,111,36.506
34,113,4.271544544825265,112,36.506
34,114,4.308106286320949,113,36.562
34,115,4.344668027816632,114,36.562
34,116,4.3812297693123154,115,36.562
34,117,4.417791510807999,116,36.562
34,118,4.454353252303682,117,36.562
34,119,4.4909149937993655,118,36.562
34,120,4.527476735295049,119,36.562
34,121,4.564038476790732,120,36.562
34,122,4.600600218286416,121,36.562
34,123,4.637161959782099,122,36.562
34,124,4.673723701277782,123,36.562
34,125,4.710285442773466,124,36.562
34,126,4.746847184269149,125,36.562
34,127,4.7834089257648325,126,36.562
34,128,4.819970667260516,127,36.562
35,1,0.19135430537861545,0,191.354
35,2,0.22768361245053415,1,36.329
35,3,0.2640129195224528,2,36.329
35,4,0.3003422265943715,3,36.329
35,5,0.33667153366629016,4,36.329
35,6,0.3730008407382088,5,36.329
35,7,0.4093301478101275,6,36.329
35,8,0.44565945488204617,7,36.329
35,9,0.48198876195396484,8,36.329
35,10,0.5183180690258835,9,36.329
35,11,0.5546473760978022,10,36.329
35,12,0.590976683169721,11,36.329
35,13,0.6273059902416397,12,36.329
35,14,0.6636352973135584,13,36.329
35,15,0.6999646043854771,14,36.329
35,16,0.7362939114573959,15,36.329
35,17,0.7726232185293146,16,36.329
35,18,0.8089525256012333,17,36.329
35,19,0.845281832673152,18,36.329
35,20,0.8816111397450708,19,36.329
35,21,0.9179404468169895,20,36.329
35,22,0.9542697538889082,21,36.329
35,23,0.990599060960827,22,36.329
35,24,1.0269283680327457,23,36.329
35,25,1.0632576751046643,24,36.329
35,26,1.099586982176583,25,36.329
35,27,1.1359162892485015,26,36.329
35,28,1.1722455963204201,27,36.329
35,29,1.2085749033923388,28,36.329
35,30,1.2449042104642574,29,36.329
35,31,1.281233517536176,30,36.329
35,32,1.3175628246080946,31,36.329
35,33,1.3538921316800132,32,36.329
35,34,1.3902214387519318,33,36.329
35,35,1.4265507458238504,34,36.329
35,36,1.462880052895769,35,36.329
35,37,1.4992093599676877,36,36.329
35,38,1.5355386670396063,37,36.329
35,39,1.571867974111525,38,36.329
35,40,1.6081972811834435,39,36.329
35,41,1.6445265882553621,40,36.329
35,42,1.6808558953272807,41,36.329
35,43,1.7171852023991994,42,36.329
35,44,1.753514509471118,43,36.329
35,45,1.7898438165430366,44,36.329
35,46,1.8261731236149552,45,36.329
35,47,1.8625024306868738,46,36.329
35,48,1.8988317377587924,47,36.329
35,49,1.935161044830711,48,36.329
35,50,1.971667037018126,49,36.506
35,51,2.008173029205541,50,36.506
35,52,2.0446790213929558,51,36.506
35,53,2.0811850135803707,52,36.506
35,54,2.1176910057677856,53,36.506
35,55,2.1541969979552005,54,36.506
35,56,2.1907029901426154,55,36.506
35,57,2.2272089823300303,56,36.506
35,58,2.263714974517445,57,36.506
35,59,2.30022096670486,58,36.506
35,60,2.336726958892275,59,36.506
35,61,2.37323295107969,60,36.506
35,62,2.409738943267105,61,36.506
35,63,2.4462449354545197,62,36.506
35,64,2.4827509276419346,63,36.506
35,65,2.5192569198293495,64,36.506
35,66,2.5557629120167644,65,36.506
35,67,2.5922689042041793,66,36.506
35,68,2.6287748963915942,67,36.506
35,69,2.665280888579009,68,36.506
35,70,2.701786880766424,69,36.506
35,71,2.738292872953839,70,36.506
35,72,2.774798865141254,71,36.506
35,73,2.8113048573286687,72,36.506
35,74,2.8478108495160837,73,36.506
35,75,2.8843168417034986,74,36.506
35,76,2.9208228338909135,75,36.506
35,77,2.9573288260783284,76,36.506
35,78,2.9938348182657433,77,36.506
35,79,3.030340810453158,78,36.506
35,80,3.066846802640573,79,36.506
35,81,3.103352794827988,80,36.506
35,82,3.139858787015403,81,36.506
35,83,3.176364779202818,82,36.506
35,84,3.2128707713902327,83,36.506
35,85,3.2493767635776476,84,36.506
35,86,3.2858827557650625,85,36.506
35,87,3.3223887479524774,86,36.506
35,88,3.3588947401398923,87,36.506
35,89,3.395400732327307,88,36.506
35,90,3.431906724514722,89,36.506
35,91,3.468412716702137,90,36.506
35,92,3.504918708889552,91,36.506
35,93,3.541424701076967,92,36.506
35,94,3.5779306932643817,93,36.506
35,95,3.6144366854517966,94,36.506
35,96,3.6509426776392115,95,36.506
35,97,3.6874486698266264,96,36.506
35,98,3.7239546620140414,97,36.506
35,99,3.7604606542014563,98,36.506
35,100,3.796966646388871,99,36.506
35,101,3.833472638576286,100,36.506
35,102,3.869978630763701,101,36.506
35,103,3.906484622951116,102,36.506
35,104,3.9429906151385308,103,36.506
35,105,3.9794966073259457,104,36.506
35,106,4.016002599513361,105,36.506
35,107,4.052508591700776,106,36.506
35,108,4.089014583888191,107,36.506
35,109,4.125520576075606,108,36.506
35,110,4.162026568263021,109,36.506
35,111,4.1985325604504355,110,36.506
35,112,4.2350385526378505,111,36.506
35,113,4.271544544825265,112,36.506
35,114,4.308106286320949,113,36.562
35,115,4.344668027816632,114,36.562
35,116,4.3812297693123154,115,36.562
35,117,4.417791510807999,116,36.562
35,118,4.454353252303682,117,36.562
35,119,4.4909149937993655,118,36.562
35,120,4.527476735295049,119,36.562
35,121,4.564038476790732,120,36.562
35,122,4.600600218286416,121,36.562
35,123,4.637161959782099,122,36.562
35,124,4.673723701277782,123,36.562
35,125,4.710285442773466,124,36.562
35,126,4.746847184269149,125,36.562
35,127,4.7834089257648325,126,36.562
35,128,4.819970667260516,127,36.562
36,1,0.19135430537861545,0,191.354
36,2,0.22768361245053415,1,36.329
36,3,0.2640129195224528,2,36.329
36,4,0.3003422265943715,3,36.329
36,5,0.33667153366629016,4,36.329
36,6,0.3730008407382088,5,36.329
36,7,0.4093301478101275,6,36.329
36,8,0.44565945488204617,7,36.329
36,9,0.48198876195396484,8,36.329
36,10,0.5183180690258835,9,36.329
36,11,0.5546473760978022,10,36.329
36,12,0.590976683169721,11,36.329
36,13,0.6273059902416397,12,36.329
36,14,0.6636352973135584,13,36.329
36,15,0.6999646043854771,14,36.329
36,16,0.7362939114573959,15,36.329
36,17,0.7726232185293146,16,36.329
36,18,0.8089525256012333,17,36.329
36,19,0.845281832673152,18,36.329
36,20,0.8816111397450708,19,36.329
36,21,0.9179404468169895,20,36.329
36,22,0.9542697538889082,21,36.329
36,23,0.990599060960827,22,36.329
36,24,1.0269283680327457,23,36.329
36,25,1.0632576751046643,24,36.329
36,26,1.099586982176583,25,36.329
36,27,1.1359162892485015,26,36.329
36,28,1.1722455963204201,27,36.329
36,29,1.2085749033923388,28,36.329
36,30,1.2449042104642574,29,36.329
36,31,1.281233517536176,30,36.329
36,32,1.3175628246080946,31,36.329
36,33,1.3538921316800132,32,36.329
36,34,1.3902214387519318,33,36.329
36,35,1.4265507458238504,34,36.329
36,36,1.462880052895769,35,36.329
36,37,1.4992093599676877,36,36.329
36,38,1.5355386670396063,37,36.329
36,39,1.571867974111525,38,36.329
36,40,1.6081972811834435,39,36.329
36,41,1.6445265882553621,40,36.329
36,42,1.6808558953272807,41,36.329
36,43,1.7171852023991994,42,36.329
36,44,1.753514509471118,43,36.329
36,45,1.7898438165430366,44,36.329
36,46,1.8261731236149552,45,36.329
36,47,1.8625024306868738,46,36.329
36,48,1.8988317377587924,47,36.329
36,49,1.935161044830711,48,36.329
36,50,1.971667037018126,49,36.506
36,51,2.008173029205541,50,36.506
36,52,2.0446790213929558,51,36.506
36,53,2.0811850135803707,52,36.506
36,54,2.1176910057677856,53,36.506
36,55,2.1541969979552005,54,36.506
36,56,2.1907029901426154,55,36.506
36,57,2.2272089823300303,56,36.506
36,58,2.263714974517445,57,36.506
36,59,2.30022096670486,58,36.506
36,60,2.336726958892275,59,36.506
36,61,2.37323295107969,60,36.506
36,62,2.409738943267105,61,36.506
36,63,2.4462449354545197,62,36.506
36,64,2.4827509276419346,63,36.506
36,65,2.5192569198293495,64,36.506
36,66,2.5557629120167644,65,36.506
36,67,2.5922689042041793,66,36.506
36,68,2.6287748963915942,67,36.506
36,69,2.665280888579009,68,36.506
36,70,2.701786880766424,69,36.506
36,71,2.738292872953839,70,36.506
36,72,2.774798865141254,71,36.506
36,73,2.8113048573286687,72,36.506
36,74,2.8478108495160837,73,36.506
36,75,2.8843168417034986,74,36.506
36,76,2.9208228338909135,75,36.506
36,77,2.9573288260783284,76,36.506
36,78,2.9938348182657433,77,36.506
36,79,3.030340810453158,78,36.506
36,80,3.066846802640573,79,36.506
36,81,3.103352794827988,80,36.506
36,82,3.139858787015403,81,36.506
36,83,3.176364779202818,82,36.506
36,84,3.2128707713902327,83,36.506
36,85,3.2493767635776476,84,36.506
36,86,3.2858827557650625,85,36.506
36,87,3.3223887479524774,86,36.506
36,88,3.3588947401398923,87,36.506
36,89,3.395400732327307,88,36.506
36,90,3.431906724514722,89,36.506
36,91,3.468412716702137,90,36.506
36,92,3.504918708889552,91,36.506
36,93,3.541424701076967,92,36.506
36,94,3.5779306932643817,93,36.506
36,95,3.6144366854517966,94,36.506
36,96,3.6509426776392115,95,36.506
36,97,3.6874486698266264,96,36.506
36,98,3.7239546620140414,97,36.506
36,99,3.7604606542014563,98,36.506
36,100,3.796966646388871,99,36.506
36,101,3.833472638576286,100,36.506
36,102,3.869978630763701,101,36.506
36,103,3.906484622951116,102,36.506
36,104,3.9429906151385308,103,36.506
36,105,3.9794966073259457,104,36.506
36,106,4.016002599513361,105,36.506
36,107,4.052508591700776,106,36.506
36,108,4.089014583888191,107,36.506
36,109,4.125520576075606,108,36.506
36,110,4.162026568263021,109,36.506
36,111,4.1985325604504355,110,36.506
36,112,4.2350385526378505,111,36.506
36,113,4.271544544825265,112,36.506
36,114,4.308106286320949,113,36.562
36,115,4.344668027816632,114,36.562
36,116,4.3812297693123154,115,36.562
36,117,4.417791510807999,116,36.562
36,118,4.454353252303682,117,36.562
36,119,4.4909149937993655,118,36.562
36,120,4.527476735295049,119,36.562
36,121,4.564038476790732,120,36.562
36,122,4.600600218286416,121,36.562
36,123,4.637161959782099,122,36.562
36,124,4.673723701277782,123,36.562
36,125,4.710285442773466,124,36.562
36,126,4.746847184269149,125,36.562
36,127,4.7834089257648325,126,36.562
36,128,4.819970667260516,127,36.562
37,1,0.19135430537861545,0,191.354
37,2,0.22768361245053415,1,36.329
37,3,0.2640129195224528,2,36.329
37,4,0.3003422265943715,3,36.329
37,5,0.33667153366629016,4,36.329
37,6,0.3730008407382088,5,36.329
37,7,0.4093301478101275,6,36.329
37,8,0.44565945488204617,7,36.329
37,9,0.48198876195396484,8,36.329
37,10,0.5183180690258835,9,36.329
37,11,0.5546473760978022,10,36.329
37,12,0.590976683169721,11,36.329
37,13,0.6273059902416397,12,36.329
37,14,0.6636352973135584,13,36.329
37,15,0.6999646043854771,14,36.329
37,16,0.7362939114573959,15,36.329
37,17,0.7726232185293146,16,36.329
37,18,0.8089525256012333,17,36.329
37,19,0.845281832673152,18,36.329
37,20,0.8816111397450708,19,36.329
37,21,0.9179404468169895,20,36.329
37,22,0.9542697538889082,21,36.329
37,23,0.990599060960827,22,36.329
37,24,1.0269283680327457,23,36.329
37,25,1.0632576751046643,24,36.329
37,26,1.099586982176583,25,36.329
37,27,1.1359162892485015,26,36.329
37,28,1.1722455963204201,27,36.329
37,29,1.2085749033923388,28,36.329
37,30,1.2449042104642574,29,36.329
37,31,1.281233517536176,30,36.329
37,32,1.3175628246080946,31,36.329
37,33,1.3538921316800132,32,36.329
37,34,1.3902214387519318,33,36.329
37,35,1.4265507458238504,34,36.329
37,36,1.462880052895769,35,36.329
37,37,1.4992093599676877,36,36.329
37,38,1.5355386670396063,37,36.329
37,39,1.571867974111525,38,36.329
37,40,1.6081972811834435,39,36.329
37,41,1.6445265882553621,40,36.329
37,42,1.6808558953272807,41,36.329
37,43,1.7171852023991994,42,36.329
37,44,1.753514509471118,43,36.329
37,45,1.7898438165430366,44,36.329
37,46,1.8261731236149552,45,36.329
37,47,1.8625024306868738,46,36.329
37,48,1.8988317377587924,47,36.329
37,49,1.935161044830711,48,36.329
37,50,1.971667037018126,49,36.506
37,51,2.008173029205541,50,36.506
37,52,2.0446790213929558,51,36.506
37,53,2.0811850135803707,52,36.506
37,54,2.1176910057677856,53,36.506
37,55,2.1541969979552005,54,36.506
37,56,2.1907029901426154,55,36.506
37,57,2.2272089823300303,56,36.506
37,58,2.263714974517445,57,36.506
37,59,2.30022096670486,58,36.506
37,60,2.336726958892275,59,36.506
37,61,2.37323295107969,60,36.506
37,62,2.409738943267105,61,36.506
37,63,2.4462449354545197,62,36.506
37,64,2.4827509276419346,63,36.506
37,65,2.5192569198293495,64,36.506
37,66,2.5557629120167644,65,36.506
37,67,2.5922689042041793,66,36.506
37,68,2.6287748963915942,67,36.506
37,69,2.665280888579009,68,36.506
37,70,2.701786880766424,69,36.506
37,71,2.738292872953839,70,36.506
37,72,2.774798865141254,71,36.506
37,73,2.8113048573286687,72,36.506
37,74,2.8478108495160837,73,36.506
37,75,2.8843168417034986,74,36.506
37,76,2.9208228338909135,75,36.506
37,77,2.9573288260783284,76,36.506
37,78,2.9938348182657433,77,36.506
37,79,3.030340810453158,78,36.506
37,80,3.066846802640573,79,36.506
37,81,3.103352794827988,80,36.506
37,82,3.139858787015403,81,36.506
37,83,3.176364779202818,82,36.506
37,84,3.2128707713902327,83,36.506
37,85,3.2493767635776476,84,36.506
37,86,3.2858827557650625,85,36.506
37,87,3.3223887479524774,86,36.506
37,88,3.3588947401398923,87,36.506
37,89,3.395400732327307,88,36.506
37,90,3.431906724514722,89,36.506
37,91,3.468412716702137,90,36.506
37,92,3.504918708889552,91,36.506
37,93,3.541424701076967,92,36.506
37,94,3.5779306932643817,93,36.506
37,95,3.6144366854517966,94,36.506
37,96,3.6509426776392115,95,36.506
37,97,3.6874486698266264,96,36.506
37,98,3.7239546620140414,97,36.506
37,99,3.7604606542014563,98,36.506
37,100,3.796966646388871,99,36.506
37,101,3.833472638576286,100,36.506
37,102,3.869978630763701,101,36.506
37,103,3.906484622951116,102,36.506
37,104,3.9429906151385308,103,36.506
37,105,3.9794966073259457,104,36.506
37,106,4.016002599513361,105,36.506
37,107,4.052508591700776,106,36.506
37,108,4.089014583888191,107,36.506
37,109,4.125520576075606,108,36.506
37,110,4.162026568263021,109,36.506
37,111,4.1985325604504355,110,36.506
37,112,4.2350385526378505,111,36.506
37,113,4.271544544825265,112,36.506
37,114,4.308106286320949,113,36.562
37,115,4.344668027816632,114,36.562
37,116,4.3812297693123154,115,36.562
37,117,4.417791510807999,116,36.562
37,118,4.454353252303682,117,36.562
37,119,4.4909149937993655,118,36.562
37,120,4.527476735295049,119,36.562
37,121,4.564038476790732,120,36.562
37,122,4.600600218286416,121,36.562
37,123,4.637161959782099,122,36.562
37,124,4.673723701277782,123,36.562
37,125,4.710285442773466,124,36.562
37,126,4.746847184269149,125,36.562
37,127,4.7834089257648325,126,36.562
37,128,4.819970667260516,127,36.562
38,1,0.19135430537861545,0,191.354
38,2,0.22768361245053415,1,36.329
38,3,0.2640129195224528,2,36.329
38,4,0.3003422265943715,3,36.329
38,5,0.33667153366629016,4,36.329
38,6,0.3730008407382088,5,36.329
38,7,0.4093301478101275,6,36.329
38,8,0.44565945488204617,7,36.329
38,9,0.48198876195396484,8,36.329
38,10,0.5183180690258835,9,36.329
38,11,0.5546473760978022,10,36.329
38,12,0.590976683169721,11,36.329
38,13,0.6273059902416397,12,36.329
38,14,0.6636352973135584,13,36.329
38,15,0.6999646043854771,14,36.329
38,16,0.7362939114573959,15,36.329
38,17,0.7726232185293146,16,36.329
38,18,0.8089525256012333,17,36.329
38,19,0.845281832673152,18,36.329
38,20,0.8816111397450708,19,36.329
38,21,0.9179404468169895,20,36.329
38,22,0.9542697538889082,21,36.329
38,23,0.990599060960827,22,36.329
38,24,1.0269283680327457,23,36.329
38,25,1.0632576751046643,24,36.329
38,26,1.099586982176583,25,36.329
38,27,1.1359162892485015,26,36.329
38,28,1.1722455963204201,27,36.329
38,29,1.2085749033923388,28,36.329
38,30,1.2449042104642574,29,36.329
38,31,1.281233517536176,30,36.329
38,32,1.3175628246080946,31,36.329
38,33,1.3538921316800132,32,36.329
38,34,1.3902214387519318,33,36.329
38,35,1.4265507458238504,34,36.329
38,36,1.462880052895769,35,36.329
38,37,1.4992093599676877,36,36.329
38,38,1.5355386670396063,37,36.329
38,39,1.571867974111525,38,36.329
38,40,1.6081972811834435,39,36.329
38,41,1.6445265882553621,40,36.329
38,42,1.6808558953272807,41,36.329
38,43,1.7171852023991994,42,36.329
38,44,1.753514509471118,43,36.329
38,45,1.7898438165430366,44,36.329
38,46,1.8261731236149552,45,36.329
38,47,1.8625024306868738,46,36.329
38,48,1.8988317377587924,47,36.329
38,49,1.935161044830711,48,36.329
38,50,1.971667037018126,49,36.506
38,51,2.008173029205541,50,36.506
38,52,2.0446790213929558,51,36.506
38,53,2.0811850135803707,52,36.506
38,54,2.1176910057677856,53,36.506
38,55,2.1541969979552005,54,36.506
38,56,2.1907029901426154,55,36.506
38,57,2.2272089823300303,56,36.506
38,58,2.263714974517445,57,36.506
38,59,2.30022096670486,58,36.506
38,60,2.336726958892275,59,36.506
38,61,2.37323295107969,60,36.506
38,62,2.409738943267105,61,36.506
38,63,2.4462449354545197,62,36.506
38,64,2.4827509276419346,63,36.506
38,65,2.5192569198293495,64,36.506
38,66,2.5557629120167644,65,36.506
38,67,2.5922689042041793,66,36.506
38,68,2.6287748963915942,67,36.506
38,69,2.665280888579009,68,36.506
38,70,2.701786880766424,69,36.506
38,71,2.738292872953839,70,36.506
38,72,2.774798865141254,71,36.506
38,73,2.8113048573286687,72,36.506
38,74,2.8478108495160837,73,36.506
38,75,2.8843168417034986,74,36.506
38,76,2.9208228338909135,75,36.506
38,77,2.9573288260783284,76,36.506
38,78,2.9938348182657433,77,36.506
38,79,3.030340810453158,78,36.506
38,80,3.066846802640573,79,36.506
38,81,3.103352794827988,80,36.506
38,82,3.139858787015403,81,36.506
38,83,3.176364779202818,82,36.506
38,84,3.2128707713902327,83,36.506
38,85,3.2493767635776476,84,36.506
38,86,3.2858827557650625,85,36.506
38,87,3.3223887479524774,86,36.506
38,88,3.3588947401398923,87,36.506
38,89,3.395400732327307,88,36.506
38,90,3.431906724514722,89,36.506
38,91,3.468412716702137,90,36.506
38,92,3.504918708889552,91,36.506
38,93,3.541424701076967,92,36.506
38,94,3.5779306932643817,93,36.506
38,95,3.6144366854517966,94,36.506
38,96,3.6509426776392115,95,36.506
38,97,3.6874486698266264,96,36.506
38,98,3.7239546620140414,97,36.506
38,99,3.7604606542014563,98,36.506
38,100,3.796966646388871,99,36.506
38,101,3.833472638576286,100,36.506
38,102,3.869978630763701,101,36.506
38,103,3.906484622951116,102,36.506
38,104,3.9429906151385308,103,36.506
38,105,3.9794966073259457,104,36.506
38,106,4.016002599513361,105,36.506
38,107,4.052508591700776,106,36.506
38,108,4.089014583888191,107,36.506
38,109,4.125520576075606,108,36.506
38,110,4.162026568263021,109,36.506
38,111,4.1985325604504355,110,36.506
38,112,4.2350385526378505,111,36.506
38,113,4.271544544825265,112,36.506
38,114,4.308106286320949,113,36.562
38,115,4.344668027816632,114,36.562
38,116,4.3812297693123154,115,36.562
38,117,4.417791510807999,116,36.562
38,118,4.454353252303682,117,36.562
38,119,4.4909149937993655,118,36.562
38,120,4.527476735295049,119,36.562
38,121,4.564038476790732,120,36.562
38,122,4.600600218286416,121,36.562
38,123,4.637161959782099,122,36.562
38,124,4.673723701277782,123,36.562
38,125,4.710285442773466,124,36.562
38,126,4.746847184269149,125,36.562
38,127,4.7834089257648325,126,36.562
38,128,4.819970667260516,127,36.562
39,1,0.19135430537861545,0,191.354
39,2,0.22768361245053415,1,36.329
39,3,0.2640129195224528,2,36.329
39,4,0.3003422265943715,3,36.329
39,5,0.33667153366629016,4,36.329
39,6,0.3730008407382088,5,36.329
39,7,0.4093301478101275,6,36.329
39,8,0.44565945488204617,7,36.329
39,9,0.48198876195396484,8,36.329
39,10,0.5183180690258835,9,36.329
39,11,0.5546473760978022,10,36.329
39,12,0.590976683169721,11,36.329
39,13,0.6273059902416397,12,36.329
39,14,0.6636352973135584,13,36.329
39,15,0.6999646043854771,14,36.329
39,16,0.7362939114573959,15,36.329
39,17,0.7726232185293146,16,36.329
39,18,0.8089525256012333,17,36.329
39,19,0.845281832673152,18,36.329
39,20,0.8816111397450708,19,36.329
39,21,0.9179404468169895,20,36.329
39,22,0.9542697538889082,21,36.329
39,23,0.990599060960827,22,36.329
39,24,1.0269283680327457,23,36.329
39,25,1.0632576751046643,24,36.329
39,26,1.099586982176583,25,36.329
39,27,1.1359162892485015,26,36.329
39,28,1.1722455963204201,27,36.329
39,29,1.2085749033923388,28,36.329
39,30,1.2449042104642574,29,36.329
39,31,1.281233517536176,30,36.329
39,32,1.3175628246080946,31,36.329
39,33,1.3538921316800132,32,36.329
39,34,1.3902214387519318,33,36.329
39,35,1.4265507458238504,34,36.329
39,36,1.462880052895769,35,36.329
39,37,1.4992093599676877,36,36.329
39,38,1.5355386670396063,37,36.329
39,39,1.571867974111525,38,36.329
39,40,1.6081972811834435,39,36.329
39,41,1.6445265882553621,40,36.329
39,42,1.6808558953272807,41,36.329
39,43,1.7171852023991994,42,36.329
39,44,1.753514509471118,43,36.329
39,45,1.7898438165430366,44,36.329
39,46,1.8261731236149552,45,36.329
39,47,1.8625024306868738,46,36.329
39,48,1.8988317377587924,47,36.329
39,49,1.935161044830711,48,36.329
39,50,1.971667037018126,49,36.506
39,51,2.008173029205541,50,36.506
39,52,2.0446790213929558,51,36.506
39,53,2.0811850135803707,52,36.506
39,54,2.1176910057677856,53,36.506
39,55,2.1541969979552005,54,36.506
39,56,2.1907029901426154,55,36.506
39,57,2.2272089823300303,56,36.506
39,58,2.263714974517445,57,36.506
39,59,2.30022096670486,58,36.506
39,60,2.336726958892275,59,36.506
39,61,2.37323295107969,60,36.506
39,62,2.409738943267105,61,36.506
39,63,2.4462449354545197,62,36.506
39,64,2.4827509276419346,63,36.506
39,65,2.5192569198293495,64,36.506
39,66,2.5557629120167644,65,36.506
39,67,2.5922689042041793,66,36.506
39,68,2.6287748963915942,67,36.506
39,69,2.665280888579009,68,36.506
39,70,2.701786880766424,69,36.506
39,71,2.738292872953839,70,36.506
39,72,2.774798865141254,71,36.506
39,73,2.8113048573286687,72,36.506
39,74,2.8478108495160837,73,36.506
39,75,2.8843168417034986,74,36.506
39,76,2.9208228338909135,75,36.506
39,77,2.9573288260783284,76,36.506
39,78,2.9938348182657433,77,36.506
39,79,3.030340810453158,78,36.506
39,80,3.066846802640573,79,36.506
39,81,3.103352794827988,80,36.506
39,82,3.139858787015403,81,36.506
39,83,3.176364779202818,82,36.506
39,84,3.2128707713902327,83,36.506
39,85,3.2493767635776476,84,36.506
39,86,3.2858827557650625,85,36.506
39,87,3.3223887479524774,86,36.506
39,88,3.3588947401398923,87,36.506
39,89,3.395400732327307,88,36.506
39,90,3.431906724514722,89,36.506
39,91,3.468412716702137,90,36.506
39,92,3.504918708889552,91,36.506
39,93,3.541424701076967,92,36.506
39,94,3.5779306932643817,93,36.506
39,95,3.6144366854517966,94,36.506
39,96,3.6509426776392115,95,36.506
39,97,3.6874486698266264,96,36.506
39,98,3.7239546620140414,97,36.506
39,99,3.7604606542014563,98,36.506
39,100,3.796966646388871,99,36.506
39,101,3.833472638576286,100,36.506
39,102,3.869978630763701,101,36.506
39,103,3.906484622951116,102,36.506
39,104,3.9429906151385308,103,36.506
39,105,3.9794966073259457,104,36.506
39,106,4.016002599513361,105,36.506
39,107,4.052508591700776,106,36.506
39,108,4.089014583888191,107,36.506
39,109,4.125520576075606,108,36.506
39,110,4.162026568263021,109,36.506
39,111,4.1985325604504355,110,36.506
39,112,4.2350385526378505,111,36.506
39,113,4.271544544825265,112,36.506
39,114,4.308106286320949,113,36.562
39,115,4.344668027816632,114,36.562
39,116,4.3812297693123154,115,36.562
39,117,4.417791510807999,116,36.562
39,118,4.454353252303682,117,36.562
39,119,4.4909149937993655,118,36.562
39,120,4.527476735295049,119,36.562
39,121,4.564038476790732,120,36.562
39,122,4.600600218286416,121,36.562
39,123,4.637161959782099,122,36.562
39,124,4.673723701277782,123,36.562
39,125,4.710285442773466,124,36.562
39,126,4.746847184269149,125,36.562
39,127,4.7834089257648325,126,36.562
39,128,4.819970667260516,127,36.562
40,1,0.19135430537861545,0,191.354
40,2,0.22768361245053415,1,36.329
40,3,0.2640129195224528,2,36.329
40,4,0.3003422265943715,3,36.329
40,5,0.33667153366629016,4,36.329
40,6,0.3730008407382088,5,36.329
40,7,0.4093301478101275,6,36.329
40,8,0.44565945488204617,7,36.329
40,9,0.48198876195396484,8,36.329
40,10,0.5183180690258835,9,36.329
40,11,0.5546473760978022,10,36.329
40,12,0.590976683169721,11,36.329
40,13,0.6273059902416397,12,36.329
40,14,0.6636352973135584,13,36.329
40,15,0.6999646043854771,14,36.329
40,16,0.7362939114573959,15,36.329
40,17,0.7726232185293146,16,36.329
40,18,0.8089525256012333,17,36.329
40,19,0.845281832673152,18,36.329
40,20,0.8816111397450708,19,36.329
40,21,0.9179404468169895,20,36.329
40,22,0.9542697538889082,21,36.329
40,23,0.990599060960827,22,36.329
40,24,1.0269283680327457,23,36.329
40,25,1.0632576751046643,24,36.329
40,26,1.099586982176583,25,36.329
40,27,1.1359162892485015,26,36.329
40,28,1.1722455963204201,27,36.329
40,29,1.2085749033923388,28,36.329
40,30,1.2449042104642574,29,36.329
40,31,1.281233517536176,30,36.329
40,32,1.3175628246080946,31,36.329
40,33,1.3538921316800132,32,36.329
40,34,1.3902214387519318,33,36.329
40,35,1.4265507458238504,34,36.329
40,36,1.462880052895769,35,36.329
40,37,1.4992093599676877,36,36.329
40,38,1.5355386670396063,37,36.329
40,39,1.571867974111525,38,36.329
40,40,1.6081972811834435,39,36.329
40,41,1.6445265882553621,40,36.329
40,42,1.6808558953272807,41,36.329
40,43,1.7171852023991994,42,36.329
40,44,1.753514509471118,43,36.329
40,45,1.7898438165430366,44,36.329
40,46,1.8261731236149552,45,36.329
40,47,1.8625024306868738,46,36.329
40,48,1.8988317377587924,47,36.329
40,49,1.935161044830711,48,36.329
40,50,1.971667037018126,49,36.506
40,51,2.008173029205541,50,36.506
40,52,2.0446790213929558,51,36.506
40,53,2.0811850135803707,52,36.506
40,54,2.1176910057677856,53,36.506
40,55,2.1541969979552005,54,36.506
40,56,2.1907029901426154,55,36.506
40,57,2.2272089823300303,56,36.506
40,58,2.263714974517445,57,36.506
40,59,2.30022096670486,58,36.506
40,60,2.336726958892275,59,36.506
40,61,2.37323295107969,60,36.506
40,62,2.409738943267105,61,36.506
40,63,2.4462449354545197,62,36.506
40,64,2.4827509276419346,63,36.506
40,65,2.5192569198293495,64,36.506
40,66,2.5557629120167644,65,36.506
40,67,2.5922689042041793,66,36.506
40,68,2.6287748963915942,67,36.506
40,69,2.665280888579009,68,36.506
40,70,2.701786880766424,69,36.506
40,71,2.738292872953839,70,36.506
40,72,2.774798865141254,71,36.506
40,73,2.8113048573286687,72,36.506
40,74,2.8478108495160837,73,36.506
40,75,2.8843168417034986,74,36.506
40,76,2.9208228338909135,75,36.506
40,77,2.9573288260783284,76,36.506
40,78,2.9938348182657433,77,36.506
40,79,3.030340810453158,78,36.506
40,80,3.066846802640573,79,36.506
40,81,3.103352794827988,80,36.506
40,82,3.139858787015403,81,36.506
40,83,3.176364779202818,82,36.506
40,84,3.2128707713902327,83,36.506
40,85,3.2493767635776476,84,36.506
40,86,3.2858827557650625,85,36.506
40,87,3.3223887479524774,86,36.506
40,88,3.3588947401398923,87,36.506
40,89,3.395400732327307,88,36.506
40,90,3.431906724514722,89,36.506
40,91,3.468412716702137,90,36.506
40,92,3.504918708889552,91,36.506
40,93,3.541424701076967,92,36.506
40,94,3.5779306932643817,93,36.506
40,95,3.6144366854517966,94,36.506
40,96,3.6509426776392115,95,36.506
40,97,3.6874486698266264,96,36.506
40,98,3.7239546620140414,97,36.506
40,99,3.7604606542014563,98,36.506
40,100,3.796966646388871,99,36.506
40,101,3.833472638576286,100,36.506
40,102,3.869978630763701,101,36.506
40,103,3.906484622951116,102,36.506
40,104,3.9429906151385308,103,36.506
40,105,3.9794966073259457,104,36.506
40,106,4.016002599513361,105,36.506
40,107,4.052508591700776,106,36.506
40,108,4.089014583888191,107,36.506
40,109,4.125520576075606,108,36.506
40,110,4.162026568263021,109,36.506
40,111,4.1985325604504355,110,36.506
40,112,4.2350385526378505,111,36.506
40,113,4.271544544825265,112,36.506
40,114,4.308106286320949,113,36.562
40,115,4.344668027816632,114,36.562
40,116,4.3812297693123154,115,36.562
40,117,4.417791510807999,116,36.562
40,118,4.454353252303682,117,36.562
40,119,4.4909149937993655,118,36.562
40,120,4.527476735295049,119,36.562
40,121,4.564038476790732,120,36.562
40,122,4.600600218286416,121,36.562
40,123,4.637161959782099,122,36.562
40,124,4.673723701277782,123,36.562
40,125,4.710285442773466,124,36.562
40,126,4.746847184269149,125,36.562
40,127,4.7834089257648325,126,36.562
40,128,4.819970667260516,127,36.562
41,1,0.19135430537861545,0,191.354
41,2,0.22768361245053415,1,36.329
41,3,0.2640129195224528,2,36.329
41,4,0.3003422265943715,3,36.329
41,5,0.33667153366629016,4,36.329
41,6,0.3730008407382088,5,36.329
41,7,0.4093301478101275,6,36.329
41,8,0.44565945488204617,7,36.329
41,9,0.48198876195396484,8,36.329
41,10,0.5183180690258835,9,36.329
41,11,0.5546473760978022,10,36.329
41,12,0.590976683169721,11,36.329
41,13,0.6273059902416397,12,36.329
41,14,0.6636352973135584,13,36.329
41,15,0.6999646043854771,14,36.329
41,16,0.7362939114573959,15,36.329
41,17,0.7726232185293146,16,36.329
41,18,0.8089525256012333,17,36.329
41,19,0.845281832673152,18,36.329
41,20,0.8816111397450708,19,36.329
41,21,0.9179404468169895,20,36.329
41,22,0.9542697538889082,21,36.329
41,23,0.990599060960827,22,36.329
41,24,1.0269283680327457,23,36.329
41,25,1.0632576751046643,24,36.329
41,26,1.099586982176583,25,36.329
41,27,1.1359162892485015,26,36.329
41,28,1.1722455963204201,27,36.329
41,29,1.2085749033923388,28,36.329
41,30,1.2449042104642574,29,36.329
41,31,1.281233517536176,30,36.329
41,32,1.3175628246080946,31,36.329
41,33,1.3538921316800132,32,36.329
41,34,1.3902214387519318,33,36.329
41,35,1.4265507458238504,34,36.329
41,36,1.462880052895769,35,36.329
41,37,1.4992093599676877,36,36.329
41,38,1.5355386670396063,37,36.329
41,39,1.571867974111525,38,36.329
41,40,1.6081972811834435,39,36.329
41,41,1.6445265882553621,40,36.329
41,42,1.6808558953272807,41,36.329
41,43,1.7171852023991994,42,36.329
41,44,1.753514509471118,43,36.329
41,45,1.7898438165430366,44,36.329
41,46,1.8261731236149552,45,36.329
41,47,1.8625024306868738,46,36.329
41,48,1.8988317377587924,47,36.329
41,49,1.935161044830711,48,36.329
41,50,1.971667037018126,49,36.506
41,51,2.008173029205541,50,36.506
41,52,2.0446790213929558,51,36.506
41,53,2.0811850135803707,52,36.506
41,54,2.1176910057677856,53,36.506
41,55,2.1541969979552005,54,36.506
41,56,2.1907029901426154,55,36.506
41,57,2.2272089823300303,56,36.506
41,58,2.263714974517445,57,36.506
41,59,2.30022096670486,58,36.506
41,60,2.336726958892275,59,36.506
41,61,2.37323295107969,60,36.506
41,62,2.409738943267105,61,36.506
41,63,2.4462449354545197,62,36.506
41,64,2.4827509276419346,63,36.506
41,65,2.5192569198293495,64,36.506
41,66,2.5557629120167644,65,36.506
41,67,2.5922689042041793,66,36.506
41,68,2.6287748963915942,67,36.506
41,69,2.665280888579009,68,36.506
41,70,2.701786880766424,69,36.506
41,71,2.738292872953839,70,36.506
41,72,2.774798865141254,71,36.506
41,73,2.8113048573286687,72,36.506
41,74,2.8478108495160837,73,36.506
41,75,2.8843168417034986,74,36.506
41,76,2.9208228338909135,75,36.506
41,77,2.9573288260783284,76,36.506
41,78,2.9938348182657433,77,36.506
41,79,3.030340810453158,78,36.506
41,80,3.066846802640573,79,36.506
41,81,3.103352794827988,80,36.506
41,82,3.139858787015403,81,36.506
41,83,3.176364779202818,82,36.506
41,84,3.2128707713902327,83,36.506
41,85,3.2493767635776476,84,36.506
41,86,3.2858827557650625,85,36.506
41,87,3.3223887479524774,86,36.506
41,88,3.3588947401398923,87,36.506
41,89,3.395400732327307,88,36.506
41,90,3.431906724514722,89,36.506
41,91,3.468412716702137,90,36.506
41,92,3.504918708889552,91,36.506
41,93,3.541424701076967,92,36.506
41,94,3.5779306932643817,93,36.506
41,95,3.6144366854517966,94,36.506
41,96,3.6509426776392115,95,36.506
41,97,3.6874486698266264,96,36.506
41,98,3.7239546620140414,97,36.506
41,99,3.7604606542014563,98,36.506
41,100,3.796966646388871,99,36.506
41,101,3.833472638576286,100,36.506
41,102,3.869978630763701,101,36.506
41,103,3.906484622951116,102,36.506
41,104,3.9429906151385308,103,36.506
41,105,3.9794966073259457,104,36.506
41,106,4.016002599513361,105,36.506
41,107,4.052508591700776,106,36.506
41,108,4.089014583888191,107,36.506
41,109,4.125520576075606,108,36.506
41,110,4.162026568263021,109,36.506
41,111,4.1985325604504355,110,36.506
41,112,4.2350385526378505,111,36.506
41,113,4.271544544825265,112,36.506
41,114,4.308106286320949,113,36.562
41,115,4.344668027816632,114,36.562
41,116,4.3812297693123154,115,36.562
41,117,4.417791510807999,116,36.562
41,118,4.454353252303682,117,36.562
41,119,4.4909149937993655,118,36.562
41,120,4.527476735295049,119,36.562
41,121,4.564038476790732,120,36.562
41,122,4.600600218286416,121,36.562
41,123,4.637161959782099,122,36.562
41,124,4.673723701277782,123,36.562
41,125,4.710285442773466,124,36.562
41,126,4.746847184269149,125,36.562
41,127,4.7834089257648325,126,36.562
41,128,4.819970667260516,127,36.562
42,1,0.19135430537861545,0,191.354
42,2,0.22768361245053415,1,36.329
42,3,0.2640129195224528,2,36.329
42,4,0.3003422265943715,3,36.329
42,5,0.33667153366629016,4,36.329
42,6,0.3730008407382088,5,36.329
42,7,0.4093301478101275,6,36.329
42,8,0.44565945488204617,7,36.329
42,9,0.48198876195396484,8,36.329
42,10,0.5183180690258835,9,36.329
42,11,0.5546473760978022,10,36.329
42,12,0.590976683169721,11,36.329
42,13,0.6273059902416397,12,36.329
42,14,0.6636352973135584,13,36.329
42,15,0.6999646043854771,14,36.329
42,16,0.7362939114573959,15,36.329
42,17,0.7726232185293146,16,36.329
42,18,0.8089525256012333,17,36.329
42,19,0.845281832673152,18,36.329
42,20,0.8816111397450708,19,36.329
42,21,0.9179404468169895,20,36.329
42,22,0.9542697538889082,21,36.329
42,23,0.990599060960827,22,36.329
42,24,1.0269283680327457,23,36.329
42,25,1.0632576751046643,24,36.329
42,26,1.099586982176583,25,36.329
42,27,1.1359162892485015,26,36.329
42,28,1.1722455963204201,27,36.329
42,29,1.2085749033923388,28,36.329
42,30,1.2449042104642574,29,36.329
42,31,1.281233517536176,30,36.329
42,32,1.3175628246080946,31,36.329
42,33,1.3538921316800132,32,36.329
42,34,1.3902214387519318,33,36.329
42,35,1.4265507458238504,34,36.329
42,36,1.462880052895769,35,36.329
42,37,1.4992093599676877,36,36.329
42,38,1.5355386670396063,37,36.329
42,39,1.571867974111525,38,36.329
42,40,1.6081972811834435,39,36.329
42,41,1.6445265882553621,40,36.329
42,42,1.6808558953272807,41,36.329
42,43,1.7171852023991994,42,36.329
42,44,1.753514509471118,43,36.329
42,45,1.7898438165430366,44,36.329
42,46,1.8261731236149552,45,36.329
42,47,1.8625024306868738,46,36.329
42,48,1.8988317377587924,47,36.329
42,49,1.935161044830711,48,36.329
42,50,1.971667037018126,49,36.506
42,51,2.008173029205541,50,36.506
42,52,2.0446790213929558,51,36.506
42,53,2.0811850135803707,52,36.506
42,54,2.1176910057677856,53,36.506
42,55,2.1541969979552005,54,36.506
42,56,2.1907029901426154,55,36.506
42,57,2.2272089823300303,56,36.506
42,58,2.263714974517445,57,36.506
42,59,2.30022096670486,58,36.506
42,60,2.336726958892275,59,36.506
42,61,2.37323295107969,60,36.506
42,62,2.409738943267105,61,36.506
42,63,2.4462449354545197,62,36.506
42,64,2.4827509276419346,63,36.506
42,65,2.5192569198293495,64,36.506
42,66,2.5557629120167644,65,36.506
42,67,2.5922689042041793,66,36.506
42,68,2.6287748963915942,67,36.506
42,69,2.665280888579009,68,36.506
42,70,2.701786880766424,69,36.506
42,71,2.738292872953839,70,36.506
42,72,2.774798865141254,71,36.506
42,73,2.8113048573286687,72,36.506
42,74,2.8478108495160837,73,36.506
42,75,2.8843168417034986,74,36.506
42,76,2.9208228338909135,75,36.506
42,77,2.9573288260783284,76,36.506
42,78,2.9938348182657433,77,36.506
42,79,3.030340810453158,78,36.506
42,80,3.066846802640573,79,36.506
42,81,3.103352794827988,80,36.506
42,82,3.139858787015403,81,36.506
42,83,3.176364779202818,82,36.506
42,84,3.2128707713902327,83,36.506
42,85,3.2493767635776476,84,36.506
42,86,3.2858827557650625,85,36.506
42,87,3.3223887479524774,86,36.506
42,88,3.3588947401398923,87,36.506
42,89,3.395400732327307,88,36.506
42,90,3.431906724514722,89,36.506
42,91,3.468412716702137,90,36.506
42,92,3.504918708889552,91,36.506
42,93,3.541424701076967,92,36.506
42,94,3.5779306932643817,93,36.506
42,95,3.6144366854517966,94,36.506
42,96,3.6509426776392115,95,36.506
42,97,3.6874486698266264,96,36.506
42,98,3.7239546620140414,97,36.506
42,99,3.7604606542014563,98,36.506
42,100,3.796966646388871,99,36.506
42,101,3.833472638576286,100,36.506
42,102,3.869978630763701,101,36.506
42,103,3.906484622951116,102,36.506
42,104,3.9429906151385308,103,36.506
42,105,3.9794966073259457,104,36.506
42,106,4.016002599513361,105,36.506
42,107,4.052508591700776,106,36.506
42,108,4.089014583888191,107,36.506
42,109,4.125520576075606,108,36.506
42,110,4.162026568263021,109,36.506
42,111,4.1985325604504355,110,36.506
42,112,4.2350385526378505,111,36.506
42,113,4.271544544825265,112,36.506
42,114,4.308106286320949,113,36.562
42,115,4.344668027816632,114,36.562
42,116,4.3812297693123154,115,36.562
42,117,4.417791510807999,116,36.562
42,118,4.454353252303682,117,36.562
42,119,4.4909149937993655,118,36.562
42,120,4.527476735295049,119,36.562
42,121,4.564038476790732,120,36.562
42,122,4.600600218286416,121,36.562
42,123,4.637161959782099,122,36.562
42,124,4.673723701277782,123,36.562
42,125,4.710285442773466,124,36.562
42,126,4.746847184269149,125,36.562
42,127,4.7834089257648325,126,36.562
42,128,4.819970667260516,127,36.562
43,1,0.19135430537861545,0,191.354
43,2,0.22768361245053415,1,36.329
43,3,0.2640129195224528,2,36.329
43,4,0.3003422265943715,3,36.329
43,5,0.33667153366629016,4,36.329
43,6,0.3730008407382088,5,36.329
43,7,0.4093301478101275,6,36.329
43,8,0.44565945488204617,7,36.329
43,9,0.48198876195396484,8,36.329
43,10,0.5183180690258835,9,36.329
43,11,0.5546473760978022,10,36.329
43,12,0.590976683169721,11,36.329
43,13,0.6273059902416397,12,36.329
43,14,0.6636352973135584,13,36.329
43,15,0.6999646043854771,14,36.329
43,16,0.7362939114573959,15,36.329
43,17,0.7726232185293146,16,36.329
43,18,0.8089525256012333,17,36.329
43,19,0.845281832673152,18,36.329
43,20,0.8816111397450708,19,36.329
43,21,0.9179404468169895,20,36.329
43,22,0.9542697538889082,21,36.329
43,23,0.990599060960827,22,36.329
43,24,1.0269283680327457,23,36.329
43,25,1.0632576751046643,24,36.329
43,26,1.099586982176583,25,36.329
43,27,1.1359162892485015,26,36.329
43,28,1.1722455963204201,27,36.329
43,29,1.2085749033923388,28,36.329
43,30,1.2449042104642574,29,36.329
43,31,1.281233517536176,30,36.329
43,32,1.3175628246080946,31,36.329
43,33,1.3538921316800132,32,36.329
43,34,1.3902214387519318,33,36.329
43,35,1.4265507458238504,34,36.329
43,36,1.462880052895769,35,36.329
43,37,1.4992093599676877,36,36.329
43,38,1.5355386670396063,37,36.329
43,39,1.571867974111525,38,36.329
43,40,1.6081972811834435,39,36.329
43,41,1.6445265882553621,40,36.329
43,42,1.6808558953272807,41,36.329
43,43,1.7171852023991994,42,36.329
43,44,1.753514509471118,43,36.329
43,45,1.7898438165430366,44,36.329
43,46,1.8261731236149552,45,36.329
43,47,1.8625024306868738,46,36.329
43,48,1.8988317377587924,47,36.329
43,49,1.935161044830711,48,36.329
43,50,1.971667037018126,49,36.506
43,51,2.008173029205541,50,36.506
43,52,2.0446790213929558,51,36.506
43,53,2.0811850135803707,52,36.506
43,54,2.1176910057677856,53,36.506
43,55,2.1541969979552005,54,36.506
43,56,2.1907029901426154,55,36.506
43,57,2.2272089823300303,56,36.506
43,58,2.263714974517445,57,36.506
43,59,2.30022096670486,58,36.506
43,60,2.336726958892275,59,36.506
43,61,2.37323295107969,60,36.506
43,62,2.409738943267105,61,36.506
43,63,2.4462449354545197,62,36.506
43,64,2.4827509276419346,63,36.506
43,65,2.5192569198293495,64,36.506
43,66,2.5557629120167644,65,36.506
43,67,2.5922689042041793,66,36.506
43,68,2.6287748963915942,67,36.506
43,69,2.665280888579009,68,36.506
43,70,2.701786880766424,69,36.506
43,71,2.738292872953839,70,36.506
43,72,2.774798865141254,71,36.506
43,73,2.8113048573286687,72,36.506
43,74,2.8478108495160837,73,36.506
43,75,2.8843168417034986,74,36.506
43,76,2.9208228338909135,75,36.506
43,77,2.9573288260783284,76,36.506
43,78,2.9938348182657433,77,36.506
43,79,3.030340810453158,78,36.506
43,80,3.066846802640573,79,36.506
43,81,3.103352794827988,80,36.506
43,82,3.139858787015403,81,36.506
43,83,3.176364779202818,82,36.506
43,84,3.2128707713902327,83,36.506
43,85,3.2493767635776476,84,36.506
43,86,3.2858827557650625,85,36.506
43,87,3.3223887479524774,86,36.506
43,88,3.3588947401398923,87,36.506
43,89,3.395400732327307,88,36.506
43,90,3.431906724514722,89,36.506
43,91,3.468412716702137,90,36.506
43,92,3.504918708889552,91,36.506
43,93,3.541424701076967,92,36.506
43,94,3.5779306932643817,93,36.506
43,95,3.6144366854517966,94,36.506
43,96,3.6509426776392115,95,36.506
43,97,3.6874486698266264,96,36.506
43,98,3.7239546620140414,97,36.506
43,99,3.7604606542014563,98,36.506
43,100,3.796966646388871,99,36.506
43,101,3.833472638576286,100,36.506
43,102,3.869978630763701,101,36.506
43,103,3.906484622951116,102,36.506
43,104,3.9429906151385308,103,36.506
43,105,3.9794966073259457,104,36.506
43,106,4.016002599513361,105,36.506
43,107,4.052508591700776,106,36.506
43,108,4.089014583888191,107,36.506
43,109,4.125520576075606,108,36.506
43,110,4.162026568263021,109,36.506
43,111,4.1985325604504355,110,36.506
43,112,4.2350385526378505,111,36.506
43,113,4.271544544825265,112,36.506
43,114,4.308106286320949,113,36.562
43,115,4.344668027816632,114,36.562
43,116,4.3812297693123154,115,36.562
43,117,4.417791510807999,116,36.562
43,118,4.454353252303682,117,36.562
43,119,4.4909149937993655,118,36.562
43,120,4.527476735295049,119,36.562
43,121,4.564038476790732,120,36.562
43,122,4.600600218286416,121,36.562
43,123,4.637161959782099,122,36.562
43,124,4.673723701277782,123,36.562
43,125,4.710285442773466,124,36.562
43,126,4.746847184269149,125,36.562
43,127,4.7834089257648325,126,36.562
43,128,4.819970667260516,127,36.562
44,1,0.19135430537861545,0,191.354
44,2,0.22768361245053415,1,36.329
44,3,0.2640129195224528,2,36.329
44,4,0.3003422265943715,3,36.329
44,5,0.33667153366629016,4,36.329
44,6,0.3730008407382088,5,36.329
44,7,0.4093301478101275,6,36.329
44,8,0.44565945488204617,7,36.329
44,9,0.48198876195396484,8,36.329
44,10,0.5183180690258835,9,36.329
44,11,0.5546473760978022,10,36.329
44,12,0.590976683169721,11,36.329
44,13,0.6273059902416397,12,36.329
44,14,0.6636352973135584,13,36.329
44,15,0.6999646043854771,14,36.329
44,16,0.7362939114573959,15,36.329
44,17,0.7726232185293146,16,36.329
44,18,0.8089525256012333,17,36.329
44,19,0.845281832673152,18,36.329
44,20,0.8816111397450708,19,36.329
44,21,0.9179404468169895,20,36.329
44,22,0.9542697538889082,21,36.329
44,23,0.990599060960827,22,36.329
44,24,1.0269283680327457,23,36.329
44,25,1.0632576751046643,24,36.329
44,26,1.099586982176583,25,36.329
44,27,1.1359162892485015,26,36.329
44,28,1.1722455963204201,27,36.329
44,29,1.2085749033923388,28,36.329
44,30,1.2449042104642574,29,36.329
44,31,1.281233517536176,30,36.329
44,32,1.3175628246080946,31,36.329
44,33,1.3538921316800132,32,36.329
44,34,1.3902214387519318,33,36.329
44,35,1.4265507458238504,34,36.329
44,36,1.462880052895769,35,36.329
44,37,1.4992093599676877,36,36.329
44,38,1.5355386670396063,37,36.329
44,39,1.571867974111525,38,36.329
44,40,1.6081972811834435,39,36.329
44,41,1.6445265882553621,40,36.329
44,42,1.6808558953272807,41,36.329
44,43,1.7171852023991994,42,36.329
44,44,1.753514509471118,43,36.329
44,45,1.7898438165430366,44,36.329
44,46,1.8261731236149552,45,36.329
44,47,1.8625024306868738,46,36.329
44,48,1.8988317377587924,47,36.329
44,49,1.935161044830711,48,36.329
44,50,1.971667037018126,49,36.506
44,51,2.008173029205541,50,36.506
44,52,2.0446790213929558,51,36.506
44,53,2.0811850135803707,52,36.506
44,54,2.1176910057677856,53,36.506
44,55,2.1541969979552005,54,36.506
44,56,2.1907029901426154,55,36.506
44,57,2.2272089823300303,56,36.506
44,58,2.263714974517445,57,36.506
44,59,2.30022096670486,58,36.506
44,60,2.336726958892275,59,36.506
44,61,2.37323295107969,60,36.506
44,62,2.409738943267105,61,36.506
44,63,2.4462449354545197,62,36.506
44,64,2.4827509276419346,63,36.506
44,65,2.5192569198293495,64,36.506
44,66,2.5557629120167644,65,36.506
44,67,2.5922689042041793,66,36.506
44,68,2.6287748963915942,67,36.506
44,69,2.665280888579009,68,36.506
44,70,2.701786880766424,69,36.506
44,71,2.738292872953839,70,36.506
44,72,2.774798865141254,71,36.506
44,73,2.8113048573286687,72,36.506
44,74,2.8478108495160837,73,36.506
44,75,2.8843168417034986,74,36.506
44,76,2.9208228338909135,75,36.506
44,77,2.9573288260783284,76,36.506
44,78,2.9938348182657433,77,36.506
44,79,3.030340810453158,78,36.506
44,80,3.066846802640573,79,36.506
44,81,3.103352794827988,80,36.506
44,82,3.139858787015403,81,36.506
44,83,3.176364779202818,82,36.506
44,84,3.2128707713902327,83,36.506
44,85,3.2493767635776476,84,36.506
44,86,3.2858827557650625,85,36.506
44,87,3.3223887479524774,86,36.506
44,88,3.3588947401398923,87,36.506
44,89,3.395400732327307,88,36.506
44,90,3.431906724514722,89,36.506
44,91,3.468412716702137,90,36.506
44,92,3.504918708889552,91,36.506
44,93,3.541424701076967,92,36.506
44,94,3.5779306932643817,93,36.506
44,95,3.6144366854517966,94,36.506
44,96,3.6509426776392115,95,36.506
44,97,3.6874486698266264,96,36.506
44,98,3.7239546620140414,97,36.506
44,99,3.7604606542014563,98,36.506
44,100,3.796966646388871,99,36.506
44,101,3.833472638576286,100,36.506
44,102,3.869978630763701,101,36.506
44,103,3.906484622951116,102,36.506
44,104,3.9429906151385308,103,36.506
44,105,3.9794966073259457,104,36.506
44,106,4.016002599513361,105,36.506
44,107,4.052508591700776,106,36.506
44,108,4.089014583888191,107,36.506
44,109,4.125520576075606,108,36.506
44,110,4.162026568263021,109,36.506
44,111,4.1985325604504355,110,36.506
44,112,4.2350385526378505,111,36.506
44,113,4.271544544825265,112,36.506
44,114,4.308106286320949,113,36.562
44,115,4.344668027816632,114,36.562
44,116,4.3812297693123154,115,36.562
44,117,4.417791510807999,116,36.562
44,118,4.454353252303682,117,36.562
44,119,4.4909149937993655,118,36.562
44,120,4.527476735295049,119,36.562
44,121,4.564038476790732,120,36.562
44,122,4.600600218286416,121,36.562
44,123,4.637161959782099,122,36.562
44,124,4.673723701277782,123,36.562
44,125,4.710285442773466,124,36.562
44,126,4.746847184269149,125,36.562
44,127,4.7834089257648325,126,36.562
44,128,4.819970667260516,127,36.562
45,1,0.19135430537861545,0,191.354
45,2,0.22768361245053415,1,36.329
45,3,0.2640129195224528,2,36.329
45,4,0.3003422265943715,3,36.329
45,5,0.33667153366629016,4,36.329
45,6,0.3730008407382088,5,36.329
45,7,0.4093301478101275,6,36.329
45,8,0.44565945488204617,7,36.329
45,9,0.48198876195396484,8,36.329
45,10,0.5183180690258835,9,36.329
45,11,0.5546473760978022,10,36.329
45,12,0.590976683169721,11,36.329
45,13,0.6273059902416397,12,36.329
45,14,0.6636352973135584,13,36.329
45,15,0.6999646043854771,14,36.329
45,16,0.7362939114573959,15,36.329
45,17,0.7726232185293146,16,36.329
45,18,0.8089525256012333,17,36.329
45,19,0.845281832673152,18,36.329
45,20,0.8816111397450708,19,36.329
45,21,0.9179404468169895,20,36.329
45,22,0.9542697538889082,21,36.329
45,23,0.990599060960827,22,36.329
45,24,1.0269283680327457,23,36.329
45,25,1.0632576751046643,24,36.329
45,26,1.099586982176583,25,36.329
45,27,1.1359162892485015,26,36.329
45,28,1.1722455963204201,27,36.329
45,29,1.2085749033923388,28,36.329
45,30,1.2449042104642574,29,36.329
45,31,1.281233517536176,30,36.329
45,32,1.3175628246080946,31,36.329
45,33,1.3538921316800132,32,36.329
45,34,1.3902214387519318,33,36.329
45,35,1.4265507458238504,34,36.329
45,36,1.462880052895769,35,36.329
45,37,1.4992093599676877,36,36.329
45,38,1.5355386670396063,37,36.329
45,39,1.571867974111525,38,36.329
45,40,1.6081972811834435,39,36.329
45,41,1.6445265882553621,40,36.329
45,42,1.6808558953272807,41,36.329
45,43,1.7171852023991994,42,36.329
45,44,1.753514509471118,43,36.329
45,45,1.7898438165430366,44,36.329
45,46,1.8261731236149552,45,36.329
45,47,1.8625024306868738,46,36.329
45,48,1.8988317377587924,47,36.329
45,49,1.935161044830711,48,36.329
45,50,1.971667037018126,49,36.506
45,51,2.008173029205541,50,36.506
45,52,2.0446790213929558,51,36.506
45,53,2.0811850135803707,52,36.506
45,54,2.1176910057677856,53,36.506
45,55,2.1541969979552005,54,36.506
45,56,2.1907029901426154,55,36.506
45,57,2.2272089823300303,56,36.506
45,58,2.263714974517445,57,36.506
45,59,2.30022096670486,58,36.506
45,60,2.336726958892275,59,36.506
45,61,2.37323295107969,60,36.506
45,62,2.409738943267105,61,36.506
45,63,2.4462449354545197,62,36.506
45,64,2.4827509276419346,63,36.506
45,65,2.5192569198293495,64,36.506
45,66,2.5557629120167644,65,36.506
45,67,2.5922689042041793,66,36.506
45,68,2.6287748963915942,67,36.506
45,69,2.665280888579009,68,36.506
45,70,2.701786880766424,69,36.506
45,71,2.738292872953839,70,36.506
45,72,2.774798865141254,71,36.506
45,73,2.8113048573286687,72,36.506
45,74,2.8478108495160837,73,36.506
45,75,2.8843168417034986,74,36.506
45,76,2.9208228338909135,75,36.506
45,77,2.9573288260783284,76,36.506
45,78,2.9938348182657433,77,36.506
45,79,3.030340810453158,78,36.506
45,80,3.066846802640573,79,36.506
45,81,3.103352794827988,80,36.506
45,82,3.139858787015403,81,36.506
45,83,3.176364779202818,82,36.506
45,84,3.2128707713902327,83,36.506
45,85,3.2493767635776476,84,36.506
45,86,3.2858827557650625,85,36.506
45,87,3.3223887479524774,86,36.506
45,88,3.3588947401398923,87,36.506
45,89,3.395400732327307,88,36.506
45,90,3.431906724514722,89,36.506
45,91,3.468412716702137,90,36.506
45,92,3.504918708889552,91,36.506
45,93,3.541424701076967,92,36.506
45,94,3.5779306932643817,93,36.506
45,95,3.6144366854517966,94,36.506
45,96,3.6509426776392115,95,36.506
45,97,3.6874486698266264,96,36.506
45,98,3.7239546620140414,97,36.506
45,99,3.7604606542014563,98,36.506
45,100,3.796966646388871,99,36.506
45,101,3.833472638576286,100,36.506
45,102,3.869978630763701,101,36.506
45,103,3.906484622951116,102,36.506
45,104,3.9429906151385308,103,36.506
45,105,3.9794966073259457,104,36.506
45,106,4.016002599513361,105,36.506
45,107,4.052508591700776,106,36.506
45,108,4.089014583888191,107,36.506
45,109,4.125520576075606,108,36.506
45,110,4.162026568263021,109,36.506
45,111,4.1985325604504355,110,36.506
45,112,4.2350385526378505,111,36.506
45,113,4.271544544825265,112,36.506
45,114,4.308106286320949,113,36.562
45,115,4.344668027816632,114,36.562
45,116,4.3812297693123154,115,36.562
45,117,4.417791510807999,116,36.562
45,118,4.454353252303682,117,36.562
45,119,4.4909149937993655,118,36.562
45,120,4.527476735295049,119,36.562
45,121,4.564038476790732,120,36.562
45,122,4.600600218286416,121,36.562
45,123,4.637161959782099,122,36.562
45,124,4.673723701277782,123,36.562
45,125,4.710285442773466,124,36.562
45,126,4.746847184269149,125,36.562
45,127,4.7834089257648325,126,36.562
45,128,4.819970667260516,127,36.562
46,1,0.19135430537861545,0,191.354
46,2,0.22768361245053415,1,36.329
46,3,0.2640129195224528,2,36.329
46,4,0.3003422265943715,3,36.329
46,5,0.33667153366629016,4,36.329
46,6,0.3730008407382088,5,36.329
46,7,0.4093301478101275,6,36.329
46,8,0.44565945488204617,7,36.329
46,9,0.48198876195396484,8,36.329
46,10,0.5183180690258835,9,36.329
46,11,0.5546473760978022,10,36.329
46,12,0.590976683169721,11,36.329
46,13,0.6273059902416397,12,36.329
46,14,0.6636352973135584,13,36.329
46,15,0.6999646043854771,14,36.329
46,16,0.7362939114573959,15,36.329
46,17,0.7726232185293146,16,36.329
46,18,0.8089525256012333,17,36.329
46,19,0.845281832673152,18,36.329
46,20,0.8816111397450708,19,36.329
46,21,0.9179404468169895,20,36.329
46,22,0.9542697538889082,21,36.329
46,23,0.990599060960827,22,36.329
46,24,1.0269283680327457,23,36.329
46,25,1.0632576751046643,24,36.329
46,26,1.099586982176583,25,36.329
46,27,1.1359162892485015,26,36.329
46,28,1.1722455963204201,27,36.329
46,29,1.2085749033923388,28,36.329
46,30,1.2449042104642574,29,36.329
46,31,1.281233517536176,30,36.329
46,32,1.3175628246080946,31,36.329
46,33,1.3538921316800132,32,36.329
46,34,1.3902214387519318,33,36.329
46,35,1.4265507458238504,34,36.329
46,36,1.462880052895769,35,36.329
46,37,1.4992093599676877,36,36.329
46,38,1.5355386670396063,37,36.329
46,39,1.571867974111525,38,36.329
46,40,1.6081972811834435,39,36.329
46,41,1.6445265882553621,40,36.329
46,42,1.6808558953272807,41,36.329
46,43,1.7171852023991994,42,36.329
46,44,1.753514509471118,43,36.329
46,45,1.7898438165430366,44,36.329
46,46,1.8261731236149552,45,36.329
46,47,1.8625024306868738,46,36.329
46,48,1.8988317377587924,47,36.329
46,49,1.935161044830711,48,36.329
46,50,1.971667037018126,49,36.506
46,51,2.008173029205541,50,36.506
46,52,2.0446790213929558,51,36.506
46,53,2.0811850135803707,52,36.506
46,54,2.1176910057677856,53,36.506
46,55,2.1541969979552005,54,36.506
46,56,2.1907029901426154,55,36.506
46,57,2.2272089823300303,56,36.506
46,58,2.263714974517445,57,36.506
46,59,2.30022096670486,58,36.506
46,60,2.336726958892275,59,36.506
46,61,2.37323295107969,60,36.506
46,62,2.409738943267105,61,36.506
46,63,2.4462449354545197,62,36.506
46,64,2.4827509276419346,63,36.506
46,65,2.5192569198293495,64,36.506
46,66,2.5557629120167644,65,36.506
46,67,2.5922689042041793,66,36.506
46,68,2.6287748963915942,67,36.506
46,69,2.665280888579009,68,36.506
46,70,2.701786880766424,69,36.506
46,71,2.738292872953839,70,36.506
46,72,2.774798865141254,71,36.506
46,73,2.8113048573286687,72,36.506
46,74,2.8478108495160837,73,36.506
46,75,2.8843168417034986,74,36.506
46,76,2.9208228338909135,75,36.506
46,77,2.9573288260783284,76,36.506
46,78,2.9938348182657433,77,36.506
46,79,3.030340810453158,78,36.506
46,80,3.066846802640573,79,36.506
46,81,3.103352794827988,80,36.506
46,82,3.139858787015403,81,36.506
46,83,3.176364779202818,82,36.506
46,84,3.2128707713902327,83,36.506
46,85,3.2493767635776476,84,36.506
46,86,3.2858827557650625,85,36.506
46,87,3.3223887479524774,86,36.506
46,88,3.3588947401398923,87,36.506
46,89,3.395400732327307,88,36.506
46,90,3.431906724514722,89,36.506
46,91,3.468412716702137,90,36.506
46,92,3.504918708889552,91,36.506
46,93,3.541424701076967,92,36.506
46,94,3.5779306932643817,93,36.506
46,95,3.6144366854517966,94,36.506
46,96,3.6509426776392115,95,36.506
46,97,3.6874486698266264,96,36.506
46,98,3.7239546620140414,97,36.506
46,99,3.7604606542014563,98,36.506
46,100,3.796966646388871,99,36.506
46,101,3.833472638576286,100,36.506
46,102,3.869978630763701,101,36.506
46,103,3.906484622951116,102,36.506
46,104,3.9429906151385308,103,36.506
46,105,3.9794966073259457,104,36.506
46,106,4.016002599513361,105,36.506
46,107,4.052508591700776,106,36.506
46,108,4.089014583888191,107,36.506
46,109,4.125520576075606,108,36.506
46,110,4.162026568263021,109,36.506
46,111,4.1985325604504355,110,36.506
46,112,4.2350385526378505,111,36.506
46,113,4.271544544825265,112,36.506
46,114,4.308106286320949,113,36.562
46,115,4.344668027816632,114,36.562
46,116,4.3812297693123154,115,36.562
46,117,4.417791510807999,116,36.562
46,118,4.454353252303682,117,36.562
46,119,4.4909149937993655,118,36.562
46,120,4.527476735295049,119,36.562
46,121,4.564038476790732,120,36.562
46,122,4.600600218286416,121,36.562
46,123,4.637161959782099,122,36.562
46,124,4.673723701277782,123,36.562
46,125,4.710285442773466,124,36.562
46,126,4.746847184269149,125,36.562
46,127,4.7834089257648325,126,36.562
46,128,4.819970667260516,127,36.562
47,1,0.19135430537861545,0,191.354
47,2,0.22768361245053415,1,36.329
47,3,0.2640129195224528,2,36.329
47,4,0.3003422265943715,3,36.329
47,5,0.33667153366629016,4,36.329
47,6,0.3730008407382088,5,36.329
47,7,0.4093301478101275,6,36.329
47,8,0.44565945488204617,7,36.329
47,9,0.48198876195396484,8,36.329
47,10,0.5183180690258835,9,36.329
47,11,0.5546473760978022,10,36.329
47,12,0.590976683169721,11,36.329
47,13,0.6273059902416397,12,36.329
47,14,0.6636352973135584,13,36.329
47,15,0.6999646043854771,14,36.329
47,16,0.7362939114573959,15,36.329
47,17,0.7726232185293146,16,36.329
47,18,0.8089525256012333,17,36.329
47,19,0.845281832673152,18,36.329
47,20,0.8816111397450708,19,36.329
47,21,0.9179404468169895,20,36.329
47,22,0.9542697538889082,21,36.329
47,23,0.990599060960827,22,36.329
47,24,1.0269283680327457,23,36.329
47,25,1.0632576751046643,24,36.329
47,26,1.099586982176583,25,36.329
47,27,1.1359162892485015,26,36.329
47,28,1.1722455963204201,27,36.329
47,29,1.2085749033923388,28,36.329
47,30,1.2449042104642574,29,36.329
47,31,1.281233517536176,30,36.329
47,32,1.3175628246080946,31,36.329
47,33,1.3538921316800132,32,36.329
47,34,1.3902214387519318,33,36.329
47,35,1.4265507458238504,34,36.329
47,36,1.462880052895769,35,36.329
47,37,1.4992093599676877,36,36.329
47,38,1.5355386670396063,37,36.329
47,39,1.571867974111525,38,36.329
47,40,1.6081972811834435,39,36.329
47,41,1.6445265882553621,40,36.329
47,42,1.6808558953272807,41,36.329
47,43,1.7171852023991994,42,36.329
47,44,1.753514509471118,43,36.329
47,45,1.7898438165430366,44,36.329
47,46,1.8261731236149552,45,36.329
47,47,1.8625024306868738,46,36.329
47,48,1.8988317377587924,47,36.329
47,49,1.935161044830711,48,36.329
47,50,1.971667037018126,49,36.506
47,51,2.008173029205541,50,36.506
47,52,2.0446790213929558,51,36.506
47,53,2.0811850135803707,52,36.506
47,54,2.1176910057677856,53,36.506
47,55,2.1541969979552005,54,36.506
47,56,2.1907029901426154,55,36.506
47,57,2.2272089823300303,56,36.506
47,58,2.263714974517445,57,36.506
47,59,2.30022096670486,58,36.506
47,60,2.336726958892275,59,36.506
47,61,2.37323295107969,60,36.506
47,62,2.409738943267105,61,36.506
47,63,2.4462449354545197,62,36.506
47,64,2.4827509276419346,63,36.506
47,65,2.5192569198293495,64,36.506
47,66,2.5557629120167644,65,36.506
47,67,2.5922689042041793,66,36.506
47,68,2.6287748963915942,67,36.506
47,69,2.665280888579009,68,36.506
47,70,2.701786880766424,69,36.506
47,71,2.738292872953839,70,36.506
47,72,2.774798865141254,71,36.506
47,73,2.8113048573286687,72,36.506
47,74,2.8478108495160837,73,36.506
47,75,2.8843168417034986,74,36.506
47,76,2.9208228338909135,75,36.506
47,77,2.9573288260783284,76,36.506
47,78,2.9938348182657433,77,36.506
47,79,3.030340810453158,78,36.506
47,80,3.066846802640573,79,36.506
47,81,3.103352794827988,80,36.506
47,82,3.139858787015403,81,36.506
47,83,3.176364779202818,82,36.506
47,84,3.2128707713902327,83,36.506
47,85,3.2493767635776476,84,36.506
47,86,3.2858827557650625,85,36.506
47,87,3.3223887479524774,86,36.506
47,88,3.3588947401398923,87,36.506
47,89,3.395400732327307,88,36.506
47,90,3.431906724514722,89,36.506
47,91,3.468412716702137,90,36.506
47,92,3.504918708889552,91,36.506
47,93,3.541424701076967,92,36.506
47,94,3.5779306932643817,93,36.506
47,95,3.6144366854517966,94,36.506
47,96,3.6509426776392115,95,36.506
47,97,3.6874486698266264,96,36.506
47,98,3.7239546620140414,97,36.506
47,99,3.7604606542014563,98,36.506
47,100,3.796966646388871,99,36.506
47,101,3.833472638576286,100,36.506
47,102,3.869978630763701,101,36.506
47,103,3.906484622951116,102,36.506
47,104,3.9429906151385308,103,36.506
47,105,3.9794966073259457,104,36.506
47,106,4.016002599513361,105,36.506
47,107,4.052508591700776,106,36.506
47,108,4.089014583888191,107,36.506
47,109,4.125520576075606,108,36.506
47,110,4.162026568263021,109,36.506
47,111,4.1985325604504355,110,36.506
47,112,4.2350385526378505,111,36.506
47,113,4.271544544825265,112,36.506
47,114,4.308106286320949,113,36.562
47,115,4.344668027816632,114,36.562
47,116,4.3812297693123154,115,36.562
47,117,4.417791510807999,116,36.562
47,118,4.454353252303682,117,36.562
47,119,4.4909149937993655,118,36.562
47,120,4.527476735295049,119,36.562
47,121,4.564038476790732,120,36.562
47,122,4.600600218286416,121,36.562
47,123,4.637161959782099,122,36.562
47,124,4.673723701277782,123,36.562
47,125,4.710285442773466,124,36.562
47,126,4.746847184269149,125,36.562
47,127,4.7834089257648325,126,36.562
47,128,4.819970667260516,127,36.562
48,1,0.19135430537861545,0,191.354
48,2,0.22768361245053415,1,36.329
48,3,0.2640129195224528,2,36.329
48,4,0.3003422265943715,3,36.329
48,5,0.33667153366629016,4,36.329
48,6,0.3730008407382088,5,36.329
48,7,0.4093301478101275,6,36.329
48,8,0.44565945488204617,7,36.329
48,9,0.48198876195396484,8,36.329
48,10,0.5183180690258835,9,36.329
48,11,0.5546473760978022,10,36.329
48,12,0.590976683169721,11,36.329
48,13,0.6273059902416397,12,36.329
48,14,0.6636352973135584,13,36.329
48,15,0.6999646043854771,14,36.329
48,16,0.7362939114573959,15,36.329
48,17,0.7726232185293146,16,36.329
48,18,0.8089525256012333,17,36.329
48,19,0.845281832673152,18,36.329
48,20,0.8816111397450708,19,36.329
48,21,0.9179404468169895,20,36.329
48,22,0.9542697538889082,21,36.329
48,23,0.990599060960827,22,36.329
48,24,1.0269283680327457,23,36.329
48,25,1.0632576751046643,24,36.329
48,26,1.099586982176583,25,36.329
48,27,1.1359162892485015,26,36.329
48,28,1.1722455963204201,27,36.329
48,29,1.2085749033923388,28,36.329
48,30,1.2449042104642574,29,36.329
48,31,1.281233517536176,30,36.329
48,32,1.3175628246080946,31,36.329
48,33,1.3538921316800132,32,36.329
48,34,1.3902214387519318,33,36.329
48,35,1.4265507458238504,34,36.329
48,36,1.462880052895769,35,36.329
48,37,1.4992093599676877,36,36.329
48,38,1.5355386670396063,37,36.329
48,39,1.571867974111525,38,36.329
48,40,1.6081972811834435,39,36.329
48,41,1.6445265882553621,40,36.329
48,42,1.6808558953272807,41,36.329
48,43,1.7171852023991994,42,36.329
48,44,1.753514509471118,43,36.329
48,45,1.7898438165430366,44,36.329
48,46,1.8261731236149552,45,36.329
48,47,1.8625024306868738,46,36.329
48,48,1.8988317377587924,47,36.329
48,49,1.935161044830711,48,36.329
48,50,1.971667037018126,49,36.506
48,51,2.008173029205541,50,36.506
48,52,2.0446790213929558,51,36.506
48,53,2.0811850135803707,52,36.506
48,54,2.1176910057677856,53,36.506
48,55,2.1541969979552005,54,36.506
48,56,2.1907029901426154,55,36.506
48,57,2.2272089823300303,56,36.506
48,58,2.263714974517445,57,36.506
48,59,2.30022096670486,58,36.506
48,60,2.336726958892275,59,36.506
48,61,2.37323295107969,60,36.506
48,62,2.409738943267105,61,36.506
48,63,2.4462449354545197,62,36.506
48,64,2.4827509276419346,63,36.506
48,65,2.5192569198293495,64,36.506
48,66,2.5557629120167644,65,36.506
48,67,2.5922689042041793,66,36.506
48,68,2.6287748963915942,67,36.506
48,69,2.665280888579009,68,36.506
48,70,2.701786880766424,69,36.506
48,71,2.738292872953839,70,36.506
48,72,2.774798865141254,71,36.506
48,73,2.8113048573286687,72,36.506
48,74,2.8478108495160837,73,36.506
48,75,2.8843168417034986,74,36.506
48,76,2.9208228338909135,75,36.506
48,77,2.9573288260783284,76,36.506
48,78,2.9938348182657433,77,36.506
48,79,3.030340810453158,78,36.506
48,80,3.066846802640573,79,36.506
48,81,3.103352794827988,80,36.506
48,82,3.139858787015403,81,36.506
48,83,3.176364779202818,82,36.506
48,84,3.2128707713902327,83,36.506
48,85,3.2493767635776476,84,36.506
48,86,3.2858827557650625,85,36.506
48,87,3.3223887479524774,86,36.506
48,88,3.3588947401398923,87,36.506
48,89,3.395400732327307,88,36.506
48,90,3.431906724514722,89,36.506
48,91,3.468412716702137,90,36.506
48,92,3.504918708889552,91,36.506
48,93,3.541424701076967,92,36.506
48,94,3.5779306932643817,93,36.506
48,95,3.6144366854517966,94,36.506
48,96,3.6509426776392115,95,36.506
48,97,3.6874486698266264,96,36.506
48,98,3.7239546620140414,97,36.506
48,99,3.7604606542014563,98,36.506
48,100,3.796966646388871,99,36.506
48,101,3.833472638576286,100,36.506
48,102,3.869978630763701,101,36.506
48,103,3.906484622951116,102,36.506
48,104,3.9429906151385308,103,36.506
48,105,3.9794966073259457,104,36.506
48,106,4.016002599513361,105,36.506
48,107,4.052508591700776,106,36.506
48,108,4.089014583888191,107,36.506
48,109,4.125520576075606,108,36.506
48,110,4.162026568263021,109,36.506
48,111,4.1985325604504355,110,36.506
48,112,4.2350385526378505,111,36.506
48,113,4.271544544825265,112,36.506
48,114,4.308106286320949,113,36.562
48,115,4.344668027816632,114,36.562
48,116,4.3812297693123154,115,36.562
48,117,4.417791510807999,116,36.562
48,118,4.454353252303682,117,36.562
48,119,4.4909149937993655,118,36.562
48,120,4.527476735295049,119,36.562
48,121,4.564038476790732,120,36.562
48,122,4.600600218286416,121,36.562
48,123,4.637161959782099,122,36.562
48,124,4.673723701277782,123,36.562
48,125,4.710285442773466,124,36.562
48,126,4.746847184269149,125,36.562
48,127,4.7834089257648325,126,36.562
48,128,4.819970667260516,127,36.562
49,1,0.19135430537861545,0,191.354
49,2,0.22768361245053415,1,36.329
49,3,0.2640129195224528,2,36.329
49,4,0.3003422265943715,3,36.329
49,5,0.33667153366629016,4,36.329
49,6,0.3730008407382088,5,36.329
49,7,0.4093301478101275,6,36.329
49,8,0.44565945488204617,7,36.329
49,9,0.48198876195396484,8,36.329
49,10,0.5183180690258835,9,36.329
49,11,0.5546473760978022,10,36.329
49,12,0.590976683169721,11,36.329
49,13,0.6273059902416397,12,36.329
49,14,0.6636352973135584,13,36.329
49,15,0.6999646043854771,14,36.329
49,16,0.7362939114573959,15,36.329
49,17,0.7726232185293146,16,36.329
49,18,0.8089525256012333,17,36.329
49,19,0.845281832673152,18,36.329
49,20,0.8816111397450708,19,36.329
49,21,0.9179404468169895,20,36.329
49,22,0.9542697538889082,21,36.329
49,23,0.990599060960827,22,36.329
49,24,1.0269283680327457,23,36.329
49,25,1.0632576751046643,24,36.329
49,26,1.099586982176583,25,36.329
49,27,1.1359162892485015,26,36.329
49,28,1.1722455963204201,27,36.329
49,29,1.2085749033923388,28,36.329
49,30,1.2449042104642574,29,36.329
49,31,1.281233517536176,30,36.329
49,32,1.3175628246080946,31,36.329
49,33,1.3538921316800132,32,36.329
49,34,1.3902214387519318,33,36.329
49,35,1.4265507458238504,34,36.329
49,36,1.462880052895769,35,36.329
49,37,1.4992093599676877,36,36.329
49,38,1.5355386670396063,37,36.329
49,39,1.571867974111525,38,36.329
49,40,1.6081972811834435,39,36.329
49,41,1.6445265882553621,40,36.329
49,42,1.6808558953272807,41,36.329
49,43,1.7171852023991994,42,36.329
49,44,1.753514509471118,43,36.329
49,45,1.7898438165430366,44,36.329
49,46,1.8261731236149552,45,36.329
49,47,1.8625024306868738,46,36.329
49,48,1.8988317377587924,47,36.329
49,49,1.935161044830711,48,36.329
49,50,1.971667037018126,49,36.506
49,51,2.008173029205541,50,36.506
49,52,2.0446790213929558,51,36.506
49,53,2.0811850135803707,52,36.506
49,54,2.1176910057677856,53,36.506
49,55,2.1541969979552005,54,36.506
49,56,2.1907029901426154,55,36.506
49,57,2.2272089823300303,56,36.506
49,58,2.263714974517445,57,36.506
49,59,2.30022096670486,58,36.506
49,60,2.336726958892275,59,36.506
49,61,2.37323295107969,60,36.506
49,62,2.409738943267105,61,36.506
49,63,2.4462449354545197,62,36.506
49,64,2.4827509276419346,63,36.506
49,65,2.5192569198293495,64,36.506
49,66,2.5557629120167644,65,36.506
49,67,2.5922689042041793,66,36.506
49,68,2.6287748963915942,67,36.506
49,69,2.665280888579009,68,36.506
49,70,2.701786880766424,69,36.506
49,71,2.738292872953839,70,36.506
49,72,2.774798865141254,71,36.506
49,73,2.8113048573286687,72,36.506
49,74,2.8478108495160837,73,36.506
49,75,2.8843168417034986,74,36.506
49,76,2.9208228338909135,75,36.506
49,77,2.9573288260783284,76,36.506
49,78,2.9938348182657433,77,36.506
49,79,3.030340810453158,78,36.506
49,80,3.066846802640573,79,36.506
49,81,3.103352794827988,80,36.506
49,82,3.139858787015403,81,36.506
49,83,3.176364779202818,82,36.506
49,84,3.2128707713902327,83,36.506
49,85,3.2493767635776476,84,36.506
49,86,3.2858827557650625,85,36.506
49,87,3.3223887479524774,86,36.506
49,88,3.3588947401398923,87,36.506
49,89,3.395400732327307,88,36.506
49,90,3.431906724514722,89,36.506
49,91,3.468412716702137,90,36.506
49,92,3.504918708889552,91,36.506
49,93,3.541424701076967,92,36.506
49,94,3.5779306932643817,93,36.506
49,95,3.6144366854517966,94,36.506
49,96,3.6509426776392115,95,36.506
49,97,3.6874486698266264,96,36.506
49,98,3.7239546620140414,97,36.506
49,99,3.7604606542014563,98,36.506
49,100,3.796966646388871,99,36.506
49,101,3.833472638576286,100,36.506
49,102,3.869978630763701,101,36.506
49,103,3.906484622951116,102,36.506
49,104,3.9429906151385308,103,36.506
49,105,3.9794966073259457,104,36.506
49,106,4.016002599513361,105,36.506
49,107,4.052508591700776,106,36.506
49,108,4.089014583888191,107,36.506
49,109,4.125520576075606,108,36.506
49,110,4.162026568263021,109,36.506
49,111,4.1985325604504355,110,36.506
49,112,4.2350385526378505,111,36.506
49,113,4.271544544825265,112,36.506
49,114,4.308106286320949,113,36.562
49,115,4.344668027816632,114,36.562
49,116,4.3812297693123154,115,36.562
49,117,4.417791510807999,116,36.562
49,118,4.454353252303682,117,36.562
49,119,4.4909149937993655,118,36.562
49,120,4.527476735295049,119,36.562
49,121,4.564038476790732,120,36.562
49,122,4.600600218286416,121,36.562
49,123,4.637161959782099,122,36.562
49,124,4.673723701277782,123,36.562
49,125,4.710285442773466,124,36.562
49,126,4.746847184269149,125,36.562
49,127,4.7834089257648325,126,36.562
49,128,4.819970667260516,127,36.562
50,1,0.19135430537861545,0,191.354
50,2,0.22768361245053415,1,36.329
50,3,0.2640129195224528,2,36.329
50,4,0.3003422265943715,3,36.329
50,5,0.33667153366629016,4,36.329
50,6,0.3730008407382088,5,36.329
50,7,0.4093301478101275,6,36.329
50,8,0.44565945488204617,7,36.329
50,9,0.48198876195396484,8,36.329
50,10,0.5183180690258835,9,36.329
50,11,0.5546473760978022,10,36.329
50,12,0.590976683169721,11,36.329
50,13,0.6273059902416397,12,36.329
50,14,0.6636352973135584,13,36.329
50,15,0.6999646043854771,14,36.329
50,16,0.7362939114573959,15,36.329
50,17,0.7726232185293146,16,36.329
50,18,0.8089525256012333,17,36.329
50,19,0.845281832673152,18,36.329
50,20,0.8816111397450708,19,36.329
50,21,0.9179404468169895,20,36.329
50,22,0.9542697538889082,21,36.329
50,23,0.990599060960827,22,36.329
50,24,1.0269283680327457,23,36.329
50,25,1.0632576751046643,24,36.329
50,26,1.099586982176583,25,36.329
50,27,1.1359162892485015,26,36.329
50,28,1.1722455963204201,27,36.329
50,29,1.2085749033923388,28,36.329
50,30,1.2449042104642574,29,36.329
50,31,1.281233517536176,30,36.329
50,32,1.3175628246080946,31,36.329
50,33,1.3538921316800132,32,36.329
50,34,1.3902214387519318,33,36.329
50,35,1.4265507458238504,34,36.329
50,36,1.462880052895769,35,36.329
50,37,1.4992093599676877,36,36.329
50,38,1.5355386670396063,37,36.329
50,39,1.571867974111525,38,36.329
50,40,1.6081972811834435,39,36.329
50,41,1.6445265882553621,40,36.329
50,42,1.6808558953272807,41,36.329
50,43,1.7171852023991994,42,36.329
50,44,1.753514509471118,43,36.329
50,45,1.7898438165430366,44,36.329
50,46,1.8261731236149552,45,36.329
50,47,1.8625024306868738,46,36.329
50,48,1.8988317377587924,47,36.329
50,49,1.935161044830711,48,36.329
50,50,1.971667037018126,49,36.506
50,51,2.008173029205541,50,36.506
50,52,2.0446790213929558,51,36.506
50,53,2.0811850135803707,52,36.506
50,54,2.1176910057677856,53,36.506
50,55,2.1541969979552005,54,36.506
50,56,2.1907029901426154,55,36.506
50,57,2.2272089823300303,56,36.506
50,58,2.263714974517445,57,36.506
50,59,2.30022096670486,58,36.506
50,60,2.336726958892275,59,36.506
50,61,2.37323295107969,60,36.506
50,62,2.409738943267105,61,36.506
50,63,2.4462449354545197,62,36.506
50,64,2.4827509276419346,63,36.506
50,65,2.5192569198293495,64,36.506
50,66,2.5557629120167644,65,36.506
50,67,2.5922689042041793,66,36.506
50,68,2.6287748963915942,67,36.506
50,69,2.665280888579009,68,36.506
50,70,2.701786880766424,69,36.506
50,71,2.738292872953839,70,36.506
50,72,2.774798865141254,71,36.506
50,73,2.8113048573286687,72,36.506
50,74,2.8478108495160837,73,36.506
50,75,2.8843168417034986,74,36.506
50,76,2.9208228338909135,75,36.506
50,77,2.9573288260783284,76,36.506
50,78,2.9938348182657433,77,36.506
50,79,3.030340810453158,78,36.506
50,80,3.066846802640573,79,36.506
50,81,3.103352794827988,80,36.506
50,82,3.139858787015403,81,36.506
50,83,3.176364779202818,82,36.506
50,84,3.2128707713902327,83,36.506
50,85,3.2493767635776476,84,36.506
50,86,3.2858827557650625,85,36.506
50,87,3.3223887479524774,86,36.506
50,88,3.3588947401398923,87,36.506
50,89,3.395400732327307,88,36.506
50,90,3.431906724514722,89,36.506
50,91,3.468412716702137,90,36.506
50,92,3.504918708889552,91,36.506
50,93,3.541424701076967,92,36.506
50,94,3.5779306932643817,93,36.506
50,95,3.6144366854517966,94,36.506
50,96,3.6509426776392115,95,36.506
50,97,3.6874486698266264,96,36.506
50,98,3.7239546620140414,97,36.506
50,99,3.7604606542014563,98,36.506
50,100,3.796966646388871,99,36.506
50,101,3.833472638576286,100,36.506
50,102,3.869978630763701,101,36.506
50,103,3.906484622951116,102,36.506
50,104,3.9429906151385308,103,36.506
50,105,3.9794966073259457,104,36.506
50,106,4.016002599513361,105,36.506
50,107,4.052508591700776,106,36.506
50,108,4.089014583888191,107,36.506
50,109,4.125520576075606,108,36.506
50,110,4.162026568263021,109,36.506
50,111,4.1985325604504355,110,36.506
50,112,4.2350385526378505,111,36.506
50,113,4.271544544825265,112,36.506
50,114,4.308106286320949,113,36.562
50,115,4.344668027816632,114,36.562
50,116,4.3812297693123154,115,36.562
50,117,4.417791510807999,116,36.562
50,118,4.454353252303682,117,36.562
50,119,4.4909149937993655,118,36.562
50,120,4.527476735295049,119,36.562
50,121,4.564038476790732,120,36.562
50,122,4.600600218286416,121,36.562
50,123,4.637161959782099,122,36.562
50,124,4.673723701277782,123,36.562
50,125,4.710285442773466,124,36.562
50,126,4.746847184269149,125,36.562
50,127,4.7834089257648325,126,36.562
50,128,4.819970667260516,127,36.562
51,1,0.19135430537861545,0,191.354
51,2,0.22768361245053415,1,36.329
51,3,0.2640129195224528,2,36.329
51,4,0.3003422265943715,3,36.329
51,5,0.33667153366629016,4,36.329
51,6,0.3730008407382088,5,36.329
51,7,0.4093301478101275,6,36.329
51,8,0.44565945488204617,7,36.329
51,9,0.48198876195396484,8,36.329
51,10,0.5183180690258835,9,36.329
51,11,0.5546473760978022,10,36.329
51,12,0.590976683169721,11,36.329
51,13,0.6273059902416397,12,36.329
51,14,0.6636352973135584,13,36.329
51,15,0.6999646043854771,14,36.329
51,16,0.7362939114573959,15,36.329
51,17,0.7726232185293146,16,36.329
51,18,0.8089525256012333,17,36.329
51,19,0.845281832673152,18,36.329
51,20,0.8816111397450708,19,36.329
51,21,0.9179404468169895,20,36.329
51,22,0.9542697538889082,21,36.329
51,23,0.990599060960827,22,36.329
51,24,1.0269283680327457,23,36.329
51,25,1.0632576751046643,24,36.329
51,26,1.099586982176583,25,36.329
51,27,1.1359162892485015,26,36.329
51,28,1.1722455963204201,27,36.329
51,29,1.2085749033923388,28,36.329
51,30,1.2449042104642574,29,36.329
51,31,1.281233517536176,30,36.329
51,32,1.3175628246080946,31,36.329
51,33,1.3538921316800132,32,36.329
51,34,1.3902214387519318,33,36.329
51,35,1.4265507458238504,34,36.329
51,36,1.462880052895769,35,36.329
51,37,1.4992093599676877,36,36.329
51,38,1.5355386670396063,37,36.329
51,39,1.571867974111525,38,36.329
51,40,1.6081972811834435,39,36.329
51,41,1.6445265882553621,40,36.329
51,42,1.6808558953272807,41,36.329
51,43,1.7171852023991994,42,36.329
51,44,1.753514509471118,43,36.329
51,45,1.7898438165430366,44,36.329
51,46,1.8261731236149552,45,36.329
51,47,1.8625024306868738,46,36.329
51,48,1.8988317377587924,47,36.329
51,49,1.935161044830711,48,36.329
51,50,1.971667037018126,49,36.506
51,51,2.008173029205541,50,36.506
51,52,2.0446790213929558,51,36.506
51,53,2.0811850135803707,52,36.506
51,54,2.1176910057677856,53,36.506
51,55,2.1541969979552005,54,36.506
51,56,2.1907029901426154,55,36.506
51,57,2.2272089823300303,56,36.506
51,58,2.263714974517445,57,36.506
51,59,2.30022096670486,58,36.506
51,60,2.336726958892275,59,36.506
51,61,2.37323295107969,60,36.506
51,62,2.409738943267105,61,36.506
51,63,2.4462449354545197,62,36.506
51,64,2.4827509276419346,63,36.506
51,65,2.5192569198293495,64,36.506
51,66,2.5557629120167644,65,36.506
51,67,2.5922689042041793,66,36.506
51,68,2.6287748963915942,67,36.506
51,69,2.665280888579009,68,36.506
51,70,2.701786880766424,69,36.506
51,71,2.738292872953839,70,36.506
51,72,2.774798865141254,71,36.506
51,73,2.8113048573286687,72,36.506
51,74,2.8478108495160837,73,36.506
51,75,2.8843168417034986,74,36.506
51,76,2.9208228338909135,75,36.506
51,77,2.9573288260783284,76,36.506
51,78,2.9938348182657433,77,36.506
51,79,3.030340810453158,78,36.506
51,80,3.066846802640573,79,36.506
51,81,3.103352794827988,80,36.506
51,82,3.139858787015403,81,36.506
51,83,3.176364779202818,82,36.506
51,84,3.2128707713902327,83,36.506
51,85,3.2493767635776476,84,36.506
51,86,3.2858827557650625,85,36.506
51,87,3.3223887479524774,86,36.506
51,88,3.3588947401398923,87,36.506
51,89,3.395400732327307,88,36.506
51,90,3.431906724514722,89,36.506
51,91,3.468412716702137,90,36.506
51,92,3.504918708889552,91,36.506
51,93,3.541424701076967,92,36.506
51,94,3.5779306932643817,93,36.506
51,95,3.6144366854517966,94,36.506
51,96,3.6509426776392115,95,36.506
51,97,3.6874486698266264,96,36.506
51,98,3.7239546620140414,97,36.506
51,99,3.7604606542014563,98,36.506
51,100,3.796966646388871,99,36.506
51,101,3.833472638576286,100,36.506
51,102,3.869978630763701,101,36.506
51,103,3.906484622951116,102,36.506
51,104,3.9429906151385308,103,36.506
51,105,3.9794966073259457,104,36.506
51,106,4.016002599513361,105,36.506
51,107,4.052508591700776,106,36.506
51,108,4.089014583888191,107,36.506
51,109,4.125520576075606,108,36.506
51,110,4.162026568263021,109,36.506
51,111,4.1985325604504355,110,36.506
51,112,4.2350385526378505,111,36.506
51,113,4.271544544825265,112,36.506
51,114,4.308106286320949,113,36.562
51,115,4.344668027816632,114,36.562
51,116,4.3812297693123154,115,36.562
51,117,4.417791510807999,116,36.562
51,118,4.454353252303682,117,36.562
51,119,4.4909149937993655,118,36.562
51,120,4.527476735295049,119,36.562
51,121,4.564038476790732,120,36.562
51,122,4.600600218286416,121,36.562
51,123,4.637161959782099,122,36.562
51,124,4.673723701277782,123,36.562
51,125,4.710285442773466,124,36.562
51,126,4.746847184269149,125,36.562
51,127,4.7834089257648325,126,36.562
51,128,4.819970667260516,127,36.562
52,1,0.19135430537861545,0,191.354
52,2,0.22768361245053415,1,36.329
52,3,0.2640129195224528,2,36.329
52,4,0.3003422265943715,3,36.329
52,5,0.33667153366629016,4,36.329
52,6,0.3730008407382088,5,36.329
52,7,0.4093301478101275,6,36.329
52,8,0.44565945488204617,7,36.329
52,9,0.48198876195396484,8,36.329
52,10,0.5183180690258835,9,36.329
52,11,0.5546473760978022,10,36.329
52,12,0.590976683169721,11,36.329
52,13,0.6273059902416397,12,36.329
52,14,0.6636352973135584,13,36.329
52,15,0.6999646043854771,14,36.329
52,16,0.7362939114573959,15,36.329
52,17,0.7726232185293146,16,36.329
52,18,0.8089525256012333,17,36.329
52,19,0.845281832673152,18,36.329
52,20,0.8816111397450708,19,36.329
52,21,0.9179404468169895,20,36.329
52,22,0.9542697538889082,21,36.329
52,23,0.990599060960827,22,36.329
52,24,1.0269283680327457,23,36.329
52,25,1.0632576751046643,24,36.329
52,26,1.099586982176583,25,36.329
52,27,1.1359162892485015,26,36.329
52,28,1.1722455963204201,27,36.329
52,29,1.2085749033923388,28,36.329
52,30,1.2449042104642574,29,36.329
52,31,1.281233517536176,30,36.329
52,32,1.3175628246080946,31,36.329
52,33,1.3538921316800132,32,36.329
52,34,1.3902214387519318,33,36.329
52,35,1.4265507458238504,34,36.329
52,36,1.462880052895769,35,36.329
52,37,1.4992093599676877,36,36.329
52,38,1.5355386670396063,37,36.329
52,39,1.571867974111525,38,36.329
52,40,1.6081972811834435,39,36.329
52,41,1.6445265882553621,40,36.329
52,42,1.6808558953272807,41,36.329
52,43,1.7171852023991994,42,36.329
52,44,1.753514509471118,43,36.329
52,45,1.7898438165430366,44,36.329
52,46,1.8261731236149552,45,36.329
52,47,1.8625024306868738,46,36.329
52,48,1.8988317377587924,47,36.329
52,49,1.935161044830711,48,36.329
52,50,1.971667037018126,49,36.506
52,51,2.008173029205541,50,36.506
52,52,2.0446790213929558,51,36.506
52,53,2.0811850135803707,52,36.506
52,54,2.1176910057677856,53,36.506
52,55,2.1541969979552005,54,36.506
52,56,2.1907029901426154,55,36.506
52,57,2.2272089823300303,56,36.506
52,58,2.263714974517445,57,36.506
52,59,2.30022096670486,58,36.506
52,60,2.336726958892275,59,36.506
52,61,2.37323295107969,60,36.506
52,62,2.409738943267105,61,36.506
52,63,2.4462449354545197,62,36.506
52,64,2.4827509276419346,63,36.506
52,65,2.5192569198293495,64,36.506
52,66,2.5557629120167644,65,36.506
52,67,2.5922689042041793,66,36.506
52,68,2.6287748963915942,67,36.506
52,69,2.665280888579009,68,36.506
52,70,2.701786880766424,69,36.506
52,71,2.738292872953839,70,36.506
52,72,2.774798865141254,71,36.506
52,73,2.8113048573286687,72,36.506
52,74,2.8478108495160837,73,36.506
52,75,2.8843168417034986,74,36.506
52,76,2.9208228338909135,75,36.506
52,77,2.9573288260783284,76,36.506
52,78,2.9938348182657433,77,36.506
52,79,3.030340810453158,78,36.506
52,80,3.066846802640573,79,36.506
52,81,3.103352794827988,80,36.506
52,82,3.139858787015403,81,36.506
52,83,3.176364779202818,82,36.506
52,84,3.2128707713902327,83,36.506
52,85,3.2493767635776476,84,36.506
52,86,3.2858827557650625,85,36.506
52,87,3.3223887479524774,86,36.506
52,88,3.3588947401398923,87,36.506
52,89,3.395400732327307,88,36.506
52,90,3.431906724514722,89,36.506
52,91,3.468412716702137,90,36.506
52,92,3.504918708889552,91,36.506
52,93,3.541424701076967,92,36.506
52,94,3.5779306932643817,93,36.506
52,95,3.6144366854517966,94,36.506
52,96,3.6509426776392115,95,36.506
52,97,3.6874486698266264,96,36.506
52,98,3.7239546620140414,97,36.506
52,99,3.7604606542014563,98,36.506
52,100,3.796966646388871,99,36.506
52,101,3.833472638576286,100,36.506
52,102,3.869978630763701,101,36.506
52,103,3.906484622951116,102,36.506
52,104,3.9429906151385308,103,36.506
52,105,3.9794966073259457,104,36.506
52,106,4.016002599513361,105,36.506
52,107,4.052508591700776,106,36.506
52,108,4.089014583888191,107,36.506
52,109,4.125520576075606,108,36.506
52,110,4.162026568263021,109,36.506
52,111,4.1985325604504355,110,36.506
52,112,4.2350385526378505,111,36.506
52,113,4.271544544825265,112,36.506
52,114,4.308106286320949,113,36.562
52,115,4.344668027816632,114,36.562
52,116,4.3812297693123154,115,36.562
52,117,4.417791510807999,116,36.562
52,118,4.454353252303682,117,36.562
52,119,4.4909149937993655,118,36.562
52,120,4.527476735295049,119,36.562
52,121,4.564038476790732,120,36.562
52,122,4.600600218286416,121,36.562
52,123,4.637161959782099,122,36.562
52,124,4.673723701277782,123,36.562
52,125,4.710285442773466,124,36.562
52,126,4.746847184269149,125,36.562
52,127,4.7834089257648325,126,36.562
52,128,4.819970667260516,127,36.562
53,1,0.19135430537861545,0,191.354
53,2,0.22768361245053415,1,36.329
53,3,0.2640129195224528,2,36.329
53,4,0.3003422265943715,3,36.329
53,5,0.33667153366629016,4,36.329
53,6,0.3730008407382088,5,36.329
53,7,0.4093301478101275,6,36.329
53,8,0.44565945488204617,7,36.329
53,9,0.48198876195396484,8,36.329
53,10,0.5183180690258835,9,36.329
53,11,0.5546473760978022,10,36.329
53,12,0.590976683169721,11,36.329
53,13,0.6273059902416397,12,36.329
53,14,0.6636352973135584,13,36.329
53,15,0.6999646043854771,14,36.329
53,16,0.7362939114573959,15,36.329
53,17,0.7726232185293146,16,36.329
53,18,0.8089525256012333,17,36.329
53,19,0.845281832673152,18,36.329
53,20,0.8816111397450708,19,36.329
53,21,0.9179404468169895,20,36.329
53,22,0.9542697538889082,21,36.329
53,23,0.990599060960827,22,36.329
53,24,1.0269283680327457,23,36.329
53,25,1.0632576751046643,24,36.329
53,26,1.099586982176583,25,36.329
53,27,1.1359162892485015,26,36.329
53,28,1.1722455963204201,27,36.329
53,29,1.2085749033923388,28,36.329
53,30,1.2449042104642574,29,36.329
53,31,1.281233517536176,30,36.329
53,32,1.3175628246080946,31,36.329
53,33,1.3538921316800132,32,36.329
53,34,1.3902214387519318,33,36.329
53,35,1.4265507458238504,34,36.329
53,36,1.462880052895769,35,36.329
53,37,1.4992093599676877,36,36.329
53,38,1.5355386670396063,37,36.329
53,39,1.571867974111525,38,36.329
53,40,1.6081972811834435,39,36.329
53,41,1.6445265882553621,40,36.329
53,42,1.6808558953272807,41,36.329
53,43,1.7171852023991994,42,36.329
53,44,1.753514509471118,43,36.329
53,45,1.7898438165430366,44,36.329
53,46,1.8261731236149552,45,36.329
53,47,1.8625024306868738,46,36.329
53,48,1.8988317377587924,47,36.329
53,49,1.935161044830711,48,36.329
53,50,1.971667037018126,49,36.506
53,51,2.008173029205541,50,36.506
53,52,2.0446790213929558,51,36.506
53,53,2.0811850135803707,52,36.506
53,54,2.1176910057677856,53,36.506
53,55,2.1541969979552005,54,36.506
53,56,2.1907029901426154,55,36.506
53,57,2.2272089823300303,56,36.506
53,58,2.263714974517445,57,36.506
53,59,2.30022096670486,58,36.506
53,60,2.336726958892275,59,36.506
53,61,2.37323295107969,60,36.506
53,62,2.409738943267105,61,36.506
53,63,2.4462449354545197,62,36.506
53,64,2.4827509276419346,63,36.506
53,65,2.5192569198293495,64,36.506
53,66,2.5557629120167644,65,36.506
53,67,2.5922689042041793,66,36.506
53,68,2.6287748963915942,67,36.506
53,69,2.665280888579009,68,36.506
53,70,2.701786880766424,69,36.506
53,71,2.738292872953839,70,36.506
53,72,2.774798865141254,71,36.506
53,73,2.8113048573286687,72,36.506
53,74,2.8478108495160837,73,36.506
53,75,2.8843168417034986,74,36.506
53,76,2.9208228338909135,75,36.506
53,77,2.9573288260783284,76,36.506
53,78,2.9938348182657433,77,36.506
53,79,3.030340810453158,78,36.506
53,80,3.066846802640573,79,36.506
53,81,3.103352794827988,80,36.506
53,82,3.139858787015403,81,36.506
53,83,3.176364779202818,82,36.506
53,84,3.2128707713902327,83,36.506
53,85,3.2493767635776476,84,36.506
53,86,3.2858827557650625,85,36.506
53,87,3.3223887479524774,86,36.506
53,88,3.3588947401398923,87,36.506
53,89,3.395400732327307,88,36.506
53,90,3.431906724514722,89,36.506
53,91,3.468412716702137,90,36.506
53,92,3.504918708889552,91,36.506
53,93,3.541424701076967,92,36.506
53,94,3.5779306932643817,93,36.506
53,95,3.6144366854517966,94,36.506
53,96,3.6509426776392115,95,36.506
53,97,3.6874486698266264,96,36.506
53,98,3.7239546620140414,97,36.506
53,99,3.7604606542014563,98,36.506
53,100,3.796966646388871,99,36.506
53,101,3.833472638576286,100,36.506
53,102,3.869978630763701,101,36.506
53,103,3.906484622951116,102,36.506
53,104,3.9429906151385308,103,36.506
53,105,3.9794966073259457,104,36.506
53,106,4.016002599513361,105,36.506
53,107,4.052508591700776,106,36.506
53,108,4.089014583888191,107,36.506
53,109,4.125520576075606,108,36.506
53,110,4.162026568263021,109,36.506
53,111,4.1985325604504355,110,36.506
53,112,4.2350385526378505,111,36.506
53,113,4.271544544825265,112,36.506
53,114,4.308106286320949,113,36.562
53,115,4.344668027816632,114,36.562
53,116,4.3812297693123154,115,36.562
53,117,4.417791510807999,116,36.562
53,118,4.454353252303682,117,36.562
53,119,4.4909149937993655,118,36.562
53,120,4.527476735295049,119,36.562
53,121,4.564038476790732,120,36.562
53,122,4.600600218286416,121,36.562
53,123,4.637161959782099,122,36.562
53,124,4.673723701277782,123,36.562
53,125,4.710285442773466,124,36.562
53,126,4.746847184269149,125,36.562
53,127,4.7834089257648325,126,36.562
53,128,4.819970667260516,127,36.562
54,1,0.19135430537861545,0,191.354
54,2,0.22768361245053415,1,36.329
54,3,0.2640129195224528,2,36.329
54,4,0.3003422265943715,3,36.329
54,5,0.33667153366629016,4,36.329
54,6,0.3730008407382088,5,36.329
54,7,0.4093301478101275,6,36.329
54,8,0.44565945488204617,7,36.329
54,9,0.48198876195396484,8,36.329
54,10,0.5183180690258835,9,36.329
54,11,0.5546473760978022,10,36.329
54,12,0.590976683169721,11,36.329
54,13,0.6273059902416397,12,36.329
54,14,0.6636352973135584,13,36.329
54,15,0.6999646043854771,14,36.329
54,16,0.7362939114573959,15,36.329
54,17,0.7726232185293146,16,36.329
54,18,0.8089525256012333,17,36.329
54,19,0.845281832673152,18,36.329
54,20,0.8816111397450708,19,36.329
54,21,0.9179404468169895,20,36.329
54,22,0.9542697538889082,21,36.329
54,23,0.990599060960827,22,36.329
54,24,1.0269283680327457,23,36.329
54,25,1.0632576751046643,24,36.329
54,26,1.099586982176583,25,36.329
54,27,1.1359162892485015,26,36.329
54,28,1.1722455963204201,27,36.329
54,29,1.2085749033923388,28,36.329
54,30,1.2449042104642574,29,36.329
54,31,1.281233517536176,30,36.329
54,32,1.3175628246080946,31,36.329
54,33,1.3538921316800132,32,36.329
54,34,1.3902214387519318,33,36.329
54,35,1.4265507458238504,34,36.329
54,36,1.462880052895769,35,36.329
54,37,1.4992093599676877,36,36.329
54,38,1.5355386670396063,37,36.329
54,39,1.571867974111525,38,36.329
54,40,1.6081972811834435,39,36.329
54,41,1.6445265882553621,40,36.329
54,42,1.6808558953272807,41,36.329
54,43,1.7171852023991994,42,36.329
54,44,1.753514509471118,43,36.329
54,45,1.7898438165430366,44,36.329
54,46,1.8261731236149552,45,36.329
54,47,1.8625024306868738,46,36.329
54,48,1.8988317377587924,47,36.329
54,49,1.935161044830711,48,36.329
54,50,1.971667037018126,49,36.506
54,51,2.008173029205541,50,36.506
54,52,2.0446790213929558,51,36.506
54,53,2.0811850135803707,52,36.506
54,54,2.1176910057677856,53,36.506
54,55,2.1541969979552005,54,36.506
54,56,2.1907029901426154,55,36.506
54,57,2.2272089823300303,56,36.506
54,58,2.263714974517445,57,36.506
54,59,2.30022096670486,58,36.506
54,60,2.336726958892275,59,36.506
54,61,2.37323295107969,60,36.506
54,62,2.409738943267105,61,36.506
54,63,2.4462449354545197,62,36.506
54,64,2.4827509276419346,63,36.506
54,65,2.5192569198293495,64,36.506
54,66,2.5557629120167644,65,36.506
54,67,2.5922689042041793,66,36.506
54,68,2.6287748963915942,67,36.506
54,69,2.665280888579009,68,36.506
54,70,2.701786880766424,69,36.506
54,71,2.738292872953839,70,36.506
54,72,2.774798865141254,71,36.506
54,73,2.8113048573286687,72,36.506
54,74,2.8478108495160837,73,36.506
54,75,2.8843168417034986,74,36.506
54,76,2.9208228338909135,75,36.506
54,77,2.9573288260783284,76,36.506
54,78,2.9938348182657433,77,36.506
54,79,3.030340810453158,78,36.506
54,80,3.066846802640573,79,36.506
54,81,3.103352794827988,80,36.506
54,82,3.139858787015403,81,36.506
54,83,3.176364779202818,82,36.506
54,84,3.2128707713902327,83,36.506
54,85,3.2493767635776476,84,36.506
54,86,3.2858827557650625,85,36.506
54,87,3.3223887479524774,86,36.506
54,88,3.3588947401398923,87,36.506
54,89,3.395400732327307,88,36.506
54,90,3.431906724514722,89,36.506
54,91,3.468412716702137,90,36.506
54,92,3.504918708889552,91,36.506
54,93,3.541424701076967,92,36.506
54,94,3.5779306932643817,93,36.506
54,95,3.6144366854517966,94,36.506
54,96,3.6509426776392115,95,36.506
54,97,3.6874486698266264,96,36.506
54,98,3.7239546620140414,97,36.506
54,99,3.7604606542014563,98,36.506
54,100,3.796966646388871,99,36.506
54,101,3.833472638576286,100,36.506
54,102,3.869978630763701,101,36.506
54,103,3.906484622951116,102,36.506
54,104,3.9429906151385308,103,36.506
54,105,3.9794966073259457,104,36.506
54,106,4.016002599513361,105,36.506
54,107,4.052508591700776,106,36.506
54,108,4.089014583888191,107,36.506
54,109,4.125520576075606,108,36.506
54,110,4.162026568263021,109,36.506
54,111,4.1985325604504355,110,36.506
54,112,4.2350385526378505,111,36.506
54,113,4.271544544825265,112,36.506
54,114,4.308106286320949,113,36.562
54,115,4.344668027816632,114,36.562
54,116,4.3812297693123154,115,36.562
54,117,4.417791510807999,116,36.562
54,118,4.454353252303682,117,36.562
54,119,4.4909149937993655,118,36.562
54,120,4.527476735295049,119,36.562
54,121,4.564038476790732,120,36.562
54,122,4.600600218286416,121,36.562
54,123,4.637161959782099,122,36.562
54,124,4.673723701277782,123,36.562
54,125,4.710285442773466,124,36.562
54,126,4.746847184269149,125,36.562
54,127,4.7834089257648325,126,36.562
54,128,4.819970667260516,127,36.562
55,1,0.19135430537861545,0,191.354
55,2,0.22768361245053415,1,36.329
55,3,0.2640129195224528,2,36.329
55,4,0.3003422265943715,3,36.329
55,5,0.33667153366629016,4,36.329
55,6,0.3730008407382088,5,36.329
55,7,0.4093301478101275,6,36.329
55,8,0.44565945488204617,7,36.329
55,9,0.48198876195396484,8,36.329
55,10,0.5183180690258835,9,36.329
55,11,0.5546473760978022,10,36.329
55,12,0.590976683169721,11,36.329
55,13,0.6273059902416397,12,36.329
55,14,0.6636352973135584,13,36.329
55,15,0.6999646043854771,14,36.329
55,16,0.7362939114573959,15,36.329
55,17,0.7726232185293146,16,36.329
55,18,0.8089525256012333,17,36.329
55,19,0.845281832673152,18,36.329
55,20,0.8816111397450708,19,36.329
55,21,0.9179404468169895,20,36.329
55,22,0.9542697538889082,21,36.329
55,23,0.990599060960827,22,36.329
55,24,1.0269283680327457,23,36.329
55,25,1.0632576751046643,24,36.329
55,26,1.099586982176583,25,36.329
55,27,1.1359162892485015,26,36.329
55,28,1.1722455963204201,27,36.329
55,29,1.2085749033923388,28,36.329
55,30,1.2449042104642574,29,36.329
55,31,1.281233517536176,30,36.329
55,32,1.3175628246080946,31,36.329
55,33,1.3538921316800132,32,36.329
55,34,1.3902214387519318,33,36.329
55,35,1.4265507458238504,34,36.329
55,36,1.462880052895769,35,36.329
55,37,1.4992093599676877,36,36.329
55,38,1.5355386670396063,37,36.329
55,39,1.571867974111525,38,36.329
55,40,1.6081972811834435,39,36.329
55,41,1.6445265882553621,40,36.329
55,42,1.6808558953272807,41,36.329
55,43,1.7171852023991994,42,36.329
55,44,1.753514509471118,43,36.329
55,45,1.7898438165430366,44,36.329
55,46,1.8261731236149552,45,36.329
55,47,1.8625024306868738,46,36.329
55,48,1.8988317377587924,47,36.329
55,49,1.935161044830711,48,36.329
55,50,1.971667037018126,49,36.506
55,51,2.008173029205541,50,36.506
55,52,2.0446790213929558,51,36.506
55,53,2.0811850135803707,52,36.506
55,54,2.1176910057677856,53,36.506
55,55,2.1541969979552005,54,36.506
55,56,2.1907029901426154,55,36.506
55,57,2.2272089823300303,56,36.506
55,58,2.263714974517445,57,36.506
55,59,2.30022096670486,58,36.506
55,60,2.336726958892275,59,36.506
55,61,2.37323295107969,60,36.506
55,62,2.409738943267105,61,36.506
55,63,2.4462449354545197,62,36.506
55,64,2.4827509276419346,63,36.506
55,65,2.5192569198293495,64,36.506
55,66,2.5557629120167644,65,36.506
55,67,2.5922689042041793,66,36.506
55,68,2.6287748963915942,67,36.506
55,69,2.665280888579009,68,36.506
55,70,2.701786880766424,69,36.506
55,71,2.738292872953839,70,36.506
55,72,2.774798865141254,71,36.506
55,73,2.8113048573286687,72,36.506
55,74,2.8478108495160837,73,36.506
55,75,2.8843168417034986,74,36.506
55,76,2.9208228338909135,75,36.506
55,77,2.9573288260783284,76,36.506
55,78,2.9938348182657433,77,36.506
55,79,3.030340810453158,78,36.506
55,80,3.066846802640573,79,36.506
55,81,3.103352794827988,80,36.506
55,82,3.139858787015403,81,36.506
55,83,3.176364779202818,82,36.506
55,84,3.2128707713902327,83,36.506
55,85,3.2493767635776476,84,36.506
55,86,3.2858827557650625,85,36.506
55,87,3.3223887479524774,86,36.506
55,88,3.3588947401398923,87,36.506
55,89,3.395400732327307,88,36.506
55,90,3.431906724514722,89,36.506
55,91,3.468412716702137,90,36.506
55,92,3.504918708889552,91,36.506
55,93,3.541424701076967,92,36.506
55,94,3.5779306932643817,93,36.506
55,95,3.6144366854517966,94,36.506
55,96,3.6509426776392115,95,36.506
55,97,3.6874486698266264,96,36.506
55,98,3.7239546620140414,97,36.506
55,99,3.7604606542014563,98,36.506
55,100,3.796966646388871,99,36.506
55,101,3.833472638576286,100,36.506
55,102,3.869978630763701,101,36.506
55,103,3.906484622951116,102,36.506
55,104,3.9429906151385308,103,36.506
55,105,3.9794966073259457,104,36.506
55,106,4.016002599513361,105,36.506
55,107,4.052508591700776,106,36.506
55,108,4.089014583888191,107,36.506
55,109,4.125520576075606,108,36.506
55,110,4.162026568263021,109,36.506
55,111,4.1985325604504355,110,36.506
55,112,4.2350385526378505,111,36.506
55,113,4.271544544825265,112,36.506
55,114,4.308106286320949,113,36.562
55,115,4.344668027816632,114,36.562
55,116,4.3812297693123154,115,36.562
55,117,4.417791510807999,116,36.562
55,118,4.454353252303682,117,36.562
55,119,4.4909149937993655,118,36.562
55,120,4.527476735295049,119,36.562
55,121,4.564038476790732,120,36.562
55,122,4.600600218286416,121,36.562
55,123,4.637161959782099,122,36.562
55,124,4.673723701277782,123,36.562
55,125,4.710285442773466,124,36.562
55,126,4.746847184269149,125,36.562
55,127,4.7834089257648325,126,36.562
55,128,4.819970667260516,127,36.562
56,1,0.19135430537861545,0,191.354
56,2,0.22768361245053415,1,36.329
56,3,0.2640129195224528,2,36.329
56,4,0.3003422265943715,3,36.329
56,5,0.33667153366629016,4,36.329
56,6,0.3730008407382088,5,36.329
56,7,0.4093301478101275,6,36.329
56,8,0.44565945488204617,7,36.329
56,9,0.48198876195396484,8,36.329
56,10,0.5183180690258835,9,36.329
56,11,0.5546473760978022,10,36.329
56,12,0.590976683169721,11,36.329
56,13,0.6273059902416397,12,36.329
56,14,0.6636352973135584,13,36.329
56,15,0.6999646043854771,14,36.329
56,16,0.7362939114573959,15,36.329
56,17,0.7726232185293146,16,36.329
56,18,0.8089525256012333,17,36.329
56,19,0.845281832673152,18,36.329
56,20,0.8816111397450708,19,36.329
56,21,0.9179404468169895,20,36.329
56,22,0.9542697538889082,21,36.329
56,23,0.990599060960827,22,36.329
56,24,1.0269283680327457,23,36.329
56,25,1.0632576751046643,24,36.329
56,26,1.099586982176583,25,36.329
56,27,1.1359162892485015,26,36.329
56,28,1.1722455963204201,27,36.329
56,29,1.2085749033923388,28,36.329
56,30,1.2449042104642574,29,36.329
56,31,1.281233517536176,30,36.329
56,32,1.3175628246080946,31,36.329
56,33,1.3538921316800132,32,36.329
56,34,1.3902214387519318,33,36.329
56,35,1.4265507458238504,34,36.329
56,36,1.462880052895769,35,36.329
56,37,1.4992093599676877,36,36.329
56,38,1.5355386670396063,37,36.329
56,39,1.571867974111525,38,36.329
56,40,1.6081972811834435,39,36.329
56,41,1.6445265882553621,40,36.329
56,42,1.6808558953272807,41,36.329
56,43,1.7171852023991994,42,36.329
56,44,1.753514509471118,43,36.329
56,45,1.7898438165430366,44,36.329
56,46,1.8261731236149552,45,36.329
56,47,1.8625024306868738,46,36.329
56,48,1.8988317377587924,47,36.329
56,49,1.935161044830711,48,36.329
56,50,1.971667037018126,49,36.506
56,51,2.008173029205541,50,36.506
56,52,2.0446790213929558,51,36.506
56,53,2.0811850135803707,52,36.506
56,54,2.1176910057677856,53,36.506
56,55,2.1541969979552005,54,36.506
56,56,2.1907029901426154,55,36.506
56,57,2.2272089823300303,56,36.506
56,58,2.263714974517445,57,36.506
56,59,2.30022096670486,58,36.506
56,60,2.336726958892275,59,36.506
56,61,2.37323295107969,60,36.506
56,62,2.409738943267105,61,36.506
56,63,2.4462449354545197,62,36.506
56,64,2.4827509276419346,63,36.506
56,65,2.5192569198293495,64,36.506
56,66,2.5557629120167644,65,36.506
56,67,2.5922689042041793,66,36.506
56,68,2.6287748963915942,67,36.506
56,69,2.665280888579009,68,36.506
56,70,2.701786880766424,69,36.506
56,71,2.738292872953839,70,36.506
56,72,2.774798865141254,71,36.506
56,73,2.8113048573286687,72,36.506
56,74,2.8478108495160837,73,36.506
56,75,2.8843168417034986,74,36.506
56,76,2.9208228338909135,75,36.506
56,77,2.9573288260783284,76,36.506
56,78,2.9938348182657433,77,36.506
56,79,3.030340810453158,78,36.506
56,80,3.066846802640573,79,36.506
56,81,3.103352794827988,80,36.506
56,82,3.139858787015403,81,36.506
56,83,3.176364779202818,82,36.506
56,84,3.2128707713902327,83,36.506
56,85,3.2493767635776476,84,36.506
56,86,3.2858827557650625,85,36.506
56,87,3.3223887479524774,86,36.506
56,88,3.3588947401398923,87,36.506
56,89,3.395400732327307,88,36.506
56,90,3.431906724514722,89,36.506
56,91,3.468412716702137,90,36.506
56,92,3.504918708889552,91,36.506
56,93,3.541424701076967,92,36.506
56,94,3.5779306932643817,93,36.506
56,95,3.6144366854517966,94,36.506
56,96,3.6509426776392115,95,36.506
56,97,3.6874486698266264,96,36.506
56,98,3.7239546620140414,97,36.506
56,99,3.7604606542014563,98,36.506
56,100,3.796966646388871,99,36.506
56,101,3.833472638576286,100,36.506
56,102,3.869978630763701,101,36.506
56,103,3.906484622951116,102,36.506
56,104,3.9429906151385308,103,36.506
56,105,3.9794966073259457,104,36.506
56,106,4.016002599513361,105,36.506
56,107,4.052508591700776,106,36.506
56,108,4.089014583888191,107,36.506
56,109,4.125520576075606,108,36.506
56,110,4.162026568263021,109,36.506
56,111,4.1985325604504355,110,36.506
56,112,4.2350385526378505,111,36.506
56,113,4.271544544825265,112,36.506
56,114,4.308106286320949,113,36.562
56,115,4.344668027816632,114,36.562
56,116,4.3812297693123154,115,36.562
56,117,4.417791510807999,116,36.562
56,118,4.454353252303682,117,36.562
56,119,4.4909149937993655,118,36.562
56,120,4.527476735295049,119,36.562
56,121,4.564038476790732,120,36.562
56,122,4.600600218286416,121,36.562
56,123,4.637161959782099,122,36.562
56,124,4.673723701277782,123,36.562
56,125,4.710285442773466,124,36.562
56,126,4.746847184269149,125,36.562
56,127,4.7834089257648325,126,36.562
56,128,4.819970667260516,127,36.562
57,1,0.19135430537861545,0,191.354
57,2,0.22768361245053415,1,36.329
57,3,0.2640129195224528,2,36.329
57,4,0.3003422265943715,3,36.329
57,5,0.33667153366629016,4,36.329
57,6,0.3730008407382088,5,36.329
57,7,0.4093301478101275,6,36.329
57,8,0.44565945488204617,7,36.329
57,9,0.48198876195396484,8,36.329
57,10,0.5183180690258835,9,36.329
57,11,0.5546473760978022,10,36.329
57,12,0.590976683169721,11,36.329
57,13,0.6273059902416397,12,36.329
57,14,0.6636352973135584,13,36.329
57,15,0.6999646043854771,14,36.329
57,16,0.7362939114573959,15,36.329
57,17,0.7726232185293146,16,36.329
57,18,0.8089525256012333,17,36.329
57,19,0.845281832673152,18,36.329
57,20,0.8816111397450708,19,36.329
57,21,0.9179404468169895,20,36.329
57,22,0.9542697538889082,21,36.329
57,23,0.990599060960827,22,36.329
57,24,1.0269283680327457,23,36.329
57,25,1.0632576751046643,24,36.329
57,26,1.099586982176583,25,36.329
57,27,1.1359162892485015,26,36.329
57,28,1.1722455963204201,27,36.329
57,29,1.2085749033923388,28,36.329
57,30,1.2449042104642574,29,36.329
57,31,1.281233517536176,30,36.329
57,32,1.3175628246080946,31,36.329
57,33,1.3538921316800132,32,36.329
57,34,1.3902214387519318,33,36.329
57,35,1.4265507458238504,34,36.329
57,36,1.462880052895769,35,36.329
57,37,1.4992093599676877,36,36.329
57,38,1.5355386670396063,37,36.329
57,39,1.571867974111525,38,36.329
57,40,1.6081972811834435,39,36.329
57,41,1.6445265882553621,40,36.329
57,42,1.6808558953272807,41,36.329
57,43,1.7171852023991994,42,36.329
57,44,1.753514509471118,43,36.329
57,45,1.7898438165430366,44,36.329
57,46,1.8261731236149552,45,36.329
57,47,1.8625024306868738,46,36.329
57,48,1.8988317377587924,47,36.329
57,49,1.935161044830711,48,36.329
57,50,1.971667037018126,49,36.506
57,51,2.008173029205541,50,36.506
57,52,2.0446790213929558,51,36.506
57,53,2.0811850135803707,52,36.506
57,54,2.1176910057677856,53,36.506
57,55,2.1541969979552005,54,36.506
57,56,2.1907029901426154,55,36.506
57,57,2.2272089823300303,56,36.506
57,58,2.263714974517445,57,36.506
57,59,2.30022096670486,58,36.506
57,60,2.336726958892275,59,36.506
57,61,2.37323295107969,60,36.506
57,62,2.409738943267105,61,36.506
57,63,2.4462449354545197,62,36.506
57,64,2.4827509276419346,63,36.506
57,65,2.5192569198293495,64,36.506
57,66,2.5557629120167644,65,36.506
57,67,2.5922689042041793,66,36.506
57,68,2.6287748963915942,67,36.506
57,69,2.665280888579009,68,36.506
57,70,2.701786880766424,69,36.506
57,71,2.738292872953839,70,36.506
57,72,2.774798865141254,71,36.506
57,73,2.8113048573286687,72,36.506
57,74,2.8478108495160837,73,36.506
57,75,2.8843168417034986,74,36.506
57,76,2.9208228338909135,75,36.506
57,77,2.9573288260783284,76,36.506
57,78,2.9938348182657433,77,36.506
57,79,3.030340810453158,78,36.506
57,80,3.066846802640573,79,36.506
57,81,3.103352794827988,80,36.506
57,82,3.139858787015403,81,36.506
57,83,3.176364779202818,82,36.506
57,84,3.2128707713902327,83,36.506
57,85,3.2493767635776476,84,36.506
57,86,3.2858827557650625,85,36.506
57,87,3.3223887479524774,86,36.506
57,88,3.3588947401398923,87,36.506
57,89,3.395400732327307,88,36.506
57,90,3.431906724514722,89,36.506
57,91,3.468412716702137,90,36.506
57,92,3.504918708889552,91,36.506
57,93,3.541424701076967,92,36.506
57,94,3.5779306932643817,93,36.506
57,95,3.6144366854517966,94,36.506
57,96,3.6509426776392115,95,36.506
57,97,3.6874486698266264,96,36.506
57,98,3.7239546620140414,97,36.506
57,99,3.7604606542014563,98,36.506
57,100,3.796966646388871,99,36.506
57,101,3.833472638576286,100,36.506
57,102,3.869978630763701,101,36.506
57,103,3.906484622951116,102,36.506
57,104,3.9429906151385308,103,36.506
57,105,3.9794966073259457,104,36.506
57,106,4.016002599513361,105,36.506
57,107,4.052508591700776,106,36.506
57,108,4.089014583888191,107,36.506
57,109,4.125520576075606,108,36.506
57,110,4.162026568263021,109,36.506
57,111,4.1985325604504355,110,36.506
57,112,4.2350385526378505,111,36.506
57,113,4.271544544825265,112,36.506
57,114,4.308106286320949,113,36.562
57,115,4.344668027816632,114,36.562
57,116,4.3812297693123154,115,36.562
57,117,4.417791510807999,116,36.562
57,118,4.454353252303682,117,36.562
57,119,4.4909149937993655,118,36.562
57,120,4.527476735295049,119,36.562
57,121,4.564038476790732,120,36.562
57,122,4.600600218286416,121,36.562
57,123,4.637161959782099,122,36.562
57,124,4.673723701277782,123,36.562
57,125,4.710285442773466,124,36.562
57,126,4.746847184269149,125,36.562
57,127,4.7834089257648325,126,36.562
57,128,4.819970667260516,127,36.562
58,1,0.19135430537861545,0,191.354
58,2,0.22768361245053415,1,36.329
58,3,0.2640129195224528,2,36.329
58,4,0.3003422265943715,3,36.329
58,5,0.33667153366629016,4,36.329
58,6,0.3730008407382088,5,36.329
58,7,0.4093301478101275,6,36.329
58,8,0.44565945488204617,7,36.329
58,9,0.48198876195396484,8,36.329
58,10,0.5183180690258835,9,36.329
58,11,0.5546473760978022,10,36.329
58,12,0.590976683169721,11,36.329
58,13,0.6273059902416397,12,36.329
58,14,0.6636352973135584,13,36.329
58,15,0.6999646043854771,14,36.329
58,16,0.7362939114573959,15,36.329
58,17,0.7726232185293146,16,36.329
58,18,0.8089525256012333,17,36.329
58,19,0.845281832673152,18,36.329
58,20,0.8816111397450708,19,36.329
58,21,0.9179404468169895,20,36.329
58,22,0.9542697538889082,21,36.329
58,23,0.990599060960827,22,36.329
58,24,1.0269283680327457,23,36.329
58,25,1.0632576751046643,24,36.329
58,26,1.099586982176583,25,36.329
58,27,1.1359162892485015,26,36.329
58,28,1.1722455963204201,27,36.329
58,29,1.2085749033923388,28,36.329
58,30,1.2449042104642574,29,36.329
58,31,1.281233517536176,30,36.329
58,32,1.3175628246080946,31,36.329
58,33,1.3538921316800132,32,36.329
58,34,1.3902214387519318,33,36.329
58,35,1.4265507458238504,34,36.329
58,36,1.462880052895769,35,36.329
58,37,1.4992093599676877,36,36.329
58,38,1.5355386670396063,37,36.329
58,39,1.571867974111525,38,36.329
58,40,1.6081972811834435,39,36.329
58,41,1.6445265882553621,40,36.329
58,42,1.6808558953272807,41,36.329
58,43,1.7171852023991994,42,36.329
58,44,1.753514509471118,43,36.329
58,45,1.7898438165430366,44,36.329
58,46,1.8261731236149552,45,36.329
58,47,1.8625024306868738,46,36.329
58,48,1.8988317377587924,47,36.329
58,49,1.935161044830711,48,36.329
58,50,1.971667037018126,49,36.506
58,51,2.008173029205541,50,36.506
58,52,2.0446790213929558,51,36.506
58,53,2.0811850135803707,52,36.506
58,54,2.1176910057677856,53,36.506
58,55,2.1541969979552005,54,36.506
58,56,2.1907029901426154,55,36.506
58,57,2.2272089823300303,56,36.506
58,58,2.263714974517445,57,36.506
58,59,2.30022096670486,58,36.506
58,60,2.336726958892275,59,36.506
58,61,2.37323295107969,60,36.506
58,62,2.409738943267105,61,36.506
58,63,2.4462449354545197,62,36.506
58,64,2.4827509276419346,63,36.506
58,65,2.5192569198293495,64,36.506
58,66,2.5557629120167644,65,36.506
58,67,2.5922689042041793,66,36.506
58,68,2.6287748963915942,67,36.506
58,69,2.665280888579009,68,36.506
58,70,2.701786880766424,69,36.506
58,71,2.738292872953839,70,36.506
58,72,2.774798865141254,71,36.506
58,73,2.8113048573286687,72,36.506
58,74,2.8478108495160837,73,36.506
58,75,2.8843168417034986,74,36.506
58,76,2.9208228338909135,75,36.506
58,77,2.9573288260783284,76,36.506
58,78,2.9938348182657433,77,36.506
58,79,3.030340810453158,78,36.506
58,80,3.066846802640573,79,36.506
58,81,3.103352794827988,80,36.506
58,82,3.139858787015403,81,36.506
58,83,3.176364779202818,82,36.506
58,84,3.2128707713902327,83,36.506
58,85,3.2493767635776476,84,36.506
58,86,3.2858827557650625,85,36.506
58,87,3.3223887479524774,86,36.506
58,88,3.3588947401398923,87,36.506
58,89,3.395400732327307,88,36.506
58,90,3.431906724514722,89,36.506
58,91,3.468412716702137,90,36.506
58,92,3.504918708889552,91,36.506
58,93,3.541424701076967,92,36.506
58,94,3.5779306932643817,93,36.506
58,95,3.6144366854517966,94,36.506
58,96,3.6509426776392115,95,36.506
58,97,3.6874486698266264,96,36.506
58,98,3.7239546620140414,97,36.506
58,99,3.7604606542014563,98,36.506
58,100,3.796966646388871,99,36.506
58,101,3.833472638576286,100,36.506
58,102,3.869978630763701,101,36.506
58,103,3.906484622951116,102,36.506
58,104,3.9429906151385308,103,36.506
58,105,3.9794966073259457,104,36.506
58,106,4.016002599513361,105,36.506
58,107,4.052508591700776,106,36.506
58,108,4.089014583888191,107,36.506
58,109,4.125520576075606,108,36.506
58,110,4.162026568263021,109,36.506
58,111,4.1985325604504355,110,36.506
58,112,4.2350385526378505,111,36.506
58,113,4.271544544825265,112,36.506
58,114,4.308106286320949,113,36.562
58,115,4.344668027816632,114,36.562
58,116,4.3812297693123154,115,36.562
58,117,4.417791510807999,116,36.562
58,118,4.454353252303682,117,36.562
58,119,4.4909149937993655,118,36.562
58,120,4.527476735295049,119,36.562
58,121,4.564038476790732,120,36.562
58,122,4.600600218286416,121,36.562
58,123,4.637161959782099,122,36.562
58,124,4.673723701277782,123,36.562
58,125,4.710285442773466,124,36.562
58,126,4.746847184269149,125,36.562
58,127,4.7834089257648325,126,36.562
58,128,4.819970667260516,127,36.562
59,1,0.19135430537861545,0,191.354
59,2,0.22768361245053415,1,36.329
59,3,0.2640129195224528,2,36.329
59,4,0.3003422265943715,3,36.329
59,5,0.33667153366629016,4,36.329
59,6,0.3730008407382088,5,36.329
59,7,0.4093301478101275,6,36.329
59,8,0.44565945488204617,7,36.329
59,9,0.48198876195396484,8,36.329
59,10,0.5183180690258835,9,36.329
59,11,0.5546473760978022,10,36.329
59,12,0.590976683169721,11,36.329
59,13,0.6273059902416397,12,36.329
59,14,0.6636352973135584,13,36.329
59,15,0.6999646043854771,14,36.329
59,16,0.7362939114573959,15,36.329
59,17,0.7726232185293146,16,36.329
59,18,0.8089525256012333,17,36.329
59,19,0.845281832673152,18,36.329
59,20,0.8816111397450708,19,36.329
59,21,0.9179404468169895,20,36.329
59,22,0.9542697538889082,21,36.329
59,23,0.990599060960827,22,36.329
59,24,1.0269283680327457,23,36.329
59,25,1.0632576751046643,24,36.329
59,26,1.099586982176583,25,36.329
59,27,1.1359162892485015,26,36.329
59,28,1.1722455963204201,27,36.329
59,29,1.2085749033923388,28,36.329
59,30,1.2449042104642574,29,36.329
59,31,1.281233517536176,30,36.329
59,32,1.3175628246080946,31,36.329
59,33,1.3538921316800132,32,36.329
59,34,1.3902214387519318,33,36.329
59,35,1.4265507458238504,34,36.329
59,36,1.462880052895769,35,36.329
59,37,1.4992093599676877,36,36.329
59,38,1.5355386670396063,37,36.329
59,39,1.571867974111525,38,36.329
59,40,1.6081972811834435,39,36.329
59,41,1.6445265882553621,40,36.329
59,42,1.6808558953272807,41,36.329
59,43,1.7171852023991994,42,36.329
59,44,1.753514509471118,43,36.329
59,45,1.7898438165430366,44,36.329
59,46,1.8261731236149552,45,36.329
59,47,1.8625024306868738,46,36.329
59,48,1.8988317377587924,47,36.329
59,49,1.935161044830711,48,36.329
59,50,1.971667037018126,49,36.506
59,51,2.008173029205541,50,36.506
59,52,2.0446790213929558,51,36.506
59,53,2.0811850135803707,52,36.506
59,54,2.1176910057677856,53,36.506
59,55,2.1541969979552005,54,36.506
59,56,2.1907029901426154,55,36.506
59,57,2.2272089823300303,56,36.506
59,58,2.263714974517445,57,36.506
59,59,2.30022096670486,58,36.506
59,60,2.336726958892275,59,36.506
59,61,2.37323295107969,60,36.506
59,62,2.409738943267105,61,36.506
59,63,2.4462449354545197,62,36.506
59,64,2.4827509276419346,63,36.506
59,65,2.5192569198293495,64,36.506
59,66,2.5557629120167644,65,36.506
59,67,2.5922689042041793,66,36.506
59,68,2.6287748963915942,67,36.506
59,69,2.665280888579009,68,36.506
59,70,2.701786880766424,69,36.506
59,71,2.738292872953839,70,36.506
59,72,2.774798865141254,71,36.506
59,73,2.8113048573286687,72,36.506
59,74,2.8478108495160837,73,36.506
59,75,2.8843168417034986,74,36.506
59,76,2.9208228338909135,75,36.506
59,77,2.9573288260783284,76,36.506
59,78,2.9938348182657433,77,36.506
59,79,3.030340810453158,78,36.506
59,80,3.066846802640573,79,36.506
59,81,3.103352794827988,80,36.506
59,82,3.139858787015403,81,36.506
59,83,3.176364779202818,82,36.506
59,84,3.2128707713902327,83,36.506
59,85,3.2493767635776476,84,36.506
59,86,3.2858827557650625,85,36.506
59,87,3.3223887479524774,86,36.506
59,88,3.3588947401398923,87,36.506
59,89,3.395400732327307,88,36.506
59,90,3.431906724514722,89,36.506
59,91,3.468412716702137,90,36.506
59,92,3.504918708889552,91,36.506
59,93,3.541424701076967,92,36.506
59,94,3.5779306932643817,93,36.506
59,95,3.6144366854517966,94,36.506
59,96,3.6509426776392115,95,36.506
59,97,3.6874486698266264,96,36.506
59,98,3.7239546620140414,97,36.506
59,99,3.7604606542014563,98,36.506
59,100,3.796966646388871,99,36.506
59,101,3.833472638576286,100,36.506
59,102,3.869978630763701,101,36.506
59,103,3.906484622951116,102,36.506
59,104,3.9429906151385308,103,36.506
59,105,3.9794966073259457,104,36.506
59,106,4.016002599513361,105,36.506
59,107,4.052508591700776,106,36.506
59,108,4.089014583888191,107,36.506
59,109,4.125520576075606,108,36.506
59,110,4.162026568263021,109,36.506
59,111,4.1985325604504355,110,36.506
59,112,4.2350385526378505,111,36.506
59,113,4.271544544825265,112,36.506
59,114,4.308106286320949,113,36.562
59,115,4.344668027816632,114,36.562
59,116,4.3812297693123154,115,36.562
59,117,4.417791510807999,116,36.562
59,118,4.454353252303682,117,36.562
59,119,4.4909149937993655,118,36.562
59,120,4.527476735295049,119,36.562
59,121,4.564038476790732,120,36.562
59,122,4.600600218286416,121,36.562
59,123,4.637161959782099,122,36.562
59,124,4.673723701277782,123,36.562
59,125,4.710285442773466,124,36.562
59,126,4.746847184269149,125,36.562
59,127,4.7834089257648325,126,36.562
59,128,4.819970667260516,127,36.562
60,1,0.19135430537861545,0,191.354
60,2,0.22768361245053415,1,36.329
60,3,0.2640129195224528,2,36.329
60,4,0.3003422265943715,3,36.329
60,5,0.33667153366629016,4,36.329
60,6,0.3730008407382088,5,36.329
60,7,0.4093301478101275,6,36.329
60,8,0.44565945488204617,7,36.329
60,9,0.48198876195396484,8,36.329
60,10,0.5183180690258835,9,36.329
60,11,0.5546473760978022,10,36.329
60,12,0.590976683169721,11,36.329
60,13,0.6273059902416397,12,36.329
60,14,0.6636352973135584,13,36.329
60,15,0.6999646043854771,14,36.329
60,16,0.7362939114573959,15,36.329
60,17,0.7726232185293146,16,36.329
60,18,0.8089525256012333,17,36.329
60,19,0.845281832673152,18,36.329
60,20,0.8816111397450708,19,36.329
60,21,0.9179404468169895,20,36.329
60,22,0.9542697538889082,21,36.329
60,23,0.990599060960827,22,36.329
60,24,1.0269283680327457,23,36.329
60,25,1.0632576751046643,24,36.329
60,26,1.099586982176583,25,36.329
60,27,1.1359162892485015,26,36.329
60,28,1.1722455963204201,27,36.329
60,29,1.2085749033923388,28,36.329
60,30,1.2449042104642574,29,36.329
60,31,1.281233517536176,30,36.329
60,32,1.3175628246080946,31,36.329
60,33,1.3538921316800132,32,36.329
60,34,1.3902214387519318,33,36.329
60,35,1.4265507458238504,34,36.329
60,36,1.462880052895769,35,36.329
60,37,1.4992093599676877,36,36.329
60,38,1.5355386670396063,37,36.329
60,39,1.571867974111525,38,36.329
60,40,1.6081972811834435,39,36.329
60,41,1.6445265882553621,40,36.329
60,42,1.6808558953272807,41,36.329
60,43,1.7171852023991994,42,36.329
60,44,1.753514509471118,43,36.329
60,45,1.7898438165430366,44,36.329
60,46,1.8261731236149552,45,36.329
60,47,1.8625024306868738,46,36.329
60,48,1.8988317377587924,47,36.329
60,49,1.935161044830711,48,36.329
60,50,1.971667037018126,49,36.506
60,51,2.008173029205541,50,36.506
60,52,2.0446790213929558,51,36.506
60,53,2.0811850135803707,52,36.506
60,54,2.1176910057677856,53,36.506
60,55,2.1541969979552005,54,36.506
60,56,2.1907029901426154,55,36.506
60,57,2.2272089823300303,56,36.506
60,58,2.263714974517445,57,36.506
60,59,2.30022096670486,58,36.506
60,60,2.336726958892275,59,36.506
60,61,2.37323295107969,60,36.506
60,62,2.409738943267105,61,36.506
60,63,2.4462449354545197,62,36.506
60,64,2.4827509276419346,63,36.506
60,65,2.5192569198293495,64,36.506
60,66,2.5557629120167644,65,36.506
60,67,2.5922689042041793,66,36.506
60,68,2.6287748963915942,67,36.506
60,69,2.665280888579009,68,36.506
60,70,2.701786880766424,69,36.506
60,71,2.738292872953839,70,36.506
60,72,2.774798865141254,71,36.506
60,73,2.8113048573286687,72,36.506
60,74,2.8478108495160837,73,36.506
60,75,2.8843168417034986,74,36.506
60,76,2.9208228338909135,75,36.506
60,77,2.9573288260783284,76,36.506
60,78,2.9938348182657433,77,36.506
60,79,3.030340810453158,78,36.506
60,80,3.066846802640573,79,36.506
60,81,3.103352794827988,80,36.506
60,82,3.139858787015403,81,36.506
60,83,3.176364779202818,82,36.506
60,84,3.2128707713902327,83,36.506
60,85,3.2493767635776476,84,36.506
60,86,3.2858827557650625,85,36.506
60,87,3.3223887479524774,86,36.506
60,88,3.3588947401398923,87,36.506
60,89,3.395400732327307,88,36.506
60,90,3.431906724514722,89,36.506
60,91,3.468412716702137,90,36.506
60,92,3.504918708889552,91,36.506
60,93,3.541424701076967,92,36.506
60,94,3.5779306932643817,93,36.506
60,95,3.6144366854517966,94,36.506
60,96,3.6509426776392115,95,36.506
60,97,3.6874486698266264,96,36.506
60,98,3.7239546620140414,97,36.506
60,99,3.7604606542014563,98,36.506
60,100,3.796966646388871,99,36.506
60,101,3.833472638576286,100,36.506
60,102,3.869978630763701,101,36.506
60,103,3.906484622951116,102,36.506
60,104,3.9429906151385308,103,36.506
60,105,3.9794966073259457,104,36.506
60,106,4.016002599513361,105,36.506
60,107,4.052508591700776,106,36.506
60,108,4.089014583888191,107,36.506
60,109,4.125520576075606,108,36.506
60,110,4.162026568263021,109,36.506
60,111,4.1985325604504355,110,36.506
60,112,4.2350385526378505,111,36.506
60,113,4.271544544825265,112,36.506
60,114,4.308106286320949,113,36.562
60,115,4.344668027816632,114,36.562
60,116,4.3812297693123154,115,36.562
60,117,4.417791510807999,116,36.562
60,118,4.454353252303682,117,36.562
60,119,4.4909149937993655,118,36.562
60,120,4.527476735295049,119,36.562
60,121,4.564038476790732,120,36.562
60,122,4.600600218286416,121,36.562
60,123,4.637161959782099,122,36.562
60,124,4.673723701277782,123,36.562
60,125,4.710285442773466,124,36.562
60,126,4.746847184269149,125,36.562
60,127,4.7834089257648325,126,36.562
60,128,4.819970667260516,127,36.562
61,1,0.19135430537861545,0,191.354
61,2,0.22768361245053415,1,36.329
61,3,0.2640129195224528,2,36.329
61,4,0.3003422265943715,3,36.329
61,5,0.33667153366629016,4,36.329
61,6,0.3730008407382088,5,36.329
61,7,0.4093301478101275,6,36.329
61,8,0.44565945488204617,7,36.329
61,9,0.48198876195396484,8,36.329
61,10,0.5183180690258835,9,36.329
61,11,0.5546473760978022,10,36.329
61,12,0.590976683169721,11,36.329
61,13,0.6273059902416397,12,36.329
61,14,0.6636352973135584,13,36.329
61,15,0.6999646043854771,14,36.329
61,16,0.7362939114573959,15,36.329
61,17,0.7726232185293146,16,36.329
61,18,0.8089525256012333,17,36.329
61,19,0.845281832673152,18,36.329
61,20,0.8816111397450708,19,36.329
61,21,0.9179404468169895,20,36.329
61,22,0.9542697538889082,21,36.329
61,23,0.990599060960827,22,36.329
61,24,1.0269283680327457,23,36.329
61,25,1.0632576751046643,24,36.329
61,26,1.099586982176583,25,36.329
61,27,1.1359162892485015,26,36.329
61,28,1.1722455963204201,27,36.329
61,29,1.2085749033923388,28,36.329
61,30,1.2449042104642574,29,36.329
61,31,1.281233517536176,30,36.329
61,32,1.3175628246080946,31,36.329
61,33,1.3538921316800132,32,36.329
61,34,1.3902214387519318,33,36.329
61,35,1.4265507458238504,34,36.329
61,36,1.462880052895769,35,36.329
61,37,1.4992093599676877,36,36.329
61,38,1.5355386670396063,37,36.329
61,39,1.571867974111525,38,36.329
61,40,1.6081972811834435,39,36.329
61,41,1.6445265882553621,40,36.329
61,42,1.6808558953272807,41,36.329
61,43,1.7171852023991994,42,36.329
61,44,1.753514509471118,43,36.329
61,45,1.7898438165430366,44,36.329
61,46,1.8261731236149552,45,36.329
61,47,1.8625024306868738,46,36.329
61,48,1.8988317377587924,47,36.329
61,49,1.935161044830711,48,36.329
61,50,1.971667037018126,49,36.506
61,51,2.008173029205541,50,36.506
61,52,2.0446790213929558,51,36.506
61,53,2.0811850135803707,52,36.506
61,54,2.1176910057677856,53,36.506
61,55,2.1541969979552005,54,36.506
61,56,2.1907029901426154,55,36.506
61,57,2.2272089823300303,56,36.506
61,58,2.263714974517445,57,36.506
61,59,2.30022096670486,58,36.506
61,60,2.336726958892275,59,36.506
61,61,2.37323295107969,60,36.506
61,62,2.409738943267105,61,36.506
61,63,2.4462449354545197,62,36.506
61,64,2.4827509276419346,63,36.506
61,65,2.5192569198293495,64,36.506
61,66,2.5557629120167644,65,36.506
61,67,2.5922689042041793,66,36.506
61,68,2.6287748963915942,67,36.506
61,69,2.665280888579009,68,36.506
61,70,2.701786880766424,69,36.506
61,71,2.738292872953839,70,36.506
61,72,2.774798865141254,71,36.506
61,73,2.8113048573286687,72,36.506
61,74,2.8478108495160837,73,36.506
61,75,2.8843168417034986,74,36.506
61,76,2.9208228338909135,75,36.506
61,77,2.9573288260783284,76,36.506
61,78,2.9938348182657433,77,36.506
61,79,3.030340810453158,78,36.506
61,80,3.066846802640573,79,36.506
61,81,3.103352794827988,80,36.506
61,82,3.139858787015403,81,36.506
61,83,3.176364779202818,82,36.506
61,84,3.2128707713902327,83,36.506
61,85,3.2493767635776476,84,36.506
61,86,3.2858827557650625,85,36.506
61,87,3.3223887479524774,86,36.506
61,88,3.3588947401398923,87,36.506
61,89,3.395400732327307,88,36.506
61,90,3.431906724514722,89,36.506
61,91,3.468412716702137,90,36.506
61,92,3.504918708889552,91,36.506
61,93,3.541424701076967,92,36.506
61,94,3.5779306932643817,93,36.506
61,95,3.6144366854517966,94,36.506
61,96,3.6509426776392115,95,36.506
61,97,3.6874486698266264,96,36.506
61,98,3.7239546620140414,97,36.506
61,99,3.7604606542014563,98,36.506
61,100,3.796966646388871,99,36.506
61,101,3.833472638576286,100,36.506
61,102,3.869978630763701,101,36.506
61,103,3.906484622951116,102,36.506
61,104,3.9429906151385308,103,36.506
61,105,3.9794966073259457,104,36.506
61,106,4.016002599513361,105,36.506
61,107,4.052508591700776,106,36.506
61,108,4.089014583888191,107,36.506
61,109,4.125520576075606,108,36.506
61,110,4.162026568263021,109,36.506
61,111,4.1985325604504355,110,36.506
61,112,4.2350385526378505,111,36.506
61,113,4.271544544825265,112,36.506
61,114,4.308106286320949,113,36.562
61,115,4.344668027816632,114,36.562
61,116,4.3812297693123154,115,36.562
61,117,4.417791510807999,116,36.562
61,118,4.454353252303682,117,36.562
61,119,4.4909149937993655,118,36.562
61,120,4.527476735295049,119,36.562
61,121,4.564038476790732,120,36.562
61,122,4.600600218286416,121,36.562
61,123,4.637161959782099,122,36.562
61,124,4.673723701277782,123,36.562
61,125,4.710285442773466,124,36.562
61,126,4.746847184269149,125,36.562
61,127,4.7834089257648325,126,36.562
61,128,4.819970667260516,127,36.562
62,1,0.19135430537861545,0,191.354
62,2,0.22768361245053415,1,36.329
62,3,0.2640129195224528,2,36.329
62,4,0.3003422265943715,3,36.329
62,5,0.33667153366629016,4,36.329
62,6,0.3730008407382088,5,36.329
62,7,0.4093301478101275,6,36.329
62,8,0.44565945488204617,7,36.329
62,9,0.48198876195396484,8,36.329
62,10,0.5183180690258835,9,36.329
62,11,0.5546473760978022,10,36.329
62,12,0.590976683169721,11,36.329
62,13,0.6273059902416397,12,36.329
62,14,0.6636352973135584,13,36.329
62,15,0.6999646043854771,14,36.329
62,16,0.7362939114573959,15,36.329
62,17,0.7726232185293146,16,36.329
62,18,0.8089525256012333,17,36.329
62,19,0.845281832673152,18,36.329
62,20,0.8816111397450708,19,36.329
62,21,0.9179404468169895,20,36.329
62,22,0.9542697538889082,21,36.329
62,23,0.990599060960827,22,36.329
62,24,1.0269283680327457,23,36.329
62,25,1.0632576751046643,24,36.329
62,26,1.099586982176583,25,36.329
62,27,1.1359162892485015,26,36.329
62,28,1.1722455963204201,27,36.329
62,29,1.2085749033923388,28,36.329
62,30,1.2449042104642574,29,36.329
62,31,1.281233517536176,30,36.329
62,32,1.3175628246080946,31,36.329
62,33,1.3538921316800132,32,36.329
62,34,1.3902214387519318,33,36.329
62,35,1.4265507458238504,34,36.329
62,36,1.462880052895769,35,36.329
62,37,1.4992093599676877,36,36.329
62,38,1.5355386670396063,37,36.329
62,39,1.571867974111525,38,36.329
62,40,1.6081972811834435,39,36.329
62,41,1.6445265882553621,40,36.329
62,42,1.6808558953272807,41,36.329
62,43,1.7171852023991994,42,36.329
62,44,1.753514509471118,43,36.329
62,45,1.7898438165430366,44,36.329
62,46,1.8261731236149552,45,36.329
62,47,1.8625024306868738,46,36.329
62,48,1.8988317377587924,47,36.329
62,49,1.935161044830711,48,36.329
62,50,1.971667037018126,49,36.506
62,51,2.008173029205541,50,36.506
62,52,2.0446790213929558,51,36.506
62,53,2.0811850135803707,52,36.506
62,54,2.1176910057677856,53,36.506
62,55,2.1541969979552005,54,36.506
62,56,2.1907029901426154,55,36.506
62,57,2.2272089823300303,56,36.506
62,58,2.263714974517445,57,36.506
62,59,2.30022096670486,58,36.506
62,60,2.336726958892275,59,36.506
62,61,2.37323295107969,60,36.506
62,62,2.409738943267105,61,36.506
62,63,2.4462449354545197,62,36.506
62,64,2.4827509276419346,63,36.506
62,65,2.5192569198293495,64,36.506
62,66,2.5557629120167644,65,36.506
62,67,2.5922689042041793,66,36.506
62,68,2.6287748963915942,67,36.506
62,69,2.665280888579009,68,36.506
62,70,2.701786880766424,69,36.506
62,71,2.738292872953839,70,36.506
62,72,2.774798865141254,71,36.506
62,73,2.8113048573286687,72,36.506
62,74,2.8478108495160837,73,36.506
62,75,2.8843168417034986,74,36.506
62,76,2.9208228338909135,75,36.506
62,77,2.9573288260783284,76,36.506
62,78,2.9938348182657433,77,36.506
62,79,3.030340810453158,78,36.506
62,80,3.066846802640573,79,36.506
62,81,3.103352794827988,80,36.506
62,82,3.139858787015403,81,36.506
62,83,3.176364779202818,82,36.506
62,84,3.2128707713902327,83,36.506
62,85,3.2493767635776476,84,36.506
62,86,3.2858827557650625,85,36.506
62,87,3.3223887479524774,86,36.506
62,88,3.3588947401398923,87,36.506
62,89,3.395400732327307,88,36.506
62,90,3.431906724514722,89,36.506
62,91,3.468412716702137,90,36.506
62,92,3.504918708889552,91,36.506
62,93,3.541424701076967,92,36.506
62,94,3.5779306932643817,93,36.506
62,95,3.6144366854517966,94,36.506
62,96,3.6509426776392115,95,36.506
62,97,3.6874486698266264,96,36.506
62,98,3.7239546620140414,97,36.506
62,99,3.7604606542014563,98,36.506
62,100,3.796966646388871,99,36.506
62,101,3.833472638576286,100,36.506
62,102,3.869978630763701,101,36.506
62,103,3.906484622951116,102,36.506
62,104,3.9429906151385308,103,36.506
62,105,3.9794966073259457,104,36.506
62,106,4.016002599513361,105,36.506
62,107,4.052508591700776,106,36.506
62,108,4.089014583888191,107,36.506
62,109,4.125520576075606,108,36.506
62,110,4.162026568263021,109,36.506
62,111,4.1985325604504355,110,36.506
62,112,4.2350385526378505,111,36.506
62,113,4.271544544825265,112,36.506
62,114,4.308106286320949,113,36.562
62,115,4.344668027816632,114,36.562
62,116,4.3812297693123154,115,36.562
62,117,4.417791510807999,116,36.562
62,118,4.454353252303682,117,36.562
62,119,4.4909149937993655,118,36.562
62,120,4.527476735295049,119,36.562
62,121,4.564038476790732,120,36.562
62,122,4.600600218286416,121,36.562
62,123,4.637161959782099,122,36.562
62,124,4.673723701277782,123,36.562
62,125,4.710285442773466,124,36.562
62,126,4.746847184269149,125,36.562
62,127,4.7834089257648325,126,36.562
62,128,4.819970667260516,127,36.562
63,1,0.19135430537861545,0,191.354
63,2,0.22768361245053415,1,36.329
63,3,0.2640129195224528,2,36.329
63,4,0.3003422265943715,3,36.329
63,5,0.33667153366629016,4,36.329
63,6,0.3730008407382088,5,36.329
63,7,0.4093301478101275,6,36.329
63,8,0.44565945488204617,7,36.329
63,9,0.48198876195396484,8,36.329
63,10,0.5183180690258835,9,36.329
63,11,0.5546473760978022,10,36.329
63,12,0.590976683169721,11,36.329
63,13,0.6273059902416397,12,36.329
63,14,0.6636352973135584,13,36.329
63,15,0.6999646043854771,14,36.329
63,16,0.7362939114573959,15,36.329
63,17,0.7726232185293146,16,36.329
63,18,0.8089525256012333,17,36.329
63,19,0.845281832673152,18,36.329
63,20,0.8816111397450708,19,36.329
63,21,0.9179404468169895,20,36.329
63,22,0.9542697538889082,21,36.329
63,23,0.990599060960827,22,36.329
63,24,1.0269283680327457,23,36.329
63,25,1.0632576751046643,24,36.329
63,26,1.099586982176583,25,36.329
63,27,1.1359162892485015,26,36.329
63,28,1.1722455963204201,27,36.329
63,29,1.2085749033923388,28,36.329
63,30,1.2449042104642574,29,36.329
63,31,1.281233517536176,30,36.329
63,32,1.3175628246080946,31,36.329
63,33,1.3538921316800132,32,36.329
63,34,1.3902214387519318,33,36.329
63,35,1.4265507458238504,34,36.329
63,36,1.462880052895769,35,36.329
63,37,1.4992093599676877,36,36.329
63,38,1.5355386670396063,37,36.329
63,39,1.571867974111525,38,36.329
63,40,1.6081972811834435,39,36.329
63,41,1.6445265882553621,40,36.329
63,42,1.6808558953272807,41,36.329
63,43,1.7171852023991994,42,36.329
63,44,1.753514509471118,43,36.329
63,45,1.7898438165430366,44,36.329
63,46,1.8261731236149552,45,36.329
63,47,1.8625024306868738,46,36.329
63,48,1.8988317377587924,47,36.329
63,49,1.935161044830711,48,36.329
63,50,1.971667037018126,49,36.506
63,51,2.008173029205541,50,36.506
63,52,2.0446790213929558,51,36.506
63,53,2.0811850135803707,52,36.506
63,54,2.1176910057677856,53,36.506
63,55,2.1541969979552005,54,36.506
63,56,2.1907029901426154,55,36.506
63,57,2.2272089823300303,56,36.506
63,58,2.263714974517445,57,36.506
63,59,2.30022096670486,58,36.506
63,60,2.336726958892275,59,36.506
63,61,2.37323295107969,60,36.506
63,62,2.409738943267105,61,36.506
63,63,2.4462449354545197,62,36.506
63,64,2.4827509276419346,63,36.506
63,65,2.5192569198293495,64,36.506
63,66,2.5557629120167644,65,36.506
63,67,2.5922689042041793,66,36.506
63,68,2.6287748963915942,67,36.506
63,69,2.665280888579009,68,36.506
63,70,2.701786880766424,69,36.506
63,71,2.738292872953839,70,36.506
63,72,2.774798865141254,71,36.506
63,73,2.8113048573286687,72,36.506
63,74,2.8478108495160837,73,36.506
63,75,2.8843168417034986,74,36.506
63,76,2.9208228338909135,75,36.506
63,77,2.9573288260783284,76,36.506
63,78,2.9938348182657433,77,36.506
63,79,3.030340810453158,78,36.506
63,80,3.066846802640573,79,36.506
63,81,3.103352794827988,80,36.506
63,82,3.139858787015403,81,36.506
63,83,3.176364779202818,82,36.506
63,84,3.2128707713902327,83,36.506
63,85,3.2493767635776476,84,36.506
63,86,3.2858827557650625,85,36.506
63,87,3.3223887479524774,86,36.506
63,88,3.3588947401398923,87,36.506
63,89,3.395400732327307,88,36.506
63,90,3.431906724514722,89,36.506
63,91,3.468412716702137,90,36.506
63,92,3.504918708889552,91,36.506
63,93,3.541424701076967,92,36.506
63,94,3.5779306932643817,93,36.506
63,95,3.6144366854517966,94,36.506
63,96,3.6509426776392115,95,36.506
63,97,3.6874486698266264,96,36.506
63,98,3.7239546620140414,97,36.506
63,99,3.7604606542014563,98,36.506
63,100,3.796966646388871,99,36.506
63,101,3.833472638576286,100,36.506
63,102,3.869978630763701,101,36.506
63,103,3.906484622951116,102,36.506
63,104,3.9429906151385308,103,36.506
63,105,3.9794966073259457,104,36.506
63,106,4.016002599513361,105,36.506
63,107,4.052508591700776,106,36.506
63,108,4.089014583888191,107,36.506
63,109,4.125520576075606,108,36.506
63,110,4.162026568263021,109,36.506
63,111,4.1985325604504355,110,36.506
63,112,4.2350385526378505,111,36.506
63,113,4.271544544825265,112,36.506
63,114,4.308106286320949,113,36.562
63,115,4.344668027816632,114,36.562
63,116,4.3812297693123154,115,36.562
63,117,4.417791510807999,116,36.562
63,118,4.454353252303682,117,36.562
63,119,4.4909149937993655,118,36.562
63,120,4.527476735295049,119,36.562
63,121,4.564038476790732,120,36.562
63,122,4.600600218286416,121,36.562
63,123,4.637161959782099,122,36.562
63,124,4.673723701277782,123,36.562
63,125,4.710285442773466,124,36.562
63,126,4.746847184269149,125,36.562
63,127,4.7834089257648325,126,36.562
63,128,4.819970667260516,127,36.562
64,1,0.19135430537861545,0,191.354
64,2,0.22768361245053415,1,36.329
64,3,0.2640129195224528,2,36.329
64,4,0.3003422265943715,3,36.329
64,5,0.33667153366629016,4,36.329
64,6,0.3730008407382088,5,36.329
64,7,0.4093301478101275,6,36.329
64,8,0.44565945488204617,7,36.329
64,9,0.48198876195396484,8,36.329
64,10,0.5183180690258835,9,36.329
64,11,0.5546473760978022,10,36.329
64,12,0.590976683169721,11,36.329
64,13,0.6273059902416397,12,36.329
64,14,0.6636352973135584,13,36.329
64,15,0.6999646043854771,14,36.329
64,16,0.7362939114573959,15,36.329
64,17,0.7726232185293146,16,36.329
64,18,0.8089525256012333,17,36.329
64,19,0.845281832673152,18,36.329
64,20,0.8816111397450708,19,36.329
64,21,0.9179404468169895,20,36.329
64,22,0.9542697538889082,21,36.329
64,23,0.990599060960827,22,36.329
64,24,1.0269283680327457,23,36.329
64,25,1.0632576751046643,24,36.329
64,26,1.099586982176583,25,36.329
64,27,1.1359162892485015,26,36.329
64,28,1.1722455963204201,27,36.329
64,29,1.2085749033923388,28,36.329
64,30,1.2449042104642574,29,36.329
64,31,1.281233517536176,30,36.329
64,32,1.3175628246080946,31,36.329
64,33,1.3538921316800132,32,36.329
64,34,1.3902214387519318,33,36.329
64,35,1.4265507458238504,34,36.329
64,36,1.462880052895769,35,36.329
64,37,1.4992093599676877,36,36.329
64,38,1.5355386670396063,37,36.329
64,39,1.571867974111525,38,36.329
64,40,1.6081972811834435,39,36.329
64,41,1.6445265882553621,40,36.329
64,42,1.6808558953272807,41,36.329
64,43,1.7171852023991994,42,36.329
64,44,1.753514509471118,43,36.329
64,45,1.7898438165430366,44,36.329
64,46,1.8261731236149552,45,36.329
64,47,1.8625024306868738,46,36.329
64,48,1.8988317377587924,47,36.329
64,49,1.935161044830711,48,36.329
64,50,1.971667037018126,49,36.506
64,51,2.008173029205541,50,36.506
64,52,2.0446790213929558,51,36.506
64,53,2.0811850135803707,52,36.506
64,54,2.1176910057677856,53,36.506
64,55,2.1541969979552005,54,36.506
64,56,2.1907029901426154,55,36.506
64,57,2.2272089823300303,56,36.506
64,58,2.263714974517445,57,36.506
64,59,2.30022096670486,58,36.506
64,60,2.336726958892275,59,36.506
64,61,2.37323295107969,60,36.506
64,62,2.409738943267105,61,36.506
64,63,2.4462449354545197,62,36.506
64,64,2.4827509276419346,63,36.506
64,65,2.5192569198293495,64,36.506
64,66,2.5557629120167644,65,36.506
64,67,2.5922689042041793,66,36.506
64,68,2.6287748963915942,67,36.506
64,69,2.665280888579009,68,36.506
64,70,2.701786880766424,69,36.506
64,71,2.738292872953839,70,36.506
64,72,2.774798865141254,71,36.506
64,73,2.8113048573286687,72,36.506
64,74,2.8478108495160837,73,36.506
64,75,2.8843168417034986,74,36.506
64,76,2.9208228338909135,75,36.506
64,77,2.9573288260783284,76,36.506
64,78,2.9938348182657433,77,36.506
64,79,3.030340810453158,78,36.506
64,80,3.066846802640573,79,36.506
64,81,3.103352794827988,80,36.506
64,82,3.139858787015403,81,36.506
64,83,3.176364779202818,82,36.506
64,84,3.2128707713902327,83,36.506
64,85,3.2493767635776476,84,36.506
64,86,3.2858827557650625,85,36.506
64,87,3.3223887479524774,86,36.506
64,88,3.3588947401398923,87,36.506
64,89,3.395400732327307,88,36.506
64,90,3.431906724514722,89,36.506
64,91,3.468412716702137,90,36.506
64,92,3.504918708889552,91,36.506
64,93,3.541424701076967,92,36.506
64,94,3.5779306932643817,93,36.506
64,95,3.6144366854517966,94,36.506
64,96,3.6509426776392115,95,36.506
64,97,3.6874486698266264,96,36.506
64,98,3.7239546620140414,97,36.506
64,99,3.7604606542014563,98,36.506
64,100,3.796966646388871,99,36.506
64,101,3.833472638576286,100,36.506
64,102,3.869978630763701,101,36.506
64,103,3.906484622951116,102,36.506
64,104,3.9429906151385308,103,36.506
64,105,3.9794966073259457,104,36.506
64,106,4.016002599513361,105,36.506
64,107,4.052508591700776,106,36.506
64,108,4.089014583888191,107,36.506
64,109,4.125520576075606,108,36.506
64,110,4.162026568263021,109,36.506
64,111,4.1985325604504355,110,36.506
64,112,4.2350385526378505,111,36.506
64,113,4.271544544825265,112,36.506
64,114,4.308106286320949,113,36.562
64,115,4.344668027816632,114,36.562
64,116,4.3812297693123154,115,36.562
64,117,4.417791510807999,116,36.562
64,118,4.454353252303682,117,36.562
64,119,4.4909149937993655,118,36.562
64,120,4.527476735295049,119,36.562
64,121,4.564038476790732,120,36.562
64,122,4.600600218286416,121,36.562
64,123,4.637161959782099,122,36.562
64,124,4.673723701277782,123,36.562
64,125,4.710285442773466,124,36.562
64,126,4.746847184269149,125,36.562
64,127,4.7834089257648325,126,36.562
64,128,4.819970667260516,127,36.562
65,1,0.19135430537861545,0,191.354
65,2,0.22768361245053415,1,36.329
65,3,0.2640129195224528,2,36.329
65,4,0.3003422265943715,3,36.329
65,5,0.33667153366629016,4,36.329
65,6,0.3730008407382088,5,36.329
65,7,0.4093301478101275,6,36.329
65,8,0.44565945488204617,7,36.329
65,9,0.48198876195396484,8,36.329
65,10,0.5183180690258835,9,36.329
65,11,0.5546473760978022,10,36.329
65,12,0.590976683169721,11,36.329
65,13,0.6273059902416397,12,36.329
65,14,0.6636352973135584,13,36.329
65,15,0.6999646043854771,14,36.329
65,16,0.7362939114573959,15,36.329
65,17,0.7726232185293146,16,36.329
65,18,0.8089525256012333,17,36.329
65,19,0.845281832673152,18,36.329
65,20,0.8816111397450708,19,36.329
65,21,0.9179404468169895,20,36.329
65,22,0.9542697538889082,21,36.329
65,23,0.990599060960827,22,36.329
65,24,1.0269283680327457,23,36.329
65,25,1.0632576751046643,24,36.329
65,26,1.099586982176583,25,36.329
65,27,1.1359162892485015,26,36.329
65,28,1.1722455963204201,27,36.329
65,29,1.2085749033923388,28,36.329
65,30,1.2449042104642574,29,36.329
65,31,1.281233517536176,30,36.329
65,32,1.3175628246080946,31,36.329
65,33,1.3538921316800132,32,36.329
65,34,1.3902214387519318,33,36.329
65,35,1.4265507458238504,34,36.329
65,36,1.462880052895769,35,36.329
65,37,1.4992093599676877,36,36.329
65,38,1.5355386670396063,37,36.329
65,39,1.571867974111525,38,36.329
65,40,1.6081972811834435,39,36.329
65,41,1.6445265882553621,40,36.329
65,42,1.6808558953272807,41,36.329
65,43,1.7171852023991994,42,36.329
65,44,1.753514509471118,43,36.329
65,45,1.7898438165430366,44,36.329
65,46,1.8261731236149552,45,36.329
65,47,1.8625024306868738,46,36.329
65,48,1.8988317377587924,47,36.329
65,49,1.935161044830711,48,36.329
65,50,1.971667037018126,49,36.506
65,51,2.008173029205541,50,36.506
65,52,2.0446790213929558,51,36.506
65,53,2.0811850135803707,52,36.506
65,54,2.1176910057677856,53,36.506
65,55,2.1541969979552005,54,36.506
65,56,2.1907029901426154,55,36.506
65,57,2.2272089823300303,56,36.506
65,58,2.263714974517445,57,36.506
65,59,2.30022096670486,58,36.506
65,60,2.336726958892275,59,36.506
65,61,2.37323295107969,60,36.506
65,62,2.409738943267105,61,36.506
65,63,2.4462449354545197,62,36.506
65,64,2.4827509276419346,63,36.506
65,65,2.5192569198293495,64,36.506
65,66,2.5557629120167644,65,36.506
65,67,2.5922689042041793,66,36.506
65,68,2.6287748963915942,67,36.506
65,69,2.665280888579009,68,36.506
65,70,2.701786880766424,69,36.506
65,71,2.738292872953839,70,36.506
65,72,2.774798865141254,71,36.506
65,73,2.8113048573286687,72,36.506
65,74,2.8478108495160837,73,36.506
65,75,2.8843168417034986,74,36.506
65,76,2.9208228338909135,75,36.506
65,77,2.9573288260783284,76,36.506
65,78,2.9938348182657433,77,36.506
65,79,3.030340810453158,78,36.506
65,80,3.066846802640573,79,36.506
65,81,3.103352794827988,80,36.506
65,82,3.139858787015403,81,36.506
65,83,3.176364779202818,82,36.506
65,84,3.2128707713902327,83,36.506
65,85,3.2493767635776476,84,36.506
65,86,3.2858827557650625,85,36.506
65,87,3.3223887479524774,86,36.506
65,88,3.3588947401398923,87,36.506
65,89,3.395400732327307,88,36.506
65,90,3.431906724514722,89,36.506
65,91,3.468412716702137,90,36.506
65,92,3.504918708889552,91,36.506
65,93,3.541424701076967,92,36.506
65,94,3.5779306932643817,93,36.506
65,95,3.6144366854517966,94,36.506
65,96,3.6509426776392115,95,36.506
65,97,3.6874486698266264,96,36.506
65,98,3.7239546620140414,97,36.506
65,99,3.7604606542014563,98,36.506
65,100,3.796966646388871,99,36.506
65,101,3.833472638576286,100,36.506
65,102,3.869978630763701,101,36.506
65,103,3.906484622951116,102,36.506
65,104,3.9429906151385308,103,36.506
65,105,3.9794966073259457,104,36.506
65,106,4.016002599513361,105,36.506
65,107,4.052508591700776,106,36.506
65,108,4.089014583888191,107,36.506
65,109,4.125520576075606,108,36.506
65,110,4.162026568263021,109,36.506
65,111,4.1985325604504355,110,36.506
65,112,4.2350385526378505,111,36.506
65,113,4.271544544825265,112,36.506
65,114,4.308106286320949,113,36.562
65,115,4.344668027816632,114,36.562
65,116,4.3812297693123154,115,36.562
65,117,4.417791510807999,116,36.562
65,118,4.454353252303682,117,36.562
65,119,4.4909149937993655,118,36.562
65,120,4.527476735295049,119,36.562
65,121,4.564038476790732,120,36.562
65,122,4.600600218286416,121,36.562
65,123,4.637161959782099,122,36.562
65,124,4.673723701277782,123,36.562
65,125,4.710285442773466,124,36.562
65,126,4.746847184269149,125,36.562
65,127,4.7834089257648325,126,36.562
65,128,4.819970667260516,127,36.562
66,1,0.19135430537861545,0,191.354
66,2,0.22768361245053415,1,36.329
66,3,0.2640129195224528,2,36.329
66,4,0.3003422265943715,3,36.329
66,5,0.33667153366629016,4,36.329
66,6,0.3730008407382088,5,36.329
66,7,0.4093301478101275,6,36.329
66,8,0.44565945488204617,7,36.329
66,9,0.48198876195396484,8,36.329
66,10,0.5183180690258835,9,36.329
66,11,0.5546473760978022,10,36.329
66,12,0.590976683169721,11,36.329
66,13,0.6273059902416397,12,36.329
66,14,0.6636352973135584,13,36.329
66,15,0.6999646043854771,14,36.329
66,16,0.7362939114573959,15,36.329
66,17,0.7726232185293146,16,36.329
66,18,0.8089525256012333,17,36.329
66,19,0.845281832673152,18,36.329
66,20,0.8816111397450708,19,36.329
66,21,0.9179404468169895,20,36.329
66,22,0.9542697538889082,21,36.329
66,23,0.990599060960827,22,36.329
66,24,1.0269283680327457,23,36.329
66,25,1.0632576751046643,24,36.329
66,26,1.099586982176583,25,36.329
66,27,1.1359162892485015,26,36.329
66,28,1.1722455963204201,27,36.329
66,29,1.2085749033923388,28,36.329
66,30,1.2449042104642574,29,36.329
66,31,1.281233517536176,30,36.329
66,32,1.3175628246080946,31,36.329
66,33,1.3538921316800132,32,36.329
66,34,1.3902214387519318,33,36.329
66,35,1.4265507458238504,34,36.329
66,36,1.462880052895769,35,36.329
66,37,1.4992093599676877,36,36.329
66,38,1.5355386670396063,37,36.329
66,39,1.571867974111525,38,36.329
66,40,1.6081972811834435,39,36.329
66,41,1.6445265882553621,40,36.329
66,42,1.6808558953272807,41,36.329
66,43,1.7171852023991994,42,36.329
66,44,1.753514509471118,43,36.329
66,45,1.7898438165430366,44,36.329
66,46,1.8261731236149552,45,36.329
66,47,1.8625024306868738,46,36.329
66,48,1.8988317377587924,47,36.329
66,49,1.935161044830711,48,36.329
66,50,1.971667037018126,49,36.506
66,51,2.008173029205541,50,36.506
66,52,2.0446790213929558,51,36.506
66,53,2.0811850135803707,52,36.506
66,54,2.1176910057677856,53,36.506
66,55,2.1541969979552005,54,36.506
66,56,2.1907029901426154,55,36.506
66,57,2.2272089823300303,56,36.506
66,58,2.263714974517445,57,36.506
66,59,2.30022096670486,58,36.506
66,60,2.336726958892275,59,36.506
66,61,2.37323295107969,60,36.506
66,62,2.409738943267105,61,36.506
66,63,2.4462449354545197,62,36.506
66,64,2.4827509276419346,63,36.506
66,65,2.5192569198293495,64,36.506
66,66,2.5557629120167644,65,36.506
66,67,2.5922689042041793,66,36.506
66,68,2.6287748963915942,67,36.506
66,69,2.665280888579009,68,36.506
66,70,2.701786880766424,69,36.506
66,71,2.738292872953839,70,36.506
66,72,2.774798865141254,71,36.506
66,73,2.8113048573286687,72,36.506
66,74,2.8478108495160837,73,36.506
66,75,2.8843168417034986,74,36.506
66,76,2.9208228338909135,75,36.506
66,77,2.9573288260783284,76,36.506
66,78,2.9938348182657433,77,36.506
66,79,3.030340810453158,78,36.506
66,80,3.066846802640573,79,36.506
66,81,3.103352794827988,80,36.506
66,82,3.139858787015403,81,36.506
66,83,3.176364779202818,82,36.506
66,84,3.2128707713902327,83,36.506
66,85,3.2493767635776476,84,36.506
66,86,3.2858827557650625,85,36.506
66,87,3.3223887479524774,86,36.506
66,88,3.3588947401398923,87,36.506
66,89,3.395400732327307,88,36.506
66,90,3.431906724514722,89,36.506
66,91,3.468412716702137,90,36.506
66,92,3.504918708889552,91,36.506
66,93,3.541424701076967,92,36.506
66,94,3.5779306932643817,93,36.506
66,95,3.6144366854517966,94,36.506
66,96,3.6509426776392115,95,36.506
66,97,3.6874486698266264,96,36.506
66,98,3.7239546620140414,97,36.506
66,99,3.7604606542014563,98,36.506
66,100,3.796966646388871,99,36.506
66,101,3.833472638576286,100,36.506
66,102,3.869978630763701,101,36.506
66,103,3.906484622951116,102,36.506
66,104,3.9429906151385308,103,36.506
66,105,3.9794966073259457,104,36.506
66,106,4.016002599513361,105,36.506
66,107,4.052508591700776,106,36.506
66,108,4.089014583888191,107,36.506
66,109,4.125520576075606,108,36.506
66,110,4.162026568263021,109,36.506
66,111,4.1985325604504355,110,36.506
66,112,4.2350385526378505,111,36.506
66,113,4.271544544825265,112,36.506
66,114,4.308106286320949,113,36.562
66,115,4.344668027816632,114,36.562
66,116,4.3812297693123154,115,36.562
66,117,4.417791510807999,116,36.562
66,118,4.454353252303682,117,36.562
66,119,4.4909149937993655,118,36.562
66,120,4.527476735295049,119,36.562
66,121,4.564038476790732,120,36.562
66,122,4.600600218286416,121,36.562
66,123,4.637161959782099,122,36.562
66,124,4.673723701277782,123,36.562
66,125,4.710285442773466,124,36.562
66,126,4.746847184269149,125,36.562
66,127,4.7834089257648325,126,36.562
66,128,4.819970667260516,127,36.562
67,1,0.19135430537861545,0,191.354
67,2,0.22768361245053415,1,36.329
67,3,0.2640129195224528,2,36.329
67,4,0.3003422265943715,3,36.329
67,5,0.33667153366629016,4,36.329
67,6,0.3730008407382088,5,36.329
67,7,0.4093301478101275,6,36.329
67,8,0.44565945488204617,7,36.329
67,9,0.48198876195396484,8,36.329
67,10,0.5183180690258835,9,36.329
67,11,0.5546473760978022,10,36.329
67,12,0.590976683169721,11,36.329
67,13,0.6273059902416397,12,36.329
67,14,0.6636352973135584,13,36.329
67,15,0.6999646043854771,14,36.329
67,16,0.7362939114573959,15,36.329
67,17,0.7726232185293146,16,36.329
67,18,0.8089525256012333,17,36.329
67,19,0.845281832673152,18,36.329
67,20,0.8816111397450708,19,36.329
67,21,0.9179404468169895,20,36.329
67,22,0.9542697538889082,21,36.329
67,23,0.990599060960827,22,36.329
67,24,1.0269283680327457,23,36.329
67,25,1.0632576751046643,24,36.329
67,26,1.099586982176583,25,36.329
67,27,1.1359162892485015,26,36.329
67,28,1.1722455963204201,27,36.329
67,29,1.2085749033923388,28,36.329
67,30,1.2449042104642574,29,36.329
67,31,1.281233517536176,30,36.329
67,32,1.3175628246080946,31,36.329
67,33,1.3538921316800132,32,36.329
67,34,1.3902214387519318,33,36.329
67,35,1.4265507458238504,34,36.329
67,36,1.462880052895769,35,36.329
67,37,1.4992093599676877,36,36.329
67,38,1.5355386670396063,37,36.329
67,39,1.571867974111525,38,36.329
67,40,1.6081972811834435,39,36.329
67,41,1.6445265882553621,40,36.329
67,42,1.6808558953272807,41,36.329
67,43,1.7171852023991994,42,36.329
67,44,1.753514509471118,43,36.329
67,45,1.7898438165430366,44,36.329
67,46,1.8261731236149552,45,36.329
67,47,1.8625024306868738,46,36.329
67,48,1.8988317377587924,47,36.329
67,49,1.935161044830711,48,36.329
67,50,1.971667037018126,49,36.506
67,51,2.008173029205541,50,36.506
67,52,2.0446790213929558,51,36.506
67,53,2.0811850135803707,52,36.506
67,54,2.1176910057677856,53,36.506
67,55,2.1541969979552005,54,36.506
67,56,2.1907029901426154,55,36.506
67,57,2.2272089823300303,56,36.506
67,58,2.263714974517445,57,36.506
67,59,2.30022096670486,58,36.506
67,60,2.336726958892275,59,36.506
67,61,2.37323295107969,60,36.506
67,62,2.409738943267105,61,36.506
67,63,2.4462449354545197,62,36.506
67,64,2.4827509276419346,63,36.506
67,65,2.5192569198293495,64,36.506
67,66,2.5557629120167644,65,36.506
67,67,2.5922689042041793,66,36.506
67,68,2.6287748963915942,67,36.506
67,69,2.665280888579009,68,36.506
67,70,2.701786880766424,69,36.506
67,71,2.738292872953839,70,36.506
67,72,2.774798865141254,71,36.506
67,73,2.8113048573286687,72,36.506
67,74,2.8478108495160837,73,36.506
67,75,2.8843168417034986,74,36.506
67,76,2.9208228338909135,75,36.506
67,77,2.9573288260783284,76,36.506
67,78,2.9938348182657433,77,36.506
67,79,3.030340810453158,78,36.506
67,80,3.066846802640573,79,36.506
67,81,3.103352794827988,80,36.506
67,82,3.139858787015403,81,36.506
67,83,3.176364779202818,82,36.506
67,84,3.2128707713902327,83,36.506
67,85,3.2493767635776476,84,36.506
67,86,3.2858827557650625,85,36.506
67,87,3.3223887479524774,86,36.506
67,88,3.3588947401398923,87,36.506
67,89,3.395400732327307,88,36.506
67,90,3.431906724514722,89,36.506
67,91,3.468412716702137,90,36.506
67,92,3.504918708889552,91,36.506
67,93,3.541424701076967,92,36.506
67,94,3.5779306932643817,93,36.506
67,95,3.6144366854517966,94,36.506
67,96,3.6509426776392115,95,36.506
67,97,3.6874486698266264,96,36.506
67,98,3.7239546620140414,97,36.506
67,99,3.7604606542014563,98,36.506
67,100,3.796966646388871,99,36.506
67,101,3.833472638576286,100,36.506
67,102,3.869978630763701,101,36.506
67,103,3.906484622951116,102,36.506
67,104,3.9429906151385308,103,36.506
67,105,3.9794966073259457,104,36.506
67,106,4.016002599513361,105,36.506
67,107,4.052508591700776,106,36.506
67,108,4.089014583888191,107,36.506
67,109,4.125520576075606,108,36.506
67,110,4.162026568263021,109,36.506
67,111,4.1985325604504355,110,36.506
67,112,4.2350385526378505,111,36.506
67,113,4.271544544825265,112,36.506
67,114,4.308106286320949,113,36.562
67,115,4.344668027816632,114,36.562
67,116,4.3812297693123154,115,36.562
67,117,4.417791510807999,116,36.562
67,118,4.454353252303682,117,36.562
67,119,4.4909149937993655,118,36.562
67,120,4.527476735295049,119,36.562
67,121,4.564038476790732,120,36.562
67,122,4.600600218286416,121,36.562
67,123,4.637161959782099,122,36.562
67,124,4.673723701277782,123,36.562
67,125,4.710285442773466,124,36.562
67,126,4.746847184269149,125,36.562
67,127,4.7834089257648325,126,36.562
67,128,4.819970667260516,127,36.562
68,1,0.19135430537861545,0,191.354
68,2,0.22768361245053415,1,36.329
68,3,0.2640129195224528,2,36.329
68,4,0.3003422265943715,3,36.329
68,5,0.33667153366629016,4,36.329
68,6,0.3730008407382088,5,36.329
68,7,0.4093301478101275,6,36.329
68,8,0.44565945488204617,7,36.329
68,9,0.48198876195396484,8,36.329
68,10,0.5183180690258835,9,36.329
68,11,0.5546473760978022,10,36.329
68,12,0.590976683169721,11,36.329
68,13,0.6273059902416397,12,36.329
68,14,0.6636352973135584,13,36.329
68,15,0.6999646043854771,14,36.329
68,16,0.7362939114573959,15,36.329
68,17,0.7726232185293146,16,36.329
68,18,0.8089525256012333,17,36.329
68,19,0.845281832673152,18,36.329
68,20,0.8816111397450708,19,36.329
68,21,0.9179404468169895,20,36.329
68,22,0.9542697538889082,21,36.329
68,23,0.990599060960827,22,36.329
68,24,1.0269283680327457,23,36.329
68,25,1.0632576751046643,24,36.329
68,26,1.099586982176583,25,36.329
68,27,1.1359162892485015,26,36.329
68,28,1.1722455963204201,27,36.329
68,29,1.2085749033923388,28,36.329
68,30,1.2449042104642574,29,36.329
68,31,1.281233517536176,30,36.329
68,32,1.3175628246080946,31,36.329
68,33,1.3538921316800132,32,36.329
68,34,1.3902214387519318,33,36.329
68,35,1.4265507458238504,34,36.329
68,36,1.462880052895769,35,36.329
68,37,1.4992093599676877,36,36.329
68,38,1.5355386670396063,37,36.329
68,39,1.571867974111525,38,36.329
68,40,1.6081972811834435,39,36.329
68,41,1.6445265882553621,40,36.329
68,42,1.6808558953272807,41,36.329
68,43,1.7171852023991994,42,36.329
68,44,1.753514509471118,43,36.329
68,45,1.7898438165430366,44,36.329
68,46,1.8261731236149552,45,36.329
68,47,1.8625024306868738,46,36.329
68,48,1.8988317377587924,47,36.329
68,49,1.935161044830711,48,36.329
68,50,1.971667037018126,49,36.506
68,51,2.008173029205541,50,36.506
68,52,2.0446790213929558,51,36.506
68,53,2.0811850135803707,52,36.506
68,54,2.1176910057677856,53,36.506
68,55,2.1541969979552005,54,36.506
68,56,2.1907029901426154,55,36.506
68,57,2.2272089823300303,56,36.506
68,58,2.263714974517445,57,36.506
68,59,2.30022096670486,58,36.506
68,60,2.336726958892275,59,36.506
68,61,2.37323295107969,60,36.506
68,62,2.409738943267105,61,36.506
68,63,2.4462449354545197,62,36.506
68,64,2.4827509276419346,63,36.506
68,65,2.5192569198293495,64,36.506
68,66,2.5557629120167644,65,36.506
68,67,2.5922689042041793,66,36.506
68,68,2.6287748963915942,67,36.506
68,69,2.665280888579009,68,36.506
68,70,2.701786880766424,69,36.506
68,71,2.738292872953839,70,36.506
68,72,2.774798865141254,71,36.506
68,73,2.8113048573286687,72,36.506
68,74,2.8478108495160837,73,36.506
68,75,2.8843168417034986,74,36.506
68,76,2.9208228338909135,75,36.506
68,77,2.9573288260783284,76,36.506
68,78,2.9938348182657433,77,36.506
68,79,3.030340810453158,78,36.506
68,80,3.066846802640573,79,36.506
68,81,3.103352794827988,80,36.506
68,82,3.139858787015403,81,36.506
68,83,3.176364779202818,82,36.506
68,84,3.2128707713902327,83,36.506
68,85,3.2493767635776476,84,36.506
68,86,3.2858827557650625,85,36.506
68,87,3.3223887479524774,86,36.506
68,88,3.3588947401398923,87,36.506
68,89,3.395400732327307,88,36.506
68,90,3.431906724514722,89,36.506
68,91,3.468412716702137,90,36.506
68,92,3.504918708889552,91,36.506
68,93,3.541424701076967,92,36.506
68,94,3.5779306932643817,93,36.506
68,95,3.6144366854517966,94,36.506
68,96,3.6509426776392115,95,36.506
68,97,3.6874486698266264,96,36.506
68,98,3.7239546620140414,97,36.506
68,99,3.7604606542014563,98,36.506
68,100,3.796966646388871,99,36.506
68,101,3.833472638576286,100,36.506
68,102,3.869978630763701,101,36.506
68,103,3.906484622951116,102,36.506
68,104,3.9429906151385308,103,36.506
68,105,3.9794966073259457,104,36.506
68,106,4.016002599513361,105,36.506
68,107,4.052508591700776,106,36.506
68,108,4.089014583888191,107,36.506
68,109,4.125520576075606,108,36.506
68,110,4.162026568263021,109,36.506
68,111,4.1985325604504355,110,36.506
68,112,4.2350385526378505,111,36.506
68,113,4.271544544825265,112,36.506
68,114,4.308106286320949,113,36.562
68,115,4.344668027816632,114,36.562
68,116,4.3812297693123154,115,36.562
68,117,4.417791510807999,116,36.562
68,118,4.454353252303682,117,36.562
68,119,4.4909149937993655,118,36.562
68,120,4.527476735295049,119,36.562
68,121,4.564038476790732,120,36.562
68,122,4.600600218286416,121,36.562
68,123,4.637161959782099,122,36.562
68,124,4.673723701277782,123,36.562
68,125,4.710285442773466,124,36.562
68,126,4.746847184269149,125,36.562
68,127,4.7834089257648325,126,36.562
68,128,4.819970667260516,127,36.562
69,1,0.19135430537861545,0,191.354
69,2,0.22768361245053415,1,36.329
69,3,0.2640129195224528,2,36.329
69,4,0.3003422265943715,3,36.329
69,5,0.33667153366629016,4,36.329
69,6,0.3730008407382088,5,36.329
69,7,0.4093301478101275,6,36.329
69,8,0.44565945488204617,7,36.329
69,9,0.48198876195396484,8,36.329
69,10,0.5183180690258835,9,36.329
69,11,0.5546473760978022,10,36.329
69,12,0.590976683169721,11,36.329
69,13,0.6273059902416397,12,36.329
69,14,0.6636352973135584,13,36.329
69,15,0.6999646043854771,14,36.329
69,16,0.7362939114573959,15,36.329
69,17,0.7726232185293146,16,36.329
69,18,0.8089525256012333,17,36.329
69,19,0.845281832673152,18,36.329
69,20,0.8816111397450708,19,36.329
69,21,0.9179404468169895,20,36.329
69,22,0.9542697538889082,21,36.329
69,23,0.990599060960827,22,36.329
69,24,1.0269283680327457,23,36.329
69,25,1.0632576751046643,24,36.329
69,26,1.099586982176583,25,36.329
69,27,1.1359162892485015,26,36.329
69,28,1.1722455963204201,27,36.329
69,29,1.2085749033923388,28,36.329
69,30,1.2449042104642574,29,36.329
69,31,1.281233517536176,30,36.329
69,32,1.3175628246080946,31,36.329
69,33,1.3538921316800132,32,36.329
69,34,1.3902214387519318,33,36.329
69,35,1.4265507458238504,34,36.329
69,36,1.462880052895769,35,36.329
69,37,1.4992093599676877,36,36.329
69,38,1.5355386670396063,37,36.329
69,39,1.571867974111525,38,36.329
69,40,1.6081972811834435,39,36.329
69,41,1.6445265882553621,40,36.329
69,42,1.6808558953272807,41,36.329
69,43,1.7171852023991994,42,36.329
69,44,1.753514509471118,43,36.329
69,45,1.7898438165430366,44,36.329
69,46,1.8261731236149552,45,36.329
69,47,1.8625024306868738,46,36.329
69,48,1.8988317377587924,47,36.329
69,49,1.935161044830711,48,36.329
69,50,1.971667037018126,49,36.506
69,51,2.008173029205541,50,36.506
69,52,2.0446790213929558,51,36.506
69,53,2.0811850135803707,52,36.506
69,54,2.1176910057677856,53,36.506
69,55,2.1541969979552005,54,36.506
69,56,2.1907029901426154,55,36.506
69,57,2.2272089823300303,56,36.506
69,58,2.263714974517445,57,36.506
69,59,2.30022096670486,58,36.506
69,60,2.336726958892275,59,36.506
69,61,2.37323295107969,60,36.506
69,62,2.409738943267105,61,36.506
69,63,2.4462449354545197,62,36.506
69,64,2.4827509276419346,63,36.506
69,65,2.5192569198293495,64,36.506
69,66,2.5557629120167644,65,36.506
69,67,2.5922689042041793,66,36.506
69,68,2.6287748963915942,67,36.506
69,69,2.665280888579009,68,36.506
69,70,2.701786880766424,69,36.506
69,71,2.738292872953839,70,36.506
69,72,2.774798865141254,71,36.506
69,73,2.8113048573286687,72,36.506
69,74,2.8478108495160837,73,36.506
69,75,2.8843168417034986,74,36.506
69,76,2.9208228338909135,75,36.506
69,77,2.9573288260783284,76,36.506
69,78,2.9938348182657433,77,36.506
69,79,3.030340810453158,78,36.506
69,80,3.066846802640573,79,36.506
69,81,3.103352794827988,80,36.506
69,82,3.139858787015403,81,36.506
69,83,3.176364779202818,82,36.506
69,84,3.2128707713902327,83,36.506
69,85,3.2493767635776476,84,36.506
69,86,3.2858827557650625,85,36.506
69,87,3.3223887479524774,86,36.506
69,88,3.3588947401398923,87,36.506
69,89,3.395400732327307,88,36.506
69,90,3.431906724514722,89,36.506
69,91,3.468412716702137,90,36.506
69,92,3.504918708889552,91,36.506
69,93,3.541424701076967,92,36.506
69,94,3.5779306932643817,93,36.506
69,95,3.6144366854517966,94,36.506
69,96,3.6509426776392115,95,36.506
69,97,3.6874486698266264,96,36.506
69,98,3.7239546620140414,97,36.506
69,99,3.7604606542014563,98,36.506
69,100,3.796966646388871,99,36.506
69,101,3.833472638576286,100,36.506
69,102,3.869978630763701,101,36.506
69,103,3.906484622951116,102,36.506
69,104,3.9429906151385308,103,36.506
69,105,3.9794966073259457,104,36.506
69,106,4.016002599513361,105,36.506
69,107,4.052508591700776,106,36.506
69,108,4.089014583888191,107,36.506
69,109,4.125520576075606,108,36.506
69,110,4.162026568263021,109,36.506
69,111,4.1985325604504355,110,36.506
69,112,4.2350385526378505,111,36.506
69,113,4.271544544825265,112,36.506
69,114,4.308106286320949,113,36.562
69,115,4.344668027816632,114,36.562
69,116,4.3812297693123154,115,36.562
69,117,4.417791510807999,116,36.562
69,118,4.454353252303682,117,36.562
69,119,4.4909149937993655,118,36.562
69,120,4.527476735295049,119,36.562
69,121,4.564038476790732,120,36.562
69,122,4.600600218286416,121,36.562
69,123,4.637161959782099,122,36.562
69,124,4.673723701277782,123,36.562
69,125,4.710285442773466,124,36.562
69,126,4.746847184269149,125,36.562
69,127,4.7834089257648325,126,36.562
69,128,4.819970667260516,127,36.562
70,1,0.19135430537861545,0,191.354
70,2,0.22768361245053415,1,36.329
70,3,0.2640129195224528,2,36.329
70,4,0.3003422265943715,3,36.329
70,5,0.33667153366629016,4,36.329
70,6,0.3730008407382088,5,36.329
70,7,0.4093301478101275,6,36.329
70,8,0.44565945488204617,7,36.329
70,9,0.48198876195396484,8,36.329
70,10,0.5183180690258835,9,36.329
70,11,0.5546473760978022,10,36.329
70,12,0.590976683169721,11,36.329
70,13,0.6273059902416397,12,36.329
70,14,0.6636352973135584,13,36.329
70,15,0.6999646043854771,14,36.329
70,16,0.7362939114573959,15,36.329
70,17,0.7726232185293146,16,36.329
70,18,0.8089525256012333,17,36.329
70,19,0.845281832673152,18,36.329
70,20,0.8816111397450708,19,36.329
70,21,0.9179404468169895,20,36.329
70,22,0.9542697538889082,21,36.329
70,23,0.990599060960827,22,36.329
70,24,1.0269283680327457,23,36.329
70,25,1.0632576751046643,24,36.329
70,26,1.099586982176583,25,36.329
70,27,1.1359162892485015,26,36.329
70,28,1.1722455963204201,27,36.329
70,29,1.2085749033923388,28,36.329
70,30,1.2449042104642574,29,36.329
70,31,1.281233517536176,30,36.329
70,32,1.3175628246080946,31,36.329
70,33,1.3538921316800132,32,36.329
70,34,1.3902214387519318,33,36.329
70,35,1.4265507458238504,34,36.329
70,36,1.462880052895769,35,36.329
70,37,1.4992093599676877,36,36.329
70,38,1.5355386670396063,37,36.329
70,39,1.571867974111525,38,36.329
70,40,1.6081972811834435,39,36.329
70,41,1.6445265882553621,40,36.329
70,42,1.6808558953272807,41,36.329
70,43,1.7171852023991994,42,36.329
70,44,1.753514509471118,43,36.329
70,45,1.7898438165430366,44,36.329
70,46,1.8261731236149552,45,36.329
70,47,1.8625024306868738,46,36.329
70,48,1.8988317377587924,47,36.329
70,49,1.935161044830711,48,36.329
70,50,1.971667037018126,49,36.506
70,51,2.008173029205541,50,36.506
70,52,2.0446790213929558,51,36.506
70,53,2.0811850135803707,52,36.506
70,54,2.1176910057677856,53,36.506
70,55,2.1541969979552005,54,36.506
70,56,2.1907029901426154,55,36.506
70,57,2.2272089823300303,56,36.506
70,58,2.263714974517445,57,36.506
70,59,2.30022096670486,58,36.506
70,60,2.336726958892275,59,36.506
70,61,2.37323295107969,60,36.506
70,62,2.409738943267105,61,36.506
70,63,2.4462449354545197,62,36.506
70,64,2.4827509276419346,63,36.506
70,65,2.5192569198293495,64,36.506
70,66,2.5557629120167644,65,36.506
70,67,2.5922689042041793,66,36.506
70,68,2.6287748963915942,67,36.506
70,69,2.665280888579009,68,36.506
70,70,2.701786880766424,69,36.506
70,71,2.738292872953839,70,36.506
70,72,2.774798865141254,71,36.506
70,73,2.8113048573286687,72,36.506
70,74,2.8478108495160837,73,36.506
70,75,2.8843168417034986,74,36.506
70,76,2.9208228338909135,75,36.506
70,77,2.9573288260783284,76,36.506
70,78,2.9938348182657433,77,36.506
70,79,3.030340810453158,78,36.506
70,80,3.066846802640573,79,36.506
70,81,3.103352794827988,80,36.506
70,82,3.139858787015403,81,36.506
70,83,3.176364779202818,82,36.506
70,84,3.2128707713902327,83,36.506
70,85,3.2493767635776476,84,36.506
70,86,3.2858827557650625,85,36.506
70,87,3.3223887479524774,86,36.506
70,88,3.3588947401398923,87,36.506
70,89,3.395400732327307,88,36.506
70,90,3.431906724514722,89,36.506
70,91,3.468412716702137,90,36.506
70,92,3.504918708889552,91,36.506
70,93,3.541424701076967,92,36.506
70,94,3.5779306932643817,93,36.506
70,95,3.6144366854517966,94,36.506
70,96,3.6509426776392115,95,36.506
70,97,3.6874486698266264,96,36.506
70,98,3.7239546620140414,97,36.506
70,99,3.7604606542014563,98,36.506
70,100,3.796966646388871,99,36.506
70,101,3.833472638576286,100,36.506
70,102,3.869978630763701,101,36.506
70,103,3.906484622951116,102,36.506
70,104,3.9429906151385308,103,36.506
70,105,3.9794966073259457,104,36.506
70,106,4.016002599513361,105,36.506
70,107,4.052508591700776,106,36.506
70,108,4.089014583888191,107,36.506
70,109,4.125520576075606,108,36.506
70,110,4.162026568263021,109,36.506
70,111,4.1985325604504355,110,36.506
70,112,4.2350385526378505,111,36.506
70,113,4.271544544825265,112,36.506
70,114,4.308106286320949,113,36.562
70,115,4.344668027816632,114,36.562
70,116,4.3812297693123154,115,36.562
70,117,4.417791510807999,116,36.562
70,118,4.454353252303682,117,36.562
70,119,4.4909149937993655,118,36.562
70,120,4.527476735295049,119,36.562
70,121,4.564038476790732,120,36.562
70,122,4.600600218286416,121,36.562
70,123,4.637161959782099,122,36.562
70,124,4.673723701277782,123,36.562
70,125,4.710285442773466,124,36.562
70,126,4.746847184269149,125,36.562
70,127,4.7834089257648325,126,36.562
70,128,4.819970667260516,127,36.562
71,1,0.19135430537861545,0,191.354
71,2,0.22768361245053415,1,36.329
71,3,0.2640129195224528,2,36.329
71,4,0.3003422265943715,3,36.329
71,5,0.33667153366629016,4,36.329
71,6,0.3730008407382088,5,36.329
71,7,0.4093301478101275,6,36.329
71,8,0.44565945488204617,7,36.329
71,9,0.48198876195396484,8,36.329
71,10,0.5183180690258835,9,36.329
71,11,0.5546473760978022,10,36.329
71,12,0.590976683169721,11,36.329
71,13,0.6273059902416397,12,36.329
71,14,0.6636352973135584,13,36.329
71,15,0.6999646043854771,14,36.329
71,16,0.7362939114573959,15,36.329
71,17,0.7726232185293146,16,36.329
71,18,0.8089525256012333,17,36.329
71,19,0.845281832673152,18,36.329
71,20,0.8816111397450708,19,36.329
71,21,0.9179404468169895,20,36.329
71,22,0.9542697538889082,21,36.329
71,23,0.990599060960827,22,36.329
71,24,1.0269283680327457,23,36.329
71,25,1.0632576751046643,24,36.329
71,26,1.099586982176583,25,36.329
71,27,1.1359162892485015,26,36.329
71,28,1.1722455963204201,27,36.329
71,29,1.2085749033923388,28,36.329
71,30,1.2449042104642574,29,36.329
71,31,1.281233517536176,30,36.329
71,32,1.3175628246080946,31,36.329
71,33,1.3538921316800132,32,36.329
71,34,1.3902214387519318,33,36.329
71,35,1.4265507458238504,34,36.329
71,36,1.462880052895769,35,36.329
71,37,1.4992093599676877,36,36.329
71,38,1.5355386670396063,37,36.329
71,39,1.571867974111525,38,36.329
71,40,1.6081972811834435,39,36.329
71,41,1.6445265882553621,40,36.329
71,42,1.6808558953272807,41,36.329
71,43,1.7171852023991994,42,36.329
71,44,1.753514509471118,43,36.329
71,45,1.7898438165430366,44,36.329
71,46,1.8261731236149552,45,36.329
71,47,1.8625024306868738,46,36.329
71,48,1.8988317377587924,47,36.329
71,49,1.935161044830711,48,36.329
71,50,1.971667037018126,49,36.506
71,51,2.008173029205541,50,36.506
71,52,2.0446790213929558,51,36.506
71,53,2.0811850135803707,52,36.506
71,54,2.1176910057677856,53,36.506
71,55,2.1541969979552005,54,36.506
71,56,2.1907029901426154,55,36.506
71,57,2.2272089823300303,56,36.506
71,58,2.263714974517445,57,36.506
71,59,2.30022096670486,58,36.506
71,60,2.336726958892275,59,36.506
71,61,2.37323295107969,60,36.506
71,62,2.409738943267105,61,36.506
71,63,2.4462449354545197,62,36.506
71,64,2.4827509276419346,63,36.506
71,65,2.5192569198293495,64,36.506
71,66,2.5557629120167644,65,36.506
71,67,2.5922689042041793,66,36.506
71,68,2.6287748963915942,67,36.506
71,69,2.665280888579009,68,36.506
71,70,2.701786880766424,69,36.506
71,71,2.738292872953839,70,36.506
71,72,2.774798865141254,71,36.506
71,73,2.8113048573286687,72,36.506
71,74,2.8478108495160837,73,36.506
71,75,2.8843168417034986,74,36.506
71,76,2.9208228338909135,75,36.506
71,77,2.9573288260783284,76,36.506
71,78,2.9938348182657433,77,36.506
71,79,3.030340810453158,78,36.506
71,80,3.066846802640573,79,36.506
71,81,3.103352794827988,80,36.506
71,82,3.139858787015403,81,36.506
71,83,3.176364779202818,82,36.506
71,84,3.2128707713902327,83,36.506
71,85,3.2493767635776476,84,36.506
71,86,3.2858827557650625,85,36.506
71,87,3.3223887479524774,86,36.506
71,88,3.3588947401398923,87,36.506
71,89,3.395400732327307,88,36.506
71,90,3.431906724514722,89,36.506
71,91,3.468412716702137,90,36.506
71,92,3.504918708889552,91,36.506
71,93,3.541424701076967,92,36.506
71,94,3.5779306932643817,93,36.506
71,95,3.6144366854517966,94,36.506
71,96,3.6509426776392115,95,36.506
71,97,3.6874486698266264,96,36.506
71,98,3.7239546620140414,97,36.506
71,99,3.7604606542014563,98,36.506
71,100,3.796966646388871,99,36.506
71,101,3.833472638576286,100,36.506
71,102,3.869978630763701,101,36.506
71,103,3.906484622951116,102,36.506
71,104,3.9429906151385308,103,36.506
71,105,3.9794966073259457,104,36.506
71,106,4.016002599513361,105,36.506
71,107,4.052508591700776,106,36.506
71,108,4.089014583888191,107,36.506
71,109,4.125520576075606,108,36.506
71,110,4.162026568263021,109,36.506
71,111,4.1985325604504355,110,36.506
71,112,4.2350385526378505,111,36.506
71,113,4.271544544825265,112,36.506
71,114,4.308106286320949,113,36.562
71,115,4.344668027816632,114,36.562
71,116,4.3812297693123154,115,36.562
71,117,4.417791510807999,116,36.562
71,118,4.454353252303682,117,36.562
71,119,4.4909149937993655,118,36.562
71,120,4.527476735295049,119,36.562
71,121,4.564038476790732,120,36.562
71,122,4.600600218286416,121,36.562
71,123,4.637161959782099,122,36.562
71,124,4.673723701277782,123,36.562
71,125,4.710285442773466,124,36.562
71,126,4.746847184269149,125,36.562
71,127,4.7834089257648325,126,36.562
71,128,4.819970667260516,127,36.562
72,1,0.19135430537861545,0,191.354
72,2,0.22768361245053415,1,36.329
72,3,0.2640129195224528,2,36.329
72,4,0.3003422265943715,3,36.329
72,5,0.33667153366629016,4,36.329
72,6,0.3730008407382088,5,36.329
72,7,0.4093301478101275,6,36.329
72,8,0.44565945488204617,7,36.329
72,9,0.48198876195396484,8,36.329
72,10,0.5183180690258835,9,36.329
72,11,0.5546473760978022,10,36.329
72,12,0.590976683169721,11,36.329
72,13,0.6273059902416397,12,36.329
72,14,0.6636352973135584,13,36.329
72,15,0.6999646043854771,14,36.329
72,16,0.7362939114573959,15,36.329
72,17,0.7726232185293146,16,36.329
72,18,0.8089525256012333,17,36.329
72,19,0.845281832673152,18,36.329
72,20,0.8816111397450708,19,36.329
72,21,0.9179404468169895,20,36.329
72,22,0.9542697538889082,21,36.329
72,23,0.990599060960827,22,36.329
72,24,1.0269283680327457,23,36.329
72,25,1.0632576751046643,24,36.329
72,26,1.099586982176583,25,36.329
72,27,1.1359162892485015,26,36.329
72,28,1.1722455963204201,27,36.329
72,29,1.2085749033923388,28,36.329
72,30,1.2449042104642574,29,36.329
72,31,1.281233517536176,30,36.329
72,32,1.3175628246080946,31,36.329
72,33,1.3538921316800132,32,36.329
72,34,1.3902214387519318,33,36.329
72,35,1.4265507458238504,34,36.329
72,36,1.462880052895769,35,36.329
72,37,1.4992093599676877,36,36.329
72,38,1.5355386670396063,37,36.329
72,39,1.571867974111525,38,36.329
72,40,1.6081972811834435,39,36.329
72,41,1.6445265882553621,40,36.329
72,42,1.6808558953272807,41,36.329
72,43,1.7171852023991994,42,36.329
72,44,1.753514509471118,43,36.329
72,45,1.7898438165430366,44,36.329
72,46,1.8261731236149552,45,36.329
72,47,1.8625024306868738,46,36.329
72,48,1.8988317377587924,47,36.329
72,49,1.935161044830711,48,36.329
72,50,1.971667037018126,49,36.506
72,51,2.008173029205541,50,36.506
72,52,2.0446790213929558,51,36.506
72,53,2.0811850135803707,52,36.506
72,54,2.1176910057677856,53,36.506
72,55,2.1541969979552005,54,36.506
72,56,2.1907029901426154,55,36.506
72,57,2.2272089823300303,56,36.506
72,58,2.263714974517445,57,36.506
72,59,2.30022096670486,58,36.506
72,60,2.336726958892275,59,36.506
72,61,2.37323295107969,60,36.506
72,62,2.409738943267105,61,36.506
72,63,2.4462449354545197,62,36.506
72,64,2.4827509276419346,63,36.506
72,65,2.5192569198293495,64,36.506
72,66,2.5557629120167644,65,36.506
72,67,2.5922689042041793,66,36.506
72,68,2.6287748963915942,67,36.506
72,69,2.665280888579009,68,36.506
72,70,2.701786880766424,69,36.506
72,71,2.738292872953839,70,36.506
72,72,2.774798865141254,71,36.506
72,73,2.8113048573286687,72,36.506
72,74,2.8478108495160837,73,36.506
72,75,2.8843168417034986,74,36.506
72,76,2.9208228338909135,75,36.506
72,77,2.9573288260783284,76,36.506
72,78,2.9938348182657433,77,36.506
72,79,3.030340810453158,78,36.506
72,80,3.066846802640573,79,36.506
72,81,3.103352794827988,80,36.506
72,82,3.139858787015403,81,36.506
72,83,3.176364779202818,82,36.506
72,84,3.2128707713902327,83,36.506
72,85,3.2493767635776476,84,36.506
72,86,3.2858827557650625,85,36.506
72,87,3.3223887479524774,86,36.506
72,88,3.3588947401398923,87,36.506
72,89,3.395400732327307,88,36.506
72,90,3.431906724514722,89,36.506
72,91,3.468412716702137,90,36.506
72,92,3.504918708889552,91,36.506
72,93,3.541424701076967,92,36.506
72,94,3.5779306932643817,93,36.506
72,95,3.6144366854517966,94,36.506
72,96,3.6509426776392115,95,36.506
72,97,3.6874486698266264,96,36.506
72,98,3.7239546620140414,97,36.506
72,99,3.7604606542014563,98,36.506
72,100,3.796966646388871,99,36.506
72,101,3.833472638576286,100,36.506
72,102,3.869978630763701,101,36.506
72,103,3.906484622951116,102,36.506
72,104,3.9429906151385308,103,36.506
72,105,3.9794966073259457,104,36.506
72,106,4.016002599513361,105,36.506
72,107,4.052508591700776,106,36.506
72,108,4.089014583888191,107,36.506
72,109,4.125520576075606,108,36.506
72,110,4.162026568263021,109,36.506
72,111,4.1985325604504355,110,36.506
72,112,4.2350385526378505,111,36.506
72,113,4.271544544825265,112,36.506
72,114,4.308106286320949,113,36.562
72,115,4.344668027816632,114,36.562
72,116,4.3812297693123154,115,36.562
72,117,4.417791510807999,116,36.562
72,118,4.454353252303682,117,36.562
72,119,4.4909149937993655,118,36.562
72,120,4.527476735295049,119,36.562
72,121,4.564038476790732,120,36.562
72,122,4.600600218286416,121,36.562
72,123,4.637161959782099,122,36.562
72,124,4.673723701277782,123,36.562
72,125,4.710285442773466,124,36.562
72,126,4.746847184269149,125,36.562
72,127,4.7834089257648325,126,36.562
72,128,4.819970667260516,127,36.562
73,1,0.19135430537861545,0,191.354
73,2,0.22768361245053415,1,36.329
73,3,0.2640129195224528,2,36.329
73,4,0.3003422265943715,3,36.329
73,5,0.33667153366629016,4,36.329
73,6,0.3730008407382088,5,36.329
73,7,0.4093301478101275,6,36.329
73,8,0.44565945488204617,7,36.329
73,9,0.48198876195396484,8,36.329
73,10,0.5183180690258835,9,36.329
73,11,0.5546473760978022,10,36.329
73,12,0.590976683169721,11,36.329
73,13,0.6273059902416397,12,36.329
73,14,0.6636352973135584,13,36.329
73,15,0.6999646043854771,14,36.329
73,16,0.7362939114573959,15,36.329
73,17,0.7726232185293146,16,36.329
73,18,0.8089525256012333,17,36.329
73,19,0.845281832673152,18,36.329
73,20,0.8816111397450708,19,36.329
73,21,0.9179404468169895,20,36.329
73,22,0.9542697538889082,21,36.329
73,23,0.990599060960827,22,36.329
73,24,1.0269283680327457,23,36.329
73,25,1.0632576751046643,24,36.329
73,26,1.099586982176583,25,36.329
73,27,1.1359162892485015,26,36.329
73,28,1.1722455963204201,27,36.329
73,29,1.2085749033923388,28,36.329
73,30,1.2449042104642574,29,36.329
73,31,1.281233517536176,30,36.329
73,32,1.3175628246080946,31,36.329
73,33,1.3538921316800132,32,36.329
73,34,1.3902214387519318,33,36.329
73,35,1.4265507458238504,34,36.329
73,36,1.462880052895769,35,36.329
73,37,1.4992093599676877,36,36.329
73,38,1.5355386670396063,37,36.329
73,39,1.571867974111525,38,36.329
73,40,1.6081972811834435,39,36.329
73,41,1.6445265882553621,40,36.329
73,42,1.6808558953272807,41,36.329
73,43,1.7171852023991994,42,36.329
73,44,1.753514509471118,43,36.329
73,45,1.7898438165430366,44,36.329
73,46,1.8261731236149552,45,36.329
73,47,1.8625024306868738,46,36.329
73,48,1.8988317377587924,47,36.329
73,49,1.935161044830711,48,36.329
73,50,1.971667037018126,49,36.506
73,51,2.008173029205541,50,36.506
73,52,2.0446790213929558,51,36.506
73,53,2.0811850135803707,52,36.506
73,54,2.1176910057677856,53,36.506
73,55,2.1541969979552005,54,36.506
73,56,2.1907029901426154,55,36.506
73,57,2.2272089823300303,56,36.506
73,58,2.263714974517445,57,36.506
73,59,2.30022096670486,58,36.506
73,60,2.336726958892275,59,36.506
73,61,2.37323295107969,60,36.506
73,62,2.409738943267105,61,36.506
73,63,2.4462449354545197,62,36.506
73,64,2.4827509276419346,63,36.506
73,65,2.5192569198293495,64,36.506
73,66,2.5557629120167644,65,36.506
73,67,2.5922689042041793,66,36.506
73,68,2.6287748963915942,67,36.506
73,69,2.665280888579009,68,36.506
73,70,2.701786880766424,69,36.506
73,71,2.738292872953839,70,36.506
73,72,2.774798865141254,71,36.506
73,73,2.8113048573286687,72,36.506
73,74,2.8478108495160837,73,36.506
73,75,2.8843168417034986,74,36.506
73,76,2.9208228338909135,75,36.506
73,77,2.9573288260783284,76,36.506
73,78,2.9938348182657433,77,36.506
73,79,3.030340810453158,78,36.506
73,80,3.066846802640573,79,36.506
73,81,3.103352794827988,80,36.506
73,82,3.139858787015403,81,36.506
73,83,3.176364779202818,82,36.506
73,84,3.2128707713902327,83,36.506
73,85,3.2493767635776476,84,36.506
73,86,3.2858827557650625,85,36.506
73,87,3.3223887479524774,86,36.506
73,88,3.3588947401398923,87,36.506
73,89,3.395400732327307,88,36.506
73,90,3.431906724514722,89,36.506
73,91,3.468412716702137,90,36.506
73,92,3.504918708889552,91,36.506
73,93,3.541424701076967,92,36.506
73,94,3.5779306932643817,93,36.506
73,95,3.6144366854517966,94,36.506
73,96,3.6509426776392115,95,36.506
73,97,3.6874486698266264,96,36.506
73,98,3.7239546620140414,97,36.506
73,99,3.7604606542014563,98,36.506
73,100,3.796966646388871,99,36.506
73,101,3.833472638576286,100,36.506
73,102,3.869978630763701,101,36.506
73,103,3.906484622951116,102,36.506
73,104,3.9429906151385308,103,36.506
73,105,3.9794966073259457,104,36.506
73,106,4.016002599513361,105,36.506
73,107,4.052508591700776,106,36.506
73,108,4.089014583888191,107,36.506
73,109,4.125520576075606,108,36.506
73,110,4.162026568263021,109,36.506
73,111,4.1985325604504355,110,36.506
73,112,4.2350385526378505,111,36.506
73,113,4.271544544825265,112,36.506
73,114,4.308106286320949,113,36.562
73,115,4.344668027816632,114,36.562
73,116,4.3812297693123154,115,36.562
73,117,4.417791510807999,116,36.562
73,118,4.454353252303682,117,36.562
73,119,4.4909149937993655,118,36.562
73,120,4.527476735295049,119,36.562
73,121,4.564038476790732,120,36.562
73,122,4.600600218286416,121,36.562
73,123,4.637161959782099,122,36.562
73,124,4.673723701277782,123,36.562
73,125,4.710285442773466,124,36.562
73,126,4.746847184269149,125,36.562
73,127,4.7834089257648325,126,36.562
73,128,4.819970667260516,127,36.562
74,1,0.19135430537861545,0,191.354
74,2,0.22768361245053415,1,36.329
74,3,0.2640129195224528,2,36.329
74,4,0.3003422265943715,3,36.329
74,5,0.33667153366629016,4,36.329
74,6,0.3730008407382088,5,36.329
74,7,0.4093301478101275,6,36.329
74,8,0.44565945488204617,7,36.329
74,9,0.48198876195396484,8,36.329
74,10,0.5183180690258835,9,36.329
74,11,0.5546473760978022,10,36.329
74,12,0.590976683169721,11,36.329
74,13,0.6273059902416397,12,36.329
74,14,0.6636352973135584,13,36.329
74,15,0.6999646043854771,14,36.329
74,16,0.7362939114573959,15,36.329
74,17,0.7726232185293146,16,36.329
74,18,0.8089525256012333,17,36.329
74,19,0.845281832673152,18,36.329
74,20,0.8816111397450708,19,36.329
74,21,0.9179404468169895,20,36.329
74,22,0.9542697538889082,21,36.329
74,23,0.990599060960827,22,36.329
74,24,1.0269283680327457,23,36.329
74,25,1.0632576751046643,24,36.329
74,26,1.099586982176583,25,36.329
74,27,1.1359162892485015,26,36.329
74,28,1.1722455963204201,27,36.329
74,29,1.2085749033923388,28,36.329
74,30,1.2449042104642574,29,36.329
74,31,1.281233517536176,30,36.329
74,32,1.3175628246080946,31,36.329
74,33,1.3538921316800132,32,36.329
74,34,1.3902214387519318,33,36.329
74,35,1.4265507458238504,34,36.329
74,36,1.462880052895769,35,36.329
74,37,1.4992093599676877,36,36.329
74,38,1.5355386670396063,37,36.329
74,39,1.571867974111525,38,36.329
74,40,1.6081972811834435,39,36.329
74,41,1.6445265882553621,40,36.329
74,42,1.6808558953272807,41,36.329
74,43,1.7171852023991994,42,36.329
74,44,1.753514509471118,43,36.329
74,45,1.7898438165430366,44,36.329
74,46,1.8261731236149552,45,36.329
74,47,1.8625024306868738,46,36.329
74,48,1.8988317377587924,47,36.329
74,49,1.935161044830711,48,36.329
74,50,1.971667037018126,49,36.506
74,51,2.008173029205541,50,36.506
74,52,2.0446790213929558,51,36.506
74,53,2.0811850135803707,52,36.506
74,54,2.1176910057677856,53,36.506
74,55,2.1541969979552005,54,36.506
74,56,2.1907029901426154,55,36.506
74,57,2.2272089823300303,56,36.506
74,58,2.263714974517445,57,36.506
74,59,2.30022096670486,58,36.506
74,60,2.336726958892275,59,36.506
74,61,2.37323295107969,60,36.506
74,62,2.409738943267105,61,36.506
74,63,2.4462449354545197,62,36.506
74,64,2.4827509276419346,63,36.506
74,65,2.5192569198293495,64,36.506
74,66,2.5557629120167644,65,36.506
74,67,2.5922689042041793,66,36.506
74,68,2.6287748963915942,67,36.506
74,69,2.665280888579009,68,36.506
74,70,2.701786880766424,69,36.506
74,71,2.738292872953839,70,36.506
74,72,2.774798865141254,71,36.506
74,73,2.8113048573286687,72,36.506
74,74,2.8478108495160837,73,36.506
74,75,2.8843168417034986,74,36.506
74,76,2.9208228338909135,75,36.506
74,77,2.9573288260783284,76,36.506
74,78,2.9938348182657433,77,36.506
74,79,3.030340810453158,78,36.506
74,80,3.066846802640573,79,36.506
74,81,3.103352794827988,80,36.506
74,82,3.139858787015403,81,36.506
74,83,3.176364779202818,82,36.506
74,84,3.2128707713902327,83,36.506
74,85,3.2493767635776476,84,36.506
74,86,3.2858827557650625,85,36.506
74,87,3.3223887479524774,86,36.506
74,88,3.3588947401398923,87,36.506
74,89,3.395400732327307,88,36.506
74,90,3.431906724514722,89,36.506
74,91,3.468412716702137,90,36.506
74,92,3.504918708889552,91,36.506
74,93,3.541424701076967,92,36.506
74,94,3.5779306932643817,93,36.506
74,95,3.6144366854517966,94,36.506
74,96,3.6509426776392115,95,36.506
74,97,3.6874486698266264,96,36.506
74,98,3.7239546620140414,97,36.506
74,99,3.7604606542014563,98,36.506
74,100,3.796966646388871,99,36.506
74,101,3.833472638576286,100,36.506
74,102,3.869978630763701,101,36.506
74,103,3.906484622951116,102,36.506
74,104,3.9429906151385308,103,36.506
74,105,3.9794966073259457,104,36.506
74,106,4.016002599513361,105,36.506
74,107,4.052508591700776,106,36.506
74,108,4.089014583888191,107,36.506
74,109,4.125520576075606,108,36.506
74,110,4.162026568263021,109,36.506
74,111,4.1985325604504355,110,36.506
74,112,4.2350385526378505,111,36.506
74,113,4.271544544825265,112,36.506
74,114,4.308106286320949,113,36.562
74,115,4.344668027816632,114,36.562
74,116,4.3812297693123154,115,36.562
74,117,4.417791510807999,116,36.562
74,118,4.454353252303682,117,36.562
74,119,4.4909149937993655,118,36.562
74,120,4.527476735295049,119,36.562
74,121,4.564038476790732,120,36.562
74,122,4.600600218286416,121,36.562
74,123,4.637161959782099,122,36.562
74,124,4.673723701277782,123,36.562
74,125,4.710285442773466,124,36.562
74,126,4.746847184269149,125,36.562
74,127,4.7834089257648325,126,36.562
74,128,4.819970667260516,127,36.562
75,1,0.19135430537861545,0,191.354
75,2,0.22768361245053415,1,36.329
75,3,0.2640129195224528,2,36.329
75,4,0.3003422265943715,3,36.329
75,5,0.33667153366629016,4,36.329
75,6,0.3730008407382088,5,36.329
75,7,0.4093301478101275,6,36.329
75,8,0.44565945488204617,7,36.329
75,9,0.48198876195396484,8,36.329
75,10,0.5183180690258835,9,36.329
75,11,0.5546473760978022,10,36.329
75,12,0.590976683169721,11,36.329
75,13,0.6273059902416397,12,36.329
75,14,0.6636352973135584,13,36.329
75,15,0.6999646043854771,14,36.329
75,16,0.7362939114573959,15,36.329
75,17,0.7726232185293146,16,36.329
75,18,0.8089525256012333,17,36.329
75,19,0.845281832673152,18,36.329
75,20,0.8816111397450708,19,36.329
75,21,0.9179404468169895,20,36.329
75,22,0.9542697538889082,21,36.329
75,23,0.990599060960827,22,36.329
75,24,1.0269283680327457,23,36.329
75,25,1.0632576751046643,24,36.329
75,26,1.099586982176583,25,36.329
75,27,1.1359162892485015,26,36.329
75,28,1.1722455963204201,27,36.329
75,29,1.2085749033923388,28,36.329
75,30,1.2449042104642574,29,36.329
75,31,1.281233517536176,30,36.329
75,32,1.3175628246080946,31,36.329
75,33,1.3538921316800132,32,36.329
75,34,1.3902214387519318,33,36.329
75,35,1.4265507458238504,34,36.329
75,36,1.462880052895769,35,36.329
75,37,1.4992093599676877,36,36.329
75,38,1.5355386670396063,37,36.329
75,39,1.571867974111525,38,36.329
75,40,1.6081972811834435,39,36.329
75,41,1.6445265882553621,40,36.329
75,42,1.6808558953272807,41,36.329
75,43,1.7171852023991994,42,36.329
75,44,1.753514509471118,43,36.329
75,45,1.7898438165430366,44,36.329
75,46,1.8261731236149552,45,36.329
75,47,1.8625024306868738,46,36.329
75,48,1.8988317377587924,47,36.329
75,49,1.935161044830711,48,36.329
75,50,1.971667037018126,49,36.506
75,51,2.008173029205541,50,36.506
75,52,2.0446790213929558,51,36.506
75,53,2.0811850135803707,52,36.506
75,54,2.1176910057677856,53,36.506
75,55,2.1541969979552005,54,36.506
75,56,2.1907029901426154,55,36.506
75,57,2.2272089823300303,56,36.506
75,58,2.263714974517445,57,36.506
75,59,2.30022096670486,58,36.506
75,60,2.336726958892275,59,36.506
75,61,2.37323295107969,60,36.506
75,62,2.409738943267105,61,36.506
75,63,2.4462449354545197,62,36.506
75,64,2.4827509276419346,63,36.506
75,65,2.5192569198293495,64,36.506
75,66,2.5557629120167644,65,36.506
75,67,2.5922689042041793,66,36.506
75,68,2.6287748963915942,67,36.506
75,69,2.665280888579009,68,36.506
75,70,2.701786880766424,69,36.506
75,71,2.738292872953839,70,36.506
75,72,2.774798865141254,71,36.506
75,73,2.8113048573286687,72,36.506
75,74,2.8478108495160837,73,36.506
75,75,2.8843168417034986,74,36.506
75,76,2.9208228338909135,75,36.506
75,77,2.9573288260783284,76,36.506
75,78,2.9938348182657433,77,36.506
75,79,3.030340810453158,78,36.506
75,80,3.066846802640573,79,36.506
75,81,3.103352794827988,80,36.506
75,82,3.139858787015403,81,36.506
75,83,3.176364779202818,82,36.506
75,84,3.2128707713902327,83,36.506
75,85,3.2493767635776476,84,36.506
75,86,3.2858827557650625,85,36.506
75,87,3.3223887479524774,86,36.506
75,88,3.3588947401398923,87,36.506
75,89,3.395400732327307,88,36.506
75,90,3.431906724514722,89,36.506
75,91,3.468412716702137,90,36.506
75,92,3.504918708889552,91,36.506
75,93,3.541424701076967,92,36.506
75,94,3.5779306932643817,93,36.506
75,95,3.6144366854517966,94,36.506
75,96,3.6509426776392115,95,36.506
75,97,3.6874486698266264,96,36.506
75,98,3.7239546620140414,97,36.506
75,99,3.7604606542014563,98,36.506
75,100,3.796966646388871,99,36.506
75,101,3.833472638576286,100,36.506
75,102,3.869978630763701,101,36.506
75,103,3.906484622951116,102,36.506
75,104,3.9429906151385308,103,36.506
75,105,3.9794966073259457,104,36.506
75,106,4.016002599513361,105,36.506
75,107,4.052508591700776,106,36.506
75,108,4.089014583888191,107,36.506
75,109,4.125520576075606,108,36.506
75,110,4.162026568263021,109,36.506
75,111,4.1985325604504355,110,36.506
75,112,4.2350385526378505,111,36.506
75,113,4.271544544825265,112,36.506
75,114,4.308106286320949,113,36.562
75,115,4.344668027816632,114,36.562
75,116,4.3812297693123154,115,36.562
75,117,4.417791510807999,116,36.562
75,118,4.454353252303682,117,36.562
75,119,4.4909149937993655,118,36.562
75,120,4.527476735295049,119,36.562
75,121,4.564038476790732,120,36.562
75,122,4.600600218286416,121,36.562
75,123,4.637161959782099,122,36.562
75,124,4.673723701277782,123,36.562
75,125,4.710285442773466,124,36.562
75,126,4.746847184269149,125,36.562
75,127,4.7834089257648325,126,36.562
75,128,4.819970667260516,127,36.562
76,1,0.19135430537861545,0,191.354
76,2,0.22768361245053415,1,36.329
76,3,0.2640129195224528,2,36.329
76,4,0.3003422265943715,3,36.329
76,5,0.33667153366629016,4,36.329
76,6,0.3730008407382088,5,36.329
76,7,0.4093301478101275,6,36.329
76,8,0.44565945488204617,7,36.329
76,9,0.48198876195396484,8,36.329
76,10,0.5183180690258835,9,36.329
76,11,0.5546473760978022,10,36.329
76,12,0.590976683169721,11,36.329
76,13,0.6273059902416397,12,36.329
76,14,0.6636352973135584,13,36.329
76,15,0.6999646043854771,14,36.329
76,16,0.7362939114573959,15,36.329
76,17,0.7726232185293146,16,36.329
76,18,0.8089525256012333,17,36.329
76,19,0.845281832673152,18,36.329
76,20,0.8816111397450708,19,36.329
76,21,0.9179404468169895,20,36.329
76,22,0.9542697538889082,21,36.329
76,23,0.990599060960827,22,36.329
76,24,1.0269283680327457,23,36.329
76,25,1.0632576751046643,24,36.329
76,26,1.099586982176583,25,36.329
76,27,1.1359162892485015,26,36.329
76,28,1.1722455963204201,27,36.329
76,29,1.2085749033923388,28,36.329
76,30,1.2449042104642574,29,36.329
76,31,1.281233517536176,30,36.329
76,32,1.3175628246080946,31,36.329
76,33,1.3538921316800132,32,36.329
76,34,1.3902214387519318,33,36.329
76,35,1.4265507458238504,34,36.329
76,36,1.462880052895769,35,36.329
76,37,1.4992093599676877,36,36.329
76,38,1.5355386670396063,37,36.329
76,39,1.571867974111525,38,36.329
76,40,1.6081972811834435,39,36.329
76,41,1.6445265882553621,40,36.329
76,42,1.6808558953272807,41,36.329
76,43,1.7171852023991994,42,36.329
76,44,1.753514509471118,43,36.329
76,45,1.7898438165430366,44,36.329
76,46,1.8261731236149552,45,36.329
76,47,1.8625024306868738,46,36.329
76,48,1.8988317377587924,47,36.329
76,49,1.935161044830711,48,36.329
76,50,1.971667037018126,49,36.506
76,51,2.008173029205541,50,36.506
76,52,2.0446790213929558,51,36.506
76,53,2.0811850135803707,52,36.506
76,54,2.1176910057677856,53,36.506
76,55,2.1541969979552005,54,36.506
76,56,2.1907029901426154,55,36.506
76,57,2.2272089823300303,56,36.506
76,58,2.263714974517445,57,36.506
76,59,2.30022096670486,58,36.506
76,60,2.336726958892275,59,36.506
76,61,2.37323295107969,60,36.506
76,62,2.409738943267105,61,36.506
76,63,2.4462449354545197,62,36.506
76,64,2.4827509276419346,63,36.506
76,65,2.5192569198293495,64,36.506
76,66,2.5557629120167644,65,36.506
76,67,2.5922689042041793,66,36.506
76,68,2.6287748963915942,67,36.506
76,69,2.665280888579009,68,36.506
76,70,2.701786880766424,69,36.506
76,71,2.738292872953839,70,36.506
76,72,2.774798865141254,71,36.506
76,73,2.8113048573286687,72,36.506
76,74,2.8478108495160837,73,36.506
76,75,2.8843168417034986,74,36.506
76,76,2.9208228338909135,75,36.506
76,77,2.9573288260783284,76,36.506
76,78,2.9938348182657433,77,36.506
76,79,3.030340810453158,78,36.506
76,80,3.066846802640573,79,36.506
76,81,3.103352794827988,80,36.506
76,82,3.139858787015403,81,36.506
76,83,3.176364779202818,82,36.506
76,84,3.2128707713902327,83,36.506
76,85,3.2493767635776476,84,36.506
76,86,3.2858827557650625,85,36.506
76,87,3.3223887479524774,86,36.506
76,88,3.3588947401398923,87,36.506
76,89,3.395400732327307,88,36.506
76,90,3.431906724514722,89,36.506
76,91,3.468412716702137,90,36.506
76,92,3.504918708889552,91,36.506
76,93,3.541424701076967,92,36.506
76,94,3.5779306932643817,93,36.506
76,95,3.6144366854517966,94,36.506
76,96,3.6509426776392115,95,36.506
76,97,3.6874486698266264,96,36.506
76,98,3.7239546620140414,97,36.506
76,99,3.7604606542014563,98,36.506
76,100,3.796966646388871,99,36.506
76,101,3.833472638576286,100,36.506
76,102,3.869978630763701,101,36.506
76,103,3.906484622951116,102,36.506
76,104,3.9429906151385308,103,36.506
76,105,3.9794966073259457,104,36.506
76,106,4.016002599513361,105,36.506
76,107,4.052508591700776,106,36.506
76,108,4.089014583888191,107,36.506
76,109,4.125520576075606,108,36.506
76,110,4.162026568263021,109,36.506
76,111,4.1985325604504355,110,36.506
76,112,4.2350385526378505,111,36.506
76,113,4.271544544825265,112,36.506
76,114,4.308106286320949,113,36.562
76,115,4.344668027816632,114,36.562
76,116,4.3812297693123154,115,36.562
76,117,4.417791510807999,116,36.562
76,118,4.454353252303682,117,36.562
76,119,4.4909149937993655,118,36.562
76,120,4.527476735295049,119,36.562
76,121,4.564038476790732,120,36.562
76,122,4.600600218286416,121,36.562
76,123,4.637161959782099,122,36.562
76,124,4.673723701277782,123,36.562
76,125,4.710285442773466,124,36.562
76,126,4.746847184269149,125,36.562
76,127,4.7834089257648325,126,36.562
76,128,4.819970667260516,127,36.562
77,1,0.19135430537861545,0,191.354
77,2,0.22768361245053415,1,36.329
77,3,0.2640129195224528,2,36.329
77,4,0.3003422265943715,3,36.329
77,5,0.33667153366629016,4,36.329
77,6,0.3730008407382088,5,36.329
77,7,0.4093301478101275,6,36.329
77,8,0.44565945488204617,7,36.329
77,9,0.48198876195396484,8,36.329
77,10,0.5183180690258835,9,36.329
77,11,0.5546473760978022,10,36.329
77,12,0.590976683169721,11,36.329
77,13,0.6273059902416397,12,36.329
77,14,0.6636352973135584,13,36.329
77,15,0.6999646043854771,14,36.329
77,16,0.7362939114573959,15,36.329
77,17,0.7726232185293146,16,36.329
77,18,0.8089525256012333,17,36.329
77,19,0.845281832673152,18,36.329
77,20,0.8816111397450708,19,36.329
77,21,0.9179404468169895,20,36.329
77,22,0.9542697538889082,21,36.329
77,23,0.990599060960827,22,36.329
77,24,1.0269283680327457,23,36.329
77,25,1.0632576751046643,24,36.329
77,26,1.099586982176583,25,36.329
77,27,1.1359162892485015,26,36.329
77,28,1.1722455963204201,27,36.329
77,29,1.2085749033923388,28,36.329
77,30,1.2449042104642574,29,36.329
77,31,1.281233517536176,30,36.329
77,32,1.3175628246080946,31,36.329
77,33,1.3538921316800132,32,36.329
77,34,1.3902214387519318,33,36.329
77,35,1.4265507458238504,34,36.329
77,36,1.462880052895769,35,36.329
77,37,1.4992093599676877,36,36.329
77,38,1.5355386670396063,37,36.329
77,39,1.571867974111525,38,36.329
77,40,1.6081972811834435,39,36.329
77,41,1.6445265882553621,40,36.329
77,42,1.6808558953272807,41,36.329
77,43,1.7171852023991994,42,36.329
77,44,1.753514509471118,43,36.329
77,45,1.7898438165430366,44,36.329
77,46,1.8261731236149552,45,36.329
77,47,1.8625024306868738,46,36.329
77,48,1.8988317377587924,47,36.329
77,49,1.935161044830711,48,36.329
77,50,1.971667037018126,49,36.506
77,51,2.008173029205541,50,36.506
77,52,2.0446790213929558,51,36.506
77,53,2.0811850135803707,52,36.506
77,54,2.1176910057677856,53,36.506
77,55,2.1541969979552005,54,36.506
77,56,2.1907029901426154,55,36.506
77,57,2.2272089823300303,56,36.506
77,58,2.263714974517445,57,36.506
77,59,2.30022096670486,58,36.506
77,60,2.336726958892275,59,36.506
77,61,2.37323295107969,60,36.506
77,62,2.409738943267105,61,36.506
77,63,2.4462449354545197,62,36.506
77,64,2.4827509276419346,63,36.506
77,65,2.5192569198293495,64,36.506
77,66,2.5557629120167644,65,36.506
77,67,2.5922689042041793,66,36.506
77,68,2.6287748963915942,67,36.506
77,69,2.665280888579009,68,36.506
77,70,2.701786880766424,69,36.506
77,71,2.738292872953839,70,36.506
77,72,2.774798865141254,71,36.506
77,73,2.8113048573286687,72,36.506
77,74,2.8478108495160837,73,36.506
77,75,2.8843168417034986,74,36.506
77,76,2.9208228338909135,75,36.506
77,77,2.9573288260783284,76,36.506
77,78,2.9938348182657433,77,36.506
77,79,3.030340810453158,78,36.506
77,80,3.066846802640573,79,36.506
77,81,3.103352794827988,80,36.506
77,82,3.139858787015403,81,36.506
77,83,3.176364779202818,82,36.506
77,84,3.2128707713902327,83,36.506
77,85,3.2493767635776476,84,36.506
77,86,3.2858827557650625,85,36.506
77,87,3.3223887479524774,86,36.506
77,88,3.3588947401398923,87,36.506
77,89,3.395400732327307,88,36.506
77,90,3.431906724514722,89,36.506
77,91,3.468412716702137,90,36.506
77,92,3.504918708889552,91,36.506
77,93,3.541424701076967,92,36.506
77,94,3.5779306932643817,93,36.506
77,95,3.6144366854517966,94,36.506
77,96,3.6509426776392115,95,36.506
77,97,3.6874486698266264,96,36.506
77,98,3.7239546620140414,97,36.506
77,99,3.7604606542014563,98,36.506
77,100,3.796966646388871,99,36.506
77,101,3.833472638576286,100,36.506
77,102,3.869978630763701,101,36.506
77,103,3.906484622951116,102,36.506
77,104,3.9429906151385308,103,36.506
77,105,3.9794966073259457,104,36.506
77,106,4.016002599513361,105,36.506
77,107,4.052508591700776,106,36.506
77,108,4.089014583888191,107,36.506
77,109,4.125520576075606,108,36.506
77,110,4.162026568263021,109,36.506
77,111,4.1985325604504355,110,36.506
77,112,4.2350385526378505,111,36.506
77,113,4.271544544825265,112,36.506
77,114,4.308106286320949,113,36.562
77,115,4.344668027816632,114,36.562
77,116,4.3812297693123154,115,36.562
77,117,4.417791510807999,116,36.562
77,118,4.454353252303682,117,36.562
77,119,4.4909149937993655,118,36.562
77,120,4.527476735295049,119,36.562
77,121,4.564038476790732,120,36.562
77,122,4.600600218286416,121,36.562
77,123,4.637161959782099,122,36.562
77,124,4.673723701277782,123,36.562
77,125,4.710285442773466,124,36.562
77,126,4.746847184269149,125,36.562
77,127,4.7834089257648325,126,36.562
77,128,4.819970667260516,127,36.562
78,1,0.19135430537861545,0,191.354
78,2,0.22768361245053415,1,36.329
78,3,0.2640129195224528,2,36.329
78,4,0.3003422265943715,3,36.329
78,5,0.33667153366629016,4,36.329
78,6,0.3730008407382088,5,36.329
78,7,0.4093301478101275,6,36.329
78,8,0.44565945488204617,7,36.329
78,9,0.48198876195396484,8,36.329
78,10,0.5183180690258835,9,36.329
78,11,0.5546473760978022,10,36.329
78,12,0.590976683169721,11,36.329
78,13,0.6273059902416397,12,36.329
78,14,0.6636352973135584,13,36.329
78,15,0.6999646043854771,14,36.329
78,16,0.7362939114573959,15,36.329
78,17,0.7726232185293146,16,36.329
78,18,0.8089525256012333,17,36.329
78,19,0.845281832673152,18,36.329
78,20,0.8816111397450708,19,36.329
78,21,0.9179404468169895,20,36.329
78,22,0.9542697538889082,21,36.329
78,23,0.990599060960827,22,36.329
78,24,1.0269283680327457,23,36.329
78,25,1.0632576751046643,24,36.329
78,26,1.099586982176583,25,36.329
78,27,1.1359162892485015,26,36.329
78,28,1.1722455963204201,27,36.329
78,29,1.2085749033923388,28,36.329
78,30,1.2449042104642574,29,36.329
78,31,1.281233517536176,30,36.329
78,32,1.3175628246080946,31,36.329
78,33,1.3538921316800132,32,36.329
78,34,1.3902214387519318,33,36.329
78,35,1.4265507458238504,34,36.329
78,36,1.462880052895769,35,36.329
78,37,1.4992093599676877,36,36.329
78,38,1.5355386670396063,37,36.329
78,39,1.571867974111525,38,36.329
78,40,1.6081972811834435,39,36.329
78,41,1.6445265882553621,40,36.329
78,42,1.6808558953272807,41,36.329
78,43,1.7171852023991994,42,36.329
78,44,1.753514509471118,43,36.329
78,45,1.7898438165430366,44,36.329
78,46,1.8261731236149552,45,36.329
78,47,1.8625024306868738,46,36.329
78,48,1.8988317377587924,47,36.329
78,49,1.935161044830711,48,36.329
78,50,1.971667037018126,49,36.506
78,51,2.008173029205541,50,36.506
78,52,2.0446790213929558,51,36.506
78,53,2.0811850135803707,52,36.506
78,54,2.1176910057677856,53,36.506
78,55,2.1541969979552005,54,36.506
78,56,2.1907029901426154,55,36.506
78,57,2.2272089823300303,56,36.506
78,58,2.263714974517445,57,36.506
78,59,2.30022096670486,58,36.506
78,60,2.336726958892275,59,36.506
78,61,2.37323295107969,60,36.506
78,62,2.409738943267105,61,36.506
78,63,2.4462449354545197,62,36.506
78,64,2.4827509276419346,63,36.506
78,65,2.5192569198293495,64,36.506
78,66,2.5557629120167644,65,36.506
78,67,2.5922689042041793,66,36.506
78,68,2.6287748963915942,67,36.506
78,69,2.665280888579009,68,36.506
78,70,2.701786880766424,69,36.506
78,71,2.738292872953839,70,36.506
78,72,2.774798865141254,71,36.506
78,73,2.8113048573286687,72,36.506
78,74,2.8478108495160837,73,36.506
78,75,2.8843168417034986,74,36.506
78,76,2.9208228338909135,75,36.506
78,77,2.9573288260783284,76,36.506
78,78,2.9938348182657433,77,36.506
78,79,3.030340810453158,78,36.506
78,80,3.066846802640573,79,36.506
78,81,3.103352794827988,80,36.506
78,82,3.139858787015403,81,36.506
78,83,3.176364779202818,82,36.506
78,84,3.2128707713902327,83,36.506
78,85,3.2493767635776476,84,36.506
78,86,3.2858827557650625,85,36.506
78,87,3.3223887479524774,86,36.506
78,88,3.3588947401398923,87,36.506
78,89,3.395400732327307,88,36.506
78,90,3.431906724514722,89,36.506
78,91,3.468412716702137,90,36.506
78,92,3.504918708889552,91,36.506
78,93,3.541424701076967,92,36.506
78,94,3.5779306932643817,93,36.506
78,95,3.6144366854517966,94,36.506
78,96,3.6509426776392115,95,36.506
78,97,3.6874486698266264,96,36.506
78,98,3.7239546620140414,97,36.506
78,99,3.7604606542014563,98,36.506
78,100,3.796966646388871,99,36.506
78,101,3.833472638576286,100,36.506
78,102,3.869978630763701,101,36.506
78,103,3.906484622951116,102,36.506
78,104,3.9429906151385308,103,36.506
78,105,3.9794966073259457,104,36.506
78,106,4.016002599513361,105,36.506
78,107,4.052508591700776,106,36.506
78,108,4.089014583888191,107,36.506
78,109,4.125520576075606,108,36.506
78,110,4.162026568263021,109,36.506
78,111,4.1985325604504355,110,36.506
78,112,4.2350385526378505,111,36.506
78,113,4.271544544825265,112,36.506
78,114,4.308106286320949,113,36.562
78,115,4.344668027816632,114,36.562
78,116,4.3812297693123154,115,36.562
78,117,4.417791510807999,116,36.562
78,118,4.454353252303682,117,36.562
78,119,4.4909149937993655,118,36.562
78,120,4.527476735295049,119,36.562
78,121,4.564038476790732,120,36.562
78,122,4.600600218286416,121,36.562
78,123,4.637161959782099,122,36.562
78,124,4.673723701277782,123,36.562
78,125,4.710285442773466,124,36.562
78,126,4.746847184269149,125,36.562
78,127,4.7834089257648325,126,36.562
78,128,4.819970667260516,127,36.562
79,1,0.19135430537861545,0,191.354
79,2,0.22768361245053415,1,36.329
79,3,0.2640129195224528,2,36.329
79,4,0.3003422265943715,3,36.329
79,5,0.33667153366629016,4,36.329
79,6,0.3730008407382088,5,36.329
79,7,0.4093301478101275,6,36.329
79,8,0.44565945488204617,7,36.329
79,9,0.48198876195396484,8,36.329
79,10,0.5183180690258835,9,36.329
79,11,0.5546473760978022,10,36.329
79,12,0.590976683169721,11,36.329
79,13,0.6273059902416397,12,36.329
79,14,0.6636352973135584,13,36.329
79,15,0.6999646043854771,14,36.329
79,16,0.7362939114573959,15,36.329
79,17,0.7726232185293146,16,36.329
79,18,0.8089525256012333,17,36.329
79,19,0.845281832673152,18,36.329
79,20,0.8816111397450708,19,36.329
79,21,0.9179404468169895,20,36.329
79,22,0.9542697538889082,21,36.329
79,23,0.990599060960827,22,36.329
79,24,1.0269283680327457,23,36.329
79,25,1.0632576751046643,24,36.329
79,26,1.099586982176583,25,36.329
79,27,1.1359162892485015,26,36.329
79,28,1.1722455963204201,27,36.329
79,29,1.2085749033923388,28,36.329
79,30,1.2449042104642574,29,36.329
79,31,1.281233517536176,30,36.329
79,32,1.3175628246080946,31,36.329
79,33,1.3538921316800132,32,36.329
79,34,1.3902214387519318,33,36.329
79,35,1.4265507458238504,34,36.329
79,36,1.462880052895769,35,36.329
79,37,1.4992093599676877,36,36.329
79,38,1.5355386670396063,37,36.329
79,39,1.571867974111525,38,36.329
79,40,1.6081972811834435,39,36.329
79,41,1.6445265882553621,40,36.329
79,42,1.6808558953272807,41,36.329
79,43,1.7171852023991994,42,36.329
79,44,1.753514509471118,43,36.329
79,45,1.7898438165430366,44,36.329
79,46,1.8261731236149552,45,36.329
79,47,1.8625024306868738,46,36.329
79,48,1.8988317377587924,47,36.329
79,49,1.935161044830711,48,36.329
79,50,1.971667037018126,49,36.506
79,51,2.008173029205541,50,36.506
79,52,2.0446790213929558,51,36.506
79,53,2.0811850135803707,52,36.506
79,54,2.1176910057677856,53,36.506
79,55,2.1541969979552005,54,36.506
79,56,2.1907029901426154,55,36.506
79,57,2.2272089823300303,56,36.506
79,58,2.263714974517445,57,36.506
79,59,2.30022096670486,58,36.506
79,60,2.336726958892275,59,36.506
79,61,2.37323295107969,60,36.506
79,62,2.409738943267105,61,36.506
79,63,2.4462449354545197,62,36.506
79,64,2.4827509276419346,63,36.506
79,65,2.5192569198293495,64,36.506
79,66,2.5557629120167644,65,36.506
79,67,2.5922689042041793,66,36.506
79,68,2.6287748963915942,67,36.506
79,69,2.665280888579009,68,36.506
79,70,2.701786880766424,69,36.506
79,71,2.738292872953839,70,36.506
79,72,2.774798865141254,71,36.506
79,73,2.8113048573286687,72,36.506
79,74,2.8478108495160837,73,36.506
79,75,2.8843168417034986,74,36.506
79,76,2.9208228338909135,75,36.506
79,77,2.9573288260783284,76,36.506
79,78,2.9938348182657433,77,36.506
79,79,3.030340810453158,78,36.506
79,80,3.066846802640573,79,36.506
79,81,3.103352794827988,80,36.506
79,82,3.139858787015403,81,36.506
79,83,3.176364779202818,82,36.506
79,84,3.2128707713902327,83,36.506
79,85,3.2493767635776476,84,36.506
79,86,3.2858827557650625,85,36.506
79,87,3.3223887479524774,86,36.506
79,88,3.3588947401398923,87,36.506
79,89,3.395400732327307,88,36.506
79,90,3.431906724514722,89,36.506
79,91,3.468412716702137,90,36.506
79,92,3.504918708889552,91,36.506
79,93,3.541424701076967,92,36.506
79,94,3.5779306932643817,93,36.506
79,95,3.6144366854517966,94,36.506
79,96,3.6509426776392115,95,36.506
79,97,3.6874486698266264,96,36.506
79,98,3.7239546620140414,97,36.506
79,99,3.7604606542014563,98,36.506
79,100,3.796966646388871,99,36.506
79,101,3.833472638576286,100,36.506
79,102,3.869978630763701,101,36.506
79,103,3.906484622951116,102,36.506
79,104,3.9429906151385308,103,36.506
79,105,3.9794966073259457,104,36.506
79,106,4.016002599513361,105,36.506
79,107,4.052508591700776,106,36.506
79,108,4.089014583888191,107,36.506
79,109,4.125520576075606,108,36.506
79,110,4.162026568263021,109,36.506
79,111,4.1985325604504355,110,36.506
79,112,4.2350385526378505,111,36.506
79,113,4.271544544825265,112,36.506
79,114,4.308106286320949,113,36.562
79,115,4.344668027816632,114,36.562
79,116,4.3812297693123154,115,36.562
79,117,4.417791510807999,116,36.562
79,118,4.454353252303682,117,36.562
79,119,4.4909149937993655,118,36.562
79,120,4.527476735295049,119,36.562
79,121,4.564038476790732,120,36.562
79,122,4.600600218286416,121,36.562
79,123,4.637161959782099,122,36.562
79,124,4.673723701277782,123,36.562
79,125,4.710285442773466,124,36.562
79,126,4.746847184269149,125,36.562
79,127,4.7834089257648325,126,36.562
79,128,4.819970667260516,127,36.562
80,1,0.19135430537861545,0,191.354
80,2,0.22768361245053415,1,36.329
80,3,0.2640129195224528,2,36.329
80,4,0.3003422265943715,3,36.329
80,5,0.33667153366629016,4,36.329
80,6,0.3730008407382088,5,36.329
80,7,0.4093301478101275,6,36.329
80,8,0.44565945488204617,7,36.329
80,9,0.48198876195396484,8,36.329
80,10,0.5183180690258835,9,36.329
80,11,0.5546473760978022,10,36.329
80,12,0.590976683169721,11,36.329
80,13,0.6273059902416397,12,36.329
80,14,0.6636352973135584,13,36.329
80,15,0.6999646043854771,14,36.329
80,16,0.7362939114573959,15,36.329
80,17,0.7726232185293146,16,36.329
80,18,0.8089525256012333,17,36.329
80,19,0.845281832673152,18,36.329
80,20,0.8816111397450708,19,36.329
80,21,0.9179404468169895,20,36.329
80,22,0.9542697538889082,21,36.329
80,23,0.990599060960827,22,36.329
80,24,1.0269283680327457,23,36.329
80,25,1.0632576751046643,24,36.329
80,26,1.099586982176583,25,36.329
80,27,1.1359162892485015,26,36.329
80,28,1.1722455963204201,27,36.329
80,29,1.2085749033923388,28,36.329
80,30,1.2449042104642574,29,36.329
80,31,1.281233517536176,30,36.329
80,32,1.3175628246080946,31,36.329
80,33,1.3538921316800132,32,36.329
80,34,1.3902214387519318,33,36.329
80,35,1.4265507458238504,34,36.329
80,36,1.462880052895769,35,36.329
80,37,1.4992093599676877,36,36.329
80,38,1.5355386670396063,37,36.329
80,39,1.571867974111525,38,36.329
80,40,1.6081972811834435,39,36.329
80,41,1.6445265882553621,40,36.329
80,42,1.6808558953272807,41,36.329
80,43,1.7171852023991994,42,36.329
80,44,1.753514509471118,43,36.329
80,45,1.7898438165430366,44,36.329
80,46,1.8261731236149552,45,36.329
80,47,1.8625024306868738,46,36.329
80,48,1.8988317377587924,47,36.329
80,49,1.935161044830711,48,36.329
80,50,1.971667037018126,49,36.506
80,51,2.008173029205541,50,36.506
80,52,2.0446790213929558,51,36.506
80,53,2.0811850135803707,52,36.506
80,54,2.1176910057677856,53,36.506
80,55,2.1541969979552005,54,36.506
80,56,2.1907029901426154,55,36.506
80,57,2.2272089823300303,56,36.506
80,58,2.263714974517445,57,36.506
80,59,2.30022096670486,58,36.506
80,60,2.336726958892275,59,36.506
80,61,2.37323295107969,60,36.506
80,62,2.409738943267105,61,36.506
80,63,2.4462449354545197,62,36.506
80,64,2.4827509276419346,63,36.506
80,65,2.5192569198293495,64,36.506
80,66,2.5557629120167644,65,36.506
80,67,2.5922689042041793,66,36.506
80,68,2.6287748963915942,67,36.506
80,69,2.665280888579009,68,36.506
80,70,2.701786880766424,69,36.506
80,71,2.738292872953839,70,36.506
80,72,2.774798865141254,71,36.506
80,73,2.8113048573286687,72,36.506
80,74,2.8478108495160837,73,36.506
80,75,2.8843168417034986,74,36.506
80,76,2.9208228338909135,75,36.506
80,77,2.9573288260783284,76,36.506
80,78,2.9938348182657433,77,36.506
80,79,3.030340810453158,78,36.506
80,80,3.066846802640573,79,36.506
80,81,3.103352794827988,80,36.506
80,82,3.139858787015403,81,36.506
80,83,3.176364779202818,82,36.506
80,84,3.2128707713902327,83,36.506
80,85,3.2493767635776476,84,36.506
80,86,3.2858827557650625,85,36.506
80,87,3.3223887479524774,86,36.506
80,88,3.3588947401398923,87,36.506
80,89,3.395400732327307,88,36.506
80,90,3.431906724514722,89,36.506
80,91,3.468412716702137,90,36.506
80,92,3.504918708889552,91,36.506
80,93,3.541424701076967,92,36.506
80,94,3.5779306932643817,93,36.506
80,95,3.6144366854517966,94,36.506
80,96,3.6509426776392115,95,36.506
80,97,3.6874486698266264,96,36.506
80,98,3.7239546620140414,97,36.506
80,99,3.7604606542014563,98,36.506
80,100,3.796966646388871,99,36.506
80,101,3.833472638576286,100,36.506
80,102,3.869978630763701,101,36.506
80,103,3.906484622951116,102,36.506
80,104,3.9429906151385308,103,36.506
80,105,3.9794966073259457,104,36.506
80,106,4.016002599513361,105,36.506
80,107,4.052508591700776,106,36.506
80,108,4.089014583888191,107,36.506
80,109,4.125520576075606,108,36.506
80,110,4.162026568263021,109,36.506
80,111,4.1985325604504355,110,36.506
80,112,4.2350385526378505,111,36.506
80,113,4.271544544825265,112,36.506
80,114,4.308106286320949,113,36.562
80,115,4.344668027816632,114,36.562
80,116,4.3812297693123154,115,36.562
80,117,4.417791510807999,116,36.562
80,118,4.454353252303682,117,36.562
80,119,4.4909149937993655,118,36.562
80,120,4.527476735295049,119,36.562
80,121,4.564038476790732,120,36.562
80,122,4.600600218286416,121,36.562
80,123,4.637161959782099,122,36.562
80,124,4.673723701277782,123,36.562
80,125,4.710285442773466,124,36.562
80,126,4.746847184269149,125,36.562
80,127,4.7834089257648325,126,36.562
80,128,4.819970667260516,127,36.562
81,1,0.19135430537861545,0,191.354
81,2,0.22768361245053415,1,36.329
81,3,0.2640129195224528,2,36.329
81,4,0.3003422265943715,3,36.329
81,5,0.33667153366629016,4,36.329
81,6,0.3730008407382088,5,36.329
81,7,0.4093301478101275,6,36.329
81,8,0.44565945488204617,7,36.329
81,9,0.48198876195396484,8,36.329
81,10,0.5183180690258835,9,36.329
81,11,0.5546473760978022,10,36.329
81,12,0.590976683169721,11,36.329
81,13,0.6273059902416397,12,36.329
81,14,0.6636352973135584,13,36.329
81,15,0.6999646043854771,14,36.329
81,16,0.7362939114573959,15,36.329
81,17,0.7726232185293146,16,36.329
81,18,0.8089525256012333,17,36.329
81,19,0.845281832673152,18,36.329
81,20,0.8816111397450708,19,36.329
81,21,0.9179404468169895,20,36.329
81,22,0.9542697538889082,21,36.329
81,23,0.990599060960827,22,36.329
81,24,1.0269283680327457,23,36.329
81,25,1.0632576751046643,24,36.329
81,26,1.099586982176583,25,36.329
81,27,1.1359162892485015,26,36.329
81,28,1.1722455963204201,27,36.329
81,29,1.2085749033923388,28,36.329
81,30,1.2449042104642574,29,36.329
81,31,1.281233517536176,30,36.329
81,32,1.3175628246080946,31,36.329
81,33,1.3538921316800132,32,36.329
81,34,1.3902214387519318,33,36.329
81,35,1.4265507458238504,34,36.329
81,36,1.462880052895769,35,36.329
81,37,1.4992093599676877,36,36.329
81,38,1.5355386670396063,37,36.329
81,39,1.571867974111525,38,36.329
81,40,1.6081972811834435,39,36.329
81,41,1.6445265882553621,40,36.329
81,42,1.6808558953272807,41,36.329
81,43,1.7171852023991994,42,36.329
81,44,1.753514509471118,43,36.329
81,45,1.7898438165430366,44,36.329
81,46,1.8261731236149552,45,36.329
81,47,1.8625024306868738,46,36.329
81,48,1.8988317377587924,47,36.329
81,49,1.935161044830711,48,36.329
81,50,1.971667037018126,49,36.506
81,51,2.008173029205541,50,36.506
81,52,2.0446790213929558,51,36.506
81,53,2.0811850135803707,52,36.506
81,54,2.1176910057677856,53,36.506
81,55,2.1541969979552005,54,36.506
81,56,2.1907029901426154,55,36.506
81,57,2.2272089823300303,56,36.506
81,58,2.263714974517445,57,36.506
81,59,2.30022096670486,58,36.506
81,60,2.336726958892275,59,36.506
81,61,2.37323295107969,60,36.506
81,62,2.409738943267105,61,36.506
81,63,2.4462449354545197,62,36.506
81,64,2.4827509276419346,63,36.506
81,65,2.5192569198293495,64,36.506
81,66,2.5557629120167644,65,36.506
81,67,2.5922689042041793,66,36.506
81,68,2.6287748963915942,67,36.506
81,69,2.665280888579009,68,36.506
81,70,2.701786880766424,69,36.506
81,71,2.738292872953839,70,36.506
81,72,2.774798865141254,71,36.506
81,73,2.8113048573286687,72,36.506
81,74,2.8478108495160837,73,36.506
81,75,2.8843168417034986,74,36.506
81,76,2.9208228338909135,75,36.506
81,77,2.9573288260783284,76,36.506
81,78,2.9938348182657433,77,36.506
81,79,3.030340810453158,78,36.506
81,80,3.066846802640573,79,36.506
81,81,3.103352794827988,80,36.506
81,82,3.139858787015403,81,36.506
81,83,3.176364779202818,82,36.506
81,84,3.2128707713902327,83,36.506
81,85,3.2493767635776476,84,36.506
81,86,3.2858827557650625,85,36.506
81,87,3.3223887479524774,86,36.506
81,88,3.3588947401398923,87,36.506
81,89,3.395400732327307,88,36.506
81,90,3.431906724514722,89,36.506
81,91,3.468412716702137,90,36.506
81,92,3.504918708889552,91,36.506
81,93,3.541424701076967,92,36.506
81,94,3.5779306932643817,93,36.506
81,95,3.6144366854517966,94,36.506
81,96,3.6509426776392115,95,36.506
81,97,3.6874486698266264,96,36.506
81,98,3.7239546620140414,97,36.506
81,99,3.7604606542014563,98,36.506
81,100,3.796966646388871,99,36.506
81,101,3.833472638576286,100,36.506
81,102,3.869978630763701,101,36.506
81,103,3.906484622951116,102,36.506
81,104,3.9429906151385308,103,36.506
81,105,3.9794966073259457,104,36.506
81,106,4.016002599513361,105,36.506
81,107,4.052508591700776,106,36.506
81,108,4.089014583888191,107,36.506
81,109,4.125520576075606,108,36.506
81,110,4.162026568263021,109,36.506
81,111,4.1985325604504355,110,36.506
81,112,4.2350385526378505,111,36.506
81,113,4.271544544825265,112,36.506
81,114,4.308106286320949,113,36.562
81,115,4.344668027816632,114,36.562
81,116,4.3812297693123154,115,36.562
81,117,4.417791510807999,116,36.562
81,118,4.454353252303682,117,36.562
81,119,4.4909149937993655,118,36.562
81,120,4.527476735295049,119,36.562
81,121,4.564038476790732,120,36.562
81,122,4.600600218286416,121,36.562
81,123,4.637161959782099,122,36.562
81,124,4.673723701277782,123,36.562
81,125,4.710285442773466,124,36.562
81,126,4.746847184269149,125,36.562
81,127,4.7834089257648325,126,36.562
81,128,4.819970667260516,127,36.562
82,1,0.19135430537861545,0,191.354
82,2,0.22768361245053415,1,36.329
82,3,0.2640129195224528,2,36.329
82,4,0.3003422265943715,3,36.329
82,5,0.33667153366629016,4,36.329
82,6,0.3730008407382088,5,36.329
82,7,0.4093301478101275,6,36.329
82,8,0.44565945488204617,7,36.329
82,9,0.48198876195396484,8,36.329
82,10,0.5183180690258835,9,36.329
82,11,0.5546473760978022,10,36.329
82,12,0.590976683169721,11,36.329
82,13,0.6273059902416397,12,36.329
82,14,0.6636352973135584,13,36.329
82,15,0.6999646043854771,14,36.329
82,16,0.7362939114573959,15,36.329
82,17,0.7726232185293146,16,36.329
82,18,0.8089525256012333,17,36.329
82,19,0.845281832673152,18,36.329
82,20,0.8816111397450708,19,36.329
82,21,0.9179404468169895,20,36.329
82,22,0.9542697538889082,21,36.329
82,23,0.990599060960827,22,36.329
82,24,1.0269283680327457,23,36.329
82,25,1.0632576751046643,24,36.329
82,26,1.099586982176583,25,36.329
82,27,1.1359162892485015,26,36.329
82,28,1.1722455963204201,27,36.329
82,29,1.2085749033923388,28,36.329
82,30,1.2449042104642574,29,36.329
82,31,1.281233517536176,30,36.329
82,32,1.3175628246080946,31,36.329
82,33,1.3538921316800132,32,36.329
82,34,1.3902214387519318,33,36.329
82,35,1.4265507458238504,34,36.329
82,36,1.462880052895769,35,36.329
82,37,1.4992093599676877,36,36.329
82,38,1.5355386670396063,37,36.329
82,39,1.571867974111525,38,36.329
82,40,1.6081972811834435,39,36.329
82,41,1.6445265882553621,40,36.329
82,42,1.6808558953272807,41,36.329
82,43,1.7171852023991994,42,36.329
82,44,1.753514509471118,43,36.329
82,45,1.7898438165430366,44,36.329
82,46,1.8261731236149552,45,36.329
82,47,1.8625024306868738,46,36.329
82,48,1.8988317377587924,47,36.329
82,49,1.935161044830711,48,36.329
82,50,1.971667037018126,49,36.506
82,51,2.008173029205541,50,36.506
82,52,2.0446790213929558,51,36.506
82,53,2.0811850135803707,52,36.506
82,54,2.1176910057677856,53,36.506
82,55,2.1541969979552005,54,36.506
82,56,2.1907029901426154,55,36.506
82,57,2.2272089823300303,56,36.506
82,58,2.263714974517445,57,36.506
82,59,2.30022096670486,58,36.506
82,60,2.336726958892275,59,36.506
82,61,2.37323295107969,60,36.506
82,62,2.409738943267105,61,36.506
82,63,2.4462449354545197,62,36.506
82,64,2.4827509276419346,63,36.506
82,65,2.5192569198293495,64,36.506
82,66,2.5557629120167644,65,36.506
82,67,2.5922689042041793,66,36.506
82,68,2.6287748963915942,67,36.506
82,69,2.665280888579009,68,36.506
82,70,2.701786880766424,69,36.506
82,71,2.738292872953839,70,36.506
82,72,2.774798865141254,71,36.506
82,73,2.8113048573286687,72,36.506
82,74,2.8478108495160837,73,36.506
82,75,2.8843168417034986,74,36.506
82,76,2.9208228338909135,75,36.506
82,77,2.9573288260783284,76,36.506
82,78,2.9938348182657433,77,36.506
82,79,3.030340810453158,78,36.506
82,80,3.066846802640573,79,36.506
82,81,3.103352794827988,80,36.506
82,82,3.139858787015403,81,36.506
82,83,3.176364779202818,82,36.506
82,84,3.2128707713902327,83,36.506
82,85,3.2493767635776476,84,36.506
82,86,3.2858827557650625,85,36.506
82,87,3.3223887479524774,86,36.506
82,88,3.3588947401398923,87,36.506
82,89,3.395400732327307,88,36.506
82,90,3.431906724514722,89,36.506
82,91,3.468412716702137,90,36.506
82,92,3.504918708889552,91,36.506
82,93,3.541424701076967,92,36.506
82,94,3.5779306932643817,93,36.506
82,95,3.6144366854517966,94,36.506
82,96,3.6509426776392115,95,36.506
82,97,3.6874486698266264,96,36.506
82,98,3.7239546620140414,97,36.506
82,99,3.7604606542014563,98,36.506
82,100,3.796966646388871,99,36.506
82,101,3.833472638576286,100,36.506
82,102,3.869978630763701,101,36.506
82,103,3.906484622951116,102,36.506
82,104,3.9429906151385308,103,36.506
82,105,3.9794966073259457,104,36.506
82,106,4.016002599513361,105,36.506
82,107,4.052508591700776,106,36.506
82,108,4.089014583888191,107,36.506
82,109,4.125520576075606,108,36.506
82,110,4.162026568263021,109,36.506
82,111,4.1985325604504355,110,36.506
82,112,4.2350385526378505,111,36.506
82,113,4.271544544825265,112,36.506
82,114,4.308106286320949,113,36.562
82,115,4.344668027816632,114,36.562
82,116,4.3812297693123154,115,36.562
82,117,4.417791510807999,116,36.562
82,118,4.454353252303682,117,36.562
82,119,4.4909149937993655,118,36.562
82,120,4.527476735295049,119,36.562
82,121,4.564038476790732,120,36.562
82,122,4.600600218286416,121,36.562
82,123,4.637161959782099,122,36.562
82,124,4.673723701277782,123,36.562
82,125,4.710285442773466,124,36.562
82,126,4.746847184269149,125,36.562
82,127,4.7834089257648325,126,36.562
82,128,4.819970667260516,127,36.562
83,1,0.19135430537861545,0,191.354
83,2,0.22768361245053415,1,36.329
83,3,0.2640129195224528,2,36.329
83,4,0.3003422265943715,3,36.329
83,5,0.33667153366629016,4,36.329
83,6,0.3730008407382088,5,36.329
83,7,0.4093301478101275,6,36.329
83,8,0.44565945488204617,7,36.329
83,9,0.48198876195396484,8,36.329
83,10,0.5183180690258835,9,36.329
83,11,0.5546473760978022,10,36.329
83,12,0.590976683169721,11,36.329
83,13,0.6273059902416397,12,36.329
83,14,0.6636352973135584,13,36.329
83,15,0.6999646043854771,14,36.329
83,16,0.7362939114573959,15,36.329
83,17,0.7726232185293146,16,36.329
83,18,0.8089525256012333,17,36.329
83,19,0.845281832673152,18,36.329
83,20,0.8816111397450708,19,36.329
83,21,0.9179404468169895,20,36.329
83,22,0.9542697538889082,21,36.329
83,23,0.990599060960827,22,36.329
83,24,1.0269283680327457,23,36.329
83,25,1.0632576751046643,24,36.329
83,26,1.099586982176583,25,36.329
83,27,1.1359162892485015,26,36.329
83,28,1.1722455963204201,27,36.329
83,29,1.2085749033923388,28,36.329
83,30,1.2449042104642574,29,36.329
83,31,1.281233517536176,30,36.329
83,32,1.3175628246080946,31,36.329
83,33,1.3538921316800132,32,36.329
83,34,1.3902214387519318,33,36.329
83,35,1.4265507458238504,34,36.329
83,36,1.462880052895769,35,36.329
83,37,1.4992093599676877,36,36.329
83,38,1.5355386670396063,37,36.329
83,39,1.571867974111525,38,36.329
83,40,1.6081972811834435,39,36.329
83,41,1.6445265882553621,40,36.329
83,42,1.6808558953272807,41,36.329
83,43,1.7171852023991994,42,36.329
83,44,1.753514509471118,43,36.329
83,45,1.7898438165430366,44,36.329
83,46,1.8261731236149552,45,36.329
83,47,1.8625024306868738,46,36.329
83,48,1.8988317377587924,47,36.329
83,49,1.935161044830711,48,36.329
83,50,1.971667037018126,49,36.506
83,51,2.008173029205541,50,36.506
83,52,2.0446790213929558,51,36.506
83,53,2.0811850135803707,52,36.506
83,54,2.1176910057677856,53,36.506
83,55,2.1541969979552005,54,36.506
83,56,2.1907029901426154,55,36.506
83,57,2.2272089823300303,56,36.506
83,58,2.263714974517445,57,36.506
83,59,2.30022096670486,58,36.506
83,60,2.336726958892275,59,36.506
83,61,2.37323295107969,60,36.506
83,62,2.409738943267105,61,36.506
83,63,2.4462449354545197,62,36.506
83,64,2.4827509276419346,63,36.506
83,65,2.5192569198293495,64,36.506
83,66,2.5557629120167644,65,36.506
83,67,2.5922689042041793,66,36.506
83,68,2.6287748963915942,67,36.506
83,69,2.665280888579009,68,36.506
83,70,2.701786880766424,69,36.506
83,71,2.738292872953839,70,36.506
83,72,2.774798865141254,71,36.506
83,73,2.8113048573286687,72,36.506
83,74,2.8478108495160837,73,36.506
83,75,2.8843168417034986,74,36.506
83,76,2.9208228338909135,75,36.506
83,77,2.9573288260783284,76,36.506
83,78,2.9938348182657433,77,36.506
83,79,3.030340810453158,78,36.506
83,80,3.066846802640573,79,36.506
83,81,3.103352794827988,80,36.506
83,82,3.139858787015403,81,36.506
83,83,3.176364779202818,82,36.506
83,84,3.2128707713902327,83,36.506
83,85,3.2493767635776476,84,36.506
83,86,3.2858827557650625,85,36.506
83,87,3.3223887479524774,86,36.506
83,88,3.3588947401398923,87,36.506
83,89,3.395400732327307,88,36.506
83,90,3.431906724514722,89,36.506
83,91,3.468412716702137,90,36.506
83,92,3.504918708889552,91,36.506
83,93,3.541424701076967,92,36.506
83,94,3.5779306932643817,93,36.506
83,95,3.6144366854517966,94,36.506
83,96,3.6509426776392115,95,36.506
83,97,3.6874486698266264,96,36.506
83,98,3.7239546620140414,97,36.506
83,99,3.7604606542014563,98,36.506
83,100,3.796966646388871,99,36.506
83,101,3.833472638576286,100,36.506
83,102,3.869978630763701,101,36.506
83,103,3.906484622951116,102,36.506
83,104,3.9429906151385308,103,36.506
83,105,3.9794966073259457,104,36.506
83,106,4.016002599513361,105,36.506
83,107,4.052508591700776,106,36.506
83,108,4.089014583888191,107,36.506
83,109,4.125520576075606,108,36.506
83,110,4.162026568263021,109,36.506
83,111,4.1985325604504355,110,36.506
83,112,4.2350385526378505,111,36.506
83,113,4.271544544825265,112,36.506
83,114,4.308106286320949,113,36.562
83,115,4.344668027816632,114,36.562
83,116,4.3812297693123154,115,36.562
83,117,4.417791510807999,116,36.562
83,118,4.454353252303682,117,36.562
83,119,4.4909149937993655,118,36.562
83,120,4.527476735295049,119,36.562
83,121,4.564038476790732,120,36.562
83,122,4.600600218286416,121,36.562
83,123,4.637161959782099,122,36.562
83,124,4.673723701277782,123,36.562
83,125,4.710285442773466,124,36.562
83,126,4.746847184269149,125,36.562
83,127,4.7834089257648325,126,36.562
83,128,4.819970667260516,127,36.562
84,1,0.19135430537861545,0,191.354
84,2,0.22768361245053415,1,36.329
84,3,0.2640129195224528,2,36.329
84,4,0.3003422265943715,3,36.329
84,5,0.33667153366629016,4,36.329
84,6,0.3730008407382088,5,36.329
84,7,0.4093301478101275,6,36.329
84,8,0.44565945488204617,7,36.329
84,9,0.48198876195396484,8,36.329
84,10,0.5183180690258835,9,36.329
84,11,0.5546473760978022,10,36.329
84,12,0.590976683169721,11,36.329
84,13,0.6273059902416397,12,36.329
84,14,0.6636352973135584,13,36.329
84,15,0.6999646043854771,14,36.329
84,16,0.7362939114573959,15,36.329
84,17,0.7726232185293146,16,36.329
84,18,0.8089525256012333,17,36.329
84,19,0.845281832673152,18,36.329
84,20,0.8816111397450708,19,36.329
84,21,0.9179404468169895,20,36.329
84,22,0.9542697538889082,21,36.329
84,23,0.990599060960827,22,36.329
84,24,1.0269283680327457,23,36.329
84,25,1.0632576751046643,24,36.329
84,26,1.099586982176583,25,36.329
84,27,1.1359162892485015,26,36.329
84,28,1.1722455963204201,27,36.329
84,29,1.2085749033923388,28,36.329
84,30,1.2449042104642574,29,36.329
84,31,1.281233517536176,30,36.329
84,32,1.3175628246080946,31,36.329
84,33,1.3538921316800132,32,36.329
84,34,1.3902214387519318,33,36.329
84,35,1.4265507458238504,34,36.329
84,36,1.462880052895769,35,36.329
84,37,1.4992093599676877,36,36.329
84,38,1.5355386670396063,37,36.329
84,39,1.571867974111525,38,36.329
84,40,1.6081972811834435,39,36.329
84,41,1.6445265882553621,40,36.329
84,42,1.6808558953272807,41,36.329
84,43,1.7171852023991994,42,36.329
84,44,1.753514509471118,43,36.329
84,45,1.7898438165430366,44,36.329
84,46,1.8261731236149552,45,36.329
84,47,1.8625024306868738,46,36.329
84,48,1.8988317377587924,47,36.329
84,49,1.935161044830711,48,36.329
84,50,1.971667037018126,49,36.506
84,51,2.008173029205541,50,36.506
84,52,2.0446790213929558,51,36.506
84,53,2.0811850135803707,52,36.506
84,54,2.1176910057677856,53,36.506
84,55,2.1541969979552005,54,36.506
84,56,2.1907029901426154,55,36.506
84,57,2.2272089823300303,56,36.506
84,58,2.263714974517445,57,36.506
84,59,2.30022096670486,58,36.506
84,60,2.336726958892275,59,36.506
84,61,2.37323295107969,60,36.506
84,62,2.409738943267105,61,36.506
84,63,2.4462449354545197,62,36.506
84,64,2.4827509276419346,63,36.506
84,65,2.5192569198293495,64,36.506
84,66,2.5557629120167644,65,36.506
84,67,2.5922689042041793,66,36.506
84,68,2.6287748963915942,67,36.506
84,69,2.665280888579009,68,36.506
84,70,2.701786880766424,69,36.506
84,71,2.738292872953839,70,36.506
84,72,2.774798865141254,71,36.506
84,73,2.8113048573286687,72,36.506
84,74,2.8478108495160837,73,36.506
84,75,2.8843168417034986,74,36.506
84,76,2.9208228338909135,75,36.506
84,77,2.9573288260783284,76,36.506
84,78,2.9938348182657433,77,36.506
84,79,3.030340810453158,78,36.506
84,80,3.066846802640573,79,36.506
84,81,3.103352794827988,80,36.506
84,82,3.139858787015403,81,36.506
84,83,3.176364779202818,82,36.506
84,84,3.2128707713902327,83,36.506
84,85,3.2493767635776476,84,36.506
84,86,3.2858827557650625,85,36.506
84,87,3.3223887479524774,86,36.506
84,88,3.3588947401398923,87,36.506
84,89,3.395400732327307,88,36.506
84,90,3.431906724514722,89,36.506
84,91,3.468412716702137,90,36.506
84,92,3.504918708889552,91,36.506
84,93,3.541424701076967,92,36.506
84,94,3.5779306932643817,93,36.506
84,95,3.6144366854517966,94,36.506
84,96,3.6509426776392115,95,36.506
84,97,3.6874486698266264,96,36.506
84,98,3.7239546620140414,97,36.506
84,99,3.7604606542014563,98,36.506
84,100,3.796966646388871,99,36.506
84,101,3.833472638576286,100,36.506
84,102,3.869978630763701,101,36.506
84,103,3.906484622951116,102,36.506
84,104,3.9429906151385308,103,36.506
84,105,3.9794966073259457,104,36.506
84,106,4.016002599513361,105,36.506
84,107,4.052508591700776,106,36.506
84,108,4.089014583888191,107,36.506
84,109,4.125520576075606,108,36.506
84,110,4.162026568263021,109,36.506
84,111,4.1985325604504355,110,36.506
84,112,4.2350385526378505,111,36.506
84,113,4.271544544825265,112,36.506
84,114,4.308106286320949,113,36.562
84,115,4.344668027816632,114,36.562
84,116,4.3812297693123154,115,36.562
84,117,4.417791510807999,116,36.562
84,118,4.454353252303682,117,36.562
84,119,4.4909149937993655,118,36.562
84,120,4.527476735295049,119,36.562
84,121,4.564038476790732,120,36.562
84,122,4.600600218286416,121,36.562
84,123,4.637161959782099,122,36.562
84,124,4.673723701277782,123,36.562
84,125,4.710285442773466,124,36.562
84,126,4.746847184269149,125,36.562
84,127,4.7834089257648325,126,36.562
84,128,4.819970667260516,127,36.562
85,1,0.19135430537861545,0,191.354
85,2,0.22768361245053415,1,36.329
85,3,0.2640129195224528,2,36.329
85,4,0.3003422265943715,3,36.329
85,5,0.33667153366629016,4,36.329
85,6,0.3730008407382088,5,36.329
85,7,0.4093301478101275,6,36.329
85,8,0.44565945488204617,7,36.329
85,9,0.48198876195396484,8,36.329
85,10,0.5183180690258835,9,36.329
85,11,0.5546473760978022,10,36.329
85,12,0.590976683169721,11,36.329
85,13,0.6273059902416397,12,36.329
85,14,0.6636352973135584,13,36.329
85,15,0.6999646043854771,14,36.329
85,16,0.7362939114573959,15,36.329
85,17,0.7726232185293146,16,36.329
85,18,0.8089525256012333,17,36.329
85,19,0.845281832673152,18,36.329
85,20,0.8816111397450708,19,36.329
85,21,0.9179404468169895,20,36.329
85,22,0.9542697538889082,21,36.329
85,23,0.990599060960827,22,36.329
85,24,1.0269283680327457,23,36.329
85,25,1.0632576751046643,24,36.329
85,26,1.099586982176583,25,36.329
85,27,1.1359162892485015,26,36.329
85,28,1.1722455963204201,27,36.329
85,29,1.2085749033923388,28,36.329
85,30,1.2449042104642574,29,36.329
85,31,1.281233517536176,30,36.329
85,32,1.3175628246080946,31,36.329
85,33,1.3538921316800132,32,36.329
85,34,1.3902214387519318,33,36.329
85,35,1.4265507458238504,34,36.329
85,36,1.462880052895769,35,36.329
85,37,1.4992093599676877,36,36.329
85,38,1.5355386670396063,37,36.329
85,39,1.571867974111525,38,36.329
85,40,1.6081972811834435,39,36.329
85,41,1.6445265882553621,40,36.329
85,42,1.6808558953272807,41,36.329
85,43,1.7171852023991994,42,36.329
85,44,1.753514509471118,43,36.329
85,45,1.7898438165430366,44,36.329
85,46,1.8261731236149552,45,36.329
85,47,1.8625024306868738,46,36.329
85,48,1.8988317377587924,47,36.329
85,49,1.935161044830711,48,36.329
85,50,1.971667037018126,49,36.506
85,51,2.008173029205541,50,36.506
85,52,2.0446790213929558,51,36.506
85,53,2.0811850135803707,52,36.506
85,54,2.1176910057677856,53,36.506
85,55,2.1541969979552005,54,36.506
85,56,2.1907029901426154,55,36.506
85,57,2.2272089823300303,56,36.506
85,58,2.263714974517445,57,36.506
85,59,2.30022096670486,58,36.506
85,60,2.336726958892275,59,36.506
85,61,2.37323295107969,60,36.506
85,62,2.409738943267105,61,36.506
85,63,2.4462449354545197,62,36.506
85,64,2.4827509276419346,63,36.506
85,65,2.5192569198293495,64,36.506
85,66,2.5557629120167644,65,36.506
85,67,2.5922689042041793,66,36.506
85,68,2.6287748963915942,67,36.506
85,69,2.665280888579009,68,36.506
85,70,2.701786880766424,69,36.506
85,71,2.738292872953839,70,36.506
85,72,2.774798865141254,71,36.506
85,73,2.8113048573286687,72,36.506
85,74,2.8478108495160837,73,36.506
85,75,2.8843168417034986,74,36.506
85,76,2.9208228338909135,75,36.506
85,77,2.9573288260783284,76,36.506
85,78,2.9938348182657433,77,36.506
85,79,3.030340810453158,78,36.506
85,80,3.066846802640573,79,36.506
85,81,3.103352794827988,80,36.506
85,82,3.139858787015403,81,36.506
85,83,3.176364779202818,82,36.506
85,84,3.2128707713902327,83,36.506
85,85,3.2493767635776476,84,36.506
85,86,3.2858827557650625,85,36.506
85,87,3.3223887479524774,86,36.506
85,88,3.3588947401398923,87,36.506
85,89,3.395400732327307,88,36.506
85,90,3.431906724514722,89,36.506
85,91,3.468412716702137,90,36.506
85,92,3.504918708889552,91,36.506
85,93,3.541424701076967,92,36.506
85,94,3.5779306932643817,93,36.506
85,95,3.6144366854517966,94,36.506
85,96,3.6509426776392115,95,36.506
85,97,3.6874486698266264,96,36.506
85,98,3.7239546620140414,97,36.506
85,99,3.7604606542014563,98,36.506
85,100,3.796966646388871,99,36.506
85,101,3.833472638576286,100,36.506
85,102,3.869978630763701,101,36.506
85,103,3.906484622951116,102,36.506
85,104,3.9429906151385308,103,36.506
85,105,3.9794966073259457,104,36.506
85,106,4.016002599513361,105,36.506
85,107,4.052508591700776,106,36.506
85,108,4.089014583888191,107,36.506
85,109,4.125520576075606,108,36.506
85,110,4.162026568263021,109,36.506
85,111,4.1985325604504355,110,36.506
85,112,4.2350385526378505,111,36.506
85,113,4.271544544825265,112,36.506
85,114,4.308106286320949,113,36.562
85,115,4.344668027816632,114,36.562
85,116,4.3812297693123154,115,36.562
85,117,4.417791510807999,116,36.562
85,118,4.454353252303682,117,36.562
85,119,4.4909149937993655,118,36.562
85,120,4.527476735295049,119,36.562
85,121,4.564038476790732,120,36.562
85,122,4.600600218286416,121,36.562
85,123,4.637161959782099,122,36.562
85,124,4.673723701277782,123,36.562
85,125,4.710285442773466,124,36.562
85,126,4.746847184269149,125,36.562
85,127,4.7834089257648325,126,36.562
85,128,4.819970667260516,127,36.562
86,1,0.19135430537861545,0,191.354
86,2,0.22768361245053415,1,36.329
86,3,0.2640129195224528,2,36.329
86,4,0.3003422265943715,3,36.329
86,5,0.33667153366629016,4,36.329
86,6,0.3730008407382088,5,36.329
86,7,0.4093301478101275,6,36.329
86,8,0.44565945488204617,7,36.329
86,9,0.48198876195396484,8,36.329
86,10,0.5183180690258835,9,36.329
86,11,0.5546473760978022,10,36.329
86,12,0.590976683169721,11,36.329
86,13,0.6273059902416397,12,36.329
86,14,0.6636352973135584,13,36.329
86,15,0.6999646043854771,14,36.329
86,16,0.7362939114573959,15,36.329
86,17,0.7726232185293146,16,36.329
86,18,0.8089525256012333,17,36.329
86,19,0.845281832673152,18,36.329
86,20,0.8816111397450708,19,36.329
86,21,0.9179404468169895,20,36.329
86,22,0.9542697538889082,21,36.329
86,23,0.990599060960827,22,36.329
86,24,1.0269283680327457,23,36.329
86,25,1.0632576751046643,24,36.329
86,26,1.099586982176583,25,36.329
86,27,1.1359162892485015,26,36.329
86,28,1.1722455963204201,27,36.329
86,29,1.2085749033923388,28,36.329
86,30,1.2449042104642574,29,36.329
86,31,1.281233517536176,30,36.329
86,32,1.3175628246080946,31,36.329
86,33,1.3538921316800132,32,36.329
86,34,1.3902214387519318,33,36.329
86,35,1.4265507458238504,34,36.329
86,36,1.462880052895769,35,36.329
86,37,1.4992093599676877,36,36.329
86,38,1.5355386670396063,37,36.329
86,39,1.571867974111525,38,36.329
86,40,1.6081972811834435,39,36.329
86,41,1.6445265882553621,40,36.329
86,42,1.6808558953272807,41,36.329
86,43,1.7171852023991994,42,36.329
86,44,1.753514509471118,43,36.329
86,45,1.7898438165430366,44,36.329
86,46,1.8261731236149552,45,36.329
86,47,1.8625024306868738,46,36.329
86,48,1.8988317377587924,47,36.329
86,49,1.935161044830711,48,36.329
86,50,1.971667037018126,49,36.506
86,51,2.008173029205541,50,36.506
86,52,2.0446790213929558,51,36.506
86,53,2.0811850135803707,52,36.506
86,54,2.1176910057677856,53,36.506
86,55,2.1541969979552005,54,36.506
86,56,2.1907029901426154,55,36.506
86,57,2.2272089823300303,56,36.506
86,58,2.263714974517445,57,36.506
86,59,2.30022096670486,58,36.506
86,60,2.336726958892275,59,36.506
86,61,2.37323295107969,60,36.506
86,62,2.409738943267105,61,36.506
86,63,2.4462449354545197,62,36.506
86,64,2.4827509276419346,63,36.506
86,65,2.5192569198293495,64,36.506
86,66,2.5557629120167644,65,36.506
86,67,2.5922689042041793,66,36.506
86,68,2.6287748963915942,67,36.506
86,69,2.665280888579009,68,36.506
86,70,2.701786880766424,69,36.506
86,71,2.738292872953839,70,36.506
86,72,2.774798865141254,71,36.506
86,73,2.8113048573286687,72,36.506
86,74,2.8478108495160837,73,36.506
86,75,2.8843168417034986,74,36.506
86,76,2.9208228338909135,75,36.506
86,77,2.9573288260783284,76,36.506
86,78,2.9938348182657433,77,36.506
86,79,3.030340810453158,78,36.506
86,80,3.066846802640573,79,36.506
86,81,3.103352794827988,80,36.506
86,82,3.139858787015403,81,36.506
86,83,3.176364779202818,82,36.506
86,84,3.2128707713902327,83,36.506
86,85,3.2493767635776476,84,36.506
86,86,3.2858827557650625,85,36.506
86,87,3.3223887479524774,86,36.506
86,88,3.3588947401398923,87,36.506
86,89,3.395400732327307,88,36.506
86,90,3.431906724514722,89,36.506
86,91,3.468412716702137,90,36.506
86,92,3.504918708889552,91,36.506
86,93,3.541424701076967,92,36.506
86,94,3.5779306932643817,93,36.506
86,95,3.6144366854517966,94,36.506
86,96,3.6509426776392115,95,36.506
86,97,3.6874486698266264,96,36.506
86,98,3.7239546620140414,97,36.506
86,99,3.7604606542014563,98,36.506
86,100,3.796966646388871,99,36.506
86,101,3.833472638576286,100,36.506
86,102,3.869978630763701,101,36.506
86,103,3.906484622951116,102,36.506
86,104,3.9429906151385308,103,36.506
86,105,3.9794966073259457,104,36.506
86,106,4.016002599513361,105,36.506
86,107,4.052508591700776,106,36.506
86,108,4.089014583888191,107,36.506
86,109,4.125520576075606,108,36.506
86,110,4.162026568263021,109,36.506
86,111,4.1985325604504355,110,36.506
86,112,4.2350385526378505,111,36.506
86,113,4.271544544825265,112,36.506
86,114,4.308106286320949,113,36.562
86,115,4.344668027816632,114,36.562
86,116,4.3812297693123154,115,36.562
86,117,4.417791510807999,116,36.562
86,118,4.454353252303682,117,36.562
86,119,4.4909149937993655,118,36.562
86,120,4.527476735295049,119,36.562
86,121,4.564038476790732,120,36.562
86,122,4.600600218286416,121,36.562
86,123,4.637161959782099,122,36.562
86,124,4.673723701277782,123,36.562
86,125,4.710285442773466,124,36.562
86,126,4.746847184269149,125,36.562
86,127,4.7834089257648325,126,36.562
86,128,4.819970667260516,127,36.562
87,1,0.19135430537861545,0,191.354
87,2,0.22768361245053415,1,36.329
87,3,0.2640129195224528,2,36.329
87,4,0.3003422265943715,3,36.329
87,5,0.33667153366629016,4,36.329
87,6,0.3730008407382088,5,36.329
87,7,0.4093301478101275,6,36.329
87,8,0.44565945488204617,7,36.329
87,9,0.48198876195396484,8,36.329
87,10,0.5183180690258835,9,36.329
87,11,0.5546473760978022,10,36.329
87,12,0.590976683169721,11,36.329
87,13,0.6273059902416397,12,36.329
87,14,0.6636352973135584,13,36.329
87,15,0.6999646043854771,14,36.329
87,16,0.7362939114573959,15,36.329
87,17,0.7726232185293146,16,36.329
87,18,0.8089525256012333,17,36.329
87,19,0.845281832673152,18,36.329
87,20,0.8816111397450708,19,36.329
87,21,0.9179404468169895,20,36.329
87,22,0.9542697538889082,21,36.329
87,23,0.990599060960827,22,36.329
87,24,1.0269283680327457,23,36.329
87,25,1.0632576751046643,24,36.329
87,26,1.099586982176583,25,36.329
87,27,1.1359162892485015,26,36.329
87,28,1.1722455963204201,27,36.329
87,29,1.2085749033923388,28,36.329
87,30,1.2449042104642574,29,36.329
87,31,1.281233517536176,30,36.329
87,32,1.3175628246080946,31,36.329
87,33,1.3538921316800132,32,36.329
87,34,1.3902214387519318,33,36.329
87,35,1.4265507458238504,34,36.329
87,36,1.462880052895769,35,36.329
87,37,1.4992093599676877,36,36.329
87,38,1.5355386670396063,37,36.329
87,39,1.571867974111525,38,36.329
87,40,1.6081972811834435,39,36.329
87,41,1.6445265882553621,40,36.329
87,42,1.6808558953272807,41,36.329
87,43,1.7171852023991994,42,36.329
87,44,1.753514509471118,43,36.329
87,45,1.7898438165430366,44,36.329
87,46,1.8261731236149552,45,36.329
87,47,1.8625024306868738,46,36.329
87,48,1.8988317377587924,47,36.329
87,49,1.935161044830711,48,36.329
87,50,1.971667037018126,49,36.506
87,51,2.008173029205541,50,36.506
87,52,2.0446790213929558,51,36.506
87,53,2.0811850135803707,52,36.506
87,54,2.1176910057677856,53,36.506
87,55,2.1541969979552005,54,36.506
87,56,2.1907029901426154,55,36.506
87,57,2.2272089823300303,56,36.506
87,58,2.263714974517445,57,36.506
87,59,2.30022096670486,58,36.506
87,60,2.336726958892275,59,36.506
87,61,2.37323295107969,60,36.506
87,62,2.409738943267105,61,36.506
87,63,2.4462449354545197,62,36.506
87,64,2.4827509276419346,63,36.506
87,65,2.5192569198293495,64,36.506
87,66,2.5557629120167644,65,36.506
87,67,2.5922689042041793,66,36.506
87,68,2.6287748963915942,67,36.506
87,69,2.665280888579009,68,36.506
87,70,2.701786880766424,69,36.506
87,71,2.738292872953839,70,36.506
87,72,2.774798865141254,71,36.506
87,73,2.8113048573286687,72,36.506
87,74,2.8478108495160837,73,36.506
87,75,2.8843168417034986,74,36.506
87,76,2.9208228338909135,75,36.506
87,77,2.9573288260783284,76,36.506
87,78,2.9938348182657433,77,36.506
87,79,3.030340810453158,78,36.506
87,80,3.066846802640573,79,36.506
87,81,3.103352794827988,80,36.506
87,82,3.139858787015403,81,36.506
87,83,3.176364779202818,82,36.506
87,84,3.2128707713902327,83,36.506
87,85,3.2493767635776476,84,36.506
87,86,3.2858827557650625,85,36.506
87,87,3.3223887479524774,86,36.506
87,88,3.3588947401398923,87,36.506
87,89,3.395400732327307,88,36.506
87,90,3.431906724514722,89,36.506
87,91,3.468412716702137,90,36.506
87,92,3.504918708889552,91,36.506
87,93,3.541424701076967,92,36.506
87,94,3.5779306932643817,93,36.506
87,95,3.6144366854517966,94,36.506
87,96,3.6509426776392115,95,36.506
87,97,3.6874486698266264,96,36.506
87,98,3.7239546620140414,97,36.506
87,99,3.7604606542014563,98,36.506
87,100,3.796966646388871,99,36.506
87,101,3.833472638576286,100,36.506
87,102,3.869978630763701,101,36.506
87,103,3.906484622951116,102,36.506
87,104,3.9429906151385308,103,36.506
87,105,3.9794966073259457,104,36.506
87,106,4.016002599513361,105,36.506
87,107,4.052508591700776,106,36.506
87,108,4.089014583888191,107,36.506
87,109,4.125520576075606,108,36.506
87,110,4.162026568263021,109,36.506
87,111,4.1985325604504355,110,36.506
87,112,4.2350385526378505,111,36.506
87,113,4.271544544825265,112,36.506
87,114,4.308106286320949,113,36.562
87,115,4.344668027816632,114,36.562
87,116,4.3812297693123154,115,36.562
87,117,4.417791510807999,116,36.562
87,118,4.454353252303682,117,36.562
87,119,4.4909149937993655,118,36.562
87,120,4.527476735295049,119,36.562
87,121,4.564038476790732,120,36.562
87,122,4.600600218286416,121,36.562
87,123,4.637161959782099,122,36.562
87,124,4.673723701277782,123,36.562
87,125,4.710285442773466,124,36.562
87,126,4.746847184269149,125,36.562
87,127,4.7834089257648325,126,36.562
87,128,4.819970667260516,127,36.562
88,1,0.19135430537861545,0,191.354
88,2,0.22768361245053415,1,36.329
88,3,0.2640129195224528,2,36.329
88,4,0.3003422265943715,3,36.329
88,5,0.33667153366629016,4,36.329
88,6,0.3730008407382088,5,36.329
88,7,0.4093301478101275,6,36.329
88,8,0.44565945488204617,7,36.329
88,9,0.48198876195396484,8,36.329
88,10,0.5183180690258835,9,36.329
88,11,0.5546473760978022,10,36.329
88,12,0.590976683169721,11,36.329
88,13,0.6273059902416397,12,36.329
88,14,0.6636352973135584,13,36.329
88,15,0.6999646043854771,14,36.329
88,16,0.7362939114573959,15,36.329
88,17,0.7726232185293146,16,36.329
88,18,0.8089525256012333,17,36.329
88,19,0.845281832673152,18,36.329
88,20,0.8816111397450708,19,36.329
88,21,0.9179404468169895,20,36.329
88,22,0.9542697538889082,21,36.329
88,23,0.990599060960827,22,36.329
88,24,1.0269283680327457,23,36.329
88,25,1.0632576751046643,24,36.329
88,26,1.099586982176583,25,36.329
88,27,1.1359162892485015,26,36.329
88,28,1.1722455963204201,27,36.329
88,29,1.2085749033923388,28,36.329
88,30,1.2449042104642574,29,36.329
88,31,1.281233517536176,30,36.329
88,32,1.3175628246080946,31,36.329
88,33,1.3538921316800132,32,36.329
88,34,1.3902214387519318,33,36.329
88,35,1.4265507458238504,34,36.329
88,36,1.462880052895769,35,36.329
88,37,1.4992093599676877,36,36.329
88,38,1.5355386670396063,37,36.329
88,39,1.571867974111525,38,36.329
88,40,1.6081972811834435,39,36.329
88,41,1.6445265882553621,40,36.329
88,42,1.6808558953272807,41,36.329
88,43,1.7171852023991994,42,36.329
88,44,1.753514509471118,43,36.329
88,45,1.7898438165430366,44,36.329
88,46,1.8261731236149552,45,36.329
88,47,1.8625024306868738,46,36.329
88,48,1.8988317377587924,47,36.329
88,49,1.935161044830711,48,36.329
88,50,1.971667037018126,49,36.506
88,51,2.008173029205541,50,36.506
88,52,2.0446790213929558,51,36.506
88,53,2.0811850135803707,52,36.506
88,54,2.1176910057677856,53,36.506
88,55,2.1541969979552005,54,36.506
88,56,2.1907029901426154,55,36.506
88,57,2.2272089823300303,56,36.506
88,58,2.263714974517445,57,36.506
88,59,2.30022096670486,58,36.506
88,60,2.336726958892275,59,36.506
88,61,2.37323295107969,60,36.506
88,62,2.409738943267105,61,36.506
88,63,2.4462449354545197,62,36.506
88,64,2.4827509276419346,63,36.506
88,65,2.5192569198293495,64,36.506
88,66,2.5557629120167644,65,36.506
88,67,2.5922689042041793,66,36.506
88,68,2.6287748963915942,67,36.506
88,69,2.665280888579009,68,36.506
88,70,2.701786880766424,69,36.506
88,71,2.738292872953839,70,36.506
88,72,2.774798865141254,71,36.506
88,73,2.8113048573286687,72,36.506
88,74,2.8478108495160837,73,36.506
88,75,2.8843168417034986,74,36.506
88,76,2.9208228338909135,75,36.506
88,77,2.9573288260783284,76,36.506
88,78,2.9938348182657433,77,36.506
88,79,3.030340810453158,78,36.506
88,80,3.066846802640573,79,36.506
88,81,3.103352794827988,80,36.506
88,82,3.139858787015403,81,36.506
88,83,3.176364779202818,82,36.506
88,84,3.2128707713902327,83,36.506
88,85,3.2493767635776476,84,36.506
88,86,3.2858827557650625,85,36.506
88,87,3.3223887479524774,86,36.506
88,88,3.3588947401398923,87,36.506
88,89,3.395400732327307,88,36.506
88,90,3.431906724514722,89,36.506
88,91,3.468412716702137,90,36.506
88,92,3.504918708889552,91,36.506
88,93,3.541424701076967,92,36.506
88,94,3.5779306932643817,93,36.506
88,95,3.6144366854517966,94,36.506
88,96,3.6509426776392115,95,36.506
88,97,3.6874486698266264,96,36.506
88,98,3.7239546620140414,97,36.506
88,99,3.7604606542014563,98,36.506
88,100,3.796966646388871,99,36.506
88,101,3.833472638576286,100,36.506
88,102,3.869978630763701,101,36.506
88,103,3.906484622951116,102,36.506
88,104,3.9429906151385308,103,36.506
88,105,3.9794966073259457,104,36.506
88,106,4.016002599513361,105,36.506
88,107,4.052508591700776,106,36.506
88,108,4.089014583888191,107,36.506
88,109,4.125520576075606,108,36.506
88,110,4.162026568263021,109,36.506
88,111,4.1985325604504355,110,36.506
88,112,4.2350385526378505,111,36.506
88,113,4.271544544825265,112,36.506
88,114,4.308106286320949,113,36.562
88,115,4.344668027816632,114,36.562
88,116,4.3812297693123154,115,36.562
88,117,4.417791510807999,116,36.562
88,118,4.454353252303682,117,36.562
88,119,4.4909149937993655,118,36.562
88,120,4.527476735295049,119,36.562
88,121,4.564038476790732,120,36.562
88,122,4.600600218286416,121,36.562
88,123,4.637161959782099,122,36.562
88,124,4.673723701277782,123,36.562
88,125,4.710285442773466,124,36.562
88,126,4.746847184269149,125,36.562
88,127,4.7834089257648325,126,36.562
88,128,4.819970667260516,127,36.562
89,1,0.19135430537861545,0,191.354
89,2,0.22768361245053415,1,36.329
89,3,0.2640129195224528,2,36.329
89,4,0.3003422265943715,3,36.329
89,5,0.33667153366629016,4,36.329
89,6,0.3730008407382088,5,36.329
89,7,0.4093301478101275,6,36.329
89,8,0.44565945488204617,7,36.329
89,9,0.48198876195396484,8,36.329
89,10,0.5183180690258835,9,36.329
89,11,0.5546473760978022,10,36.329
89,12,0.590976683169721,11,36.329
89,13,0.6273059902416397,12,36.329
89,14,0.6636352973135584,13,36.329
89,15,0.6999646043854771,14,36.329
89,16,0.7362939114573959,15,36.329
89,17,0.7726232185293146,16,36.329
89,18,0.8089525256012333,17,36.329
89,19,0.845281832673152,18,36.329
89,20,0.8816111397450708,19,36.329
89,21,0.9179404468169895,20,36.329
89,22,0.9542697538889082,21,36.329
89,23,0.990599060960827,22,36.329
89,24,1.0269283680327457,23,36.329
89,25,1.0632576751046643,24,36.329
89,26,1.099586982176583,25,36.329
89,27,1.1359162892485015,26,36.329
89,28,1.1722455963204201,27,36.329
89,29,1.2085749033923388,28,36.329
89,30,1.2449042104642574,29,36.329
89,31,1.281233517536176,30,36.329
89,32,1.3175628246080946,31,36.329
89,33,1.3538921316800132,32,36.329
89,34,1.3902214387519318,33,36.329
89,35,1.4265507458238504,34,36.329
89,36,1.462880052895769,35,36.329
89,37,1.4992093599676877,36,36.329
89,38,1.5355386670396063,37,36.329
89,39,1.571867974111525,38,36.329
89,40,1.6081972811834435,39,36.329
89,41,1.6445265882553621,40,36.329
89,42,1.6808558953272807,41,36.329
89,43,1.7171852023991994,42,36.329
89,44,1.753514509471118,43,36.329
89,45,1.7898438165430366,44,36.329
89,46,1.8261731236149552,45,36.329
89,47,1.8625024306868738,46,36.329
89,48,1.8988317377587924,47,36.329
89,49,1.935161044830711,48,36.329
89,50,1.971667037018126,49,36.506
89,51,2.008173029205541,50,36.506
89,52,2.0446790213929558,51,36.506
89,53,2.0811850135803707,52,36.506
89,54,2.1176910057677856,53,36.506
89,55,2.1541969979552005,54,36.506
89,56,2.1907029901426154,55,36.506
89,57,2.2272089823300303,56,36.506
89,58,2.263714974517445,57,36.506
89,59,2.30022096670486,58,36.506
89,60,2.336726958892275,59,36.506
89,61,2.37323295107969,60,36.506
89,62,2.409738943267105,61,36.506
89,63,2.4462449354545197,62,36.506
89,64,2.4827509276419346,63,36.506
89,65,2.5192569198293495,64,36.506
89,66,2.5557629120167644,65,36.506
89,67,2.5922689042041793,66,36.506
89,68,2.6287748963915942,67,36.506
89,69,2.665280888579009,68,36.506
89,70,2.701786880766424,69,36.506
89,71,2.738292872953839,70,36.506
89,72,2.774798865141254,71,36.506
89,73,2.8113048573286687,72,36.506
89,74,2.8478108495160837,73,36.506
89,75,2.8843168417034986,74,36.506
89,76,2.9208228338909135,75,36.506
89,77,2.9573288260783284,76,36.506
89,78,2.9938348182657433,77,36.506
89,79,3.030340810453158,78,36.506
89,80,3.066846802640573,79,36.506
89,81,3.103352794827988,80,36.506
89,82,3.139858787015403,81,36.506
89,83,3.176364779202818,82,36.506
89,84,3.2128707713902327,83,36.506
89,85,3.2493767635776476,84,36.506
89,86,3.2858827557650625,85,36.506
89,87,3.3223887479524774,86,36.506
89,88,3.3588947401398923,87,36.506
89,89,3.395400732327307,88,36.506
89,90,3.431906724514722,89,36.506
89,91,3.468412716702137,90,36.506
89,92,3.504918708889552,91,36.506
89,93,3.541424701076967,92,36.506
89,94,3.5779306932643817,93,36.506
89,95,3.6144366854517966,94,36.506
89,96,3.6509426776392115,95,36.506
89,97,3.6874486698266264,96,36.506
89,98,3.7239546620140414,97,36.506
89,99,3.7604606542014563,98,36.506
89,100,3.796966646388871,99,36.506
89,101,3.833472638576286,100,36.506
89,102,3.869978630763701,101,36.506
89,103,3.906484622951116,102,36.506
89,104,3.9429906151385308,103,36.506
89,105,3.9794966073259457,104,36.506
89,106,4.016002599513361,105,36.506
89,107,4.052508591700776,106,36.506
89,108,4.089014583888191,107,36.506
89,109,4.125520576075606,108,36.506
89,110,4.162026568263021,109,36.506
89,111,4.1985325604504355,110,36.506
89,112,4.2350385526378505,111,36.506
89,113,4.271544544825265,112,36.506
89,114,4.308106286320949,113,36.562
89,115,4.344668027816632,114,36.562
89,116,4.3812297693123154,115,36.562
89,117,4.417791510807999,116,36.562
89,118,4.454353252303682,117,36.562
89,119,4.4909149937993655,118,36.562
89,120,4.527476735295049,119,36.562
89,121,4.564038476790732,120,36.562
89,122,4.600600218286416,121,36.562
89,123,4.637161959782099,122,36.562
89,124,4.673723701277782,123,36.562
89,125,4.710285442773466,124,36.562
89,126,4.746847184269149,125,36.562
89,127,4.7834089257648325,126,36.562
89,128,4.819970667260516,127,36.562
90,1,0.19135430537861545,0,191.354
90,2,0.22768361245053415,1,36.329
90,3,0.2640129195224528,2,36.329
90,4,0.3003422265943715,3,36.329
90,5,0.33667153366629016,4,36.329
90,6,0.3730008407382088,5,36.329
90,7,0.4093301478101275,6,36.329
90,8,0.44565945488204617,7,36.329
90,9,0.48198876195396484,8,36.329
90,10,0.5183180690258835,9,36.329
90,11,0.5546473760978022,10,36.329
90,12,0.590976683169721,11,36.329
90,13,0.6273059902416397,12,36.329
90,14,0.6636352973135584,13,36.329
90,15,0.6999646043854771,14,36.329
90,16,0.7362939114573959,15,36.329
90,17,0.7726232185293146,16,36.329
90,18,0.8089525256012333,17,36.329
90,19,0.845281832673152,18,36.329
90,20,0.8816111397450708,19,36.329
90,21,0.9179404468169895,20,36.329
90,22,0.9542697538889082,21,36.329
90,23,0.990599060960827,22,36.329
90,24,1.0269283680327457,23,36.329
90,25,1.0632576751046643,24,36.329
90,26,1.099586982176583,25,36.329
90,27,1.1359162892485015,26,36.329
90,28,1.1722455963204201,27,36.329
90,29,1.2085749033923388,28,36.329
90,30,1.2449042104642574,29,36.329
90,31,1.281233517536176,30,36.329
90,32,1.3175628246080946,31,36.329
90,33,1.3538921316800132,32,36.329
90,34,1.3902214387519318,33,36.329
90,35,1.4265507458238504,34,36.329
90,36,1.462880052895769,35,36.329
90,37,1.4992093599676877,36,36.329
90,38,1.5355386670396063,37,36.329
90,39,1.571867974111525,38,36.329
90,40,1.6081972811834435,39,36.329
90,41,1.6445265882553621,40,36.329
90,42,1.6808558953272807,41,36.329
90,43,1.7171852023991994,42,36.329
90,44,1.753514509471118,43,36.329
90,45,1.7898438165430366,44,36.329
90,46,1.8261731236149552,45,36.329
90,47,1.8625024306868738,46,36.329
90,48,1.8988317377587924,47,36.329
90,49,1.935161044830711,48,36.329
90,50,1.971667037018126,49,36.506
90,51,2.008173029205541,50,36.506
90,52,2.0446790213929558,51,36.506
90,53,2.0811850135803707,52,36.506
90,54,2.1176910057677856,53,36.506
90,55,2.1541969979552005,54,36.506
90,56,2.1907029901426154,55,36.506
90,57,2.2272089823300303,56,36.506
90,58,2.263714974517445,57,36.506
90,59,2.30022096670486,58,36.506
90,60,2.336726958892275,59,36.506
90,61,2.37323295107969,60,36.506
90,62,2.409738943267105,61,36.506
90,63,2.4462449354545197,62,36.506
90,64,2.4827509276419346,63,36.506
90,65,2.5192569198293495,64,36.506
90,66,2.5557629120167644,65,36.506
90,67,2.5922689042041793,66,36.506
90,68,2.6287748963915942,67,36.506
90,69,2.665280888579009,68,36.506
90,70,2.701786880766424,69,36.506
90,71,2.738292872953839,70,36.506
90,72,2.774798865141254,71,36.506
90,73,2.8113048573286687,72,36.506
90,74,2.8478108495160837,73,36.506
90,75,2.8843168417034986,74,36.506
90,76,2.9208228338909135,75,36.506
90,77,2.9573288260783284,76,36.506
90,78,2.9938348182657433,77,36.506
90,79,3.030340810453158,78,36.506
90,80,3.066846802640573,79,36.506
90,81,3.103352794827988,80,36.506
90,82,3.139858787015403,81,36.506
90,83,3.176364779202818,82,36.506
90,84,3.2128707713902327,83,36.506
90,85,3.2493767635776476,84,36.506
90,86,3.2858827557650625,85,36.506
90,87,3.3223887479524774,86,36.506
90,88,3.3588947401398923,87,36.506
90,89,3.395400732327307,88,36.506
90,90,3.431906724514722,89,36.506
90,91,3.468412716702137,90,36.506
90,92,3.504918708889552,91,36.506
90,93,3.541424701076967,92,36.506
90,94,3.5779306932643817,93,36.506
90,95,3.6144366854517966,94,36.506
90,96,3.6509426776392115,95,36.506
90,97,3.6874486698266264,96,36.506
90,98,3.7239546620140414,97,36.506
90,99,3.7604606542014563,98,36.506
90,100,3.796966646388871,99,36.506
90,101,3.833472638576286,100,36.506
90,102,3.869978630763701,101,36.506
90,103,3.906484622951116,102,36.506
90,104,3.9429906151385308,103,36.506
90,105,3.9794966073259457,104,36.506
90,106,4.016002599513361,105,36.506
90,107,4.052508591700776,106,36.506
90,108,4.089014583888191,107,36.506
90,109,4.125520576075606,108,36.506
90,110,4.162026568263021,109,36.506
90,111,4.1985325604504355,110,36.506
90,112,4.2350385526378505,111,36.506
90,113,4.271544544825265,112,36.506
90,114,4.308106286320949,113,36.562
90,115,4.344668027816632,114,36.562
90,116,4.3812297693123154,115,36.562
90,117,4.417791510807999,116,36.562
90,118,4.454353252303682,117,36.562
90,119,4.4909149937993655,118,36.562
90,120,4.527476735295049,119,36.562
90,121,4.564038476790732,120,36.562
90,122,4.600600218286416,121,36.562
90,123,4.637161959782099,122,36.562
90,124,4.673723701277782,123,36.562
90,125,4.710285442773466,124,36.562
90,126,4.746847184269149,125,36.562
90,127,4.7834089257648325,126,36.562
90,128,4.819970667260516,127,36.562
91,1,0.19135430537861545,0,191.354
91,2,0.22768361245053415,1,36.329
91,3,0.2640129195224528,2,36.329
91,4,0.3003422265943715,3,36.329
91,5,0.33667153366629016,4,36.329
91,6,0.3730008407382088,5,36.329
91,7,0.4093301478101275,6,36.329
91,8,0.44565945488204617,7,36.329
91,9,0.48198876195396484,8,36.329
91,10,0.5183180690258835,9,36.329
91,11,0.5546473760978022,10,36.329
91,12,0.590976683169721,11,36.329
91,13,0.6273059902416397,12,36.329
91,14,0.6636352973135584,13,36.329
91,15,0.6999646043854771,14,36.329
91,16,0.7362939114573959,15,36.329
91,17,0.7726232185293146,16,36.329
91,18,0.8089525256012333,17,36.329
91,19,0.845281832673152,18,36.329
91,20,0.8816111397450708,19,36.329
91,21,0.9179404468169895,20,36.329
91,22,0.9542697538889082,21,36.329
91,23,0.990599060960827,22,36.329
91,24,1.0269283680327457,23,36.329
91,25,1.0632576751046643,24,36.329
91,26,1.099586982176583,25,36.329
91,27,1.1359162892485015,26,36.329
91,28,1.1722455963204201,27,36.329
91,29,1.2085749033923388,28,36.329
91,30,1.2449042104642574,29,36.329
91,31,1.281233517536176,30,36.329
91,32,1.3175628246080946,31,36.329
91,33,1.3538921316800132,32,36.329
91,34,1.3902214387519318,33,36.329
91,35,1.4265507458238504,34,36.329
91,36,1.462880052895769,35,36.329
91,37,1.4992093599676877,36,36.329
91,38,1.5355386670396063,37,36.329
91,39,1.571867974111525,38,36.329
91,40,1.6081972811834435,39,36.329
91,41,1.6445265882553621,40,36.329
91,42,1.6808558953272807,41,36.329
91,43,1.7171852023991994,42,36.329
91,44,1.753514509471118,43,36.329
91,45,1.7898438165430366,44,36.329
91,46,1.8261731236149552,45,36.329
91,47,1.8625024306868738,46,36.329
91,48,1.8988317377587924,47,36.329
91,49,1.935161044830711,48,36.329
91,50,1.971667037018126,49,36.506
91,51,2.008173029205541,50,36.506
91,52,2.0446790213929558,51,36.506
91,53,2.0811850135803707,52,36.506
91,54,2.1176910057677856,53,36.506
91,55,2.1541969979552005,54,36.506
91,56,2.1907029901426154,55,36.506
91,57,2.2272089823300303,56,36.506
91,58,2.263714974517445,57,36.506
91,59,2.30022096670486,58,36.506
91,60,2.336726958892275,59,36.506
91,61,2.37323295107969,60,36.506
91,62,2.409738943267105,61,36.506
91,63,2.4462449354545197,62,36.506
91,64,2.4827509276419346,63,36.506
91,65,2.5192569198293495,64,36.506
91,66,2.5557629120167644,65,36.506
91,67,2.5922689042041793,66,36.506
91,68,2.6287748963915942,67,36.506
91,69,2.665280888579009,68,36.506
91,70,2.701786880766424,69,36.506
91,71,2.738292872953839,70,36.506
91,72,2.774798865141254,71,36.506
91,73,2.8113048573286687,72,36.506
91,74,2.8478108495160837,73,36.506
91,75,2.8843168417034986,74,36.506
91,76,2.9208228338909135,75,36.506
91,77,2.9573288260783284,76,36.506
91,78,2.9938348182657433,77,36.506
91,79,3.030340810453158,78,36.506
91,80,3.066846802640573,79,36.506
91,81,3.103352794827988,80,36.506
91,82,3.139858787015403,81,36.506
91,83,3.176364779202818,82,36.506
91,84,3.2128707713902327,83,36.506
91,85,3.2493767635776476,84,36.506
91,86,3.2858827557650625,85,36.506
91,87,3.3223887479524774,86,36.506
91,88,3.3588947401398923,87,36.506
91,89,3.395400732327307,88,36.506
91,90,3.431906724514722,89,36.506
91,91,3.468412716702137,90,36.506
91,92,3.504918708889552,91,36.506
91,93,3.541424701076967,92,36.506
91,94,3.5779306932643817,93,36.506
91,95,3.6144366854517966,94,36.506
91,96,3.6509426776392115,95,36.506
91,97,3.6874486698266264,96,36.506
91,98,3.7239546620140414,97,36.506
91,99,3.7604606542014563,98,36.506
91,100,3.796966646388871,99,36.506
91,101,3.833472638576286,100,36.506
91,102,3.869978630763701,101,36.506
91,103,3.906484622951116,102,36.506
91,104,3.9429906151385308,103,36.506
91,105,3.9794966073259457,104,36.506
91,106,4.016002599513361,105,36.506
91,107,4.052508591700776,106,36.506
91,108,4.089014583888191,107,36.506
91,109,4.125520576075606,108,36.506
91,110,4.162026568263021,109,36.506
91,111,4.1985325604504355,110,36.506
91,112,4.2350385526378505,111,36.506
91,113,4.271544544825265,112,36.506
91,114,4.308106286320949,113,36.562
91,115,4.344668027816632,114,36.562
91,116,4.3812297693123154,115,36.562
91,117,4.417791510807999,116,36.562
91,118,4.454353252303682,117,36.562
91,119,4.4909149937993655,118,36.562
91,120,4.527476735295049,119,36.562
91,121,4.564038476790732,120,36.562
91,122,4.600600218286416,121,36.562
91,123,4.637161959782099,122,36.562
91,124,4.673723701277782,123,36.562
91,125,4.710285442773466,124,36.562
91,126,4.746847184269149,125,36.562
91,127,4.7834089257648325,126,36.562
91,128,4.819970667260516,127,36.562
92,1,0.19135430537861545,0,191.354
92,2,0.22768361245053415,1,36.329
92,3,0.2640129195224528,2,36.329
92,4,0.3003422265943715,3,36.329
92,5,0.33667153366629016,4,36.329
92,6,0.3730008407382088,5,36.329
92,7,0.4093301478101275,6,36.329
92,8,0.44565945488204617,7,36.329
92,9,0.48198876195396484,8,36.329
92,10,0.5183180690258835,9,36.329
92,11,0.5546473760978022,10,36.329
92,12,0.590976683169721,11,36.329
92,13,0.6273059902416397,12,36.329
92,14,0.6636352973135584,13,36.329
92,15,0.6999646043854771,14,36.329
92,16,0.7362939114573959,15,36.329
92,17,0.7726232185293146,16,36.329
92,18,0.8089525256012333,17,36.329
92,19,0.845281832673152,18,36.329
92,20,0.8816111397450708,19,36.329
92,21,0.9179404468169895,20,36.329
92,22,0.9542697538889082,21,36.329
92,23,0.990599060960827,22,36.329
92,24,1.0269283680327457,23,36.329
92,25,1.0632576751046643,24,36.329
92,26,1.099586982176583,25,36.329
92,27,1.1359162892485015,26,36.329
92,28,1.1722455963204201,27,36.329
92,29,1.2085749033923388,28,36.329
92,30,1.2449042104642574,29,36.329
92,31,1.281233517536176,30,36.329
92,32,1.3175628246080946,31,36.329
92,33,1.3538921316800132,32,36.329
92,34,1.3902214387519318,33,36.329
92,35,1.4265507458238504,34,36.329
92,36,1.462880052895769,35,36.329
92,37,1.4992093599676877,36,36.329
92,38,1.5355386670396063,37,36.329
92,39,1.571867974111525,38,36.329
92,40,1.6081972811834435,39,36.329
92,41,1.6445265882553621,40,36.329
92,42,1.6808558953272807,41,36.329
92,43,1.7171852023991994,42,36.329
92,44,1.753514509471118,43,36.329
92,45,1.7898438165430366,44,36.329
92,46,1.8261731236149552,45,36.329
92,47,1.8625024306868738,46,36.329
92,48,1.8988317377587924,47,36.329
92,49,1.935161044830711,48,36.329
92,50,1.971667037018126,49,36.506
92,51,2.008173029205541,50,36.506
92,52,2.0446790213929558,51,36.506
92,53,2.0811850135803707,52,36.506
92,54,2.1176910057677856,53,36.506
92,55,2.1541969979552005,54,36.506
92,56,2.1907029901426154,55,36.506
92,57,2.2272089823300303,56,36.506
92,58,2.263714974517445,57,36.506
92,59,2.30022096670486,58,36.506
92,60,2.336726958892275,59,36.506
92,61,2.37323295107969,60,36.506
92,62,2.409738943267105,61,36.506
92,63,2.4462449354545197,62,36.506
92,64,2.4827509276419346,63,36.506
92,65,2.5192569198293495,64,36.506
92,66,2.5557629120167644,65,36.506
92,67,2.5922689042041793,66,36.506
92,68,2.6287748963915942,67,36.506
92,69,2.665280888579009,68,36.506
92,70,2.701786880766424,69,36.506
92,71,2.738292872953839,70,36.506
92,72,2.774798865141254,71,36.506
92,73,2.8113048573286687,72,36.506
92,74,2.8478108495160837,73,36.506
92,75,2.8843168417034986,74,36.506
92,76,2.9208228338909135,75,36.506
92,77,2.9573288260783284,76,36.506
92,78,2.9938348182657433,77,36.506
92,79,3.030340810453158,78,36.506
92,80,3.066846802640573,79,36.506
92,81,3.103352794827988,80,36.506
92,82,3.139858787015403,81,36.506
92,83,3.176364779202818,82,36.506
92,84,3.2128707713902327,83,36.506
92,85,3.2493767635776476,84,36.506
92,86,3.2858827557650625,85,36.506
92,87,3.3223887479524774,86,36.506
92,88,3.3588947401398923,87,36.506
92,89,3.395400732327307,88,36.506
92,90,3.431906724514722,89,36.506
92,91,3.468412716702137,90,36.506
92,92,3.504918708889552,91,36.506
92,93,3.541424701076967,92,36.506
92,94,3.5779306932643817,93,36.506
92,95,3.6144366854517966,94,36.506
92,96,3.6509426776392115,95,36.506
92,97,3.6874486698266264,96,36.506
92,98,3.7239546620140414,97,36.506
92,99,3.7604606542014563,98,36.506
92,100,3.796966646388871,99,36.506
92,101,3.833472638576286,100,36.506
92,102,3.869978630763701,101,36.506
92,103,3.906484622951116,102,36.506
92,104,3.9429906151385308,103,36.506
92,105,3.9794966073259457,104,36.506
92,106,4.016002599513361,105,36.506
92,107,4.052508591700776,106,36.506
92,108,4.089014583888191,107,36.506
92,109,4.125520576075606,108,36.506
92,110,4.162026568263021,109,36.506
92,111,4.1985325604504355,110,36.506
92,112,4.2350385526378505,111,36.506
92,113,4.271544544825265,112,36.506
92,114,4.308106286320949,113,36.562
92,115,4.344668027816632,114,36.562
92,116,4.3812297693123154,115,36.562
92,117,4.417791510807999,116,36.562
92,118,4.454353252303682,117,36.562
92,119,4.4909149937993655,118,36.562
92,120,4.527476735295049,119,36.562
92,121,4.564038476790732,120,36.562
92,122,4.600600218286416,121,36.562
92,123,4.637161959782099,122,36.562
92,124,4.673723701277782,123,36.562
92,125,4.710285442773466,124,36.562
92,126,4.746847184269149,125,36.562
92,127,4.7834089257648325,126,36.562
92,128,4.819970667260516,127,36.562
93,1,0.19135430537861545,0,191.354
93,2,0.22768361245053415,1,36.329
93,3,0.2640129195224528,2,36.329
93,4,0.3003422265943715,3,36.329
93,5,0.33667153366629016,4,36.329
93,6,0.3730008407382088,5,36.329
93,7,0.4093301478101275,6,36.329
93,8,0.44565945488204617,7,36.329
93,9,0.48198876195396484,8,36.329
93,10,0.5183180690258835,9,36.329
93,11,0.5546473760978022,10,36.329
93,12,0.590976683169721,11,36.329
93,13,0.6273059902416397,12,36.329
93,14,0.6636352973135584,13,36.329
93,15,0.6999646043854771,14,36.329
93,16,0.7362939114573959,15,36.329
93,17,0.7726232185293146,16,36.329
93,18,0.8089525256012333,17,36.329
93,19,0.845281832673152,18,36.329
93,20,0.8816111397450708,19,36.329
93,21,0.9179404468169895,20,36.329
93,22,0.9542697538889082,21,36.329
93,23,0.990599060960827,22,36.329
93,24,1.0269283680327457,23,36.329
93,25,1.0632576751046643,24,36.329
93,26,1.099586982176583,25,36.329
93,27,1.1359162892485015,26,36.329
93,28,1.1722455963204201,27,36.329
93,29,1.2085749033923388,28,36.329
93,30,1.2449042104642574,29,36.329
93,31,1.281233517536176,30,36.329
93,32,1.3175628246080946,31,36.329
93,33,1.3538921316800132,32,36.329
93,34,1.3902214387519318,33,36.329
93,35,1.4265507458238504,34,36.329
93,36,1.462880052895769,35,36.329
93,37,1.4992093599676877,36,36.329
93,38,1.5355386670396063,37,36.329
93,39,1.571867974111525,38,36.329
93,40,1.6081972811834435,39,36.329
93,41,1.6445265882553621,40,36.329
93,42,1.6808558953272807,41,36.329
93,43,1.7171852023991994,42,36.329
93,44,1.753514509471118,43,36.329
93,45,1.7898438165430366,44,36.329
93,46,1.8261731236149552,45,36.329
93,47,1.8625024306868738,46,36.329
93,48,1.8988317377587924,47,36.329
93,49,1.935161044830711,48,36.329
93,50,1.971667037018126,49,36.506
93,51,2.008173029205541,50,36.506
93,52,2.0446790213929558,51,36.506
93,53,2.0811850135803707,52,36.506
93,54,2.1176910057677856,53,36.506
93,55,2.1541969979552005,54,36.506
93,56,2.1907029901426154,55,36.506
93,57,2.2272089823300303,56,36.506
93,58,2.263714974517445,57,36.506
93,59,2.30022096670486,58,36.506
93,60,2.336726958892275,59,36.506
93,61,2.37323295107969,60,36.506
93,62,2.409738943267105,61,36.506
93,63,2.4462449354545197,62,36.506
93,64,2.4827509276419346,63,36.506
93,65,2.5192569198293495,64,36.506
93,66,2.5557629120167644,65,36.506
93,67,2.5922689042041793,66,36.506
93,68,2.6287748963915942,67,36.506
93,69,2.665280888579009,68,36.506
93,70,2.701786880766424,69,36.506
93,71,2.738292872953839,70,36.506
93,72,2.774798865141254,71,36.506
93,73,2.8113048573286687,72,36.506
93,74,2.8478108495160837,73,36.506
93,75,2.8843168417034986,74,36.506
93,76,2.9208228338909135,75,36.506
93,77,2.9573288260783284,76,36.506
93,78,2.9938348182657433,77,36.506
93,79,3.030340810453158,78,36.506
93,80,3.066846802640573,79,36.506
93,81,3.103352794827988,80,36.506
93,82,3.139858787015403,81,36.506
93,83,3.176364779202818,82,36.506
93,84,3.2128707713902327,83,36.506
93,85,3.2493767635776476,84,36.506
93,86,3.2858827557650625,85,36.506
93,87,3.3223887479524774,86,36.506
93,88,3.3588947401398923,87,36.506
93,89,3.395400732327307,88,36.506
93,90,3.431906724514722,89,36.506
93,91,3.468412716702137,90,36.506
93,92,3.504918708889552,91,36.506
93,93,3.541424701076967,92,36.506
93,94,3.5779306932643817,93,36.506
93,95,3.6144366854517966,94,36.506
93,96,3.6509426776392115,95,36.506
93,97,3.6874486698266264,96,36.506
93,98,3.7239546620140414,97,36.506
93,99,3.7604606542014563,98,36.506
93,100,3.796966646388871,99,36.506
93,101,3.833472638576286,100,36.506
93,102,3.869978630763701,101,36.506
93,103,3.906484622951116,102,36.506
93,104,3.9429906151385308,103,36.506
93,105,3.9794966073259457,104,36.506
93,106,4.016002599513361,105,36.506
93,107,4.052508591700776,106,36.506
93,108,4.089014583888191,107,36.506
93,109,4.125520576075606,108,36.506
93,110,4.162026568263021,109,36.506
93,111,4.1985325604504355,110,36.506
93,112,4.2350385526378505,111,36.506
93,113,4.271544544825265,112,36.506
93,114,4.308106286320949,113,36.562
93,115,4.344668027816632,114,36.562
93,116,4.3812297693123154,115,36.562
93,117,4.417791510807999,116,36.562
93,118,4.454353252303682,117,36.562
93,119,4.4909149937993655,118,36.562
93,120,4.527476735295049,119,36.562
93,121,4.564038476790732,120,36.562
93,122,4.600600218286416,121,36.562
93,123,4.637161959782099,122,36.562
93,124,4.673723701277782,123,36.562
93,125,4.710285442773466,124,36.562
93,126,4.746847184269149,125,36.562
93,127,4.7834089257648325,126,36.562
93,128,4.819970667260516,127,36.562
94,1,0.19135430537861545,0,191.354
94,2,0.22768361245053415,1,36.329
94,3,0.2640129195224528,2,36.329
94,4,0.3003422265943715,3,36.329
94,5,0.33667153366629016,4,36.329
94,6,0.3730008407382088,5,36.329
94,7,0.4093301478101275,6,36.329
94,8,0.44565945488204617,7,36.329
94,9,0.48198876195396484,8,36.329
94,10,0.5183180690258835,9,36.329
94,11,0.5546473760978022,10,36.329
94,12,0.590976683169721,11,36.329
94,13,0.6273059902416397,12,36.329
94,14,0.6636352973135584,13,36.329
94,15,0.6999646043854771,14,36.329
94,16,0.7362939114573959,15,36.329
94,17,0.7726232185293146,16,36.329
94,18,0.8089525256012333,17,36.329
94,19,0.845281832673152,18,36.329
94,20,0.8816111397450708,19,36.329
94,21,0.9179404468169895,20,36.329
94,22,0.9542697538889082,21,36.329
94,23,0.990599060960827,22,36.329
94,24,1.0269283680327457,23,36.329
94,25,1.0632576751046643,24,36.329
94,26,1.099586982176583,25,36.329
94,27,1.1359162892485015,26,36.329
94,28,1.1722455963204201,27,36.329
94,29,1.2085749033923388,28,36.329
94,30,1.2449042104642574,29,36.329
94,31,1.281233517536176,30,36.329
94,32,1.3175628246080946,31,36.329
94,33,1.3538921316800132,32,36.329
94,34,1.3902214387519318,33,36.329
94,35,1.4265507458238504,34,36.329
94,36,1.462880052895769,35,36.329
94,37,1.4992093599676877,36,36.329
94,38,1.5355386670396063,37,36.329
94,39,1.571867974111525,38,36.329
94,40,1.6081972811834435,39,36.329
94,41,1.6445265882553621,40,36.329
94,42,1.6808558953272807,41,36.329
94,43,1.7171852023991994,42,36.329
94,44,1.753514509471118,43,36.329
94,45,1.7898438165430366,44,36.329
94,46,1.8261731236149552,45,36.329
94,47,1.8625024306868738,46,36.329
94,48,1.8988317377587924,47,36.329
94,49,1.935161044830711,48,36.329
94,50,1.971667037018126,49,36.506
94,51,2.008173029205541,50,36.506
94,52,2.0446790213929558,51,36.506
94,53,2.0811850135803707,52,36.506
94,54,2.1176910057677856,53,36.506
94,55,2.1541969979552005,54,36.506
94,56,2.1907029901426154,55,36.506
94,57,2.2272089823300303,56,36.506
94,58,2.263714974517445,57,36.506
94,59,2.30022096670486,58,36.506
94,60,2.336726958892275,59,36.506
94,61,2.37323295107969,60,36.506
94,62,2.409738943267105,61,36.506
94,63,2.4462449354545197,62,36.506
94,64,2.4827509276419346,63,36.506
94,65,2.5192569198293495,64,36.506
94,66,2.5557629120167644,65,36.506
94,67,2.5922689042041793,66,36.506
94,68,2.6287748963915942,67,36.506
94,69,2.665280888579009,68,36.506
94,70,2.701786880766424,69,36.506
94,71,2.738292872953839,70,36.506
94,72,2.774798865141254,71,36.506
94,73,2.8113048573286687,72,36.506
94,74,2.8478108495160837,73,36.506
94,75,2.8843168417034986,74,36.506
94,76,2.9208228338909135,75,36.506
94,77,2.9573288260783284,76,36.506
94,78,2.9938348182657433,77,36.506
94,79,3.030340810453158,78,36.506
94,80,3.066846802640573,79,36.506
94,81,3.103352794827988,80,36.506
94,82,3.139858787015403,81,36.506
94,83,3.176364779202818,82,36.506
94,84,3.2128707713902327,83,36.506
94,85,3.2493767635776476,84,36.506
94,86,3.2858827557650625,85,36.506
94,87,3.3223887479524774,86,36.506
94,88,3.3588947401398923,87,36.506
94,89,3.395400732327307,88,36.506
94,90,3.431906724514722,89,36.506
94,91,3.468412716702137,90,36.506
94,92,3.504918708889552,91,36.506
94,93,3.541424701076967,92,36.506
94,94,3.5779306932643817,93,36.506
94,95,3.6144366854517966,94,36.506
94,96,3.6509426776392115,95,36.506
94,97,3.6874486698266264,96,36.506
94,98,3.7239546620140414,97,36.506
94,99,3.7604606542014563,98,36.506
94,100,3.796966646388871,99,36.506
94,101,3.833472638576286,100,36.506
94,102,3.869978630763701,101,36.506
94,103,3.906484622951116,102,36.506
94,104,3.9429906151385308,103,36.506
94,105,3.9794966073259457,104,36.506
94,106,4.016002599513361,105,36.506
94,107,4.052508591700776,106,36.506
94,108,4.089014583888191,107,36.506
94,109,4.125520576075606,108,36.506
94,110,4.162026568263021,109,36.506
94,111,4.1985325604504355,110,36.506
94,112,4.2350385526378505,111,36.506
94,113,4.271544544825265,112,36.506
94,114,4.308106286320949,113,36.562
94,115,4.344668027816632,114,36.562
94,116,4.3812297693123154,115,36.562
94,117,4.417791510807999,116,36.562
94,118,4.454353252303682,117,36.562
94,119,4.4909149937993655,118,36.562
94,120,4.527476735295049,119,36.562
94,121,4.564038476790732,120,36.562
94,122,4.600600218286416,121,36.562
94,123,4.637161959782099,122,36.562
94,124,4.673723701277782,123,36.562
94,125,4.710285442773466,124,36.562
94,126,4.746847184269149,125,36.562
94,127,4.7834089257648325,126,36.562
94,128,4.819970667260516,127,36.562
95,1,0.19135430537861545,0,191.354
95,2,0.22768361245053415,1,36.329
95,3,0.2640129195224528,2,36.329
95,4,0.3003422265943715,3,36.329
95,5,0.33667153366629016,4,36.329
95,6,0.3730008407382088,5,36.329
95,7,0.4093301478101275,6,36.329
95,8,0.44565945488204617,7,36.329
95,9,0.48198876195396484,8,36.329
95,10,0.5183180690258835,9,36.329
95,11,0.5546473760978022,10,36.329
95,12,0.590976683169721,11,36.329
95,13,0.6273059902416397,12,36.329
95,14,0.6636352973135584,13,36.329
95,15,0.6999646043854771,14,36.329
95,16,0.7362939114573959,15,36.329
95,17,0.7726232185293146,16,36.329
95,18,0.8089525256012333,17,36.329
95,19,0.845281832673152,18,36.329
95,20,0.8816111397450708,19,36.329
95,21,0.9179404468169895,20,36.329
95,22,0.9542697538889082,21,36.329
95,23,0.990599060960827,22,36.329
95,24,1.0269283680327457,23,36.329
95,25,1.0632576751046643,24,36.329
95,26,1.099586982176583,25,36.329
95,27,1.1359162892485015,26,36.329
95,28,1.1722455963204201,27,36.329
95,29,1.2085749033923388,28,36.329
95,30,1.2449042104642574,29,36.329
95,31,1.281233517536176,30,36.329
95,32,1.3175628246080946,31,36.329
95,33,1.3538921316800132,32,36.329
95,34,1.3902214387519318,33,36.329
95,35,1.4265507458238504,34,36.329
95,36,1.462880052895769,35,36.329
95,37,1.4992093599676877,36,36.329
95,38,1.5355386670396063,37,36.329
95,39,1.571867974111525,38,36.329
95,40,1.6081972811834435,39,36.329
95,41,1.6445265882553621,40,36.329
95,42,1.6808558953272807,41,36.329
95,43,1.7171852023991994,42,36.329
95,44,1.753514509471118,43,36.329
95,45,1.7898438165430366,44,36.329
95,46,1.8261731236149552,45,36.329
95,47,1.8625024306868738,46,36.329
95,48,1.8988317377587924,47,36.329
95,49,1.935161044830711,48,36.329
95,50,1.971667037018126,49,36.506
95,51,2.008173029205541,50,36.506
95,52,2.0446790213929558,51,36.506
95,53,2.0811850135803707,52,36.506
95,54,2.1176910057677856,53,36.506
95,55,2.1541969979552005,54,36.506
95,56,2.1907029901426154,55,36.506
95,57,2.2272089823300303,56,36.506
95,58,2.263714974517445,57,36.506
95,59,2.30022096670486,58,36.506
95,60,2.336726958892275,59,36.506
95,61,2.37323295107969,60,36.506
95,62,2.409738943267105,61,36.506
95,63,2.4462449354545197,62,36.506
95,64,2.4827509276419346,63,36.506
95,65,2.5192569198293495,64,36.506
95,66,2.5557629120167644,65,36.506
95,67,2.5922689042041793,66,36.506
95,68,2.6287748963915942,67,36.506
95,69,2.665280888579009,68,36.506
95,70,2.701786880766424,69,36.506
95,71,2.738292872953839,70,36.506
95,72,2.774798865141254,71,36.506
95,73,2.8113048573286687,72,36.506
95,74,2.8478108495160837,73,36.506
95,75,2.8843168417034986,74,36.506
95,76,2.9208228338909135,75,36.506
95,77,2.9573288260783284,76,36.506
95,78,2.9938348182657433,77,36.506
95,79,3.030340810453158,78,36.506
95,80,3.066846802640573,79,36.506
95,81,3.103352794827988,80,36.506
95,82,3.139858787015403,81,36.506
95,83,3.176364779202818,82,36.506
95,84,3.2128707713902327,83,36.506
95,85,3.2493767635776476,84,36.506
95,86,3.2858827557650625,85,36.506
95,87,3.3223887479524774,86,36.506
95,88,3.3588947401398923,87,36.506
95,89,3.395400732327307,88,36.506
95,90,3.431906724514722,89,36.506
95,91,3.468412716702137,90,36.506
95,92,3.504918708889552,91,36.506
95,93,3.541424701076967,92,36.506
95,94,3.5779306932643817,93,36.506
95,95,3.6144366854517966,94,36.506
95,96,3.6509426776392115,95,36.506
95,97,3.6874486698266264,96,36.506
95,98,3.7239546620140414,97,36.506
95,99,3.7604606542014563,98,36.506
95,100,3.796966646388871,99,36.506
95,101,3.833472638576286,100,36.506
95,102,3.869978630763701,101,36.506
95,103,3.906484622951116,102,36.506
95,104,3.9429906151385308,103,36.506
95,105,3.9794966073259457,104,36.506
95,106,4.016002599513361,105,36.506
95,107,4.052508591700776,106,36.506
95,108,4.089014583888191,107,36.506
95,109,4.125520576075606,108,36.506
95,110,4.162026568263021,109,36.506
95,111,4.1985325604504355,110,36.506
95,112,4.2350385526378505,111,36.506
95,113,4.271544544825265,112,36.506
95,114,4.308106286320949,113,36.562
95,115,4.344668027816632,114,36.562
95,116,4.3812297693123154,115,36.562
95,117,4.417791510807999,116,36.562
95,118,4.454353252303682,117,36.562
95,119,4.4909149937993655,118,36.562
95,120,4.527476735295049,119,36.562
95,121,4.564038476790732,120,36.562
95,122,4.600600218286416,121,36.562
95,123,4.637161959782099,122,36.562
95,124,4.673723701277782,123,36.562
95,125,4.710285442773466,124,36.562
95,126,4.746847184269149,125,36.562
95,127,4.7834089257648325,126,36.562
95,128,4.819970667260516,127,36.562
96,1,0.19135430537861545,0,191.354
96,2,0.22768361245053415,1,36.329
96,3,0.2640129195224528,2,36.329
96,4,0.3003422265943715,3,36.329
96,5,0.33667153366629016,4,36.329
96,6,0.3730008407382088,5,36.329
96,7,0.4093301478101275,6,36.329
96,8,0.44565945488204617,7,36.329
96,9,0.48198876195396484,8,36.329
96,10,0.5183180690258835,9,36.329
96,11,0.5546473760978022,10,36.329
96,12,0.590976683169721,11,36.329
96,13,0.6273059902416397,12,36.329
96,14,0.6636352973135584,13,36.329
96,15,0.6999646043854771,14,36.329
96,16,0.7362939114573959,15,36.329
96,17,0.7726232185293146,16,36.329
96,18,0.8089525256012333,17,36.329
96,19,0.845281832673152,18,36.329
96,20,0.8816111397450708,19,36.329
96,21,0.9179404468169895,20,36.329
96,22,0.9542697538889082,21,36.329
96,23,0.990599060960827,22,36.329
96,24,1.0269283680327457,23,36.329
96,25,1.0632576751046643,24,36.329
96,26,1.099586982176583,25,36.329
96,27,1.1359162892485015,26,36.329
96,28,1.1722455963204201,27,36.329
96,29,1.2085749033923388,28,36.329
96,30,1.2449042104642574,29,36.329
96,31,1.281233517536176,30,36.329
96,32,1.3175628246080946,31,36.329
96,33,1.3538921316800132,32,36.329
96,34,1.3902214387519318,33,36.329
96,35,1.4265507458238504,34,36.329
96,36,1.462880052895769,35,36.329
96,37,1.4992093599676877,36,36.329
96,38,1.5355386670396063,37,36.329
96,39,1.571867974111525,38,36.329
96,40,1.6081972811834435,39,36.329
96,41,1.6445265882553621,40,36.329
96,42,1.6808558953272807,41,36.329
96,43,1.7171852023991994,42,36.329
96,44,1.753514509471118,43,36.329
96,45,1.7898438165430366,44,36.329
96,46,1.8261731236149552,45,36.329
96,47,1.8625024306868738,46,36.329
96,48,1.8988317377587924,47,36.329
96,49,1.935161044830711,48,36.329
96,50,1.971667037018126,49,36.506
96,51,2.008173029205541,50,36.506
96,52,2.0446790213929558,51,36.506
96,53,2.0811850135803707,52,36.506
96,54,2.1176910057677856,53,36.506
96,55,2.1541969979552005,54,36.506
96,56,2.1907029901426154,55,36.506
96,57,2.2272089823300303,56,36.506
96,58,2.263714974517445,57,36.506
96,59,2.30022096670486,58,36.506
96,60,2.336726958892275,59,36.506
96,61,2.37323295107969,60,36.506
96,62,2.409738943267105,61,36.506
96,63,2.4462449354545197,62,36.506
96,64,2.4827509276419346,63,36.506
96,65,2.5192569198293495,64,36.506
96,66,2.5557629120167644,65,36.506
96,67,2.5922689042041793,66,36.506
96,68,2.6287748963915942,67,36.506
96,69,2.665280888579009,68,36.506
96,70,2.701786880766424,69,36.506
96,71,2.738292872953839,70,36.506
96,72,2.774798865141254,71,36.506
96,73,2.8113048573286687,72,36.506
96,74,2.8478108495160837,73,36.506
96,75,2.8843168417034986,74,36.506
96,76,2.9208228338909135,75,36.506
96,77,2.9573288260783284,76,36.506
96,78,2.9938348182657433,77,36.506
96,79,3.030340810453158,78,36.506
96,80,3.066846802640573,79,36.506
96,81,3.103352794827988,80,36.506
96,82,3.139858787015403,81,36.506
96,83,3.176364779202818,82,36.506
96,84,3.2128707713902327,83,36.506
96,85,3.2493767635776476,84,36.506
96,86,3.2858827557650625,85,36.506
96,87,3.3223887479524774,86,36.506
96,88,3.3588947401398923,87,36.506
96,89,3.395400732327307,88,36.506
96,90,3.431906724514722,89,36.506
96,91,3.468412716702137,90,36.506
96,92,3.504918708889552,91,36.506
96,93,3.541424701076967,92,36.506
96,94,3.5779306932643817,93,36.506
96,95,3.6144366854517966,94,36.506
96,96,3.6509426776392115,95,36.506
96,97,3.6874486698266264,96,36.506
96,98,3.7239546620140414,97,36.506
96,99,3.7604606542014563,98,36.506
96,100,3.796966646388871,99,36.506
96,101,3.833472638576286,100,36.506
96,102,3.869978630763701,101,36.506
96,103,3.906484622951116,102,36.506
96,104,3.9429906151385308,103,36.506
96,105,3.9794966073259457,104,36.506
96,106,4.016002599513361,105,36.506
96,107,4.052508591700776,106,36.506
96,108,4.089014583888191,107,36.506
96,109,4.125520576075606,108,36.506
96,110,4.162026568263021,109,36.506
96,111,4.1985325604504355,110,36.506
96,112,4.2350385526378505,111,36.506
96,113,4.271544544825265,112,36.506
96,114,4.308106286320949,113,36.562
96,115,4.344668027816632,114,36.562
96,116,4.3812297693123154,115,36.562
96,117,4.417791510807999,116,36.562
96,118,4.454353252303682,117,36.562
96,119,4.4909149937993655,118,36.562
96,120,4.527476735295049,119,36.562
96,121,4.564038476790732,120,36.562
96,122,4.600600218286416,121,36.562
96,123,4.637161959782099,122,36.562
96,124,4.673723701277782,123,36.562
96,125,4.710285442773466,124,36.562
96,126,4.746847184269149,125,36.562
96,127,4.7834089257648325,126,36.562
96,128,4.819970667260516,127,36.562
97,1,0.19135430537861545,0,191.354
97,2,0.22768361245053415,1,36.329
97,3,0.2640129195224528,2,36.329
97,4,0.3003422265943715,3,36.329
97,5,0.33667153366629016,4,36.329
97,6,0.3730008407382088,5,36.329
97,7,0.4093301478101275,6,36.329
97,8,0.44565945488204617,7,36.329
97,9,0.48198876195396484,8,36.329
97,10,0.5183180690258835,9,36.329
97,11,0.5546473760978022,10,36.329
97,12,0.590976683169721,11,36.329
97,13,0.6273059902416397,12,36.329
97,14,0.6636352973135584,13,36.329
97,15,0.6999646043854771,14,36.329
97,16,0.7362939114573959,15,36.329
97,17,0.7726232185293146,16,36.329
97,18,0.8089525256012333,17,36.329
97,19,0.845281832673152,18,36.329
97,20,0.8816111397450708,19,36.329
97,21,0.9179404468169895,20,36.329
97,22,0.9542697538889082,21,36.329
97,23,0.990599060960827,22,36.329
97,24,1.0269283680327457,23,36.329
97,25,1.0632576751046643,24,36.329
97,26,1.099586982176583,25,36.329
97,27,1.1359162892485015,26,36.329
97,28,1.1722455963204201,27,36.329
97,29,1.2085749033923388,28,36.329
97,30,1.2449042104642574,29,36.329
97,31,1.281233517536176,30,36.329
97,32,1.3175628246080946,31,36.329
97,33,1.3538921316800132,32,36.329
97,34,1.3902214387519318,33,36.329
97,35,1.4265507458238504,34,36.329
97,36,1.462880052895769,35,36.329
97,37,1.4992093599676877,36,36.329
97,38,1.5355386670396063,37,36.329
97,39,1.571867974111525,38,36.329
97,40,1.6081972811834435,39,36.329
97,41,1.6445265882553621,40,36.329
97,42,1.6808558953272807,41,36.329
97,43,1.7171852023991994,42,36.329
97,44,1.753514509471118,43,36.329
97,45,1.7898438165430366,44,36.329
97,46,1.8261731236149552,45,36.329
97,47,1.8625024306868738,46,36.329
97,48,1.8988317377587924,47,36.329
97,49,1.935161044830711,48,36.329
97,50,1.971667037018126,49,36.506
97,51,2.008173029205541,50,36.506
97,52,2.0446790213929558,51,36.506
97,53,2.0811850135803707,52,36.506
97,54,2.1176910057677856,53,36.506
97,55,2.1541969979552005,54,36.506
97,56,2.1907029901426154,55,36.506
97,57,2.2272089823300303,56,36.506
97,58,2.263714974517445,57,36.506
97,59,2.30022096670486,58,36.506
97,60,2.336726958892275,59,36.506
97,61,2.37323295107969,60,36.506
97,62,2.409738943267105,61,36.506
97,63,2.4462449354545197,62,36.506
97,64,2.4827509276419346,63,36.506
97,65,2.5192569198293495,64,36.506
97,66,2.5557629120167644,65,36.506
97,67,2.5922689042041793,66,36.506
97,68,2.6287748963915942,67,36.506
97,69,2.665280888579009,68,36.506
97,70,2.701786880766424,69,36.506
97,71,2.738292872953839,70,36.506
97,72,2.774798865141254,71,36.506
97,73,2.8113048573286687,72,36.506
97,74,2.8478108495160837,73,36.506
97,75,2.8843168417034986,74,36.506
97,76,2.9208228338909135,75,36.506
97,77,2.9573288260783284,76,36.506
97,78,2.9938348182657433,77,36.506
97,79,3.030340810453158,78,36.506
97,80,3.066846802640573,79,36.506
97,81,3.103352794827988,80,36.506
97,82,3.139858787015403,81,36.506
97,83,3.176364779202818,82,36.506
97,84,3.2128707713902327,83,36.506
97,85,3.2493767635776476,84,36.506
97,86,3.2858827557650625,85,36.506
97,87,3.3223887479524774,86,36.506
97,88,3.3588947401398923,87,36.506
97,89,3.395400732327307,88,36.506
97,90,3.431906724514722,89,36.506
97,91,3.468412716702137,90,36.506
97,92,3.504918708889552,91,36.506
97,93,3.541424701076967,92,36.506
97,94,3.5779306932643817,93,36.506
97,95,3.6144366854517966,94,36.506
97,96,3.6509426776392115,95,36.506
97,97,3.6874486698266264,96,36.506
97,98,3.7239546620140414,97,36.506
97,99,3.7604606542014563,98,36.506
97,100,3.796966646388871,99,36.506
97,101,3.833472638576286,100,36.506
97,102,3.869978630763701,101,36.506
97,103,3.906484622951116,102,36.506
97,104,3.9429906151385308,103,36.506
97,105,3.9794966073259457,104,36.506
97,106,4.016002599513361,105,36.506
97,107,4.052508591700776,106,36.506
97,108,4.089014583888191,107,36.506
97,109,4.125520576075606,108,36.506
97,110,4.162026568263021,109,36.506
97,111,4.1985325604504355,110,36.506
97,112,4.2350385526378505,111,36.506
97,113,4.271544544825265,112,36.506
97,114,4.308106286320949,113,36.562
97,115,4.344668027816632,114,36.562
97,116,4.3812297693123154,115,36.562
97,117,4.417791510807999,116,36.562
97,118,4.454353252303682,117,36.562
97,119,4.4909149937993655,118,36.562
97,120,4.527476735295049,119,36.562
97,121,4.564038476790732,120,36.562
97,122,4.600600218286416,121,36.562
97,123,4.637161959782099,122,36.562
97,124,4.673723701277782,123,36.562
97,125,4.710285442773466,124,36.562
97,126,4.746847184269149,125,36.562
97,127,4.7834089257648325,126,36.562
97,128,4.819970667260516,127,36.562
98,1,0.19135430537861545,0,191.354
98,2,0.22768361245053415,1,36.329
98,3,0.2640129195224528,2,36.329
98,4,0.3003422265943715,3,36.329
98,5,0.33667153366629016,4,36.329
98,6,0.3730008407382088,5,36.329
98,7,0.4093301478101275,6,36.329
98,8,0.44565945488204617,7,36.329
98,9,0.48198876195396484,8,36.329
98,10,0.5183180690258835,9,36.329
98,11,0.5546473760978022,10,36.329
98,12,0.590976683169721,11,36.329
98,13,0.6273059902416397,12,36.329
98,14,0.6636352973135584,13,36.329
98,15,0.6999646043854771,14,36.329
98,16,0.7362939114573959,15,36.329
98,17,0.7726232185293146,16,36.329
98,18,0.8089525256012333,17,36.329
98,19,0.845281832673152,18,36.329
98,20,0.8816111397450708,19,36.329
98,21,0.9179404468169895,20,36.329
98,22,0.9542697538889082,21,36.329
98,23,0.990599060960827,22,36.329
98,24,1.0269283680327457,23,36.329
98,25,1.0632576751046643,24,36.329
98,26,1.099586982176583,25,36.329
98,27,1.1359162892485015,26,36.329
98,28,1.1722455963204201,27,36.329
98,29,1.2085749033923388,28,36.329
98,30,1.2449042104642574,29,36.329
98,31,1.281233517536176,30,36.329
98,32,1.3175628246080946,31,36.329
98,33,1.3538921316800132,32,36.329
98,34,1.3902214387519318,33,36.329
98,35,1.4265507458238504,34,36.329
98,36,1.462880052895769,35,36.329
98,37,1.4992093599676877,36,36.329
98,38,1.5355386670396063,37,36.329
98,39,1.571867974111525,38,36.329
98,40,1.6081972811834435,39,36.329
98,41,1.6445265882553621,40,36.329
98,42,1.6808558953272807,41,36.329
98,43,1.7171852023991994,42,36.329
98,44,1.753514509471118,43,36.329
98,45,1.7898438165430366,44,36.329
98,46,1.8261731236149552,45,36.329
98,47,1.8625024306868738,46,36.329
98,48,1.8988317377587924,47,36.329
98,49,1.935161044830711,48,36.329
98,50,1.971667037018126,49,36.506
98,51,2.008173029205541,50,36.506
98,52,2.0446790213929558,51,36.506
98,53,2.0811850135803707,52,36.506
98,54,2.1176910057677856,53,36.506
98,55,2.1541969979552005,54,36.506
98,56,2.1907029901426154,55,36.506
98,57,2.2272089823300303,56,36.506
98,58,2.263714974517445,57,36.506
98,59,2.30022096670486,58,36.506
98,60,2.336726958892275,59,36.506
98,61,2.37323295107969,60,36.506
98,62,2.409738943267105,61,36.506
98,63,2.4462449354545197,62,36.506
98,64,2.4827509276419346,63,36.506
98,65,2.5192569198293495,64,36.506
98,66,2.5557629120167644,65,36.506
98,67,2.5922689042041793,66,36.506
98,68,2.6287748963915942,67,36.506
98,69,2.665280888579009,68,36.506
98,70,2.701786880766424,69,36.506
98,71,2.738292872953839,70,36.506
98,72,2.774798865141254,71,36.506
98,73,2.8113048573286687,72,36.506
98,74,2.8478108495160837,73,36.506
98,75,2.8843168417034986,74,36.506
98,76,2.9208228338909135,75,36.506
98,77,2.9573288260783284,76,36.506
98,78,2.9938348182657433,77,36.506
98,79,3.030340810453158,78,36.506
98,80,3.066846802640573,79,36.506
98,81,3.103352794827988,80,36.506
98,82,3.139858787015403,81,36.506
98,83,3.176364779202818,82,36.506
98,84,3.2128707713902327,83,36.506
98,85,3.2493767635776476,84,36.506
98,86,3.2858827557650625,85,36.506
98,87,3.3223887479524774,86,36.506
98,88,3.3588947401398923,87,36.506
98,89,3.395400732327307,88,36.506
98,90,3.431906724514722,89,36.506
98,91,3.468412716702137,90,36.506
98,92,3.504918708889552,91,36.506
98,93,3.541424701076967,92,36.506
98,94,3.5779306932643817,93,36.506
98,95,3.6144366854517966,94,36.506
98,96,3.6509426776392115,95,36.506
98,97,3.6874486698266264,96,36.506
98,98,3.7239546620140414,97,36.506
98,99,3.7604606542014563,98,36.506
98,100,3.796966646388871,99,36.506
98,101,3.833472638576286,100,36.506
98,102,3.869978630763701,101,36.506
98,103,3.906484622951116,102,36.506
98,104,3.9429906151385308,103,36.506
98,105,3.9794966073259457,104,36.506
98,106,4.016002599513361,105,36.506
98,107,4.052508591700776,106,36.506
98,108,4.089014583888191,107,36.506
98,109,4.125520576075606,108,36.506
98,110,4.162026568263021,109,36.506
98,111,4.1985325604504355,110,36.506
98,112,4.2350385526378505,111,36.506
98,113,4.271544544825265,112,36.506
98,114,4.308106286320949,113,36.562
98,115,4.344668027816632,114,36.562
98,116,4.3812297693123154,115,36.562
98,117,4.417791510807999,116,36.562
98,118,4.454353252303682,117,36.562
98,119,4.4909149937993655,118,36.562
98,120,4.527476735295049,119,36.562
98,121,4.564038476790732,120,36.562
98,122,4.600600218286416,121,36.562
98,123,4.637161959782099,122,36.562
98,124,4.673723701277782,123,36.562
98,125,4.710285442773466,124,36.562
98,126,4.746847184269149,125,36.562
98,127,4.7834089257648325,126,36.562
98,128,4.819970667260516,127,36.562
99,1,0.19135430537861545,0,191.354
99,2,0.22768361245053415,1,36.329
99,3,0.2640129195224528,2,36.329
99,4,0.3003422265943715,3,36.329
99,5,0.33667153366629016,4,36.329
99,6,0.3730008407382088,5,36.329
99,7,0.4093301478101275,6,36.329
99,8,0.44565945488204617,7,36.329
99,9,0.48198876195396484,8,36.329
99,10,0.5183180690258835,9,36.329
99,11,0.5546473760978022,10,36.329
99,12,0.590976683169721,11,36.329
99,13,0.6273059902416397,12,36.329
99,14,0.6636352973135584,13,36.329
99,15,0.6999646043854771,14,36.329
99,16,0.7362939114573959,15,36.329
99,17,0.7726232185293146,16,36.329
99,18,0.8089525256012333,17,36.329
99,19,0.845281832673152,18,36.329
99,20,0.8816111397450708,19,36.329
99,21,0.9179404468169895,20,36.329
99,22,0.9542697538889082,21,36.329
99,23,0.990599060960827,22,36.329
99,24,1.0269283680327457,23,36.329
99,25,1.0632576751046643,24,36.329
99,26,1.099586982176583,25,36.329
99,27,1.1359162892485015,26,36.329
99,28,1.1722455963204201,27,36.329
99,29,1.2085749033923388,28,36.329
99,30,1.2449042104642574,29,36.329
99,31,1.281233517536176,30,36.329
99,32,1.3175628246080946,31,36.329
99,33,1.3538921316800132,32,36.329
99,34,1.3902214387519318,33,36.329
99,35,1.4265507458238504,34,36.329
99,36,1.462880052895769,35,36.329
99,37,1.4992093599676877,36,36.329
99,38,1.5355386670396063,37,36.329
99,39,1.571867974111525,38,36.329
99,40,1.6081972811834435,39,36.329
99,41,1.6445265882553621,40,36.329
99,42,1.6808558953272807,41,36.329
99,43,1.7171852023991994,42,36.329
99,44,1.753514509471118,43,36.329
99,45,1.7898438165430366,44,36.329
99,46,1.8261731236149552,45,36.329
99,47,1.8625024306868738,46,36.329
99,48,1.8988317377587924,47,36.329
99,49,1.935161044830711,48,36.329
99,50,1.971667037018126,49,36.506
99,51,2.008173029205541,50,36.506
99,52,2.0446790213929558,51,36.506
99,53,2.0811850135803707,52,36.506
99,54,2.1176910057677856,53,36.506
99,55,2.1541969979552005,54,36.506
99,56,2.1907029901426154,55,36.506
99,57,2.2272089823300303,56,36.506
99,58,2.263714974517445,57,36.506
99,59,2.30022096670486,58,36.506
99,60,2.336726958892275,59,36.506
99,61,2.37323295107969,60,36.506
99,62,2.409738943267105,61,36.506
99,63,2.4462449354545197,62,36.506
99,64,2.4827509276419346,63,36.506
99,65,2.5192569198293495,64,36.506
99,66,2.5557629120167644,65,36.506
99,67,2.5922689042041793,66,36.506
99,68,2.6287748963915942,67,36.506
99,69,2.665280888579009,68,36.506
99,70,2.701786880766424,69,36.506
99,71,2.738292872953839,70,36.506
99,72,2.774798865141254,71,36.506
99,73,2.8113048573286687,72,36.506
99,74,2.8478108495160837,73,36.506
99,75,2.8843168417034986,74,36.506
99,76,2.9208228338909135,75,36.506
99,77,2.9573288260783284,76,36.506
99,78,2.9938348182657433,77,36.506
99,79,3.030340810453158,78,36.506
99,80,3.066846802640573,79,36.506
99,81,3.103352794827988,80,36.506
99,82,3.139858787015403,81,36.506
99,83,3.176364779202818,82,36.506
99,84,3.2128707713902327,83,36.506
99,85,3.2493767635776476,84,36.506
99,86,3.2858827557650625,85,36.506
99,87,3.3223887479524774,86,36.506
99,88,3.3588947401398923,87,36.506
99,89,3.395400732327307,88,36.506
99,90,3.431906724514722,89,36.506
99,91,3.468412716702137,90,36.506
99,92,3.504918708889552,91,36.506
99,93,3.541424701076967,92,36.506
99,94,3.5779306932643817,93,36.506
99,95,3.6144366854517966,94,36.506
99,96,3.6509426776392115,95,36.506
99,97,3.6874486698266264,96,36.506
99,98,3.7239546620140414,97,36.506
99,99,3.7604606542014563,98,36.506
99,100,3.796966646388871,99,36.506
99,101,3.833472638576286,100,36.506
99,102,3.869978630763701,101,36.506
99,103,3.906484622951116,102,36.506
99,104,3.9429906151385308,103,36.506
99,105,3.9794966073259457,104,36.506
99,106,4.016002599513361,105,36.506
99,107,4.052508591700776,106,36.506
99,108,4.089014583888191,107,36.506
99,109,4.125520576075606,108,36.506
99,110,4.162026568263021,109,36.506
99,111,4.1985325604504355,110,36.506
99,112,4.2350385526378505,111,36.506
99,113,4.271544544825265,112,36.506
99,114,4.308106286320949,113,36.562
99,115,4.344668027816632,114,36.562
99,116,4.3812297693123154,115,36.562
99,117,4.417791510807999,116,36.562
99,118,4.454353252303682,117,36.562
99,119,4.4909149937993655,118,36.562
99,120,4.527476735295049,119,36.562
99,121,4.564038476790732,120,36.562
99,122,4.600600218286416,121,36.562
99,123,4.637161959782099,122,36.562
99,124,4.673723701277782,123,36.562
99,125,4.710285442773466,124,36.562
99,126,4.746847184269149,125,36.562
99,127,4.7834089257648325,126,36.562
99,128,4.819970667260516,127,36.562
100,1,0.19135430537861545,0,191.354
100,2,0.22768361245053415,1,36.329
100,3,0.2640129195224528,2,36.329
100,4,0.3003422265943715,3,36.329
100,5,0.33667153366629016,4,36.329
100,6,0.3730008407382088,5,36.329
100,7,0.4093301478101275,6,36.329
100,8,0.44565945488204617,7,36.329
100,9,0.48198876195396484,8,36.329
100,10,0.5183180690258835,9,36.329
100,11,0.5546473760978022,10,36.329
100,12,0.590976683169721,11,36.329
100,13,0.6273059902416397,12,36.329
100,14,0.6636352973135584,13,36.329
100,15,0.6999646043854771,14,36.329
100,16,0.7362939114573959,15,36.329
100,17,0.7726232185293146,16,36.329
100,18,0.8089525256012333,17,36.329
100,19,0.845281832673152,18,36.329
100,20,0.8816111397450708,19,36.329
100,21,0.9179404468169895,20,36.329
100,22,0.9542697538889082,21,36.329
100,23,0.990599060960827,22,36.329
100,24,1.0269283680327457,23,36.329
100,25,1.0632576751046643,24,36.329
100,26,1.099586982176583,25,36.329
100,27,1.1359162892485015,26,36.329
100,28,1.1722455963204201,27,36.329
100,29,1.2085749033923388,28,36.329
100,30,1.2449042104642574,29,36.329
100,31,1.281233517536176,30,36.329
100,32,1.3175628246080946,31,36.329
100,33,1.3538921316800132,32,36.329
100,34,1.3902214387519318,33,36.329
100,35,1.4265507458238504,34,36.329
100,36,1.462880052895769,35,36.329
100,37,1.4992093599676877,36,36.329
100,38,1.5355386670396063,37,36.329
100,39,1.571867974111525,38,36.329
100,40,1.6081972811834435,39,36.329
100,41,1.6445265882553621,40,36.329
100,42,1.6808558953272807,41,36.329
100,43,1.7171852023991994,42,36.329
100,44,1.753514509471118,43,36.329
100,45,1.7898438165430366,44,36.329
100,46,1.8261731236149552,45,36.329
100,47,1.8625024306868738,46,36.329
100,48,1.8988317377587924,47,36.329
100,49,1.935161044830711,48,36.329
100,50,1.971667037018126,49,36.506
100,51,2.008173029205541,50,36.506
100,52,2.0446790213929558,51,36.506
100,53,2.0811850135803707,52,36.506
100,54,2.1176910057677856,53,36.506
100,55,2.1541969979552005,54,36.506
100,56,2.1907029901426154,55,36.506
100,57,2.2272089823300303,56,36.506
100,58,2.263714974517445,57,36.506
100,59,2.30022096670486,58,36.506
100,60,2.336726958892275,59,36.506
100,61,2.37323295107969,60,36.506
100,62,2.409738943267105,61,36.506
100,63,2.4462449354545197,62,36.506
100,64,2.4827509276419346,63,36.506
100,65,2.5192569198293495,64,36.506
100,66,2.5557629120167644,65,36.506
100,67,2.5922689042041793,66,36.506
100,68,2.6287748963915942,67,36.506
100,69,2.665280888579009,68,36.506
100,70,2.701786880766424,69,36.506
100,71,2.738292872953839,70,36.506
100,72,2.774798865141254,71,36.506
100,73,2.8113048573286687,72,36.506
100,74,2.8478108495160837,73,36.506
100,75,2.8843168417034986,74,36.506
100,76,2.9208228338909135,75,36.506
100,77,2.9573288260783284,76,36.506
100,78,2.9938348182657433,77,36.506
100,79,3.030340810453158,78,36.506
100,80,3.066846802640573,79,36.506
100,81,3.103352794827988,80,36.506
100,82,3.139858787015403,81,36.506
100,83,3.176364779202818,82,36.506
100,84,3.2128707713902327,83,36.506
100,85,3.2493767635776476,84,36.506
100,86,3.2858827557650625,85,36.506
100,87,3.3223887479524774,86,36.506
100,88,3.3588947401398923,87,36.506
100,89,3.395400732327307,88,36.506
100,90,3.431906724514722,89,36.506
100,91,3.468412716702137,90,36.506
100,92,3.504918708889552,91,36.506
100,93,3.541424701076967,92,36.506
100,94,3.5779306932643817,93,36.506
100,95,3.6144366854517966,94,36.506
100,96,3.6509426776392115,95,36.506
100,97,3.6874486698266264,96,36.506
100,98,3.7239546620140414,97,36.506
100,99,3.7604606542014563,98,36.506
100,100,3.796966646388871,99,36.506
100,101,3.833472638576286,100,36.506
100,102,3.869978630763701,101,36.506
100,103,3.906484622951116,102,36.506
100,104,3.9429906151385308,103,36.506
100,105,3.9794966073259457,104,36.506
100,106,4.016002599513361,105,36.506
100,107,4.052508591700776,106,36.506
100,108,4.089014583888191,107,36.506
100,109,4.125520576075606,108,36.506
100,110,4.162026568263021,109,36.506
100,111,4.1985325604504355,110,36.506
100,112,4.2350385526378505,111,36.506
100,113,4.271544544825265,112,36.506
100,114,4.308106286320949,113,36.562
100,115,4.344668027816632,114,36.562
100,116,4.3812297693123154,115,36.562
100,117,4.417791510807999,116,36.562
100,118,4.454353252303682,117,36.562
100,119,4.4909149937993655,118,36.562
100,120,4.527476735295049,119,36.562
100,121,4.564038476790732,120,36.562
100,122,4.600600218286416,121,36.562
100,123,4.637161959782099,122,36.562
100,124,4.673723701277782,123,36.562
100,125,4.710285442773466,124,36.562
100,126,4.746847184269149,125,36.562
100,127,4.7834089257648325,126,36.562
100,128,4.819970667260516,127,36.562
101,1,0.19135430537861545,0,191.354
101,2,0.22768361245053415,1,36.329
101,3,0.2640129195224528,2,36.329
101,4,0.3003422265943715,3,36.329
101,5,0.33667153366629016,4,36.329
101,6,0.3730008407382088,5,36.329
101,7,0.4093301478101275,6,36.329
101,8,0.44565945488204617,7,36.329
101,9,0.48198876195396484,8,36.329
101,10,0.5183180690258835,9,36.329
101,11,0.5546473760978022,10,36.329
101,12,0.590976683169721,11,36.329
101,13,0.6273059902416397,12,36.329
101,14,0.6636352973135584,13,36.329
101,15,0.6999646043854771,14,36.329
101,16,0.7362939114573959,15,36.329
101,17,0.7726232185293146,16,36.329
101,18,0.8089525256012333,17,36.329
101,19,0.845281832673152,18,36.329
101,20,0.8816111397450708,19,36.329
101,21,0.9179404468169895,20,36.329
101,22,0.9542697538889082,21,36.329
101,23,0.990599060960827,22,36.329
101,24,1.0269283680327457,23,36.329
101,25,1.0632576751046643,24,36.329
101,26,1.099586982176583,25,36.329
101,27,1.1359162892485015,26,36.329
101,28,1.1722455963204201,27,36.329
101,29,1.2085749033923388,28,36.329
101,30,1.2449042104642574,29,36.329
101,31,1.281233517536176,30,36.329
101,32,1.3175628246080946,31,36.329
101,33,1.3538921316800132,32,36.329
101,34,1.3902214387519318,33,36.329
101,35,1.4265507458238504,34,36.329
101,36,1.462880052895769,35,36.329
101,37,1.4992093599676877,36,36.329
101,38,1.5355386670396063,37,36.329
101,39,1.571867974111525,38,36.329
101,40,1.6081972811834435,39,36.329
101,41,1.6445265882553621,40,36.329
101,42,1.6808558953272807,41,36.329
101,43,1.7171852023991994,42,36.329
101,44,1.753514509471118,43,36.329
101,45,1.7898438165430366,44,36.329
101,46,1.8261731236149552,45,36.329
101,47,1.8625024306868738,46,36.329
101,48,1.8988317377587924,47,36.329
101,49,1.935161044830711,48,36.329
101,50,1.971667037018126,49,36.506
101,51,2.008173029205541,50,36.506
101,52,2.0446790213929558,51,36.506
101,53,2.0811850135803707,52,36.506
101,54,2.1176910057677856,53,36.506
101,55,2.1541969979552005,54,36.506
101,56,2.1907029901426154,55,36.506
101,57,2.2272089823300303,56,36.506
101,58,2.263714974517445,57,36.506
101,59,2.30022096670486,58,36.506
101,60,2.336726958892275,59,36.506
101,61,2.37323295107969,60,36.506
101,62,2.409738943267105,61,36.506
101,63,2.4462449354545197,62,36.506
101,64,2.4827509276419346,63,36.506
101,65,2.5192569198293495,64,36.506
101,66,2.5557629120167644,65,36.506
101,67,2.5922689042041793,66,36.506
101,68,2.6287748963915942,67,36.506
101,69,2.665280888579009,68,36.506
101,70,2.701786880766424,69,36.506
101,71,2.738292872953839,70,36.506
101,72,2.774798865141254,71,36.506
101,73,2.8113048573286687,72,36.506
101,74,2.8478108495160837,73,36.506
101,75,2.8843168417034986,74,36.506
101,76,2.9208228338909135,75,36.506
101,77,2.9573288260783284,76,36.506
101,78,2.9938348182657433,77,36.506
101,79,3.030340810453158,78,36.506
101,80,3.066846802640573,79,36.506
101,81,3.103352794827988,80,36.506
101,82,3.139858787015403,81,36.506
101,83,3.176364779202818,82,36.506
101,84,3.2128707713902327,83,36.506
101,85,3.2493767635776476,84,36.506
101,86,3.2858827557650625,85,36.506
101,87,3.3223887479524774,86,36.506
101,88,3.3588947401398923,87,36.506
101,89,3.395400732327307,88,36.506
101,90,3.431906724514722,89,36.506
101,91,3.468412716702137,90,36.506
101,92,3.504918708889552,91,36.506
101,93,3.541424701076967,92,36.506
101,94,3.5779306932643817,93,36.506
101,95,3.6144366854517966,94,36.506
101,96,3.6509426776392115,95,36.506
101,97,3.6874486698266264,96,36.506
101,98,3.7239546620140414,97,36.506
101,99,3.7604606542014563,98,36.506
101,100,3.796966646388871,99,36.506
101,101,3.833472638576286,100,36.506
101,102,3.869978630763701,101,36.506
101,103,3.906484622951116,102,36.506
101,104,3.9429906151385308,103,36.506
101,105,3.9794966073259457,104,36.506
101,106,4.016002599513361,105,36.506
101,107,4.052508591700776,106,36.506
101,108,4.089014583888191,107,36.506
101,109,4.125520576075606,108,36.506
101,110,4.162026568263021,109,36.506
101,111,4.1985325604504355,110,36.506
101,112,4.2350385526378505,111,36.506
101,113,4.271544544825265,112,36.506
101,114,4.308106286320949,113,36.562
101,115,4.344668027816632,114,36.562
101,116,4.3812297693123154,115,36.562
101,117,4.417791510807999,116,36.562
101,118,4.454353252303682,117,36.562
101,119,4.4909149937993655,118,36.562
101,120,4.527476735295049,119,36.562
101,121,4.564038476790732,120,36.562
101,122,4.600600218286416,121,36.562
101,123,4.637161959782099,122,36.562
101,124,4.673723701277782,123,36.562
101,125,4.710285442773466,124,36.562
101,126,4.746847184269149,125,36.562
101,127,4.7834089257648325,126,36.562
101,128,4.819970667260516,127,36.562
102,1,0.19135430537861545,0,191.354
102,2,0.22768361245053415,1,36.329
102,3,0.2640129195224528,2,36.329
102,4,0.3003422265943715,3,36.329
102,5,0.33667153366629016,4,36.329
102,6,0.3730008407382088,5,36.329
102,7,0.4093301478101275,6,36.329
102,8,0.44565945488204617,7,36.329
102,9,0.48198876195396484,8,36.329
102,10,0.5183180690258835,9,36.329
102,11,0.5546473760978022,10,36.329
102,12,0.590976683169721,11,36.329
102,13,0.6273059902416397,12,36.329
102,14,0.6636352973135584,13,36.329
102,15,0.6999646043854771,14,36.329
102,16,0.7362939114573959,15,36.329
102,17,0.7726232185293146,16,36.329
102,18,0.8089525256012333,17,36.329
102,19,0.845281832673152,18,36.329
102,20,0.8816111397450708,19,36.329
102,21,0.9179404468169895,20,36.329
102,22,0.9542697538889082,21,36.329
102,23,0.990599060960827,22,36.329
102,24,1.0269283680327457,23,36.329
102,25,1.0632576751046643,24,36.329
102,26,1.099586982176583,25,36.329
102,27,1.1359162892485015,26,36.329
102,28,1.1722455963204201,27,36.329
102,29,1.2085749033923388,28,36.329
102,30,1.2449042104642574,29,36.329
102,31,1.281233517536176,30,36.329
102,32,1.3175628246080946,31,36.329
102,33,1.3538921316800132,32,36.329
102,34,1.3902214387519318,33,36.329
102,35,1.4265507458238504,34,36.329
102,36,1.462880052895769,35,36.329
102,37,1.4992093599676877,36,36.329
102,38,1.5355386670396063,37,36.329
102,39,1.571867974111525,38,36.329
102,40,1.6081972811834435,39,36.329
102,41,1.6445265882553621,40,36.329
102,42,1.6808558953272807,41,36.329
102,43,1.7171852023991994,42,36.329
102,44,1.753514509471118,43,36.329
102,45,1.7898438165430366,44,36.329
102,46,1.8261731236149552,45,36.329
102,47,1.8625024306868738,46,36.329
102,48,1.8988317377587924,47,36.329
102,49,1.935161044830711,48,36.329
102,50,1.971667037018126,49,36.506
102,51,2.008173029205541,50,36.506
102,52,2.0446790213929558,51,36.506
102,53,2.0811850135803707,52,36.506
102,54,2.1176910057677856,53,36.506
102,55,2.1541969979552005,54,36.506
102,56,2.1907029901426154,55,36.506
102,57,2.2272089823300303,56,36.506
102,58,2.263714974517445,57,36.506
102,59,2.30022096670486,58,36.506
102,60,2.336726958892275,59,36.506
102,61,2.37323295107969,60,36.506
102,62,2.409738943267105,61,36.506
102,63,2.4462449354545197,62,36.506
102,64,2.4827509276419346,63,36.506
102,65,2.5192569198293495,64,36.506
102,66,2.5557629120167644,65,36.506
102,67,2.5922689042041793,66,36.506
102,68,2.6287748963915942,67,36.506
102,69,2.665280888579009,68,36.506
102,70,2.701786880766424,69,36.506
102,71,2.738292872953839,70,36.506
102,72,2.774798865141254,71,36.506
102,73,2.8113048573286687,72,36.506
102,74,2.8478108495160837,73,36.506
102,75,2.8843168417034986,74,36.506
102,76,2.9208228338909135,75,36.506
102,77,2.9573288260783284,76,36.506
102,78,2.9938348182657433,77,36.506
102,79,3.030340810453158,78,36.506
102,80,3.066846802640573,79,36.506
102,81,3.103352794827988,80,36.506
102,82,3.139858787015403,81,36.506
102,83,3.176364779202818,82,36.506
102,84,3.2128707713902327,83,36.506
102,85,3.2493767635776476,84,36.506
102,86,3.2858827557650625,85,36.506
102,87,3.3223887479524774,86,36.506
102,88,3.3588947401398923,87,36.506
102,89,3.395400732327307,88,36.506
102,90,3.431906724514722,89,36.506
102,91,3.468412716702137,90,36.506
102,92,3.504918708889552,91,36.506
102,93,3.541424701076967,92,36.506
102,94,3.5779306932643817,93,36.506
102,95,3.6144366854517966,94,36.506
102,96,3.6509426776392115,95,36.506
102,97,3.6874486698266264,96,36.506
102,98,3.7239546620140414,97,36.506
102,99,3.7604606542014563,98,36.506
102,100,3.796966646388871,99,36.506
102,101,3.833472638576286,100,36.506
102,102,3.869978630763701,101,36.506
102,103,3.906484622951116,102,36.506
102,104,3.9429906151385308,103,36.506
102,105,3.9794966073259457,104,36.506
102,106,4.016002599513361,105,36.506
102,107,4.052508591700776,106,36.506
102,108,4.089014583888191,107,36.506
102,109,4.125520576075606,108,36.506
102,110,4.162026568263021,109,36.506
102,111,4.1985325604504355,110,36.506
102,112,4.2350385526378505,111,36.506
102,113,4.271544544825265,112,36.506
102,114,4.308106286320949,113,36.562
102,115,4.344668027816632,114,36.562
102,116,4.3812297693123154,115,36.562
102,117,4.417791510807999,116,36.562
102,118,4.454353252303682,117,36.562
102,119,4.4909149937993655,118,36.562
102,120,4.527476735295049,119,36.562
102,121,4.564038476790732,120,36.562
102,122,4.600600218286416,121,36.562
102,123,4.637161959782099,122,36.562
102,124,4.673723701277782,123,36.562
102,125,4.710285442773466,124,36.562
102,126,4.746847184269149,125,36.562
102,127,4.7834089257648325,126,36.562
102,128,4.819970667260516,127,36.562
103,1,0.19135430537861545,0,191.354
103,2,0.22768361245053415,1,36.329
103,3,0.2640129195224528,2,36.329
103,4,0.3003422265943715,3,36.329
103,5,0.33667153366629016,4,36.329
103,6,0.3730008407382088,5,36.329
103,7,0.4093301478101275,6,36.329
103,8,0.44565945488204617,7,36.329
103,9,0.48198876195396484,8,36.329
103,10,0.5183180690258835,9,36.329
103,11,0.5546473760978022,10,36.329
103,12,0.590976683169721,11,36.329
103,13,0.6273059902416397,12,36.329
103,14,0.6636352973135584,13,36.329
103,15,0.6999646043854771,14,36.329
103,16,0.7362939114573959,15,36.329
103,17,0.7726232185293146,16,36.329
103,18,0.8089525256012333,17,36.329
103,19,0.845281832673152,18,36.329
103,20,0.8816111397450708,19,36.329
103,21,0.9179404468169895,20,36.329
103,22,0.9542697538889082,21,36.329
103,23,0.990599060960827,22,36.329
103,24,1.0269283680327457,23,36.329
103,25,1.0632576751046643,24,36.329
103,26,1.099586982176583,25,36.329
103,27,1.1359162892485015,26,36.329
103,28,1.1722455963204201,27,36.329
103,29,1.2085749033923388,28,36.329
103,30,1.2449042104642574,29,36.329
103,31,1.281233517536176,30,36.329
103,32,1.3175628246080946,31,36.329
103,33,1.3538921316800132,32,36.329
103,34,1.3902214387519318,33,36.329
103,35,1.4265507458238504,34,36.329
103,36,1.462880052895769,35,36.329
103,37,1.4992093599676877,36,36.329
103,38,1.5355386670396063,37,36.329
103,39,1.571867974111525,38,36.329
103,40,1.6081972811834435,39,36.329
103,41,1.6445265882553621,40,36.329
103,42,1.6808558953272807,41,36.329
103,43,1.7171852023991994,42,36.329
103,44,1.753514509471118,43,36.329
103,45,1.7898438165430366,44,36.329
103,46,1.8261731236149552,45,36.329
103,47,1.8625024306868738,46,36.329
103,48,1.8988317377587924,47,36.329
103,49,1.935161044830711,48,36.329
103,50,1.971667037018126,49,36.506
103,51,2.008173029205541,50,36.506
103,52,2.0446790213929558,51,36.506
103,53,2.0811850135803707,52,36.506
103,54,2.1176910057677856,53,36.506
103,55,2.1541969979552005,54,36.506
103,56,2.1907029901426154,55,36.506
103,57,2.2272089823300303,56,36.506
103,58,2.263714974517445,57,36.506
103,59,2.30022096670486,58,36.506
103,60,2.336726958892275,59,36.506
103,61,2.37323295107969,60,36.506
103,62,2.409738943267105,61,36.506
103,63,2.4462449354545197,62,36.506
103,64,2.4827509276419346,63,36.506
103,65,2.5192569198293495,64,36.506
103,66,2.5557629120167644,65,36.506
103,67,2.5922689042041793,66,36.506
103,68,2.6287748963915942,67,36.506
103,69,2.665280888579009,68,36.506
103,70,2.701786880766424,69,36.506
103,71,2.738292872953839,70,36.506
103,72,2.774798865141254,71,36.506
103,73,2.8113048573286687,72,36.506
103,74,2.8478108495160837,73,36.506
103,75,2.8843168417034986,74,36.506
103,76,2.9208228338909135,75,36.506
103,77,2.9573288260783284,76,36.506
103,78,2.9938348182657433,77,36.506
103,79,3.030340810453158,78,36.506
103,80,3.066846802640573,79,36.506
103,81,3.103352794827988,80,36.506
103,82,3.139858787015403,81,36.506
103,83,3.176364779202818,82,36.506
103,84,3.2128707713902327,83,36.506
103,85,3.2493767635776476,84,36.506
103,86,3.2858827557650625,85,36.506
103,87,3.3223887479524774,86,36.506
103,88,3.3588947401398923,87,36.506
103,89,3.395400732327307,88,36.506
103,90,3.431906724514722,89,36.506
103,91,3.468412716702137,90,36.506
103,92,3.504918708889552,91,36.506
103,93,3.541424701076967,92,36.506
103,94,3.5779306932643817,93,36.506
103,95,3.6144366854517966,94,36.506
103,96,3.6509426776392115,95,36.506
103,97,3.6874486698266264,96,36.506
103,98,3.7239546620140414,97,36.506
103,99,3.7604606542014563,98,36.506
103,100,3.796966646388871,99,36.506
103,101,3.833472638576286,100,36.506
103,102,3.869978630763701,101,36.506
103,103,3.906484622951116,102,36.506
103,104,3.9429906151385308,103,36.506
103,105,3.9794966073259457,104,36.506
103,106,4.016002599513361,105,36.506
103,107,4.052508591700776,106,36.506
103,108,4.089014583888191,107,36.506
103,109,4.125520576075606,108,36.506
103,110,4.162026568263021,109,36.506
103,111,4.1985325604504355,110,36.506
103,112,4.2350385526378505,111,36.506
103,113,4.271544544825265,112,36.506
103,114,4.308106286320949,113,36.562
103,115,4.344668027816632,114,36.562
103,116,4.3812297693123154,115,36.562
103,117,4.417791510807999,116,36.562
103,118,4.454353252303682,117,36.562
103,119,4.4909149937993655,118,36.562
103,120,4.527476735295049,119,36.562
103,121,4.564038476790732,120,36.562
103,122,4.600600218286416,121,36.562
103,123,4.637161959782099,122,36.562
103,124,4.673723701277782,123,36.562
103,125,4.710285442773466,124,36.562
103,126,4.746847184269149,125,36.562
103,127,4.7834089257648325,126,36.562
103,128,4.819970667260516,127,36.562
104,1,0.19135430537861545,0,191.354
104,2,0.22768361245053415,1,36.329
104,3,0.2640129195224528,2,36.329
104,4,0.3003422265943715,3,36.329
104,5,0.33667153366629016,4,36.329
104,6,0.3730008407382088,5,36.329
104,7,0.4093301478101275,6,36.329
104,8,0.44565945488204617,7,36.329
104,9,0.48198876195396484,8,36.329
104,10,0.5183180690258835,9,36.329
104,11,0.5546473760978022,10,36.329
104,12,0.590976683169721,11,36.329
104,13,0.6273059902416397,12,36.329
104,14,0.6636352973135584,13,36.329
104,15,0.6999646043854771,14,36.329
104,16,0.7362939114573959,15,36.329
104,17,0.7726232185293146,16,36.329
104,18,0.8089525256012333,17,36.329
104,19,0.845281832673152,18,36.329
104,20,0.8816111397450708,19,36.329
104,21,0.9179404468169895,20,36.329
104,22,0.9542697538889082,21,36.329
104,23,0.990599060960827,22,36.329
104,24,1.0269283680327457,23,36.329
104,25,1.0632576751046643,24,36.329
104,26,1.099586982176583,25,36.329
104,27,1.1359162892485015,26,36.329
104,28,1.1722455963204201,27,36.329
104,29,1.2085749033923388,28,36.329
104,30,1.2449042104642574,29,36.329
104,31,1.281233517536176,30,36.329
104,32,1.3175628246080946,31,36.329
104,33,1.3538921316800132,32,36.329
104,34,1.3902214387519318,33,36.329
104,35,1.4265507458238504,34,36.329
104,36,1.462880052895769,35,36.329
104,37,1.4992093599676877,36,36.329
104,38,1.5355386670396063,37,36.329
104,39,1.571867974111525,38,36.329
104,40,1.6081972811834435,39,36.329
104,41,1.6445265882553621,40,36.329
104,42,1.6808558953272807,41,36.329
104,43,1.7171852023991994,42,36.329
104,44,1.753514509471118,43,36.329
104,45,1.7898438165430366,44,36.329
104,46,1.8261731236149552,45,36.329
104,47,1.8625024306868738,46,36.329
104,48,1.8988317377587924,47,36.329
104,49,1.935161044830711,48,36.329
104,50,1.971667037018126,49,36.506
104,51,2.008173029205541,50,36.506
104,52,2.0446790213929558,51,36.506
104,53,2.0811850135803707,52,36.506
104,54,2.1176910057677856,53,36.506
104,55,2.1541969979552005,54,36.506
104,56,2.1907029901426154,55,36.506
104,57,2.2272089823300303,56,36.506
104,58,2.263714974517445,57,36.506
104,59,2.30022096670486,58,36.506
104,60,2.336726958892275,59,36.506
104,61,2.37323295107969,60,36.506
104,62,2.409738943267105,61,36.506
104,63,2.4462449354545197,62,36.506
104,64,2.4827509276419346,63,36.506
104,65,2.5192569198293495,64,36.506
104,66,2.5557629120167644,65,36.506
104,67,2.5922689042041793,66,36.506
104,68,2.6287748963915942,67,36.506
104,69,2.665280888579009,68,36.506
104,70,2.701786880766424,69,36.506
104,71,2.738292872953839,70,36.506
104,72,2.774798865141254,71,36.506
104,73,2.8113048573286687,72,36.506
104,74,2.8478108495160837,73,36.506
104,75,2.8843168417034986,74,36.506
104,76,2.9208228338909135,75,36.506
104,77,2.9573288260783284,76,36.506
104,78,2.9938348182657433,77,36.506
104,79,3.030340810453158,78,36.506
104,80,3.066846802640573,79,36.506
104,81,3.103352794827988,80,36.506
104,82,3.139858787015403,81,36.506
104,83,3.176364779202818,82,36.506
104,84,3.2128707713902327,83,36.506
104,85,3.2493767635776476,84,36.506
104,86,3.2858827557650625,85,36.506
104,87,3.3223887479524774,86,36.506
104,88,3.3588947401398923,87,36.506
104,89,3.395400732327307,88,36.506
104,90,3.431906724514722,89,36.506
104,91,3.468412716702137,90,36.506
104,92,3.504918708889552,91,36.506
104,93,3.541424701076967,92,36.506
104,94,3.5779306932643817,93,36.506
104,95,3.6144366854517966,94,36.506
104,96,3.6509426776392115,95,36.506
104,97,3.6874486698266264,96,36.506
104,98,3.7239546620140414,97,36.506
104,99,3.7604606542014563,98,36.506
104,100,3.796966646388871,99,36.506
104,101,3.833472638576286,100,36.506
104,102,3.869978630763701,101,36.506
104,103,3.906484622951116,102,36.506
104,104,3.9429906151385308,103,36.506
104,105,3.9794966073259457,104,36.506
104,106,4.016002599513361,105,36.506
104,107,4.052508591700776,106,36.506
104,108,4.089014583888191,107,36.506
104,109,4.125520576075606,108,36.506
104,110,4.162026568263021,109,36.506
104,111,4.1985325604504355,110,36.506
104,112,4.2350385526378505,111,36.506
104,113,4.271544544825265,112,36.506
104,114,4.308106286320949,113,36.562
104,115,4.344668027816632,114,36.562
104,116,4.3812297693123154,115,36.562
104,117,4.417791510807999,116,36.562
104,118,4.454353252303682,117,36.562
104,119,4.4909149937993655,118,36.562
104,120,4.527476735295049,119,36.562
104,121,4.564038476790732,120,36.562
104,122,4.600600218286416,121,36.562
104,123,4.637161959782099,122,36.562
104,124,4.673723701277782,123,36.562
104,125,4.710285442773466,124,36.562
104,126,4.746847184269149,125,36.562
104,127,4.7834089257648325,126,36.562
104,128,4.819970667260516,127,36.562
105,1,0.19135430537861545,0,191.354
105,2,0.22768361245053415,1,36.329
105,3,0.2640129195224528,2,36.329
105,4,0.3003422265943715,3,36.329
105,5,0.33667153366629016,4,36.329
105,6,0.3730008407382088,5,36.329
105,7,0.4093301478101275,6,36.329
105,8,0.44565945488204617,7,36.329
105,9,0.48198876195396484,8,36.329
105,10,0.5183180690258835,9,36.329
105,11,0.5546473760978022,10,36.329
105,12,0.590976683169721,11,36.329
105,13,0.6273059902416397,12,36.329
105,14,0.6636352973135584,13,36.329
105,15,0.6999646043854771,14,36.329
105,16,0.7362939114573959,15,36.329
105,17,0.7726232185293146,16,36.329
105,18,0.8089525256012333,17,36.329
105,19,0.845281832673152,18,36.329
105,20,0.8816111397450708,19,36.329
105,21,0.9179404468169895,20,36.329
105,22,0.9542697538889082,21,36.329
105,23,0.990599060960827,22,36.329
105,24,1.0269283680327457,23,36.329
105,25,1.0632576751046643,24,36.329
105,26,1.099586982176583,25,36.329
105,27,1.1359162892485015,26,36.329
105,28,1.1722455963204201,27,36.329
105,29,1.2085749033923388,28,36.329
105,30,1.2449042104642574,29,36.329
105,31,1.281233517536176,30,36.329
105,32,1.3175628246080946,31,36.329
105,33,1.3538921316800132,32,36.329
105,34,1.3902214387519318,33,36.329
105,35,1.4265507458238504,34,36.329
105,36,1.462880052895769,35,36.329
105,37,1.4992093599676877,36,36.329
105,38,1.5355386670396063,37,36.329
105,39,1.571867974111525,38,36.329
105,40,1.6081972811834435,39,36.329
105,41,1.6445265882553621,40,36.329
105,42,1.6808558953272807,41,36.329
105,43,1.7171852023991994,42,36.329
105,44,1.753514509471118,43,36.329
105,45,1.7898438165430366,44,36.329
105,46,1.8261731236149552,45,36.329
105,47,1.8625024306868738,46,36.329
105,48,1.8988317377587924,47,36.329
105,49,1.935161044830711,48,36.329
105,50,1.971667037018126,49,36.506
105,51,2.008173029205541,50,36.506
105,52,2.0446790213929558,51,36.506
105,53,2.0811850135803707,52,36.506
105,54,2.1176910057677856,53,36.506
105,55,2.1541969979552005,54,36.506
105,56,2.1907029901426154,55,36.506
105,57,2.2272089823300303,56,36.506
105,58,2.263714974517445,57,36.506
105,59,2.30022096670486,58,36.506
105,60,2.336726958892275,59,36.506
105,61,2.37323295107969,60,36.506
105,62,2.409738943267105,61,36.506
105,63,2.4462449354545197,62,36.506
105,64,2.4827509276419346,63,36.506
105,65,2.5192569198293495,64,36.506
105,66,2.5557629120167644,65,36.506
105,67,2.5922689042041793,66,36.506
105,68,2.6287748963915942,67,36.506
105,69,2.665280888579009,68,36.506
105,70,2.701786880766424,69,36.506
105,71,2.738292872953839,70,36.506
105,72,2.774798865141254,71,36.506
105,73,2.8113048573286687,72,36.506
105,74,2.8478108495160837,73,36.506
105,75,2.8843168417034986,74,36.506
105,76,2.9208228338909135,75,36.506
105,77,2.9573288260783284,76,36.506
105,78,2.9938348182657433,77,36.506
105,79,3.030340810453158,78,36.506
105,80,3.066846802640573,79,36.506
105,81,3.103352794827988,80,36.506
105,82,3.139858787015403,81,36.506
105,83,3.176364779202818,82,36.506
105,84,3.2128707713902327,83,36.506
105,85,3.2493767635776476,84,36.506
105,86,3.2858827557650625,85,36.506
105,87,3.3223887479524774,86,36.506
105,88,3.3588947401398923,87,36.506
105,89,3.395400732327307,88,36.506
105,90,3.431906724514722,89,36.506
105,91,3.468412716702137,90,36.506
105,92,3.504918708889552,91,36.506
105,93,3.541424701076967,92,36.506
105,94,3.5779306932643817,93,36.506
105,95,3.6144366854517966,94,36.506
105,96,3.6509426776392115,95,36.506
105,97,3.6874486698266264,96,36.506
105,98,3.7239546620140414,97,36.506
105,99,3.7604606542014563,98,36.506
105,100,3.796966646388871,99,36.506
105,101,3.833472638576286,100,36.506
105,102,3.869978630763701,101,36.506
105,103,3.906484622951116,102,36.506
105,104,3.9429906151385308,103,36.506
105,105,3.9794966073259457,104,36.506
105,106,4.016002599513361,105,36.506
105,107,4.052508591700776,106,36.506
105,108,4.089014583888191,107,36.506
105,109,4.125520576075606,108,36.506
105,110,4.162026568263021,109,36.506
105,111,4.1985325604504355,110,36.506
105,112,4.2350385526378505,111,36.506
105,113,4.271544544825265,112,36.506
105,114,4.308106286320949,113,36.562
105,115,4.344668027816632,114,36.562
105,116,4.3812297693123154,115,36.562
105,117,4.417791510807999,116,36.562
105,118,4.454353252303682,117,36.562
105,119,4.4909149937993655,118,36.562
105,120,4.527476735295049,119,36.562
105,121,4.564038476790732,120,36.562
105,122,4.600600218286416,121,36.562
105,123,4.637161959782099,122,36.562
105,124,4.673723701277782,123,36.562
105,125,4.710285442773466,124,36.562
105,126,4.746847184269149,125,36.562
105,127,4.7834089257648325,126,36.562
105,128,4.819970667260516,127,36.562
106,1,0.19135430537861545,0,191.354
106,2,0.22768361245053415,1,36.329
106,3,0.2640129195224528,2,36.329
106,4,0.3003422265943715,3,36.329
106,5,0.33667153366629016,4,36.329
106,6,0.3730008407382088,5,36.329
106,7,0.4093301478101275,6,36.329
106,8,0.44565945488204617,7,36.329
106,9,0.48198876195396484,8,36.329
106,10,0.5183180690258835,9,36.329
106,11,0.5546473760978022,10,36.329
106,12,0.590976683169721,11,36.329
106,13,0.6273059902416397,12,36.329
106,14,0.6636352973135584,13,36.329
106,15,0.6999646043854771,14,36.329
106,16,0.7362939114573959,15,36.329
106,17,0.7726232185293146,16,36.329
106,18,0.8089525256012333,17,36.329
106,19,0.845281832673152,18,36.329
106,20,0.8816111397450708,19,36.329
106,21,0.9179404468169895,20,36.329
106,22,0.9542697538889082,21,36.329
106,23,0.990599060960827,22,36.329
106,24,1.0269283680327457,23,36.329
106,25,1.0632576751046643,24,36.329
106,26,1.099586982176583,25,36.329
106,27,1.1359162892485015,26,36.329
106,28,1.1722455963204201,27,36.329
106,29,1.2085749033923388,28,36.329
106,30,1.2449042104642574,29,36.329
106,31,1.281233517536176,30,36.329
106,32,1.3175628246080946,31,36.329
106,33,1.3538921316800132,32,36.329
106,34,1.3902214387519318,33,36.329
106,35,1.4265507458238504,34,36.329
106,36,1.462880052895769,35,36.329
106,37,1.4992093599676877,36,36.329
106,38,1.5355386670396063,37,36.329
106,39,1.571867974111525,38,36.329
106,40,1.6081972811834435,39,36.329
106,41,1.6445265882553621,40,36.329
106,42,1.6808558953272807,41,36.329
106,43,1.7171852023991994,42,36.329
106,44,1.753514509471118,43,36.329
106,45,1.7898438165430366,44,36.329
106,46,1.8261731236149552,45,36.329
106,47,1.8625024306868738,46,36.329
106,48,1.8988317377587924,47,36.329
106,49,1.935161044830711,48,36.329
106,50,1.971667037018126,49,36.506
106,51,2.008173029205541,50,36.506
106,52,2.0446790213929558,51,36.506
106,53,2.0811850135803707,52,36.506
106,54,2.1176910057677856,53,36.506
106,55,2.1541969979552005,54,36.506
106,56,2.1907029901426154,55,36.506
106,57,2.2272089823300303,56,36.506
106,58,2.263714974517445,57,36.506
106,59,2.30022096670486,58,36.506
106,60,2.336726958892275,59,36.506
106,61,2.37323295107969,60,36.506
106,62,2.409738943267105,61,36.506
106,63,2.4462449354545197,62,36.506
106,64,2.4827509276419346,63,36.506
106,65,2.5192569198293495,64,36.506
106,66,2.5557629120167644,65,36.506
106,67,2.5922689042041793,66,36.506
106,68,2.6287748963915942,67,36.506
106,69,2.665280888579009,68,36.506
106,70,2.701786880766424,69,36.506
106,71,2.738292872953839,70,36.506
106,72,2.774798865141254,71,36.506
106,73,2.8113048573286687,72,36.506
106,74,2.8478108495160837,73,36.506
106,75,2.8843168417034986,74,36.506
106,76,2.9208228338909135,75,36.506
106,77,2.9573288260783284,76,36.506
106,78,2.9938348182657433,77,36.506
106,79,3.030340810453158,78,36.506
106,80,3.066846802640573,79,36.506
106,81,3.103352794827988,80,36.506
106,82,3.139858787015403,81,36.506
106,83,3.176364779202818,82,36.506
106,84,3.2128707713902327,83,36.506
106,85,3.2493767635776476,84,36.506
106,86,3.2858827557650625,85,36.506
106,87,3.3223887479524774,86,36.506
106,88,3.3588947401398923,87,36.506
106,89,3.395400732327307,88,36.506
106,90,3.431906724514722,89,36.506
106,91,3.468412716702137,90,36.506
106,92,3.504918708889552,91,36.506
106,93,3.541424701076967,92,36.506
106,94,3.5779306932643817,93,36.506
106,95,3.6144366854517966,94,36.506
106,96,3.6509426776392115,95,36.506
106,97,3.6874486698266264,96,36.506
106,98,3.7239546620140414,97,36.506
106,99,3.7604606542014563,98,36.506
106,100,3.796966646388871,99,36.506
106,101,3.833472638576286,100,36.506
106,102,3.869978630763701,101,36.506
106,103,3.906484622951116,102,36.506
106,104,3.9429906151385308,103,36.506
106,105,3.9794966073259457,104,36.506
106,106,4.016002599513361,105,36.506
106,107,4.052508591700776,106,36.506
106,108,4.089014583888191,107,36.506
106,109,4.125520576075606,108,36.506
106,110,4.162026568263021,109,36.506
106,111,4.1985325604504355,110,36.506
106,112,4.2350385526378505,111,36.506
106,113,4.271544544825265,112,36.506
106,114,4.308106286320949,113,36.562
106,115,4.344668027816632,114,36.562
106,116,4.3812297693123154,115,36.562
106,117,4.417791510807999,116,36.562
106,118,4.454353252303682,117,36.562
106,119,4.4909149937993655,118,36.562
106,120,4.527476735295049,119,36.562
106,121,4.564038476790732,120,36.562
106,122,4.600600218286416,121,36.562
106,123,4.637161959782099,122,36.562
106,124,4.673723701277782,123,36.562
106,125,4.710285442773466,124,36.562
106,126,4.746847184269149,125,36.562
106,127,4.7834089257648325,126,36.562
106,128,4.819970667260516,127,36.562
107,1,0.19135430537861545,0,191.354
107,2,0.22768361245053415,1,36.329
107,3,0.2640129195224528,2,36.329
107,4,0.3003422265943715,3,36.329
107,5,0.33667153366629016,4,36.329
107,6,0.3730008407382088,5,36.329
107,7,0.4093301478101275,6,36.329
107,8,0.44565945488204617,7,36.329
107,9,0.48198876195396484,8,36.329
107,10,0.5183180690258835,9,36.329
107,11,0.5546473760978022,10,36.329
107,12,0.590976683169721,11,36.329
107,13,0.6273059902416397,12,36.329
107,14,0.6636352973135584,13,36.329
107,15,0.6999646043854771,14,36.329
107,16,0.7362939114573959,15,36.329
107,17,0.7726232185293146,16,36.329
107,18,0.8089525256012333,17,36.329
107,19,0.845281832673152,18,36.329
107,20,0.8816111397450708,19,36.329
107,21,0.9179404468169895,20,36.329
107,22,0.9542697538889082,21,36.329
107,23,0.990599060960827,22,36.329
107,24,1.0269283680327457,23,36.329
107,25,1.0632576751046643,24,36.329
107,26,1.099586982176583,25,36.329
107,27,1.1359162892485015,26,36.329
107,28,1.1722455963204201,27,36.329
107,29,1.2085749033923388,28,36.329
107,30,1.2449042104642574,29,36.329
107,31,1.281233517536176,30,36.329
107,32,1.3175628246080946,31,36.329
107,33,1.3538921316800132,32,36.329
107,34,1.3902214387519318,33,36.329
107,35,1.4265507458238504,34,36.329
107,36,1.462880052895769,35,36.329
107,37,1.4992093599676877,36,36.329
107,38,1.5355386670396063,37,36.329
107,39,1.571867974111525,38,36.329
107,40,1.6081972811834435,39,36.329
107,41,1.6445265882553621,40,36.329
107,42,1.6808558953272807,41,36.329
107,43,1.7171852023991994,42,36.329
107,44,1.753514509471118,43,36.329
107,45,1.7898438165430366,44,36.329
107,46,1.8261731236149552,45,36.329
107,47,1.8625024306868738,46,36.329
107,48,1.8988317377587924,47,36.329
107,49,1.935161044830711,48,36.329
107,50,1.971667037018126,49,36.506
107,51,2.008173029205541,50,36.506
107,52,2.0446790213929558,51,36.506
107,53,2.0811850135803707,52,36.506
107,54,2.1176910057677856,53,36.506
107,55,2.1541969979552005,54,36.506
107,56,2.1907029901426154,55,36.506
107,57,2.2272089823300303,56,36.506
107,58,2.263714974517445,57,36.506
107,59,2.30022096670486,58,36.506
107,60,2.336726958892275,59,36.506
107,61,2.37323295107969,60,36.506
107,62,2.409738943267105,61,36.506
107,63,2.4462449354545197,62,36.506
107,64,2.4827509276419346,63,36.506
107,65,2.5192569198293495,64,36.506
107,66,2.5557629120167644,65,36.506
107,67,2.5922689042041793,66,36.506
107,68,2.6287748963915942,67,36.506
107,69,2.665280888579009,68,36.506
107,70,2.701786880766424,69,36.506
107,71,2.738292872953839,70,36.506
107,72,2.774798865141254,71,36.506
107,73,2.8113048573286687,72,36.506
107,74,2.8478108495160837,73,36.506
107,75,2.8843168417034986,74,36.506
107,76,2.9208228338909135,75,36.506
107,77,2.9573288260783284,76,36.506
107,78,2.9938348182657433,77,36.506
107,79,3.030340810453158,78,36.506
107,80,3.066846802640573,79,36.506
107,81,3.103352794827988,80,36.506
107,82,3.139858787015403,81,36.506
107,83,3.176364779202818,82,36.506
107,84,3.2128707713902327,83,36.506
107,85,3.2493767635776476,84,36.506
107,86,3.2858827557650625,85,36.506
107,87,3.3223887479524774,86,36.506
107,88,3.3588947401398923,87,36.506
107,89,3.395400732327307,88,36.506
107,90,3.431906724514722,89,36.506
107,91,3.468412716702137,90,36.506
107,92,3.504918708889552,91,36.506
107,93,3.541424701076967,92,36.506
107,94,3.5779306932643817,93,36.506
107,95,3.6144366854517966,94,36.506
107,96,3.6509426776392115,95,36.506
107,97,3.6874486698266264,96,36.506
107,98,3.7239546620140414,97,36.506
107,99,3.7604606542014563,98,36.506
107,100,3.796966646388871,99,36.506
107,101,3.833472638576286,100,36.506
107,102,3.869978630763701,101,36.506
107,103,3.906484622951116,102,36.506
107,104,3.9429906151385308,103,36.506
107,105,3.9794966073259457,104,36.506
107,106,4.016002599513361,105,36.506
107,107,4.052508591700776,106,36.506
107,108,4.089014583888191,107,36.506
107,109,4.125520576075606,108,36.506
107,110,4.162026568263021,109,36.506
107,111,4.1985325604504355,110,36.506
107,112,4.2350385526378505,111,36.506
107,113,4.271544544825265,112,36.506
107,114,4.308106286320949,113,36.562
107,115,4.344668027816632,114,36.562
107,116,4.3812297693123154,115,36.562
107,117,4.417791510807999,116,36.562
107,118,4.454353252303682,117,36.562
107,119,4.4909149937993655,118,36.562
107,120,4.527476735295049,119,36.562
107,121,4.564038476790732,120,36.562
107,122,4.600600218286416,121,36.562
107,123,4.637161959782099,122,36.562
107,124,4.673723701277782,123,36.562
107,125,4.710285442773466,124,36.562
107,126,4.746847184269149,125,36.562
107,127,4.7834089257648325,126,36.562
107,128,4.819970667260516,127,36.562
108,1,0.19135430537861545,0,191.354
108,2,0.22768361245053415,1,36.329
108,3,0.2640129195224528,2,36.329
108,4,0.3003422265943715,3,36.329
108,5,0.33667153366629016,4,36.329
108,6,0.3730008407382088,5,36.329
108,7,0.4093301478101275,6,36.329
108,8,0.44565945488204617,7,36.329
108,9,0.48198876195396484,8,36.329
108,10,0.5183180690258835,9,36.329
108,11,0.5546473760978022,10,36.329
108,12,0.590976683169721,11,36.329
108,13,0.6273059902416397,12,36.329
108,14,0.6636352973135584,13,36.329
108,15,0.6999646043854771,14,36.329
108,16,0.7362939114573959,15,36.329
108,17,0.7726232185293146,16,36.329
108,18,0.8089525256012333,17,36.329
108,19,0.845281832673152,18,36.329
108,20,0.8816111397450708,19,36.329
108,21,0.9179404468169895,20,36.329
108,22,0.9542697538889082,21,36.329
108,23,0.990599060960827,22,36.329
108,24,1.0269283680327457,23,36.329
108,25,1.0632576751046643,24,36.329
108,26,1.099586982176583,25,36.329
108,27,1.1359162892485015,26,36.329
108,28,1.1722455963204201,27,36.329
108,29,1.2085749033923388,28,36.329
108,30,1.2449042104642574,29,36.329
108,31,1.281233517536176,30,36.329
108,32,1.3175628246080946,31,36.329
108,33,1.3538921316800132,32,36.329
108,34,1.3902214387519318,33,36.329
108,35,1.4265507458238504,34,36.329
108,36,1.462880052895769,35,36.329
108,37,1.4992093599676877,36,36.329
108,38,1.5355386670396063,37,36.329
108,39,1.571867974111525,38,36.329
108,40,1.6081972811834435,39,36.329
108,41,1.6445265882553621,40,36.329
108,42,1.6808558953272807,41,36.329
108,43,1.7171852023991994,42,36.329
108,44,1.753514509471118,43,36.329
108,45,1.7898438165430366,44,36.329
108,46,1.8261731236149552,45,36.329
108,47,1.8625024306868738,46,36.329
108,48,1.8988317377587924,47,36.329
108,49,1.935161044830711,48,36.329
108,50,1.971667037018126,49,36.506
108,51,2.008173029205541,50,36.506
108,52,2.0446790213929558,51,36.506
108,53,2.0811850135803707,52,36.506
108,54,2.1176910057677856,53,36.506
108,55,2.1541969979552005,54,36.506
108,56,2.1907029901426154,55,36.506
108,57,2.2272089823300303,56,36.506
108,58,2.263714974517445,57,36.506
108,59,2.30022096670486,58,36.506
108,60,2.336726958892275,59,36.506
108,61,2.37323295107969,60,36.506
108,62,2.409738943267105,61,36.506
108,63,2.4462449354545197,62,36.506
108,64,2.4827509276419346,63,36.506
108,65,2.5192569198293495,64,36.506
108,66,2.5557629120167644,65,36.506
108,67,2.5922689042041793,66,36.506
108,68,2.6287748963915942,67,36.506
108,69,2.665280888579009,68,36.506
108,70,2.701786880766424,69,36.506
108,71,2.738292872953839,70,36.506
108,72,2.774798865141254,71,36.506
108,73,2.8113048573286687,72,36.506
108,74,2.8478108495160837,73,36.506
108,75,2.8843168417034986,74,36.506
108,76,2.9208228338909135,75,36.506
108,77,2.9573288260783284,76,36.506
108,78,2.9938348182657433,77,36.506
108,79,3.030340810453158,78,36.506
108,80,3.066846802640573,79,36.506
108,81,3.103352794827988,80,36.506
108,82,3.139858787015403,81,36.506
108,83,3.176364779202818,82,36.506
108,84,3.2128707713902327,83,36.506
108,85,3.2493767635776476,84,36.506
108,86,3.2858827557650625,85,36.506
108,87,3.3223887479524774,86,36.506
108,88,3.3588947401398923,87,36.506
108,89,3.395400732327307,88,36.506
108,90,3.431906724514722,89,36.506
108,91,3.468412716702137,90,36.506
108,92,3.504918708889552,91,36.506
108,93,3.541424701076967,92,36.506
108,94,3.5779306932643817,93,36.506
108,95,3.6144366854517966,94,36.506
108,96,3.6509426776392115,95,36.506
108,97,3.6874486698266264,96,36.506
108,98,3.7239546620140414,97,36.506
108,99,3.7604606542014563,98,36.506
108,100,3.796966646388871,99,36.506
108,101,3.833472638576286,100,36.506
108,102,3.869978630763701,101,36.506
108,103,3.906484622951116,102,36.506
108,104,3.9429906151385308,103,36.506
108,105,3.9794966073259457,104,36.506
108,106,4.016002599513361,105,36.506
108,107,4.052508591700776,106,36.506
108,108,4.089014583888191,107,36.506
108,109,4.125520576075606,108,36.506
108,110,4.162026568263021,109,36.506
108,111,4.1985325604504355,110,36.506
108,112,4.2350385526378505,111,36.506
108,113,4.271544544825265,112,36.506
108,114,4.308106286320949,113,36.562
108,115,4.344668027816632,114,36.562
108,116,4.3812297693123154,115,36.562
108,117,4.417791510807999,116,36.562
108,118,4.454353252303682,117,36.562
108,119,4.4909149937993655,118,36.562
108,120,4.527476735295049,119,36.562
108,121,4.564038476790732,120,36.562
108,122,4.600600218286416,121,36.562
108,123,4.637161959782099,122,36.562
108,124,4.673723701277782,123,36.562
108,125,4.710285442773466,124,36.562
108,126,4.746847184269149,125,36.562
108,127,4.7834089257648325,126,36.562
108,128,4.819970667260516,127,36.562
109,1,0.19135430537861545,0,191.354
109,2,0.22768361245053415,1,36.329
109,3,0.2640129195224528,2,36.329
109,4,0.3003422265943715,3,36.329
109,5,0.33667153366629016,4,36.329
109,6,0.3730008407382088,5,36.329
109,7,0.4093301478101275,6,36.329
109,8,0.44565945488204617,7,36.329
109,9,0.48198876195396484,8,36.329
109,10,0.5183180690258835,9,36.329
109,11,0.5546473760978022,10,36.329
109,12,0.590976683169721,11,36.329
109,13,0.6273059902416397,12,36.329
109,14,0.6636352973135584,13,36.329
109,15,0.6999646043854771,14,36.329
109,16,0.7362939114573959,15,36.329
109,17,0.7726232185293146,16,36.329
109,18,0.8089525256012333,17,36.329
109,19,0.845281832673152,18,36.329
109,20,0.8816111397450708,19,36.329
109,21,0.9179404468169895,20,36.329
109,22,0.9542697538889082,21,36.329
109,23,0.990599060960827,22,36.329
109,24,1.0269283680327457,23,36.329
109,25,1.0632576751046643,24,36.329
109,26,1.099586982176583,25,36.329
109,27,1.1359162892485015,26,36.329
109,28,1.1722455963204201,27,36.329
109,29,1.2085749033923388,28,36.329
109,30,1.2449042104642574,29,36.329
109,31,1.281233517536176,30,36.329
109,32,1.3175628246080946,31,36.329
109,33,1.3538921316800132,32,36.329
109,34,1.3902214387519318,33,36.329
109,35,1.4265507458238504,34,36.329
109,36,1.462880052895769,35,36.329
109,37,1.4992093599676877,36,36.329
109,38,1.5355386670396063,37,36.329
109,39,1.571867974111525,38,36.329
109,40,1.6081972811834435,39,36.329
109,41,1.6445265882553621,40,36.329
109,42,1.6808558953272807,41,36.329
109,43,1.7171852023991994,42,36.329
109,44,1.753514509471118,43,36.329
109,45,1.7898438165430366,44,36.329
109,46,1.8261731236149552,45,36.329
109,47,1.8625024306868738,46,36.329
109,48,1.8988317377587924,47,36.329
109,49,1.935161044830711,48,36.329
109,50,1.971667037018126,49,36.506
109,51,2.008173029205541,50,36.506
109,52,2.0446790213929558,51,36.506
109,53,2.0811850135803707,52,36.506
109,54,2.1176910057677856,53,36.506
109,55,2.1541969979552005,54,36.506
109,56,2.1907029901426154,55,36.506
109,57,2.2272089823300303,56,36.506
109,58,2.263714974517445,57,36.506
109,59,2.30022096670486,58,36.506
109,60,2.336726958892275,59,36.506
109,61,2.37323295107969,60,36.506
109,62,2.409738943267105,61,36.506
109,63,2.4462449354545197,62,36.506
109,64,2.4827509276419346,63,36.506
109,65,2.5192569198293495,64,36.506
109,66,2.5557629120167644,65,36.506
109,67,2.5922689042041793,66,36.506
109,68,2.6287748963915942,67,36.506
109,69,2.665280888579009,68,36.506
109,70,2.701786880766424,69,36.506
109,71,2.738292872953839,70,36.506
109,72,2.774798865141254,71,36.506
109,73,2.8113048573286687,72,36.506
109,74,2.8478108495160837,73,36.506
109,75,2.8843168417034986,74,36.506
109,76,2.9208228338909135,75,36.506
109,77,2.9573288260783284,76,36.506
109,78,2.9938348182657433,77,36.506
109,79,3.030340810453158,78,36.506
109,80,3.066846802640573,79,36.506
109,81,3.103352794827988,80,36.506
109,82,3.139858787015403,81,36.506
109,83,3.176364779202818,82,36.506
109,84,3.2128707713902327,83,36.506
109,85,3.2493767635776476,84,36.506
109,86,3.2858827557650625,85,36.506
109,87,3.3223887479524774,86,36.506
109,88,3.3588947401398923,87,36.506
109,89,3.395400732327307,88,36.506
109,90,3.431906724514722,89,36.506
109,91,3.468412716702137,90,36.506
109,92,3.504918708889552,91,36.506
109,93,3.541424701076967,92,36.506
109,94,3.5779306932643817,93,36.506
109,95,3.6144366854517966,94,36.506
109,96,3.6509426776392115,95,36.506
109,97,3.6874486698266264,96,36.506
109,98,3.7239546620140414,97,36.506
109,99,3.7604606542014563,98,36.506
109,100,3.796966646388871,99,36.506
109,101,3.833472638576286,100,36.506
109,102,3.869978630763701,101,36.506
109,103,3.906484622951116,102,36.506
109,104,3.9429906151385308,103,36.506
109,105,3.9794966073259457,104,36.506
109,106,4.016002599513361,105,36.506
109,107,4.052508591700776,106,36.506
109,108,4.089014583888191,107,36.506
109,109,4.125520576075606,108,36.506
109,110,4.162026568263021,109,36.506
109,111,4.1985325604504355,110,36.506
109,112,4.2350385526378505,111,36.506
109,113,4.271544544825265,112,36.506
109,114,4.308106286320949,113,36.562
109,115,4.344668027816632,114,36.562
109,116,4.3812297693123154,115,36.562
109,117,4.417791510807999,116,36.562
109,118,4.454353252303682,117,36.562
109,119,4.4909149937993655,118,36.562
109,120,4.527476735295049,119,36.562
109,121,4.564038476790732,120,36.562
109,122,4.600600218286416,121,36.562
109,123,4.637161959782099,122,36.562
109,124,4.673723701277782,123,36.562
109,125,4.710285442773466,124,36.562
109,126,4.746847184269149,125,36.562
109,127,4.7834089257648325,126,36.562
109,128,4.819970667260516,127,36.562
110,1,0.19135430537861545,0,191.354
110,2,0.22768361245053415,1,36.329
110,3,0.2640129195224528,2,36.329
110,4,0.3003422265943715,3,36.329
110,5,0.33667153366629016,4,36.329
110,6,0.3730008407382088,5,36.329
110,7,0.4093301478101275,6,36.329
110,8,0.44565945488204617,7,36.329
110,9,0.48198876195396484,8,36.329
110,10,0.5183180690258835,9,36.329
110,11,0.5546473760978022,10,36.329
110,12,0.590976683169721,11,36.329
110,13,0.6273059902416397,12,36.329
110,14,0.6636352973135584,13,36.329
110,15,0.6999646043854771,14,36.329
110,16,0.7362939114573959,15,36.329
110,17,0.7726232185293146,16,36.329
110,18,0.8089525256012333,17,36.329
110,19,0.845281832673152,18,36.329
110,20,0.8816111397450708,19,36.329
110,21,0.9179404468169895,20,36.329
110,22,0.9542697538889082,21,36.329
110,23,0.990599060960827,22,36.329
110,24,1.0269283680327457,23,36.329
110,25,1.0632576751046643,24,36.329
110,26,1.099586982176583,25,36.329
110,27,1.1359162892485015,26,36.329
110,28,1.1722455963204201,27,36.329
110,29,1.2085749033923388,28,36.329
110,30,1.2449042104642574,29,36.329
110,31,1.281233517536176,30,36.329
110,32,1.3175628246080946,31,36.329
110,33,1.3538921316800132,32,36.329
110,34,1.3902214387519318,33,36.329
110,35,1.4265507458238504,34,36.329
110,36,1.462880052895769,35,36.329
110,37,1.4992093599676877,36,36.329
110,38,1.5355386670396063,37,36.329
110,39,1.571867974111525,38,36.329
110,40,1.6081972811834435,39,36.329
110,41,1.6445265882553621,40,36.329
110,42,1.6808558953272807,41,36.329
110,43,1.7171852023991994,42,36.329
110,44,1.753514509471118,43,36.329
110,45,1.7898438165430366,44,36.329
110,46,1.8261731236149552,45,36.329
110,47,1.8625024306868738,46,36.329
110,48,1.8988317377587924,47,36.329
110,49,1.935161044830711,48,36.329
110,50,1.971667037018126,49,36.506
110,51,2.008173029205541,50,36.506
110,52,2.0446790213929558,51,36.506
110,53,2.0811850135803707,52,36.506
110,54,2.1176910057677856,53,36.506
110,55,2.1541969979552005,54,36.506
110,56,2.1907029901426154,55,36.506
110,57,2.2272089823300303,56,36.506
110,58,2.263714974517445,57,36.506
110,59,2.30022096670486,58,36.506
110,60,2.336726958892275,59,36.506
110,61,2.37323295107969,60,36.506
110,62,2.409738943267105,61,36.506
110,63,2.4462449354545197,62,36.506
110,64,2.4827509276419346,63,36.506
110,65,2.5192569198293495,64,36.506
110,66,2.5557629120167644,65,36.506
110,67,2.5922689042041793,66,36.506
110,68,2.6287748963915942,67,36.506
110,69,2.665280888579009,68,36.506
110,70,2.701786880766424,69,36.506
110,71,2.738292872953839,70,36.506
110,72,2.774798865141254,71,36.506
110,73,2.8113048573286687,72,36.506
110,74,2.8478108495160837,73,36.506
110,75,2.8843168417034986,74,36.506
110,76,2.9208228338909135,75,36.506
110,77,2.9573288260783284,76,36.506
110,78,2.9938348182657433,77,36.506
110,79,3.030340810453158,78,36.506
110,80,3.066846802640573,79,36.506
110,81,3.103352794827988,80,36.506
110,82,3.139858787015403,81,36.506
110,83,3.176364779202818,82,36.506
110,84,3.2128707713902327,83,36.506
110,85,3.2493767635776476,84,36.506
110,86,3.2858827557650625,85,36.506
110,87,3.3223887479524774,86,36.506
110,88,3.3588947401398923,87,36.506
110,89,3.395400732327307,88,36.506
110,90,3.431906724514722,89,36.506
110,91,3.468412716702137,90,36.506
110,92,3.504918708889552,91,36.506
110,93,3.541424701076967,92,36.506
110,94,3.5779306932643817,93,36.506
110,95,3.6144366854517966,94,36.506
110,96,3.6509426776392115,95,36.506
110,97,3.6874486698266264,96,36.506
110,98,3.7239546620140414,97,36.506
110,99,3.7604606542014563,98,36.506
110,100,3.796966646388871,99,36.506
110,101,3.833472638576286,100,36.506
110,102,3.869978630763701,101,36.506
110,103,3.906484622951116,102,36.506
110,104,3.9429906151385308,103,36.506
110,105,3.9794966073259457,104,36.506
110,106,4.016002599513361,105,36.506
110,107,4.052508591700776,106,36.506
110,108,4.089014583888191,107,36.506
110,109,4.125520576075606,108,36.506
110,110,4.162026568263021,109,36.506
110,111,4.1985325604504355,110,36.506
110,112,4.2350385526378505,111,36.506
110,113,4.271544544825265,112,36.506
110,114,4.308106286320949,113,36.562
110,115,4.344668027816632,114,36.562
110,116,4.3812297693123154,115,36.562
110,117,4.417791510807999,116,36.562
110,118,4.454353252303682,117,36.562
110,119,4.4909149937993655,118,36.562
110,120,4.527476735295049,119,36.562
110,121,4.564038476790732,120,36.562
110,122,4.600600218286416,121,36.562
110,123,4.637161959782099,122,36.562
110,124,4.673723701277782,123,36.562
110,125,4.710285442773466,124,36.562
110,126,4.746847184269149,125,36.562
110,127,4.7834089257648325,126,36.562
110,128,4.819970667260516,127,36.562
111,1,0.19135430537861545,0,191.354
111,2,0.22768361245053415,1,36.329
111,3,0.2640129195224528,2,36.329
111,4,0.3003422265943715,3,36.329
111,5,0.33667153366629016,4,36.329
111,6,0.3730008407382088,5,36.329
111,7,0.4093301478101275,6,36.329
111,8,0.44565945488204617,7,36.329
111,9,0.48198876195396484,8,36.329
111,10,0.5183180690258835,9,36.329
111,11,0.5546473760978022,10,36.329
111,12,0.590976683169721,11,36.329
111,13,0.6273059902416397,12,36.329
111,14,0.6636352973135584,13,36.329
111,15,0.6999646043854771,14,36.329
111,16,0.7362939114573959,15,36.329
111,17,0.7726232185293146,16,36.329
111,18,0.8089525256012333,17,36.329
111,19,0.845281832673152,18,36.329
111,20,0.8816111397450708,19,36.329
111,21,0.9179404468169895,20,36.329
111,22,0.9542697538889082,21,36.329
111,23,0.990599060960827,22,36.329
111,24,1.0269283680327457,23,36.329
111,25,1.0632576751046643,24,36.329
111,26,1.099586982176583,25,36.329
111,27,1.1359162892485015,26,36.329
111,28,1.1722455963204201,27,36.329
111,29,1.2085749033923388,28,36.329
111,30,1.2449042104642574,29,36.329
111,31,1.281233517536176,30,36.329
111,32,1.3175628246080946,31,36.329
111,33,1.3538921316800132,32,36.329
111,34,1.3902214387519318,33,36.329
111,35,1.4265507458238504,34,36.329
111,36,1.462880052895769,35,36.329
111,37,1.4992093599676877,36,36.329
111,38,1.5355386670396063,37,36.329
111,39,1.571867974111525,38,36.329
111,40,1.6081972811834435,39,36.329
111,41,1.6445265882553621,40,36.329
111,42,1.6808558953272807,41,36.329
111,43,1.7171852023991994,42,36.329
111,44,1.753514509471118,43,36.329
111,45,1.7898438165430366,44,36.329
111,46,1.8261731236149552,45,36.329
111,47,1.8625024306868738,46,36.329
111,48,1.8988317377587924,47,36.329
111,49,1.935161044830711,48,36.329
111,50,1.971667037018126,49,36.506
111,51,2.008173029205541,50,36.506
111,52,2.0446790213929558,51,36.506
111,53,2.0811850135803707,52,36.506
111,54,2.1176910057677856,53,36.506
111,55,2.1541969979552005,54,36.506
111,56,2.1907029901426154,55,36.506
111,57,2.2272089823300303,56,36.506
111,58,2.263714974517445,57,36.506
111,59,2.30022096670486,58,36.506
111,60,2.336726958892275,59,36.506
111,61,2.37323295107969,60,36.506
111,62,2.409738943267105,61,36.506
111,63,2.4462449354545197,62,36.506
111,64,2.4827509276419346,63,36.506
111,65,2.5192569198293495,64,36.506
111,66,2.5557629120167644,65,36.506
111,67,2.5922689042041793,66,36.506
111,68,2.6287748963915942,67,36.506
111,69,2.665280888579009,68,36.506
111,70,2.701786880766424,69,36.506
111,71,2.738292872953839,70,36.506
111,72,2.774798865141254,71,36.506
111,73,2.8113048573286687,72,36.506
111,74,2.8478108495160837,73,36.506
111,75,2.8843168417034986,74,36.506
111,76,2.9208228338909135,75,36.506
111,77,2.9573288260783284,76,36.506
111,78,2.9938348182657433,77,36.506
111,79,3.030340810453158,78,36.506
111,80,3.066846802640573,79,36.506
111,81,3.103352794827988,80,36.506
111,82,3.139858787015403,81,36.506
111,83,3.176364779202818,82,36.506
111,84,3.2128707713902327,83,36.506
111,85,3.2493767635776476,84,36.506
111,86,3.2858827557650625,85,36.506
111,87,3.3223887479524774,86,36.506
111,88,3.3588947401398923,87,36.506
111,89,3.395400732327307,88,36.506
111,90,3.431906724514722,89,36.506
111,91,3.468412716702137,90,36.506
111,92,3.504918708889552,91,36.506
111,93,3.541424701076967,92,36.506
111,94,3.5779306932643817,93,36.506
111,95,3.6144366854517966,94,36.506
111,96,3.6509426776392115,95,36.506
111,97,3.6874486698266264,96,36.506
111,98,3.7239546620140414,97,36.506
111,99,3.7604606542014563,98,36.506
111,100,3.796966646388871,99,36.506
111,101,3.833472638576286,100,36.506
111,102,3.869978630763701,101,36.506
111,103,3.906484622951116,102,36.506
111,104,3.9429906151385308,103,36.506
111,105,3.9794966073259457,104,36.506
111,106,4.016002599513361,105,36.506
111,107,4.052508591700776,106,36.506
111,108,4.089014583888191,107,36.506
111,109,4.125520576075606,108,36.506
111,110,4.162026568263021,109,36.506
111,111,4.1985325604504355,110,36.506
111,112,4.2350385526378505,111,36.506
111,113,4.271544544825265,112,36.506
111,114,4.308106286320949,113,36.562
111,115,4.344668027816632,114,36.562
111,116,4.3812297693123154,115,36.562
111,117,4.417791510807999,116,36.562
111,118,4.454353252303682,117,36.562
111,119,4.4909149937993655,118,36.562
111,120,4.527476735295049,119,36.562
111,121,4.564038476790732,120,36.562
111,122,4.600600218286416,121,36.562
111,123,4.637161959782099,122,36.562
111,124,4.673723701277782,123,36.562
111,125,4.710285442773466,124,36.562
111,126,4.746847184269149,125,36.562
111,127,4.7834089257648325,126,36.562
111,128,4.819970667260516,127,36.562
112,1,0.19135430537861545,0,191.354
112,2,0.22768361245053415,1,36.329
112,3,0.2640129195224528,2,36.329
112,4,0.3003422265943715,3,36.329
112,5,0.33667153366629016,4,36.329
112,6,0.3730008407382088,5,36.329
112,7,0.4093301478101275,6,36.329
112,8,0.44565945488204617,7,36.329
112,9,0.48198876195396484,8,36.329
112,10,0.5183180690258835,9,36.329
112,11,0.5546473760978022,10,36.329
112,12,0.590976683169721,11,36.329
112,13,0.6273059902416397,12,36.329
112,14,0.6636352973135584,13,36.329
112,15,0.6999646043854771,14,36.329
112,16,0.7362939114573959,15,36.329
112,17,0.7726232185293146,16,36.329
112,18,0.8089525256012333,17,36.329
112,19,0.845281832673152,18,36.329
112,20,0.8816111397450708,19,36.329
112,21,0.9179404468169895,20,36.329
112,22,0.9542697538889082,21,36.329
112,23,0.990599060960827,22,36.329
112,24,1.0269283680327457,23,36.329
112,25,1.0632576751046643,24,36.329
112,26,1.099586982176583,25,36.329
112,27,1.1359162892485015,26,36.329
112,28,1.1722455963204201,27,36.329
112,29,1.2085749033923388,28,36.329
112,30,1.2449042104642574,29,36.329
112,31,1.281233517536176,30,36.329
112,32,1.3175628246080946,31,36.329
112,33,1.3538921316800132,32,36.329
112,34,1.3902214387519318,33,36.329
112,35,1.4265507458238504,34,36.329
112,36,1.462880052895769,35,36.329
112,37,1.4992093599676877,36,36.329
112,38,1.5355386670396063,37,36.329
112,39,1.571867974111525,38,36.329
112,40,1.6081972811834435,39,36.329
112,41,1.6445265882553621,40,36.329
112,42,1.6808558953272807,41,36.329
112,43,1.7171852023991994,42,36.329
112,44,1.753514509471118,43,36.329
112,45,1.7898438165430366,44,36.329
112,46,1.8261731236149552,45,36.329
112,47,1.8625024306868738,46,36.329
112,48,1.8988317377587924,47,36.329
112,49,1.935161044830711,48,36.329
112,50,1.971667037018126,49,36.506
112,51,2.008173029205541,50,36.506
112,52,2.0446790213929558,51,36.506
112,53,2.0811850135803707,52,36.506
112,54,2.1176910057677856,53,36.506
112,55,2.1541969979552005,54,36.506
112,56,2.1907029901426154,55,36.506
112,57,2.2272089823300303,56,36.506
112,58,2.263714974517445,57,36.506
112,59,2.30022096670486,58,36.506
112,60,2.336726958892275,59,36.506
112,61,2.37323295107969,60,36.506
112,62,2.409738943267105,61,36.506
112,63,2.4462449354545197,62,36.506
112,64,2.4827509276419346,63,36.506
112,65,2.5192569198293495,64,36.506
112,66,2.5557629120167644,65,36.506
112,67,2.5922689042041793,66,36.506
112,68,2.6287748963915942,67,36.506
112,69,2.665280888579009,68,36.506
112,70,2.701786880766424,69,36.506
112,71,2.738292872953839,70,36.506
112,72,2.774798865141254,71,36.506
112,73,2.8113048573286687,72,36.506
112,74,2.8478108495160837,73,36.506
112,75,2.8843168417034986,74,36.506
112,76,2.9208228338909135,75,36.506
112,77,2.9573288260783284,76,36.506
112,78,2.9938348182657433,77,36.506
112,79,3.030340810453158,78,36.506
112,80,3.066846802640573,79,36.506
112,81,3.103352794827988,80,36.506
112,82,3.139858787015403,81,36.506
112,83,3.176364779202818,82,36.506
112,84,3.2128707713902327,83,36.506
112,85,3.2493767635776476,84,36.506
112,86,3.2858827557650625,85,36.506
112,87,3.3223887479524774,86,36.506
112,88,3.3588947401398923,87,36.506
112,89,3.395400732327307,88,36.506
112,90,3.431906724514722,89,36.506
112,91,3.468412716702137,90,36.506
112,92,3.504918708889552,91,36.506
112,93,3.541424701076967,92,36.506
112,94,3.5779306932643817,93,36.506
112,95,3.6144366854517966,94,36.506
112,96,3.6509426776392115,95,36.506
112,97,3.6874486698266264,96,36.506
112,98,3.7239546620140414,97,36.506
112,99,3.7604606542014563,98,36.506
112,100,3.796966646388871,99,36.506
112,101,3.833472638576286,100,36.506
112,102,3.869978630763701,101,36.506
112,103,3.906484622951116,102,36.506
112,104,3.9429906151385308,103,36.506
112,105,3.9794966073259457,104,36.506
112,106,4.016002599513361,105,36.506
112,107,4.052508591700776,106,36.506
112,108,4.089014583888191,107,36.506
112,109,4.125520576075606,108,36.506
112,110,4.162026568263021,109,36.506
112,111,4.1985325604504355,110,36.506
112,112,4.2350385526378505,111,36.506
112,113,4.271544544825265,112,36.506
112,114,4.308106286320949,113,36.562
112,115,4.344668027816632,114,36.562
112,116,4.3812297693123154,115,36.562
112,117,4.417791510807999,116,36.562
112,118,4.454353252303682,117,36.562
112,119,4.4909149937993655,118,36.562
112,120,4.527476735295049,119,36.562
112,121,4.564038476790732,120,36.562
112,122,4.600600218286416,121,36.562
112,123,4.637161959782099,122,36.562
112,124,4.673723701277782,123,36.562
112,125,4.710285442773466,124,36.562
112,126,4.746847184269149,125,36.562
112,127,4.7834089257648325,126,36.562
112,128,4.819970667260516,127,36.562
113,1,0.19135430537861545,0,191.354
113,2,0.22768361245053415,1,36.329
113,3,0.2640129195224528,2,36.329
113,4,0.3003422265943715,3,36.329
113,5,0.33667153366629016,4,36.329
113,6,0.3730008407382088,5,36.329
113,7,0.4093301478101275,6,36.329
113,8,0.44565945488204617,7,36.329
113,9,0.48198876195396484,8,36.329
113,10,0.5183180690258835,9,36.329
113,11,0.5546473760978022,10,36.329
113,12,0.590976683169721,11,36.329
113,13,0.6273059902416397,12,36.329
113,14,0.6636352973135584,13,36.329
113,15,0.6999646043854771,14,36.329
113,16,0.7362939114573959,15,36.329
113,17,0.7726232185293146,16,36.329
113,18,0.8089525256012333,17,36.329
113,19,0.845281832673152,18,36.329
113,20,0.8816111397450708,19,36.329
113,21,0.9179404468169895,20,36.329
113,22,0.9542697538889082,21,36.329
113,23,0.990599060960827,22,36.329
113,24,1.0269283680327457,23,36.329
113,25,1.0632576751046643,24,36.329
113,26,1.099586982176583,25,36.329
113,27,1.1359162892485015,26,36.329
113,28,1.1722455963204201,27,36.329
113,29,1.2085749033923388,28,36.329
113,30,1.2449042104642574,29,36.329
113,31,1.281233517536176,30,36.329
113,32,1.3175628246080946,31,36.329
113,33,1.3538921316800132,32,36.329
113,34,1.3902214387519318,33,36.329
113,35,1.4265507458238504,34,36.329
113,36,1.462880052895769,35,36.329
113,37,1.4992093599676877,36,36.329
113,38,1.5355386670396063,37,36.329
113,39,1.571867974111525,38,36.329
113,40,1.6081972811834435,39,36.329
113,41,1.6445265882553621,40,36.329
113,42,1.6808558953272807,41,36.329
113,43,1.7171852023991994,42,36.329
113,44,1.753514509471118,43,36.329
113,45,1.7898438165430366,44,36.329
113,46,1.8261731236149552,45,36.329
113,47,1.8625024306868738,46,36.329
113,48,1.8988317377587924,47,36.329
113,49,1.935161044830711,48,36.329
113,50,1.971667037018126,49,36.506
113,51,2.008173029205541,50,36.506
113,52,2.0446790213929558,51,36.506
113,53,2.0811850135803707,52,36.506
113,54,2.1176910057677856,53,36.506
113,55,2.1541969979552005,54,36.506
113,56,2.1907029901426154,55,36.506
113,57,2.2272089823300303,56,36.506
113,58,2.263714974517445,57,36.506
113,59,2.30022096670486,58,36.506
113,60,2.336726958892275,59,36.506
113,61,2.37323295107969,60,36.506
113,62,2.409738943267105,61,36.506
113,63,2.4462449354545197,62,36.506
113,64,2.4827509276419346,63,36.506
113,65,2.5192569198293495,64,36.506
113,66,2.5557629120167644,65,36.506
113,67,2.5922689042041793,66,36.506
113,68,2.6287748963915942,67,36.506
113,69,2.665280888579009,68,36.506
113,70,2.701786880766424,69,36.506
113,71,2.738292872953839,70,36.506
113,72,2.774798865141254,71,36.506
113,73,2.8113048573286687,72,36.506
113,74,2.8478108495160837,73,36.506
113,75,2.8843168417034986,74,36.506
113,76,2.9208228338909135,75,36.506
113,77,2.9573288260783284,76,36.506
113,78,2.9938348182657433,77,36.506
113,79,3.030340810453158,78,36.506
113,80,3.066846802640573,79,36.506
113,81,3.103352794827988,80,36.506
113,82,3.139858787015403,81,36.506
113,83,3.176364779202818,82,36.506
113,84,3.2128707713902327,83,36.506
113,85,3.2493767635776476,84,36.506
113,86,3.2858827557650625,85,36.506
113,87,3.3223887479524774,86,36.506
113,88,3.3588947401398923,87,36.506
113,89,3.395400732327307,88,36.506
113,90,3.431906724514722,89,36.506
113,91,3.468412716702137,90,36.506
113,92,3.504918708889552,91,36.506
113,93,3.541424701076967,92,36.506
113,94,3.5779306932643817,93,36.506
113,95,3.6144366854517966,94,36.506
113,96,3.6509426776392115,95,36.506
113,97,3.6874486698266264,96,36.506
113,98,3.7239546620140414,97,36.506
113,99,3.7604606542014563,98,36.506
113,100,3.796966646388871,99,36.506
113,101,3.833472638576286,100,36.506
113,102,3.869978630763701,101,36.506
113,103,3.906484622951116,102,36.506
113,104,3.9429906151385308,103,36.506
113,105,3.9794966073259457,104,36.506
113,106,4.016002599513361,105,36.506
113,107,4.052508591700776,106,36.506
113,108,4.089014583888191,107,36.506
113,109,4.125520576075606,108,36.506
113,110,4.162026568263021,109,36.506
113,111,4.1985325604504355,110,36.506
113,112,4.2350385526378505,111,36.506
113,113,4.271544544825265,112,36.506
113,114,4.308106286320949,113,36.562
113,115,4.344668027816632,114,36.562
113,116,4.3812297693123154,115,36.562
113,117,4.417791510807999,116,36.562
113,118,4.454353252303682,117,36.562
113,119,4.4909149937993655,118,36.562
113,120,4.527476735295049,119,36.562
113,121,4.564038476790732,120,36.562
113,122,4.600600218286416,121,36.562
113,123,4.637161959782099,122,36.562
113,124,4.673723701277782,123,36.562
113,125,4.710285442773466,124,36.562
113,126,4.746847184269149,125,36.562
113,127,4.7834089257648325,126,36.562
113,128,4.819970667260516,127,36.562
114,1,0.19135430537861545,0,191.354
114,2,0.22768361245053415,1,36.329
114,3,0.2640129195224528,2,36.329
114,4,0.3003422265943715,3,36.329
114,5,0.33667153366629016,4,36.329
114,6,0.3730008407382088,5,36.329
114,7,0.4093301478101275,6,36.329
114,8,0.44565945488204617,7,36.329
114,9,0.48198876195396484,8,36.329
114,10,0.5183180690258835,9,36.329
114,11,0.5546473760978022,10,36.329
114,12,0.590976683169721,11,36.329
114,13,0.6273059902416397,12,36.329
114,14,0.6636352973135584,13,36.329
114,15,0.6999646043854771,14,36.329
114,16,0.7362939114573959,15,36.329
114,17,0.7726232185293146,16,36.329
114,18,0.8089525256012333,17,36.329
114,19,0.845281832673152,18,36.329
114,20,0.8816111397450708,19,36.329
114,21,0.9179404468169895,20,36.329
114,22,0.9542697538889082,21,36.329
114,23,0.990599060960827,22,36.329
114,24,1.0269283680327457,23,36.329
114,25,1.0632576751046643,24,36.329
114,26,1.099586982176583,25,36.329
114,27,1.1359162892485015,26,36.329
114,28,1.1722455963204201,27,36.329
114,29,1.2085749033923388,28,36.329
114,30,1.2449042104642574,29,36.329
114,31,1.281233517536176,30,36.329
114,32,1.3175628246080946,31,36.329
114,33,1.3538921316800132,32,36.329
114,34,1.3902214387519318,33,36.329
114,35,1.4265507458238504,34,36.329
114,36,1.462880052895769,35,36.329
114,37,1.4992093599676877,36,36.329
114,38,1.5355386670396063,37,36.329
114,39,1.571867974111525,38,36.329
114,40,1.6081972811834435,39,36.329
114,41,1.6445265882553621,40,36.329
114,42,1.6808558953272807,41,36.329
114,43,1.7171852023991994,42,36.329
114,44,1.753514509471118,43,36.329
114,45,1.7898438165430366,44,36.329
114,46,1.8261731236149552,45,36.329
114,47,1.8625024306868738,46,36.329
114,48,1.8988317377587924,47,36.329
114,49,1.935161044830711,48,36.329
114,50,1.971667037018126,49,36.506
114,51,2.008173029205541,50,36.506
114,52,2.0446790213929558,51,36.506
114,53,2.0811850135803707,52,36.506
114,54,2.1176910057677856,53,36.506
114,55,2.1541969979552005,54,36.506
114,56,2.1907029901426154,55,36.506
114,57,2.2272089823300303,56,36.506
114,58,2.263714974517445,57,36.506
114,59,2.30022096670486,58,36.506
114,60,2.336726958892275,59,36.506
114,61,2.37323295107969,60,36.506
114,62,2.409738943267105,61,36.506
114,63,2.4462449354545197,62,36.506
114,64,2.4827509276419346,63,36.506
114,65,2.5192569198293495,64,36.506
114,66,2.5557629120167644,65,36.506
114,67,2.5922689042041793,66,36.506
114,68,2.6287748963915942,67,36.506
114,69,2.665280888579009,68,36.506
114,70,2.701786880766424,69,36.506
114,71,2.738292872953839,70,36.506
114,72,2.774798865141254,71,36.506
114,73,2.8113048573286687,72,36.506
114,74,2.8478108495160837,73,36.506
114,75,2.8843168417034986,74,36.506
114,76,2.9208228338909135,75,36.506
114,77,2.9573288260783284,76,36.506
114,78,2.9938348182657433,77,36.506
114,79,3.030340810453158,78,36.506
114,80,3.066846802640573,79,36.506
114,81,3.103352794827988,80,36.506
114,82,3.139858787015403,81,36.506
114,83,3.176364779202818,82,36.506
114,84,3.2128707713902327,83,36.506
114,85,3.2493767635776476,84,36.506
114,86,3.2858827557650625,85,36.506
114,87,3.3223887479524774,86,36.506
114,88,3.3588947401398923,87,36.506
114,89,3.395400732327307,88,36.506
114,90,3.431906724514722,89,36.506
114,91,3.468412716702137,90,36.506
114,92,3.504918708889552,91,36.506
114,93,3.541424701076967,92,36.506
114,94,3.5779306932643817,93,36.506
114,95,3.6144366854517966,94,36.506
114,96,3.6509426776392115,95,36.506
114,97,3.6874486698266264,96,36.506
114,98,3.7239546620140414,97,36.506
114,99,3.7604606542014563,98,36.506
114,100,3.796966646388871,99,36.506
114,101,3.833472638576286,100,36.506
114,102,3.869978630763701,101,36.506
114,103,3.906484622951116,102,36.506
114,104,3.9429906151385308,103,36.506
114,105,3.9794966073259457,104,36.506
114,106,4.016002599513361,105,36.506
114,107,4.052508591700776,106,36.506
114,108,4.089014583888191,107,36.506
114,109,4.125520576075606,108,36.506
114,110,4.162026568263021,109,36.506
114,111,4.1985325604504355,110,36.506
114,112,4.2350385526378505,111,36.506
114,113,4.271544544825265,112,36.506
114,114,4.308106286320949,113,36.562
114,115,4.344668027816632,114,36.562
114,116,4.3812297693123154,115,36.562
114,117,4.417791510807999,116,36.562
114,118,4.454353252303682,117,36.562
114,119,4.4909149937993655,118,36.562
114,120,4.527476735295049,119,36.562
114,121,4.564038476790732,120,36.562
114,122,4.600600218286416,121,36.562
114,123,4.637161959782099,122,36.562
114,124,4.673723701277782,123,36.562
114,125,4.710285442773466,124,36.562
114,126,4.746847184269149,125,36.562
114,127,4.7834089257648325,126,36.562
114,128,4.819970667260516,127,36.562
115,1,0.19135430537861545,0,191.354
115,2,0.22768361245053415,1,36.329
115,3,0.2640129195224528,2,36.329
115,4,0.3003422265943715,3,36.329
115,5,0.33667153366629016,4,36.329
115,6,0.3730008407382088,5,36.329
115,7,0.4093301478101275,6,36.329
115,8,0.44565945488204617,7,36.329
115,9,0.48198876195396484,8,36.329
115,10,0.5183180690258835,9,36.329
115,11,0.5546473760978022,10,36.329
115,12,0.590976683169721,11,36.329
115,13,0.6273059902416397,12,36.329
115,14,0.6636352973135584,13,36.329
115,15,0.6999646043854771,14,36.329
115,16,0.7362939114573959,15,36.329
115,17,0.7726232185293146,16,36.329
115,18,0.8089525256012333,17,36.329
115,19,0.845281832673152,18,36.329
115,20,0.8816111397450708,19,36.329
115,21,0.9179404468169895,20,36.329
115,22,0.9542697538889082,21,36.329
115,23,0.990599060960827,22,36.329
115,24,1.0269283680327457,23,36.329
115,25,1.0632576751046643,24,36.329
115,26,1.099586982176583,25,36.329
115,27,1.1359162892485015,26,36.329
115,28,1.1722455963204201,27,36.329
115,29,1.2085749033923388,28,36.329
115,30,1.2449042104642574,29,36.329
115,31,1.281233517536176,30,36.329
115,32,1.3175628246080946,31,36.329
115,33,1.3538921316800132,32,36.329
115,34,1.3902214387519318,33,36.329
115,35,1.4265507458238504,34,36.329
115,36,1.462880052895769,35,36.329
115,37,1.4992093599676877,36,36.329
115,38,1.5355386670396063,37,36.329
115,39,1.571867974111525,38,36.329
115,40,1.6081972811834435,39,36.329
115,41,1.6445265882553621,40,36.329
115,42,1.6808558953272807,41,36.329
115,43,1.7171852023991994,42,36.329
115,44,1.753514509471118,43,36.329
115,45,1.7898438165430366,44,36.329
115,46,1.8261731236149552,45,36.329
115,47,1.8625024306868738,46,36.329
115,48,1.8988317377587924,47,36.329
115,49,1.935161044830711,48,36.329
115,50,1.971667037018126,49,36.506
115,51,2.008173029205541,50,36.506
115,52,2.0446790213929558,51,36.506
115,53,2.0811850135803707,52,36.506
115,54,2.1176910057677856,53,36.506
115,55,2.1541969979552005,54,36.506
115,56,2.1907029901426154,55,36.506
115,57,2.2272089823300303,56,36.506
115,58,2.263714974517445,57,36.506
115,59,2.30022096670486,58,36.506
115,60,2.336726958892275,59,36.506
115,61,2.37323295107969,60,36.506
115,62,2.409738943267105,61,36.506
115,63,2.4462449354545197,62,36.506
115,64,2.4827509276419346,63,36.506
115,65,2.5192569198293495,64,36.506
115,66,2.5557629120167644,65,36.506
115,67,2.5922689042041793,66,36.506
115,68,2.6287748963915942,67,36.506
115,69,2.665280888579009,68,36.506
115,70,2.701786880766424,69,36.506
115,71,2.738292872953839,70,36.506
115,72,2.774798865141254,71,36.506
115,73,2.8113048573286687,72,36.506
115,74,2.8478108495160837,73,36.506
115,75,2.8843168417034986,74,36.506
115,76,2.9208228338909135,75,36.506
115,77,2.9573288260783284,76,36.506
115,78,2.9938348182657433,77,36.506
115,79,3.030340810453158,78,36.506
115,80,3.066846802640573,79,36.506
115,81,3.103352794827988,80,36.506
115,82,3.139858787015403,81,36.506
115,83,3.176364779202818,82,36.506
115,84,3.2128707713902327,83,36.506
115,85,3.2493767635776476,84,36.506
115,86,3.2858827557650625,85,36.506
115,87,3.3223887479524774,86,36.506
115,88,3.3588947401398923,87,36.506
115,89,3.395400732327307,88,36.506
115,90,3.431906724514722,89,36.506
115,91,3.468412716702137,90,36.506
115,92,3.504918708889552,91,36.506
115,93,3.541424701076967,92,36.506
115,94,3.5779306932643817,93,36.506
115,95,3.6144366854517966,94,36.506
115,96,3.6509426776392115,95,36.506
115,97,3.6874486698266264,96,36.506
115,98,3.7239546620140414,97,36.506
115,99,3.7604606542014563,98,36.506
115,100,3.796966646388871,99,36.506
115,101,3.833472638576286,100,36.506
115,102,3.869978630763701,101,36.506
115,103,3.906484622951116,102,36.506
115,104,3.9429906151385308,103,36.506
115,105,3.9794966073259457,104,36.506
115,106,4.016002599513361,105,36.506
115,107,4.052508591700776,106,36.506
115,108,4.089014583888191,107,36.506
115,109,4.125520576075606,108,36.506
115,110,4.162026568263021,109,36.506
115,111,4.1985325604504355,110,36.506
115,112,4.2350385526378505,111,36.506
115,113,4.271544544825265,112,36.506
115,114,4.308106286320949,113,36.562
115,115,4.344668027816632,114,36.562
115,116,4.3812297693123154,115,36.562
115,117,4.417791510807999,116,36.562
115,118,4.454353252303682,117,36.562
115,119,4.4909149937993655,118,36.562
115,120,4.527476735295049,119,36.562
115,121,4.564038476790732,120,36.562
115,122,4.600600218286416,121,36.562
115,123,4.637161959782099,122,36.562
115,124,4.673723701277782,123,36.562
115,125,4.710285442773466,124,36.562
115,126,4.746847184269149,125,36.562
115,127,4.7834089257648325,126,36.562
115,128,4.819970667260516,127,36.562
116,1,0.19135430537861545,0,191.354
116,2,0.22768361245053415,1,36.329
116,3,0.2640129195224528,2,36.329
116,4,0.3003422265943715,3,36.329
116,5,0.33667153366629016,4,36.329
116,6,0.3730008407382088,5,36.329
116,7,0.4093301478101275,6,36.329
116,8,0.44565945488204617,7,36.329
116,9,0.48198876195396484,8,36.329
116,10,0.5183180690258835,9,36.329
116,11,0.5546473760978022,10,36.329
116,12,0.590976683169721,11,36.329
116,13,0.6273059902416397,12,36.329
116,14,0.6636352973135584,13,36.329
116,15,0.6999646043854771,14,36.329
116,16,0.7362939114573959,15,36.329
116,17,0.7726232185293146,16,36.329
116,18,0.8089525256012333,17,36.329
116,19,0.845281832673152,18,36.329
116,20,0.8816111397450708,19,36.329
116,21,0.9179404468169895,20,36.329
116,22,0.9542697538889082,21,36.329
116,23,0.990599060960827,22,36.329
116,24,1.0269283680327457,23,36.329
116,25,1.0632576751046643,24,36.329
116,26,1.099586982176583,25,36.329
116,27,1.1359162892485015,26,36.329
116,28,1.1722455963204201,27,36.329
116,29,1.2085749033923388,28,36.329
116,30,1.2449042104642574,29,36.329
116,31,1.281233517536176,30,36.329
116,32,1.3175628246080946,31,36.329
116,33,1.3538921316800132,32,36.329
116,34,1.3902214387519318,33,36.329
116,35,1.4265507458238504,34,36.329
116,36,1.462880052895769,35,36.329
116,37,1.4992093599676877,36,36.329
116,38,1.5355386670396063,37,36.329
116,39,1.571867974111525,38,36.329
116,40,1.6081972811834435,39,36.329
116,41,1.6445265882553621,40,36.329
116,42,1.6808558953272807,41,36.329
116,43,1.7171852023991994,42,36.329
116,44,1.753514509471118,43,36.329
116,45,1.7898438165430366,44,36.329
116,46,1.8261731236149552,45,36.329
116,47,1.8625024306868738,46,36.329
116,48,1.8988317377587924,47,36.329
116,49,1.935161044830711,48,36.329
116,50,1.971667037018126,49,36.506
116,51,2.008173029205541,50,36.506
116,52,2.0446790213929558,51,36.506
116,53,2.0811850135803707,52,36.506
116,54,2.1176910057677856,53,36.506
116,55,2.1541969979552005,54,36.506
116,56,2.1907029901426154,55,36.506
116,57,2.2272089823300303,56,36.506
116,58,2.263714974517445,57,36.506
116,59,2.30022096670486,58,36.506
116,60,2.336726958892275,59,36.506
116,61,2.37323295107969,60,36.506
116,62,2.409738943267105,61,36.506
116,63,2.4462449354545197,62,36.506
116,64,2.4827509276419346,63,36.506
116,65,2.5192569198293495,64,36.506
116,66,2.5557629120167644,65,36.506
116,67,2.5922689042041793,66,36.506
116,68,2.6287748963915942,67,36.506
116,69,2.665280888579009,68,36.506
116,70,2.701786880766424,69,36.506
116,71,2.738292872953839,70,36.506
116,72,2.774798865141254,71,36.506
116,73,2.8113048573286687,72,36.506
116,74,2.8478108495160837,73,36.506
116,75,2.8843168417034986,74,36.506
116,76,2.9208228338909135,75,36.506
116,77,2.9573288260783284,76,36.506
116,78,2.9938348182657433,77,36.506
116,79,3.030340810453158,78,36.506
116,80,3.066846802640573,79,36.506
116,81,3.103352794827988,80,36.506
116,82,3.139858787015403,81,36.506
116,83,3.176364779202818,82,36.506
116,84,3.2128707713902327,83,36.506
116,85,3.2493767635776476,84,36.506
116,86,3.2858827557650625,85,36.506
116,87,3.3223887479524774,86,36.506
116,88,3.3588947401398923,87,36.506
116,89,3.395400732327307,88,36.506
116,90,3.431906724514722,89,36.506
116,91,3.468412716702137,90,36.506
116,92,3.504918708889552,91,36.506
116,93,3.541424701076967,92,36.506
116,94,3.5779306932643817,93,36.506
116,95,3.6144366854517966,94,36.506
116,96,3.6509426776392115,95,36.506
116,97,3.6874486698266264,96,36.506
116,98,3.7239546620140414,97,36.506
116,99,3.7604606542014563,98,36.506
116,100,3.796966646388871,99,36.506
116,101,3.833472638576286,100,36.506
116,102,3.869978630763701,101,36.506
116,103,3.906484622951116,102,36.506
116,104,3.9429906151385308,103,36.506
116,105,3.9794966073259457,104,36.506
116,106,4.016002599513361,105,36.506
116,107,4.052508591700776,106,36.506
116,108,4.089014583888191,107,36.506
116,109,4.125520576075606,108,36.506
116,110,4.162026568263021,109,36.506
116,111,4.1985325604504355,110,36.506
116,112,4.2350385526378505,111,36.506
116,113,4.271544544825265,112,36.506
116,114,4.308106286320949,113,36.562
116,115,4.344668027816632,114,36.562
116,116,4.3812297693123154,115,36.562
116,117,4.417791510807999,116,36.562
116,118,4.454353252303682,117,36.562
116,119,4.4909149937993655,118,36.562
116,120,4.527476735295049,119,36.562
116,121,4.564038476790732,120,36.562
116,122,4.600600218286416,121,36.562
116,123,4.637161959782099,122,36.562
116,124,4.673723701277782,123,36.562
116,125,4.710285442773466,124,36.562
116,126,4.746847184269149,125,36.562
116,127,4.7834089257648325,126,36.562
116,128,4.819970667260516,127,36.562
117,1,0.19135430537861545,0,191.354
117,2,0.22768361245053415,1,36.329
117,3,0.2640129195224528,2,36.329
117,4,0.3003422265943715,3,36.329
117,5,0.33667153366629016,4,36.329
117,6,0.3730008407382088,5,36.329
117,7,0.4093301478101275,6,36.329
117,8,0.44565945488204617,7,36.329
117,9,0.48198876195396484,8,36.329
117,10,0.5183180690258835,9,36.329
117,11,0.5546473760978022,10,36.329
117,12,0.590976683169721,11,36.329
117,13,0.6273059902416397,12,36.329
117,14,0.6636352973135584,13,36.329
117,15,0.6999646043854771,14,36.329
117,16,0.7362939114573959,15,36.329
117,17,0.7726232185293146,16,36.329
117,18,0.8089525256012333,17,36.329
117,19,0.845281832673152,18,36.329
117,20,0.8816111397450708,19,36.329
117,21,0.9179404468169895,20,36.329
117,22,0.9542697538889082,21,36.329
117,23,0.990599060960827,22,36.329
117,24,1.0269283680327457,23,36.329
117,25,1.0632576751046643,24,36.329
117,26,1.099586982176583,25,36.329
117,27,1.1359162892485015,26,36.329
117,28,1.1722455963204201,27,36.329
117,29,1.2085749033923388,28,36.329
117,30,1.2449042104642574,29,36.329
117,31,1.281233517536176,30,36.329
117,32,1.3175628246080946,31,36.329
117,33,1.3538921316800132,32,36.329
117,34,1.3902214387519318,33,36.329
117,35,1.4265507458238504,34,36.329
117,36,1.462880052895769,35,36.329
117,37,1.4992093599676877,36,36.329
117,38,1.5355386670396063,37,36.329
117,39,1.571867974111525,38,36.329
117,40,1.6081972811834435,39,36.329
117,41,1.6445265882553621,40,36.329
117,42,1.6808558953272807,41,36.329
117,43,1.7171852023991994,42,36.329
117,44,1.753514509471118,43,36.329
117,45,1.7898438165430366,44,36.329
117,46,1.8261731236149552,45,36.329
117,47,1.8625024306868738,46,36.329
117,48,1.8988317377587924,47,36.329
117,49,1.935161044830711,48,36.329
117,50,1.971667037018126,49,36.506
117,51,2.008173029205541,50,36.506
117,52,2.0446790213929558,51,36.506
117,53,2.0811850135803707,52,36.506
117,54,2.1176910057677856,53,36.506
117,55,2.1541969979552005,54,36.506
117,56,2.1907029901426154,55,36.506
117,57,2.2272089823300303,56,36.506
117,58,2.263714974517445,57,36.506
117,59,2.30022096670486,58,36.506
117,60,2.336726958892275,59,36.506
117,61,2.37323295107969,60,36.506
117,62,2.409738943267105,61,36.506
117,63,2.4462449354545197,62,36.506
117,64,2.4827509276419346,63,36.506
117,65,2.5192569198293495,64,36.506
117,66,2.5557629120167644,65,36.506
117,67,2.5922689042041793,66,36.506
117,68,2.6287748963915942,67,36.506
117,69,2.665280888579009,68,36.506
117,70,2.701786880766424,69,36.506
117,71,2.738292872953839,70,36.506
117,72,2.774798865141254,71,36.506
117,73,2.8113048573286687,72,36.506
117,74,2.8478108495160837,73,36.506
117,75,2.8843168417034986,74,36.506
117,76,2.9208228338909135,75,36.506
117,77,2.9573288260783284,76,36.506
117,78,2.9938348182657433,77,36.506
117,79,3.030340810453158,78,36.506
117,80,3.066846802640573,79,36.506
117,81,3.103352794827988,80,36.506
117,82,3.139858787015403,81,36.506
117,83,3.176364779202818,82,36.506
117,84,3.2128707713902327,83,36.506
117,85,3.2493767635776476,84,36.506
117,86,3.2858827557650625,85,36.506
117,87,3.3223887479524774,86,36.506
117,88,3.3588947401398923,87,36.506
117,89,3.395400732327307,88,36.506
117,90,3.431906724514722,89,36.506
117,91,3.468412716702137,90,36.506
117,92,3.504918708889552,91,36.506
117,93,3.541424701076967,92,36.506
117,94,3.5779306932643817,93,36.506
117,95,3.6144366854517966,94,36.506
117,96,3.6509426776392115,95,36.506
117,97,3.6874486698266264,96,36.506
117,98,3.7239546620140414,97,36.506
117,99,3.7604606542014563,98,36.506
117,100,3.796966646388871,99,36.506
117,101,3.833472638576286,100,36.506
117,102,3.869978630763701,101,36.506
117,103,3.906484622951116,102,36.506
117,104,3.9429906151385308,103,36.506
117,105,3.9794966073259457,104,36.506
117,106,4.016002599513361,105,36.506
117,107,4.052508591700776,106,36.506
117,108,4.089014583888191,107,36.506
117,109,4.125520576075606,108,36.506
117,110,4.162026568263021,109,36.506
117,111,4.1985325604504355,110,36.506
117,112,4.2350385526378505,111,36.506
117,113,4.271544544825265,112,36.506
117,114,4.308106286320949,113,36.562
117,115,4.344668027816632,114,36.562
117,116,4.3812297693123154,115,36.562
117,117,4.417791510807999,116,36.562
117,118,4.454353252303682,117,36.562
117,119,4.4909149937993655,118,36.562
117,120,4.527476735295049,119,36.562
117,121,4.564038476790732,120,36.562
117,122,4.600600218286416,121,36.562
117,123,4.637161959782099,122,36.562
117,124,4.673723701277782,123,36.562
117,125,4.710285442773466,124,36.562
117,126,4.746847184269149,125,36.562
117,127,4.7834089257648325,126,36.562
117,128,4.819970667260516,127,36.562
118,1,0.19135430537861545,0,191.354
118,2,0.22768361245053415,1,36.329
118,3,0.2640129195224528,2,36.329
118,4,0.3003422265943715,3,36.329
118,5,0.33667153366629016,4,36.329
118,6,0.3730008407382088,5,36.329
118,7,0.4093301478101275,6,36.329
118,8,0.44565945488204617,7,36.329
118,9,0.48198876195396484,8,36.329
118,10,0.5183180690258835,9,36.329
118,11,0.5546473760978022,10,36.329
118,12,0.590976683169721,11,36.329
118,13,0.6273059902416397,12,36.329
118,14,0.6636352973135584,13,36.329
118,15,0.6999646043854771,14,36.329
118,16,0.7362939114573959,15,36.329
118,17,0.7726232185293146,16,36.329
118,18,0.8089525256012333,17,36.329
118,19,0.845281832673152,18,36.329
118,20,0.8816111397450708,19,36.329
118,21,0.9179404468169895,20,36.329
118,22,0.9542697538889082,21,36.329
118,23,0.990599060960827,22,36.329
118,24,1.0269283680327457,23,36.329
118,25,1.0632576751046643,24,36.329
118,26,1.099586982176583,25,36.329
118,27,1.1359162892485015,26,36.329
118,28,1.1722455963204201,27,36.329
118,29,1.2085749033923388,28,36.329
118,30,1.2449042104642574,29,36.329
118,31,1.281233517536176,30,36.329
118,32,1.3175628246080946,31,36.329
118,33,1.3538921316800132,32,36.329
118,34,1.3902214387519318,33,36.329
118,35,1.4265507458238504,34,36.329
118,36,1.462880052895769,35,36.329
118,37,1.4992093599676877,36,36.329
118,38,1.5355386670396063,37,36.329
118,39,1.571867974111525,38,36.329
118,40,1.6081972811834435,39,36.329
118,41,1.6445265882553621,40,36.329
118,42,1.6808558953272807,41,36.329
118,43,1.7171852023991994,42,36.329
118,44,1.753514509471118,43,36.329
118,45,1.7898438165430366,44,36.329
118,46,1.8261731236149552,45,36.329
118,47,1.8625024306868738,46,36.329
118,48,1.8988317377587924,47,36.329
118,49,1.935161044830711,48,36.329
118,50,1.971667037018126,49,36.506
118,51,2.008173029205541,50,36.506
118,52,2.0446790213929558,51,36.506
118,53,2.0811850135803707,52,36.506
118,54,2.1176910057677856,53,36.506
118,55,2.1541969979552005,54,36.506
118,56,2.1907029901426154,55,36.506
118,57,2.2272089823300303,56,36.506
118,58,2.263714974517445,57,36.506
118,59,2.30022096670486,58,36.506
118,60,2.336726958892275,59,36.506
118,61,2.37323295107969,60,36.506
118,62,2.409738943267105,61,36.506
118,63,2.4462449354545197,62,36.506
118,64,2.4827509276419346,63,36.506
118,65,2.5192569198293495,64,36.506
118,66,2.5557629120167644,65,36.506
118,67,2.5922689042041793,66,36.506
118,68,2.6287748963915942,67,36.506
118,69,2.665280888579009,68,36.506
118,70,2.701786880766424,69,36.506
118,71,2.738292872953839,70,36.506
118,72,2.774798865141254,71,36.506
118,73,2.8113048573286687,72,36.506
118,74,2.8478108495160837,73,36.506
118,75,2.8843168417034986,74,36.506
118,76,2.9208228338909135,75,36.506
118,77,2.9573288260783284,76,36.506
118,78,2.9938348182657433,77,36.506
118,79,3.030340810453158,78,36.506
118,80,3.066846802640573,79,36.506
118,81,3.103352794827988,80,36.506
118,82,3.139858787015403,81,36.506
118,83,3.176364779202818,82,36.506
118,84,3.2128707713902327,83,36.506
118,85,3.2493767635776476,84,36.506
118,86,3.2858827557650625,85,36.506
118,87,3.3223887479524774,86,36.506
118,88,3.3588947401398923,87,36.506
118,89,3.395400732327307,88,36.506
118,90,3.431906724514722,89,36.506
118,91,3.468412716702137,90,36.506
118,92,3.504918708889552,91,36.506
118,93,3.541424701076967,92,36.506
118,94,3.5779306932643817,93,36.506
118,95,3.6144366854517966,94,36.506
118,96,3.6509426776392115,95,36.506
118,97,3.6874486698266264,96,36.506
118,98,3.7239546620140414,97,36.506
118,99,3.7604606542014563,98,36.506
118,100,3.796966646388871,99,36.506
118,101,3.833472638576286,100,36.506
118,102,3.869978630763701,101,36.506
118,103,3.906484622951116,102,36.506
118,104,3.9429906151385308,103,36.506
118,105,3.9794966073259457,104,36.506
118,106,4.016002599513361,105,36.506
118,107,4.052508591700776,106,36.506
118,108,4.089014583888191,107,36.506
118,109,4.125520576075606,108,36.506
118,110,4.162026568263021,109,36.506
118,111,4.1985325604504355,110,36.506
118,112,4.2350385526378505,111,36.506
118,113,4.271544544825265,112,36.506
118,114,4.308106286320949,113,36.562
118,115,4.344668027816632,114,36.562
118,116,4.3812297693123154,115,36.562
118,117,4.417791510807999,116,36.562
118,118,4.454353252303682,117,36.562
118,119,4.4909149937993655,118,36.562
118,120,4.527476735295049,119,36.562
118,121,4.564038476790732,120,36.562
118,122,4.600600218286416,121,36.562
118,123,4.637161959782099,122,36.562
118,124,4.673723701277782,123,36.562
118,125,4.710285442773466,124,36.562
118,126,4.746847184269149,125,36.562
118,127,4.7834089257648325,126,36.562
118,128,4.819970667260516,127,36.562
119,1,0.19135430537861545,0,191.354
119,2,0.22768361245053415,1,36.329
119,3,0.2640129195224528,2,36.329
119,4,0.3003422265943715,3,36.329
119,5,0.33667153366629016,4,36.329
119,6,0.3730008407382088,5,36.329
119,7,0.4093301478101275,6,36.329
119,8,0.44565945488204617,7,36.329
119,9,0.48198876195396484,8,36.329
119,10,0.5183180690258835,9,36.329
119,11,0.5546473760978022,10,36.329
119,12,0.590976683169721,11,36.329
119,13,0.6273059902416397,12,36.329
119,14,0.6636352973135584,13,36.329
119,15,0.6999646043854771,14,36.329
119,16,0.7362939114573959,15,36.329
119,17,0.7726232185293146,16,36.329
119,18,0.8089525256012333,17,36.329
119,19,0.845281832673152,18,36.329
119,20,0.8816111397450708,19,36.329
119,21,0.9179404468169895,20,36.329
119,22,0.9542697538889082,21,36.329
119,23,0.990599060960827,22,36.329
119,24,1.0269283680327457,23,36.329
119,25,1.0632576751046643,24,36.329
119,26,1.099586982176583,25,36.329
119,27,1.1359162892485015,26,36.329
119,28,1.1722455963204201,27,36.329
119,29,1.2085749033923388,28,36.329
119,30,1.2449042104642574,29,36.329
119,31,1.281233517536176,30,36.329
119,32,1.3175628246080946,31,36.329
119,33,1.3538921316800132,32,36.329
119,34,1.3902214387519318,33,36.329
119,35,1.4265507458238504,34,36.329
119,36,1.462880052895769,35,36.329
119,37,1.4992093599676877,36,36.329
119,38,1.5355386670396063,37,36.329
119,39,1.571867974111525,38,36.329
119,40,1.6081972811834435,39,36.329
119,41,1.6445265882553621,40,36.329
119,42,1.6808558953272807,41,36.329
119,43,1.7171852023991994,42,36.329
119,44,1.753514509471118,43,36.329
119,45,1.7898438165430366,44,36.329
119,46,1.8261731236149552,45,36.329
119,47,1.8625024306868738,46,36.329
119,48,1.8988317377587924,47,36.329
119,49,1.935161044830711,48,36.329
119,50,1.971667037018126,49,36.506
119,51,2.008173029205541,50,36.506
119,52,2.0446790213929558,51,36.506
119,53,2.0811850135803707,52,36.506
119,54,2.1176910057677856,53,36.506
119,55,2.1541969979552005,54,36.506
119,56,2.1907029901426154,55,36.506
119,57,2.2272089823300303,56,36.506
119,58,2.263714974517445,57,36.506
119,59,2.30022096670486,58,36.506
119,60,2.336726958892275,59,36.506
119,61,2.37323295107969,60,36.506
119,62,2.409738943267105,61,36.506
119,63,2.4462449354545197,62,36.506
119,64,2.4827509276419346,63,36.506
119,65,2.5192569198293495,64,36.506
119,66,2.5557629120167644,65,36.506
119,67,2.5922689042041793,66,36.506
119,68,2.6287748963915942,67,36.506
119,69,2.665280888579009,68,36.506
119,70,2.701786880766424,69,36.506
119,71,2.738292872953839,70,36.506
119,72,2.774798865141254,71,36.506
119,73,2.8113048573286687,72,36.506
119,74,2.8478108495160837,73,36.506
119,75,2.8843168417034986,74,36.506
119,76,2.9208228338909135,75,36.506
119,77,2.9573288260783284,76,36.506
119,78,2.9938348182657433,77,36.506
119,79,3.030340810453158,78,36.506
119,80,3.066846802640573,79,36.506
119,81,3.103352794827988,80,36.506
119,82,3.139858787015403,81,36.506
119,83,3.176364779202818,82,36.506
119,84,3.2128707713902327,83,36.506
119,85,3.2493767635776476,84,36.506
119,86,3.2858827557650625,85,36.506
119,87,3.3223887479524774,86,36.506
119,88,3.3588947401398923,87,36.506
119,89,3.395400732327307,88,36.506
119,90,3.431906724514722,89,36.506
119,91,3.468412716702137,90,36.506
119,92,3.504918708889552,91,36.506
119,93,3.541424701076967,92,36.506
119,94,3.5779306932643817,93,36.506
119,95,3.6144366854517966,94,36.506
119,96,3.6509426776392115,95,36.506
119,97,3.6874486698266264,96,36.506
119,98,3.7239546620140414,97,36.506
119,99,3.7604606542014563,98,36.506
119,100,3.796966646388871,99,36.506
119,101,3.833472638576286,100,36.506
119,102,3.869978630763701,101,36.506
119,103,3.906484622951116,102,36.506
119,104,3.9429906151385308,103,36.506
119,105,3.9794966073259457,104,36.506
119,106,4.016002599513361,105,36.506
119,107,4.052508591700776,106,36.506
119,108,4.089014583888191,107,36.506
119,109,4.125520576075606,108,36.506
119,110,4.162026568263021,109,36.506
119,111,4.1985325604504355,110,36.506
119,112,4.2350385526378505,111,36.506
119,113,4.271544544825265,112,36.506
119,114,4.308106286320949,113,36.562
119,115,4.344668027816632,114,36.562
119,116,4.3812297693123154,115,36.562
119,117,4.417791510807999,116,36.562
119,118,4.454353252303682,117,36.562
119,119,4.4909149937993655,118,36.562
119,120,4.527476735295049,119,36.562
119,121,4.564038476790732,120,36.562
119,122,4.600600218286416,121,36.562
119,123,4.637161959782099,122,36.562
119,124,4.673723701277782,123,36.562
119,125,4.710285442773466,124,36.562
119,126,4.746847184269149,125,36.562
119,127,4.7834089257648325,126,36.562
119,128,4.819970667260516,127,36.562
120,1,0.19135430537861545,0,191.354
120,2,0.22768361245053415,1,36.329
120,3,0.2640129195224528,2,36.329
120,4,0.3003422265943715,3,36.329
120,5,0.33667153366629016,4,36.329
120,6,0.3730008407382088,5,36.329
120,7,0.4093301478101275,6,36.329
120,8,0.44565945488204617,7,36.329
120,9,0.48198876195396484,8,36.329
120,10,0.5183180690258835,9,36.329
120,11,0.5546473760978022,10,36.329
120,12,0.590976683169721,11,36.329
120,13,0.6273059902416397,12,36.329
120,14,0.6636352973135584,13,36.329
120,15,0.6999646043854771,14,36.329
120,16,0.7362939114573959,15,36.329
120,17,0.7726232185293146,16,36.329
120,18,0.8089525256012333,17,36.329
120,19,0.845281832673152,18,36.329
120,20,0.8816111397450708,19,36.329
120,21,0.9179404468169895,20,36.329
120,22,0.9542697538889082,21,36.329
120,23,0.990599060960827,22,36.329
120,24,1.0269283680327457,23,36.329
120,25,1.0632576751046643,24,36.329
120,26,1.099586982176583,25,36.329
120,27,1.1359162892485015,26,36.329
120,28,1.1722455963204201,27,36.329
120,29,1.2085749033923388,28,36.329
120,30,1.2449042104642574,29,36.329
120,31,1.281233517536176,30,36.329
120,32,1.3175628246080946,31,36.329
120,33,1.3538921316800132,32,36.329
120,34,1.3902214387519318,33,36.329
120,35,1.4265507458238504,34,36.329
120,36,1.462880052895769,35,36.329
120,37,1.4992093599676877,36,36.329
120,38,1.5355386670396063,37,36.329
120,39,1.571867974111525,38,36.329
120,40,1.6081972811834435,39,36.329
120,41,1.6445265882553621,40,36.329
120,42,1.6808558953272807,41,36.329
120,43,1.7171852023991994,42,36.329
120,44,1.753514509471118,43,36.329
120,45,1.7898438165430366,44,36.329
120,46,1.8261731236149552,45,36.329
120,47,1.8625024306868738,46,36.329
120,48,1.8988317377587924,47,36.329
120,49,1.935161044830711,48,36.329
120,50,1.971667037018126,49,36.506
120,51,2.008173029205541,50,36.506
120,52,2.0446790213929558,51,36.506
120,53,2.0811850135803707,52,36.506
120,54,2.1176910057677856,53,36.506
120,55,2.1541969979552005,54,36.506
120,56,2.1907029901426154,55,36.506
120,57,2.2272089823300303,56,36.506
120,58,2.263714974517445,57,36.506
120,59,2.30022096670486,58,36.506
120,60,2.336726958892275,59,36.506
120,61,2.37323295107969,60,36.506
120,62,2.409738943267105,61,36.506
120,63,2.4462449354545197,62,36.506
120,64,2.4827509276419346,63,36.506
120,65,2.5192569198293495,64,36.506
120,66,2.5557629120167644,65,36.506
120,67,2.5922689042041793,66,36.506
120,68,2.6287748963915942,67,36.506
120,69,2.665280888579009,68,36.506
120,70,2.701786880766424,69,36.506
120,71,2.738292872953839,70,36.506
120,72,2.774798865141254,71,36.506
120,73,2.8113048573286687,72,36.506
120,74,2.8478108495160837,73,36.506
120,75,2.8843168417034986,74,36.506
120,76,2.9208228338909135,75,36.506
120,77,2.9573288260783284,76,36.506
120,78,2.9938348182657433,77,36.506
120,79,3.030340810453158,78,36.506
120,80,3.066846802640573,79,36.506
120,81,3.103352794827988,80,36.506
120,82,3.139858787015403,81,36.506
120,83,3.176364779202818,82,36.506
120,84,3.2128707713902327,83,36.506
120,85,3.2493767635776476,84,36.506
120,86,3.2858827557650625,85,36.506
120,87,3.3223887479524774,86,36.506
120,88,3.3588947401398923,87,36.506
120,89,3.395400732327307,88,36.506
120,90,3.431906724514722,89,36.506
120,91,3.468412716702137,90,36.506
120,92,3.504918708889552,91,36.506
120,93,3.541424701076967,92,36.506
120,94,3.5779306932643817,93,36.506
120,95,3.6144366854517966,94,36.506
120,96,3.6509426776392115,95,36.506
120,97,3.6874486698266264,96,36.506
120,98,3.7239546620140414,97,36.506
120,99,3.7604606542014563,98,36.506
120,100,3.796966646388871,99,36.506
120,101,3.833472638576286,100,36.506
120,102,3.869978630763701,101,36.506
120,103,3.906484622951116,102,36.506
120,104,3.9429906151385308,103,36.506
120,105,3.9794966073259457,104,36.506
120,106,4.016002599513361,105,36.506
120,107,4.052508591700776,106,36.506
120,108,4.089014583888191,107,36.506
120,109,4.125520576075606,108,36.506
120,110,4.162026568263021,109,36.506
120,111,4.1985325604504355,110,36.506
120,112,4.2350385526378505,111,36.506
120,113,4.271544544825265,112,36.506
120,114,4.308106286320949,113,36.562
120,115,4.344668027816632,114,36.562
120,116,4.3812297693123154,115,36.562
120,117,4.417791510807999,116,36.562
120,118,4.454353252303682,117,36.562
120,119,4.4909149937993655,118,36.562
120,120,4.527476735295049,119,36.562
120,121,4.564038476790732,120,36.562
120,122,4.600600218286416,121,36.562
120,123,4.637161959782099,122,36.562
120,124,4.673723701277782,123,36.562
120,125,4.710285442773466,124,36.562
120,126,4.746847184269149,125,36.562
120,127,4.7834089257648325,126,36.562
120,128,4.819970667260516,127,36.562
121,1,0.19135430537861545,0,191.354
121,2,0.22768361245053415,1,36.329
121,3,0.2640129195224528,2,36.329
121,4,0.3003422265943715,3,36.329
121,5,0.33667153366629016,4,36.329
121,6,0.3730008407382088,5,36.329
121,7,0.4093301478101275,6,36.329
121,8,0.44565945488204617,7,36.329
121,9,0.48198876195396484,8,36.329
121,10,0.5183180690258835,9,36.329
121,11,0.5546473760978022,10,36.329
121,12,0.590976683169721,11,36.329
121,13,0.6273059902416397,12,36.329
121,14,0.6636352973135584,13,36.329
121,15,0.6999646043854771,14,36.329
121,16,0.7362939114573959,15,36.329
121,17,0.7726232185293146,16,36.329
121,18,0.8089525256012333,17,36.329
121,19,0.845281832673152,18,36.329
121,20,0.8816111397450708,19,36.329
121,21,0.9179404468169895,20,36.329
121,22,0.9542697538889082,21,36.329
121,23,0.990599060960827,22,36.329
121,24,1.0269283680327457,23,36.329
121,25,1.0632576751046643,24,36.329
121,26,1.099586982176583,25,36.329
121,27,1.1359162892485015,26,36.329
121,28,1.1722455963204201,27,36.329
121,29,1.2085749033923388,28,36.329
121,30,1.2449042104642574,29,36.329
121,31,1.281233517536176,30,36.329
121,32,1.3175628246080946,31,36.329
121,33,1.3538921316800132,32,36.329
121,34,1.3902214387519318,33,36.329
121,35,1.4265507458238504,34,36.329
121,36,1.462880052895769,35,36.329
121,37,1.4992093599676877,36,36.329
121,38,1.5355386670396063,37,36.329
121,39,1.571867974111525,38,36.329
121,40,1.6081972811834435,39,36.329
121,41,1.6445265882553621,40,36.329
121,42,1.6808558953272807,41,36.329
121,43,1.7171852023991994,42,36.329
121,44,1.753514509471118,43,36.329
121,45,1.7898438165430366,44,36.329
121,46,1.8261731236149552,45,36.329
121,47,1.8625024306868738,46,36.329
121,48,1.8988317377587924,47,36.329
121,49,1.935161044830711,48,36.329
121,50,1.971667037018126,49,36.506
121,51,2.008173029205541,50,36.506
121,52,2.0446790213929558,51,36.506
121,53,2.0811850135803707,52,36.506
121,54,2.1176910057677856,53,36.506
121,55,2.1541969979552005,54,36.506
121,56,2.1907029901426154,55,36.506
121,57,2.2272089823300303,56,36.506
121,58,2.263714974517445,57,36.506
121,59,2.30022096670486,58,36.506
121,60,2.336726958892275,59,36.506
121,61,2.37323295107969,60,36.506
121,62,2.409738943267105,61,36.506
121,63,2.4462449354545197,62,36.506
121,64,2.4827509276419346,63,36.506
121,65,2.5192569198293495,64,36.506
121,66,2.5557629120167644,65,36.506
121,67,2.5922689042041793,66,36.506
121,68,2.6287748963915942,67,36.506
121,69,2.665280888579009,68,36.506
121,70,2.701786880766424,69,36.506
121,71,2.738292872953839,70,36.506
121,72,2.774798865141254,71,36.506
121,73,2.8113048573286687,72,36.506
121,74,2.8478108495160837,73,36.506
121,75,2.8843168417034986,74,36.506
121,76,2.9208228338909135,75,36.506
121,77,2.9573288260783284,76,36.506
121,78,2.9938348182657433,77,36.506
121,79,3.030340810453158,78,36.506
121,80,3.066846802640573,79,36.506
121,81,3.103352794827988,80,36.506
121,82,3.139858787015403,81,36.506
121,83,3.176364779202818,82,36.506
121,84,3.2128707713902327,83,36.506
121,85,3.2493767635776476,84,36.506
121,86,3.2858827557650625,85,36.506
121,87,3.3223887479524774,86,36.506
121,88,3.3588947401398923,87,36.506
121,89,3.395400732327307,88,36.506
121,90,3.431906724514722,89,36.506
121,91,3.468412716702137,90,36.506
121,92,3.504918708889552,91,36.506
121,93,3.541424701076967,92,36.506
121,94,3.5779306932643817,93,36.506
121,95,3.6144366854517966,94,36.506
121,96,3.6509426776392115,95,36.506
121,97,3.6874486698266264,96,36.506
121,98,3.7239546620140414,97,36.506
121,99,3.7604606542014563,98,36.506
121,100,3.796966646388871,99,36.506
121,101,3.833472638576286,100,36.506
121,102,3.869978630763701,101,36.506
121,103,3.906484622951116,102,36.506
121,104,3.9429906151385308,103,36.506
121,105,3.9794966073259457,104,36.506
121,106,4.016002599513361,105,36.506
121,107,4.052508591700776,106,36.506
121,108,4.089014583888191,107,36.506
121,109,4.125520576075606,108,36.506
121,110,4.162026568263021,109,36.506
121,111,4.1985325604504355,110,36.506
121,112,4.2350385526378505,111,36.506
121,113,4.271544544825265,112,36.506
121,114,4.308106286320949,113,36.562
121,115,4.344668027816632,114,36.562
121,116,4.3812297693123154,115,36.562
121,117,4.417791510807999,116,36.562
121,118,4.454353252303682,117,36.562
121,119,4.4909149937993655,118,36.562
121,120,4.527476735295049,119,36.562
121,121,4.564038476790732,120,36.562
121,122,4.600600218286416,121,36.562
121,123,4.637161959782099,122,36.562
121,124,4.673723701277782,123,36.562
121,125,4.710285442773466,124,36.562
121,126,4.746847184269149,125,36.562
121,127,4.7834089257648325,126,36.562
121,128,4.819970667260516,127,36.562
122,1,0.19135430537861545,0,191.354
122,2,0.22768361245053415,1,36.329
122,3,0.2640129195224528,2,36.329
122,4,0.3003422265943715,3,36.329
122,5,0.33667153366629016,4,36.329
122,6,0.3730008407382088,5,36.329
122,7,0.4093301478101275,6,36.329
122,8,0.44565945488204617,7,36.329
122,9,0.48198876195396484,8,36.329
122,10,0.5183180690258835,9,36.329
122,11,0.5546473760978022,10,36.329
122,12,0.590976683169721,11,36.329
122,13,0.6273059902416397,12,36.329
122,14,0.6636352973135584,13,36.329
122,15,0.6999646043854771,14,36.329
122,16,0.7362939114573959,15,36.329
122,17,0.7726232185293146,16,36.329
122,18,0.8089525256012333,17,36.329
122,19,0.845281832673152,18,36.329
122,20,0.8816111397450708,19,36.329
122,21,0.9179404468169895,20,36.329
122,22,0.9542697538889082,21,36.329
122,23,0.990599060960827,22,36.329
122,24,1.0269283680327457,23,36.329
122,25,1.0632576751046643,24,36.329
122,26,1.099586982176583,25,36.329
122,27,1.1359162892485015,26,36.329
122,28,1.1722455963204201,27,36.329
122,29,1.2085749033923388,28,36.329
122,30,1.2449042104642574,29,36.329
122,31,1.281233517536176,30,36.329
122,32,1.3175628246080946,31,36.329
122,33,1.3538921316800132,32,36.329
122,34,1.3902214387519318,33,36.329
122,35,1.4265507458238504,34,36.329
122,36,1.462880052895769,35,36.329
122,37,1.4992093599676877,36,36.329
122,38,1.5355386670396063,37,36.329
122,39,1.571867974111525,38,36.329
122,40,1.6081972811834435,39,36.329
122,41,1.6445265882553621,40,36.329
122,42,1.6808558953272807,41,36.329
122,43,1.7171852023991994,42,36.329
122,44,1.753514509471118,43,36.329
122,45,1.7898438165430366,44,36.329
122,46,1.8261731236149552,45,36.329
122,47,1.8625024306868738,46,36.329
122,48,1.8988317377587924,47,36.329
122,49,1.935161044830711,48,36.329
122,50,1.971667037018126,49,36.506
122,51,2.008173029205541,50,36.506
122,52,2.0446790213929558,51,36.506
122,53,2.0811850135803707,52,36.506
122,54,2.1176910057677856,53,36.506
122,55,2.1541969979552005,54,36.506
122,56,2.1907029901426154,55,36.506
122,57,2.2272089823300303,56,36.506
122,58,2.263714974517445,57,36.506
122,59,2.30022096670486,58,36.506
122,60,2.336726958892275,59,36.506
122,61,2.37323295107969,60,36.506
122,62,2.409738943267105,61,36.506
122,63,2.4462449354545197,62,36.506
122,64,2.4827509276419346,63,36.506
122,65,2.5192569198293495,64,36.506
122,66,2.5557629120167644,65,36.506
122,67,2.5922689042041793,66,36.506
122,68,2.6287748963915942,67,36.506
122,69,2.665280888579009,68,36.506
122,70,2.701786880766424,69,36.506
122,71,2.738292872953839,70,36.506
122,72,2.774798865141254,71,36.506
122,73,2.8113048573286687,72,36.506
122,74,2.8478108495160837,73,36.506
122,75,2.8843168417034986,74,36.506
122,76,2.9208228338909135,75,36.506
122,77,2.9573288260783284,76,36.506
122,78,2.9938348182657433,77,36.506
122,79,3.030340810453158,78,36.506
122,80,3.066846802640573,79,36.506
122,81,3.103352794827988,80,36.506
122,82,3.139858787015403,81,36.506
122,83,3.176364779202818,82,36.506
122,84,3.2128707713902327,83,36.506
122,85,3.2493767635776476,84,36.506
122,86,3.2858827557650625,85,36.506
122,87,3.3223887479524774,86,36.506
122,88,3.3588947401398923,87,36.506
122,89,3.395400732327307,88,36.506
122,90,3.431906724514722,89,36.506
122,91,3.468412716702137,90,36.506
122,92,3.504918708889552,91,36.506
122,93,3.541424701076967,92,36.506
122,94,3.5779306932643817,93,36.506
122,95,3.6144366854517966,94,36.506
122,96,3.6509426776392115,95,36.506
122,97,3.6874486698266264,96,36.506
122,98,3.7239546620140414,97,36.506
122,99,3.7604606542014563,98,36.506
122,100,3.796966646388871,99,36.506
122,101,3.833472638576286,100,36.506
122,102,3.869978630763701,101,36.506
122,103,3.906484622951116,102,36.506
122,104,3.9429906151385308,103,36.506
122,105,3.9794966073259457,104,36.506
122,106,4.016002599513361,105,36.506
122,107,4.052508591700776,106,36.506
122,108,4.089014583888191,107,36.506
122,109,4.125520576075606,108,36.506
122,110,4.162026568263021,109,36.506
122,111,4.1985325604504355,110,36.506
122,112,4.2350385526378505,111,36.506
122,113,4.271544544825265,112,36.506
122,114,4.308106286320949,113,36.562
122,115,4.344668027816632,114,36.562
122,116,4.3812297693123154,115,36.562
122,117,4.417791510807999,116,36.562
122,118,4.454353252303682,117,36.562
122,119,4.4909149937993655,118,36.562
122,120,4.527476735295049,119,36.562
122,121,4.564038476790732,120,36.562
122,122,4.600600218286416,121,36.562
122,123,4.637161959782099,122,36.562
122,124,4.673723701277782,123,36.562
122,125,4.710285442773466,124,36.562
122,126,4.746847184269149,125,36.562
122,127,4.7834089257648325,126,36.562
122,128,4.819970667260516,127,36.562
123,1,0.19135430537861545,0,191.354
123,2,0.22768361245053415,1,36.329
123,3,0.2640129195224528,2,36.329
123,4,0.3003422265943715,3,36.329
123,5,0.33667153366629016,4,36.329
123,6,0.3730008407382088,5,36.329
123,7,0.4093301478101275,6,36.329
123,8,0.44565945488204617,7,36.329
123,9,0.48198876195396484,8,36.329
123,10,0.5183180690258835,9,36.329
123,11,0.5546473760978022,10,36.329
123,12,0.590976683169721,11,36.329
123,13,0.6273059902416397,12,36.329
123,14,0.6636352973135584,13,36.329
123,15,0.6999646043854771,14,36.329
123,16,0.7362939114573959,15,36.329
123,17,0.7726232185293146,16,36.329
123,18,0.8089525256012333,17,36.329
123,19,0.845281832673152,18,36.329
123,20,0.8816111397450708,19,36.329
123,21,0.9179404468169895,20,36.329
123,22,0.9542697538889082,21,36.329
123,23,0.990599060960827,22,36.329
123,24,1.0269283680327457,23,36.329
123,25,1.0632576751046643,24,36.329
123,26,1.099586982176583,25,36.329
123,27,1.1359162892485015,26,36.329
123,28,1.1722455963204201,27,36.329
123,29,1.2085749033923388,28,36.329
123,30,1.2449042104642574,29,36.329
123,31,1.281233517536176,30,36.329
123,32,1.3175628246080946,31,36.329
123,33,1.3538921316800132,32,36.329
123,34,1.3902214387519318,33,36.329
123,35,1.4265507458238504,34,36.329
123,36,1.462880052895769,35,36.329
123,37,1.4992093599676877,36,36.329
123,38,1.5355386670396063,37,36.329
123,39,1.571867974111525,38,36.329
123,40,1.6081972811834435,39,36.329
123,41,1.6445265882553621,40,36.329
123,42,1.6808558953272807,41,36.329
123,43,1.7171852023991994,42,36.329
123,44,1.753514509471118,43,36.329
123,45,1.7898438165430366,44,36.329
123,46,1.8261731236149552,45,36.329
123,47,1.8625024306868738,46,36.329
123,48,1.8988317377587924,47,36.329
123,49,1.935161044830711,48,36.329
123,50,1.971667037018126,49,36.506
123,51,2.008173029205541,50,36.506
123,52,2.0446790213929558,51,36.506
123,53,2.0811850135803707,52,36.506
123,54,2.1176910057677856,53,36.506
123,55,2.1541969979552005,54,36.506
123,56,2.1907029901426154,55,36.506
123,57,2.2272089823300303,56,36.506
123,58,2.263714974517445,57,36.506
123,59,2.30022096670486,58,36.506
123,60,2.336726958892275,59,36.506
123,61,2.37323295107969,60,36.506
123,62,2.409738943267105,61,36.506
123,63,2.4462449354545197,62,36.506
123,64,2.4827509276419346,63,36.506
123,65,2.5192569198293495,64,36.506
123,66,2.5557629120167644,65,36.506
123,67,2.5922689042041793,66,36.506
123,68,2.6287748963915942,67,36.506
123,69,2.665280888579009,68,36.506
123,70,2.701786880766424,69,36.506
123,71,2.738292872953839,70,36.506
123,72,2.774798865141254,71,36.506
123,73,2.8113048573286687,72,36.506
123,74,2.8478108495160837,73,36.506
123,75,2.8843168417034986,74,36.506
123,76,2.9208228338909135,75,36.506
123,77,2.9573288260783284,76,36.506
123,78,2.9938348182657433,77,36.506
123,79,3.030340810453158,78,36.506
123,80,3.066846802640573,79,36.506
123,81,3.103352794827988,80,36.506
123,82,3.139858787015403,81,36.506
123,83,3.176364779202818,82,36.506
123,84,3.2128707713902327,83,36.506
123,85,3.2493767635776476,84,36.506
123,86,3.2858827557650625,85,36.506
123,87,3.3223887479524774,86,36.506
123,88,3.3588947401398923,87,36.506
123,89,3.395400732327307,88,36.506
123,90,3.431906724514722,89,36.506
123,91,3.468412716702137,90,36.506
123,92,3.504918708889552,91,36.506
123,93,3.541424701076967,92,36.506
123,94,3.5779306932643817,93,36.506
123,95,3.6144366854517966,94,36.506
123,96,3.6509426776392115,95,36.506
123,97,3.6874486698266264,96,36.506
123,98,3.7239546620140414,97,36.506
123,99,3.7604606542014563,98,36.506
123,100,3.796966646388871,99,36.506
123,101,3.833472638576286,100,36.506
123,102,3.869978630763701,101,36.506
123,103,3.906484622951116,102,36.506
123,104,3.9429906151385308,103,36.506
123,105,3.9794966073259457,104,36.506
123,106,4.016002599513361,105,36.506
123,107,4.052508591700776,106,36.506
123,108,4.089014583888191,107,36.506
123,109,4.125520576075606,108,36.506
123,110,4.162026568263021,109,36.506
123,111,4.1985325604504355,110,36.506
123,112,4.2350385526378505,111,36.506
123,113,4.271544544825265,112,36.506
123,114,4.308106286320949,113,36.562
123,115,4.344668027816632,114,36.562
123,116,4.3812297693123154,115,36.562
123,117,4.417791510807999,116,36.562
123,118,4.454353252303682,117,36.562
123,119,4.4909149937993655,118,36.562
123,120,4.527476735295049,119,36.562
123,121,4.564038476790732,120,36.562
123,122,4.600600218286416,121,36.562
123,123,4.637161959782099,122,36.562
123,124,4.673723701277782,123,36.562
123,125,4.710285442773466,124,36.562
123,126,4.746847184269149,125,36.562
123,127,4.7834089257648325,126,36.562
123,128,4.819970667260516,127,36.562
124,1,0.19135430537861545,0,191.354
124,2,0.22768361245053415,1,36.329
124,3,0.2640129195224528,2,36.329
124,4,0.3003422265943715,3,36.329
124,5,0.33667153366629016,4,36.329
124,6,0.3730008407382088,5,36.329
124,7,0.4093301478101275,6,36.329
124,8,0.44565945488204617,7,36.329
124,9,0.48198876195396484,8,36.329
124,10,0.5183180690258835,9,36.329
124,11,0.5546473760978022,10,36.329
124,12,0.590976683169721,11,36.329
124,13,0.6273059902416397,12,36.329
124,14,0.6636352973135584,13,36.329
124,15,0.6999646043854771,14,36.329
124,16,0.7362939114573959,15,36.329
124,17,0.7726232185293146,16,36.329
124,18,0.8089525256012333,17,36.329
124,19,0.845281832673152,18,36.329
124,20,0.8816111397450708,19,36.329
124,21,0.9179404468169895,20,36.329
124,22,0.9542697538889082,21,36.329
124,23,0.990599060960827,22,36.329
124,24,1.0269283680327457,23,36.329
124,25,1.0632576751046643,24,36.329
124,26,1.099586982176583,25,36.329
124,27,1.1359162892485015,26,36.329
124,28,1.1722455963204201,27,36.329
124,29,1.2085749033923388,28,36.329
124,30,1.2449042104642574,29,36.329
124,31,1.281233517536176,30,36.329
124,32,1.3175628246080946,31,36.329
124,33,1.3538921316800132,32,36.329
124,34,1.3902214387519318,33,36.329
124,35,1.4265507458238504,34,36.329
124,36,1.462880052895769,35,36.329
124,37,1.4992093599676877,36,36.329
124,38,1.5355386670396063,37,36.329
124,39,1.571867974111525,38,36.329
124,40,1.6081972811834435,39,36.329
124,41,1.6445265882553621,40,36.329
124,42,1.6808558953272807,41,36.329
124,43,1.7171852023991994,42,36.329
124,44,1.753514509471118,43,36.329
124,45,1.7898438165430366,44,36.329
124,46,1.8261731236149552,45,36.329
124,47,1.8625024306868738,46,36.329
124,48,1.8988317377587924,47,36.329
124,49,1.935161044830711,48,36.329
124,50,1.971667037018126,49,36.506
124,51,2.008173029205541,50,36.506
124,52,2.0446790213929558,51,36.506
124,53,2.0811850135803707,52,36.506
124,54,2.1176910057677856,53,36.506
124,55,2.1541969979552005,54,36.506
124,56,2.1907029901426154,55,36.506
124,57,2.2272089823300303,56,36.506
124,58,2.263714974517445,57,36.506
124,59,2.30022096670486,58,36.506
124,60,2.336726958892275,59,36.506
124,61,2.37323295107969,60,36.506
124,62,2.409738943267105,61,36.506
124,63,2.4462449354545197,62,36.506
124,64,2.4827509276419346,63,36.506
124,65,2.5192569198293495,64,36.506
124,66,2.5557629120167644,65,36.506
124,67,2.5922689042041793,66,36.506
124,68,2.6287748963915942,67,36.506
124,69,2.665280888579009,68,36.506
124,70,2.701786880766424,69,36.506
124,71,2.738292872953839,70,36.506
124,72,2.774798865141254,71,36.506
124,73,2.8113048573286687,72,36.506
124,74,2.8478108495160837,73,36.506
124,75,2.8843168417034986,74,36.506
124,76,2.9208228338909135,75,36.506
124,77,2.9573288260783284,76,36.506
124,78,2.9938348182657433,77,36.506
124,79,3.030340810453158,78,36.506
124,80,3.066846802640573,79,36.506
124,81,3.103352794827988,80,36.506
124,82,3.139858787015403,81,36.506
124,83,3.176364779202818,82,36.506
124,84,3.2128707713902327,83,36.506
124,85,3.2493767635776476,84,36.506
124,86,3.2858827557650625,85,36.506
124,87,3.3223887479524774,86,36.506
124,88,3.3588947401398923,87,36.506
124,89,3.395400732327307,88,36.506
124,90,3.431906724514722,89,36.506
124,91,3.468412716702137,90,36.506
124,92,3.504918708889552,91,36.506
124,93,3.541424701076967,92,36.506
124,94,3.5779306932643817,93,36.506
124,95,3.6144366854517966,94,36.506
124,96,3.6509426776392115,95,36.506
124,97,3.6874486698266264,96,36.506
124,98,3.7239546620140414,97,36.506
124,99,3.7604606542014563,98,36.506
124,100,3.796966646388871,99,36.506
124,101,3.833472638576286,100,36.506
124,102,3.869978630763701,101,36.506
124,103,3.906484622951116,102,36.506
124,104,3.9429906151385308,103,36.506
124,105,3.9794966073259457,104,36.506
124,106,4.016002599513361,105,36.506
124,107,4.052508591700776,106,36.506
124,108,4.089014583888191,107,36.506
124,109,4.125520576075606,108,36.506
124,110,4.162026568263021,109,36.506
124,111,4.1985325604504355,110,36.506
124,112,4.2350385526378505,111,36.506
124,113,4.271544544825265,112,36.506
124,114,4.308106286320949,113,36.562
124,115,4.344668027816632,114,36.562
124,116,4.3812297693123154,115,36.562
124,117,4.417791510807999,116,36.562
124,118,4.454353252303682,117,36.562
124,119,4.4909149937993655,118,36.562
124,120,4.527476735295049,119,36.562
124,121,4.564038476790732,120,36.562
124,122,4.600600218286416,121,36.562
124,123,4.637161959782099,122,36.562
124,124,4.673723701277782,123,36.562
124,125,4.710285442773466,124,36.562
124,126,4.746847184269149,125,36.562
124,127,4.7834089257648325,126,36.562
124,128,4.819970667260516,127,36.562
125,1,0.19135430537861545,0,191.354
125,2,0.22768361245053415,1,36.329
125,3,0.2640129195224528,2,36.329
125,4,0.3003422265943715,3,36.329
125,5,0.33667153366629016,4,36.329
125,6,0.3730008407382088,5,36.329
125,7,0.4093301478101275,6,36.329
125,8,0.44565945488204617,7,36.329
125,9,0.48198876195396484,8,36.329
125,10,0.5183180690258835,9,36.329
125,11,0.5546473760978022,10,36.329
125,12,0.590976683169721,11,36.329
125,13,0.6273059902416397,12,36.329
125,14,0.6636352973135584,13,36.329
125,15,0.6999646043854771,14,36.329
125,16,0.7362939114573959,15,36.329
125,17,0.7726232185293146,16,36.329
125,18,0.8089525256012333,17,36.329
125,19,0.845281832673152,18,36.329
125,20,0.8816111397450708,19,36.329
125,21,0.9179404468169895,20,36.329
125,22,0.9542697538889082,21,36.329
125,23,0.990599060960827,22,36.329
125,24,1.0269283680327457,23,36.329
125,25,1.0632576751046643,24,36.329
125,26,1.099586982176583,25,36.329
125,27,1.1359162892485015,26,36.329
125,28,1.1722455963204201,27,36.329
125,29,1.2085749033923388,28,36.329
125,30,1.2449042104642574,29,36.329
125,31,1.281233517536176,30,36.329
125,32,1.3175628246080946,31,36.329
125,33,1.3538921316800132,32,36.329
125,34,1.3902214387519318,33,36.329
125,35,1.4265507458238504,34,36.329
125,36,1.462880052895769,35,36.329
125,37,1.4992093599676877,36,36.329
125,38,1.5355386670396063,37,36.329
125,39,1.571867974111525,38,36.329
125,40,1.6081972811834435,39,36.329
125,41,1.6445265882553621,40,36.329
125,42,1.6808558953272807,41,36.329
125,43,1.7171852023991994,42,36.329
125,44,1.753514509471118,43,36.329
125,45,1.7898438165430366,44,36.329
125,46,1.8261731236149552,45,36.329
125,47,1.8625024306868738,46,36.329
125,48,1.8988317377587924,47,36.329
125,49,1.935161044830711,48,36.329
125,50,1.971667037018126,49,36.506
125,51,2.008173029205541,50,36.506
125,52,2.0446790213929558,51,36.506
125,53,2.0811850135803707,52,36.506
125,54,2.1176910057677856,53,36.506
125,55,2.1541969979552005,54,36.506
125,56,2.1907029901426154,55,36.506
125,57,2.2272089823300303,56,36.506
125,58,2.263714974517445,57,36.506
125,59,2.30022096670486,58,36.506
125,60,2.336726958892275,59,36.506
125,61,2.37323295107969,60,36.506
125,62,2.409738943267105,61,36.506
125,63,2.4462449354545197,62,36.506
125,64,2.4827509276419346,63,36.506
125,65,2.5192569198293495,64,36.506
125,66,2.5557629120167644,65,36.506
125,67,2.5922689042041793,66,36.506
125,68,2.6287748963915942,67,36.506
125,69,2.665280888579009,68,36.506
125,70,2.701786880766424,69,36.506
125,71,2.738292872953839,70,36.506
125,72,2.774798865141254,71,36.506
125,73,2.8113048573286687,72,36.506
125,74,2.8478108495160837,73,36.506
125,75,2.8843168417034986,74,36.506
125,76,2.9208228338909135,75,36.506
125,77,2.9573288260783284,76,36.506
125,78,2.9938348182657433,77,36.506
125,79,3.030340810453158,78,36.506
125,80,3.066846802640573,79,36.506
125,81,3.103352794827988,80,36.506
125,82,3.139858787015403,81,36.506
125,83,3.176364779202818,82,36.506
125,84,3.2128707713902327,83,36.506
125,85,3.2493767635776476,84,36.506
125,86,3.2858827557650625,85,36.506
125,87,3.3223887479524774,86,36.506
125,88,3.3588947401398923,87,36.506
125,89,3.395400732327307,88,36.506
125,90,3.431906724514722,89,36.506
125,91,3.468412716702137,90,36.506
125,92,3.504918708889552,91,36.506
125,93,3.541424701076967,92,36.506
125,94,3.5779306932643817,93,36.506
125,95,3.6144366854517966,94,36.506
125,96,3.6509426776392115,95,36.506
125,97,3.6874486698266264,96,36.506
125,98,3.7239546620140414,97,36.506
125,99,3.7604606542014563,98,36.506
125,100,3.796966646388871,99,36.506
125,101,3.833472638576286,100,36.506
125,102,3.869978630763701,101,36.506
125,103,3.906484622951116,102,36.506
125,104,3.9429906151385308,103,36.506
125,105,3.9794966073259457,104,36.506
125,106,4.016002599513361,105,36.506
125,107,4.052508591700776,106,36.506
125,108,4.089014583888191,107,36.506
125,109,4.125520576075606,108,36.506
125,110,4.162026568263021,109,36.506
125,111,4.1985325604504355,110,36.506
125,112,4.2350385526378505,111,36.506
125,113,4.271544544825265,112,36.506
125,114,4.308106286320949,113,36.562
125,115,4.344668027816632,114,36.562
125,116,4.3812297693123154,115,36.562
125,117,4.417791510807999,116,36.562
125,118,4.454353252303682,117,36.562
125,119,4.4909149937993655,118,36.562
125,120,4.527476735295049,119,36.562
125,121,4.564038476790732,120,36.562
125,122,4.600600218286416,121,36.562
125,123,4.637161959782099,122,36.562
125,124,4.673723701277782,123,36.562
125,125,4.710285442773466,124,36.562
125,126,4.746847184269149,125,36.562
125,127,4.7834089257648325,126,36.562
125,128,4.819970667260516,127,36.562
126,1,0.19135430537861545,0,191.354
126,2,0.22768361245053415,1,36.329
126,3,0.2640129195224528,2,36.329
126,4,0.3003422265943715,3,36.329
126,5,0.33667153366629016,4,36.329
126,6,0.3730008407382088,5,36.329
126,7,0.4093301478101275,6,36.329
126,8,0.44565945488204617,7,36.329
126,9,0.48198876195396484,8,36.329
126,10,0.5183180690258835,9,36.329
126,11,0.5546473760978022,10,36.329
126,12,0.590976683169721,11,36.329
126,13,0.6273059902416397,12,36.329
126,14,0.6636352973135584,13,36.329
126,15,0.6999646043854771,14,36.329
126,16,0.7362939114573959,15,36.329
126,17,0.7726232185293146,16,36.329
126,18,0.8089525256012333,17,36.329
126,19,0.845281832673152,18,36.329
126,20,0.8816111397450708,19,36.329
126,21,0.9179404468169895,20,36.329
126,22,0.9542697538889082,21,36.329
126,23,0.990599060960827,22,36.329
126,24,1.0269283680327457,23,36.329
126,25,1.0632576751046643,24,36.329
126,26,1.099586982176583,25,36.329
126,27,1.1359162892485015,26,36.329
126,28,1.1722455963204201,27,36.329
126,29,1.2085749033923388,28,36.329
126,30,1.2449042104642574,29,36.329
126,31,1.281233517536176,30,36.329
126,32,1.3175628246080946,31,36.329
126,33,1.3538921316800132,32,36.329
126,34,1.3902214387519318,33,36.329
126,35,1.4265507458238504,34,36.329
126,36,1.462880052895769,35,36.329
126,37,1.4992093599676877,36,36.329
126,38,1.5355386670396063,37,36.329
126,39,1.571867974111525,38,36.329
126,40,1.6081972811834435,39,36.329
126,41,1.6445265882553621,40,36.329
126,42,1.6808558953272807,41,36.329
126,43,1.7171852023991994,42,36.329
126,44,1.753514509471118,43,36.329
126,45,1.7898438165430366,44,36.329
126,46,1.8261731236149552,45,36.329
126,47,1.8625024306868738,46,36.329
126,48,1.8988317377587924,47,36.329
126,49,1.935161044830711,48,36.329
126,50,1.971667037018126,49,36.506
126,51,2.008173029205541,50,36.506
126,52,2.0446790213929558,51,36.506
126,53,2.0811850135803707,52,36.506
126,54,2.1176910057677856,53,36.506
126,55,2.1541969979552005,54,36.506
126,56,2.1907029901426154,55,36.506
126,57,2.2272089823300303,56,36.506
126,58,2.263714974517445,57,36.506
126,59,2.30022096670486,58,36.506
126,60,2.336726958892275,59,36.506
126,61,2.37323295107969,60,36.506
126,62,2.409738943267105,61,36.506
126,63,2.4462449354545197,62,36.506
126,64,2.4827509276419346,63,36.506
126,65,2.5192569198293495,64,36.506
126,66,2.5557629120167644,65,36.506
126,67,2.5922689042041793,66,36.506
126,68,2.6287748963915942,67,36.506
126,69,2.665280888579009,68,36.506
126,70,2.701786880766424,69,36.506
126,71,2.738292872953839,70,36.506
126,72,2.774798865141254,71,36.506
126,73,2.8113048573286687,72,36.506
126,74,2.8478108495160837,73,36.506
126,75,2.8843168417034986,74,36.506
126,76,2.9208228338909135,75,36.506
126,77,2.9573288260783284,76,36.506
126,78,2.9938348182657433,77,36.506
126,79,3.030340810453158,78,36.506
126,80,3.066846802640573,79,36.506
126,81,3.103352794827988,80,36.506
126,82,3.139858787015403,81,36.506
126,83,3.176364779202818,82,36.506
126,84,3.2128707713902327,83,36.506
126,85,3.2493767635776476,84,36.506
126,86,3.2858827557650625,85,36.506
126,87,3.3223887479524774,86,36.506
126,88,3.3588947401398923,87,36.506
126,89,3.395400732327307,88,36.506
126,90,3.431906724514722,89,36.506
126,91,3.468412716702137,90,36.506
126,92,3.504918708889552,91,36.506
126,93,3.541424701076967,92,36.506
126,94,3.5779306932643817,93,36.506
126,95,3.6144366854517966,94,36.506
126,96,3.6509426776392115,95,36.506
126,97,3.6874486698266264,96,36.506
126,98,3.7239546620140414,97,36.506
126,99,3.7604606542014563,98,36.506
126,100,3.796966646388871,99,36.506
126,101,3.833472638576286,100,36.506
126,102,3.869978630763701,101,36.506
126,103,3.906484622951116,102,36.506
126,104,3.9429906151385308,103,36.506
126,105,3.9794966073259457,104,36.506
126,106,4.016002599513361,105,36.506
126,107,4.052508591700776,106,36.506
126,108,4.089014583888191,107,36.506
126,109,4.125520576075606,108,36.506
126,110,4.162026568263021,109,36.506
126,111,4.1985325604504355,110,36.506
126,112,4.2350385526378505,111,36.506
126,113,4.271544544825265,112,36.506
126,114,4.308106286320949,113,36.562
126,115,4.344668027816632,114,36.562
126,116,4.3812297693123154,115,36.562
126,117,4.417791510807999,116,36.562
126,118,4.454353252303682,117,36.562
126,119,4.4909149937993655,118,36.562
126,120,4.527476735295049,119,36.562
126,121,4.564038476790732,120,36.562
126,122,4.600600218286416,121,36.562
126,123,4.637161959782099,122,36.562
126,124,4.673723701277782,123,36.562
126,125,4.710285442773466,124,36.562
126,126,4.746847184269149,125,36.562
126,127,4.7834089257648325,126,36.562
126,128,4.819970667260516,127,36.562
127,1,0.19135430537861545,0,191.354
127,2,0.22768361245053415,1,36.329
127,3,0.2640129195224528,2,36.329
127,4,0.3003422265943715,3,36.329
127,5,0.33667153366629016,4,36.329
127,6,0.3730008407382088,5,36.329
127,7,0.4093301478101275,6,36.329
127,8,0.44565945488204617,7,36.329
127,9,0.48198876195396484,8,36.329
127,10,0.5183180690258835,9,36.329
127,11,0.5546473760978022,10,36.329
127,12,0.590976683169721,11,36.329
127,13,0.6273059902416397,12,36.329
127,14,0.6636352973135584,13,36.329
127,15,0.6999646043854771,14,36.329
127,16,0.7362939114573959,15,36.329
127,17,0.7726232185293146,16,36.329
127,18,0.8089525256012333,17,36.329
127,19,0.845281832673152,18,36.329
127,20,0.8816111397450708,19,36.329
127,21,0.9179404468169895,20,36.329
127,22,0.9542697538889082,21,36.329
127,23,0.990599060960827,22,36.329
127,24,1.0269283680327457,23,36.329
127,25,1.0632576751046643,24,36.329
127,26,1.099586982176583,25,36.329
127,27,1.1359162892485015,26,36.329
127,28,1.1722455963204201,27,36.329
127,29,1.2085749033923388,28,36.329
127,30,1.2449042104642574,29,36.329
127,31,1.281233517536176,30,36.329
127,32,1.3175628246080946,31,36.329
127,33,1.3538921316800132,32,36.329
127,34,1.3902214387519318,33,36.329
127,35,1.4265507458238504,34,36.329
127,36,1.462880052895769,35,36.329
127,37,1.4992093599676877,36,36.329
127,38,1.5355386670396063,37,36.329
127,39,1.571867974111525,38,36.329
127,40,1.6081972811834435,39,36.329
127,41,1.6445265882553621,40,36.329
127,42,1.6808558953272807,41,36.329
127,43,1.7171852023991994,42,36.329
127,44,1.753514509471118,43,36.329
127,45,1.7898438165430366,44,36.329
127,46,1.8261731236149552,45,36.329
127,47,1.8625024306868738,46,36.329
127,48,1.8988317377587924,47,36.329
127,49,1.935161044830711,48,36.329
127,50,1.971667037018126,49,36.506
127,51,2.008173029205541,50,36.506
127,52,2.0446790213929558,51,36.506
127,53,2.0811850135803707,52,36.506
127,54,2.1176910057677856,53,36.506
127,55,2.1541969979552005,54,36.506
127,56,2.1907029901426154,55,36.506
127,57,2.2272089823300303,56,36.506
127,58,2.263714974517445,57,36.506
127,59,2.30022096670486,58,36.506
127,60,2.336726958892275,59,36.506
127,61,2.37323295107969,60,36.506
127,62,2.409738943267105,61,36.506
127,63,2.4462449354545197,62,36.506
127,64,2.4827509276419346,63,36.506
127,65,2.5192569198293495,64,36.506
127,66,2.5557629120167644,65,36.506
127,67,2.5922689042041793,66,36.506
127,68,2.6287748963915942,67,36.506
127,69,2.665280888579009,68,36.506
127,70,2.701786880766424,69,36.506
127,71,2.738292872953839,70,36.506
127,72,2.774798865141254,71,36.506
127,73,2.8113048573286687,72,36.506
127,74,2.8478108495160837,73,36.506
127,75,2.8843168417034986,74,36.506
127,76,2.9208228338909135,75,36.506
127,77,2.9573288260783284,76,36.506
127,78,2.9938348182657433,77,36.506
127,79,3.030340810453158,78,36.506
127,80,3.066846802640573,79,36.506
127,81,3.103352794827988,80,36.506
127,82,3.139858787015403,81,36.506
127,83,3.176364779202818,82,36.506
127,84,3.2128707713902327,83,36.506
127,85,3.2493767635776476,84,36.506
127,86,3.2858827557650625,85,36.506
127,87,3.3223887479524774,86,36.506
127,88,3.3588947401398923,87,36.506
127,89,3.395400732327307,88,36.506
127,90,3.431906724514722,89,36.506
127,91,3.468412716702137,90,36.506
127,92,3.504918708889552,91,36.506
127,93,3.541424701076967,92,36.506
127,94,3.5779306932643817,93,36.506
127,95,3.6144366854517966,94,36.506
127,96,3.6509426776392115,95,36.506
127,97,3.6874486698266264,96,36.506
127,98,3.7239546620140414,97,36.506
127,99,3.7604606542014563,98,36.506
127,100,3.796966646388871,99,36.506
127,101,3.833472638576286,100,36.506
127,102,3.869978630763701,101,36.506
127,103,3.906484622951116,102,36.506
127,104,3.9429906151385308,103,36.506
127,105,3.9794966073259457,104,36.506
127,106,4.016002599513361,105,36.506
127,107,4.052508591700776,106,36.506
127,108,4.089014583888191,107,36.506
127,109,4.125520576075606,108,36.506
127,110,4.162026568263021,109,36.506
127,111,4.1985325604504355,110,36.506
127,112,4.2350385526378505,111,36.506
127,113,4.271544544825265,112,36.506
127,114,4.308106286320949,113,36.562
127,115,4.344668027816632,114,36.562
127,116,4.3812297693123154,115,36.562
127,117,4.417791510807999,116,36.562
127,118,4.454353252303682,117,36.562
127,119,4.4909149937993655,118,36.562
127,120,4.527476735295049,119,36.562
127,121,4.564038476790732,120,36.562
127,122,4.600600218286416,121,36.562
127,123,4.637161959782099,122,36.562
127,124,4.673723701277782,123,36.562
127,125,4.710285442773466,124,36.562
127,126,4.746847184269149,125,36.562
127,127,4.7834089257648325,126,36.562
127,128,4.819970667260516,127,36.562
